<?xml version="1.0" encoding="UTF-8"?>
<gpx xmlns:gpxdata="http://www.cluetrust.com/XML/GPXDATA/1/0" xmlns:xsi="http://www.w3.org/2001/XMLSchema-instance" xmlns="http://www.topografix.com/GPX/1/1" version="1.1" creator="http://ridewithgps.com/" xsi:schemaLocation="http://www.topografix.com/GPX/1/1 http://www.topografix.com/GPX/1/1/gpx.xsd http://www.cluetrust.com/XML/GPXDATA/1/0 http://www.cluetrust.com/Schemas/gpxdata10.xsd">
  <metadata>
    <name>Queen's Ransom: 2027 Public</name>
    <link href="https://ridewithgps.com/routes/38276641">
      <text>Queen's Ransom: 2027 Public</text>
    </link>
    <time>2022-01-01T15:15:26Z</time>
  </metadata>
  <wpt lat="33.299925" lon="-111.290291">
    <name>Queen Valley Club Bar and Grill</name>
    <cmt>bar</cmt>
    <sym>Dot</sym>
    <type>food</type>
  </wpt>
  <wpt lat="33.366665" lon="-111.474945">
    <name>Basha's</name>
    <cmt>convenience_store</cmt>
    <desc>Groceries: 6a - 10p daily</desc>
    <sym>Dot</sym>
    <type>store</type>
  </wpt>
  <wpt lat="33.111811" lon="-111.146718">
    <name>Gila River</name>
    <cmt>water</cmt>
    <desc>Use sparingly, source is downstream from heavy mining activity.</desc>
    <sym>Dot</sym>
    <type>water</type>
  </wpt>
  <wpt lat="33.299082" lon="-111.288893">
    <name>The Store</name>
    <cmt>convenience_store</cmt>
    <desc>Basic resupply / convenience store, restaurant next door. Call ahead for hours. 520-463-1903</desc>
    <sym>Dot</sym>
    <type>store</type>
  </wpt>
  <wpt lat="33.105839" lon="-110.994773">
    <name>AZT Brass Cap</name>
    <cmt>generic</cmt>
    <desc>Marker on the north side of trail, near the top of the climb designating the official completion of the Arizona Nat'l Scenic Trail on Dec. 16, 2011</desc>
    <sym>Dot</sym>
    <type>generic</type>
  </wpt>
  <wpt lat="33.038432" lon="-111.379123">
    <name>Florence</name>
    <cmt>generic</cmt>
    <desc>Lots of resupply / food options.</desc>
    <sym>Dot</sym>
    <type>generic</type>
  </wpt>
  <wpt lat="33.272149" lon="-111.176512">
    <name>Picketpost TH</name>
    <cmt>trailhead</cmt>
    <sym>Dot</sym>
    <type>info</type>
  </wpt>
  <wpt lat="33.466407" lon="-111.607016">
    <name>Water</name>
    <cmt>water</cmt>
    <sym>Dot</sym>
    <type>water</type>
  </wpt>
  <wpt lat="33.469128" lon="-111.69981">
    <name>Water</name>
    <cmt>generic</cmt>
    <sym>Dot</sym>
    <type>generic</type>
  </wpt>
  <wpt lat="33.467063" lon="-111.700532">
    <name>Desert Trails Park</name>
    <cmt>park</cmt>
    <sym>Dot</sym>
    <type>rest_area</type>
  </wpt>
  <wpt lat="33.139315" lon="-111.643257">
    <name>Shaka Cactus</name>
    <cmt>viewpoint</cmt>
    <sym>Dot</sym>
    <type>overlook</type>
  </wpt>
  <wpt lat="33.247299" lon="-111.649651">
    <name>Water</name>
    <cmt>water</cmt>
    <sym>Dot</sym>
    <type>water</type>
  </wpt>
  <wpt lat="33.28539" lon="-111.115046">
    <name>Circle K</name>
    <cmt>convenience_store</cmt>
    <desc>Open 24 hours</desc>
    <sym>Dot</sym>
    <type>store</type>
  </wpt>
  <wpt lat="33.105889" lon="-110.974053">
    <name>ADOT Yard</name>
    <cmt>water</cmt>
    <desc>Water spigot on side of fence. Push down to operate.</desc>
    <sym>Dot</sym>
    <type>water</type>
  </wpt>
  <wpt lat="33.036222" lon="-111.378287">
    <name>Florence Cafe</name>
    <cmt>convenience_store</cmt>
    <desc>Great breakfast / lunch options</desc>
    <sym>Dot</sym>
    <type>store</type>
  </wpt>
  <wpt lat="33.129916" lon="-111.636539">
    <name>San Tan Mtn. Regional Park $5</name>
    <cmt>generic</cmt>
    <desc>$5 cash only access fee. Pay at iron ranger before entering or use annual pass.</desc>
    <sym>Dot</sym>
    <type>generic</type>
  </wpt>
  <wpt lat="33.384053" lon="-111.424946">
    <name>Gate</name>
    <cmt>generic</cmt>
    <sym>Dot</sym>
    <type>generic</type>
  </wpt>
  <wpt lat="33.054046" lon="-111.380318">
    <name>Stay on south side of canal, dogs may chase!!</name>
    <cmt>caution</cmt>
    <sym>Dot</sym>
    <type>danger</type>
  </wpt>
  <wpt lat="33.248313" lon="-111.634065">
    <name>Old Ellsworth Brewing Co.</name>
    <cmt>bar</cmt>
    <sym>Dot</sym>
    <type>food</type>
  </wpt>
  <wpt lat="33.38047" lon="-111.418334">
    <name>Dispersed Camping</name>
    <cmt>camping</cmt>
    <desc>Dispersed camping allowed on State Trust Land with a Recreation Permit. Available online: https://asld.secure.force.com/recreationalpermit/</desc>
    <sym>Dot</sym>
    <type>campsite</type>
  </wpt>
  <wpt lat="33.179484" lon="-111.136094">
    <name>ATA Rain Collector</name>
    <cmt>water</cmt>
    <desc>Filter before drinking!</desc>
    <sym>Dot</sym>
    <type>water</type>
  </wpt>
  <wpt lat="33.179343" lon="-111.136122">
    <name>Dispersed Camping</name>
    <cmt>camping</cmt>
    <desc>Wild camping with great views near water source.</desc>
    <sym>Dot</sym>
    <type>campsite</type>
  </wpt>
  <wpt lat="33.076921" lon="-111.18408">
    <name>Camp - Area 52</name>
    <cmt>camping</cmt>
    <desc>BLM Land, no permit required.</desc>
    <sym>Dot</sym>
    <type>campsite</type>
  </wpt>
  <wpt lat="33.263044" lon="-111.668667">
    <name>Creek Side Taco Shack</name>
    <cmt>food</cmt>
    <desc>Bike friendly, outdoor eating area. Games! CLOSED on Mondays. </desc>
    <sym>Dot</sym>
    <type>food</type>
  </wpt>
  <wpt lat="33.468131" lon="-111.555011">
    <name>Dispersed Camping</name>
    <cmt>camping</cmt>
    <sym>Dot</sym>
    <type>campsite</type>
  </wpt>
  <wpt lat="33.376091" lon="-111.35432">
    <name>Dispersed Camping</name>
    <cmt>camping</cmt>
    <desc>Dispersed camping allowed on State Trust Land with a Recreation Permit. Available online: https://asld.secure.force.com/recreationalpermit/</desc>
    <sym>Dot</sym>
    <type>campsite</type>
  </wpt>
  <wpt lat="33.367287" lon="-111.475156">
    <name>De La Cruz</name>
    <cmt>food</cmt>
    <sym>Dot</sym>
    <type>food</type>
  </wpt>
  <wpt lat="33.104413" lon="-110.973978">
    <name>Old Time Pizza (Delivery)</name>
    <cmt>food</cmt>
    <desc>Will deliver to ADOT yard. May need to order ahead when have cell service up high.</desc>
    <sym>Dot</sym>
    <type>food</type>
  </wpt>
  <wpt lat="33.303996" lon="-111.666336">
    <name>Mesa Gateway Airport</name>
    <cmt>transit</cmt>
    <desc>https://www.gatewayairport.com/</desc>
    <sym>Dot</sym>
    <type>transport</type>
  </wpt>
  <wpt lat="33.485042" lon="-111.512005">
    <name>Viewpoint</name>
    <cmt>viewpoint</cmt>
    <sym>Dot</sym>
    <type>overlook</type>
  </wpt>
  <wpt lat="33.454436" lon="-111.482074">
    <name>Lost Dutchman State Park</name>
    <cmt>park</cmt>
    <desc>https://azstateparks.com/lost-dutchman/</desc>
    <sym>Dot</sym>
    <type>rest_area</type>
  </wpt>
  <wpt lat="33.467352" lon="-111.685417">
    <name>Action Rideshop</name>
    <cmt>bike_shop</cmt>
    <desc>https://www.actionrideshop.com/</desc>
    <sym>Dot</sym>
    <type>gear</type>
  </wpt>
  <wpt lat="33.306669" lon="-111.722096">
    <name>Freeride Bike Co.</name>
    <cmt>bike_shop</cmt>
    <desc>http://freeridebikeco.com/</desc>
    <sym>Dot</sym>
    <type>gear</type>
  </wpt>
  <wpt lat="33.321681" lon="-111.688697">
    <name>Shopping Center</name>
    <cmt>convenience_store</cmt>
    <sym>Dot</sym>
    <type>store</type>
  </wpt>
  <wpt lat="33.452545" lon="-111.734959">
    <name>Air Force Museum at Falcon Field</name>
    <cmt>viewpoint</cmt>
    <sym>Dot</sym>
    <type>overlook</type>
  </wpt>
  <wpt lat="33.478875" lon="-111.619504">
    <name>Usery Mtn. Regional Park</name>
    <cmt>park</cmt>
    <desc>https://www.maricopacountyparks.net/usery-mountain-regional-park-um/</desc>
    <sym>Dot</sym>
    <type>rest_area</type>
  </wpt>
  <wpt lat="33.457003" lon="-111.492088">
    <name>Goldfield Ghost Town</name>
    <cmt>generic</cmt>
    <desc>Tourist stop, including small restaurant and shop. Washrooms and water fill up available. </desc>
    <sym>Dot</sym>
    <type>generic</type>
  </wpt>
  <wpt lat="33.289366" lon="-111.099705">
    <name>Superior</name>
    <cmt>generic</cmt>
    <desc>Food, grocery, lodging</desc>
    <sym>Dot</sym>
    <type>generic</type>
  </wpt>
  <wpt lat="33.194321" lon="-111.13426">
    <name>3,740' High Point</name>
    <cmt>summit</cmt>
    <sym>Dot</sym>
    <type>summit</type>
  </wpt>
  <wpt lat="33.265429" lon="-111.684894">
    <name>Safeway Shopping Center</name>
    <cmt>convenience_store</cmt>
    <sym>Dot</sym>
    <type>store</type>
  </wpt>
  <wpt lat="33.38449" lon="-111.424867">
    <name>Begin State Trust Land</name>
    <cmt>generic</cmt>
    <desc>Dispersed camping allowed on State Trust Land with a Recreation Permit. Available online: https://asld.secure.force.com/recreationalpermit/</desc>
    <sym>Dot</sym>
    <type>generic</type>
  </wpt>
  <wpt lat="33.287051" lon="-111.274157">
    <name>End of State Trust Land</name>
    <cmt>generic</cmt>
    <sym>Dot</sym>
    <type>generic</type>
  </wpt>
  <wpt lat="33.324575" lon="-111.676248">
    <name>Economy Lot Parking</name>
    <cmt>parking</cmt>
    <desc>https://www.gatewayairport.com/</desc>
    <sym>Dot</sym>
    <type>service</type>
  </wpt>
  <wpt lat="33.510646" lon="-111.654988">
    <name>Big Sister Flow Trail</name>
    <cmt>trailhead</cmt>
    <desc>Take this fun, intermediate flow type trail.</desc>
    <sym>Dot</sym>
    <type>info</type>
  </wpt>
  <wpt lat="33.495007" lon="-111.616797">
    <name>Usery Mtn. Park $5</name>
    <cmt>generic</cmt>
    <desc>$5 cash only access fee. Pay at iron ranger before entering or use annual pass.</desc>
    <sym>Dot</sym>
    <type>generic</type>
  </wpt>
  <wpt lat="33.135906" lon="-111.144149">
    <name>Dispersed Camping</name>
    <cmt>camping</cmt>
    <sym>Dot</sym>
    <type>campsite</type>
  </wpt>
  <wpt lat="33.48674" lon="-111.513998">
    <name>Dispersed Camping</name>
    <cmt>camping</cmt>
    <sym>Dot</sym>
    <type>campsite</type>
  </wpt>
  <wpt lat="33.317136" lon="-111.206558">
    <name>Dispersed Camping</name>
    <cmt>camping</cmt>
    <sym>Dot</sym>
    <type>campsite</type>
  </wpt>
  <wpt lat="33.045839" lon="-111.516261">
    <name>Don't Miss Turn!! Reservation Land Beyond Here</name>
    <cmt>generic</cmt>
    <sym>Dot</sym>
    <type>generic</type>
  </wpt>
  <wpt lat="33.129684" lon="-111.636872">
    <name>Use Social Trail At Own Risk, It Bypasses Sand WashDot</name>
    <cmt>caution</cmt>
    <sym>Dot</sym>
    <type>danger</type>
  </wpt>
  <wpt lat="33.307586" lon="-111.669926">
    <name>Start / Finish</name>
    <cmt>start</cmt>
    <sym>Dot</sym>
    <type>generic</type>
  </wpt>
  <trk>
    <name>Queen's Ransom: 2027 Public</name>
    <trkseg>
      <trkpt lat="33.307685" lon="-111.669951">
        <ele>409.6</ele>
      </trkpt>
      <trkpt lat="33.307599" lon="-111.670334">
        <ele>409.0</ele>
      </trkpt>
      <trkpt lat="33.307569" lon="-111.671973">
        <ele>408.6</ele>
      </trkpt>
      <trkpt lat="33.307637" lon="-111.678923">
        <ele>407.8</ele>
      </trkpt>
      <trkpt lat="33.308134" lon="-111.679598">
        <ele>407.0</ele>
      </trkpt>
      <trkpt lat="33.30818" lon="-111.68064">
        <ele>406.4</ele>
      </trkpt>
      <trkpt lat="33.307723" lon="-111.680625">
        <ele>406.2</ele>
      </trkpt>
      <trkpt lat="33.307285" lon="-111.680778">
        <ele>406.0</ele>
      </trkpt>
      <trkpt lat="33.30733" lon="-111.680973">
        <ele>406.0</ele>
      </trkpt>
      <trkpt lat="33.307513" lon="-111.681151">
        <ele>405.8</ele>
      </trkpt>
      <trkpt lat="33.307391" lon="-111.681313">
        <ele>405.6</ele>
      </trkpt>
      <trkpt lat="33.307308" lon="-111.681773">
        <ele>405.4</ele>
      </trkpt>
      <trkpt lat="33.307266" lon="-111.682271">
        <ele>405.0</ele>
      </trkpt>
      <trkpt lat="33.307256" lon="-111.682793">
        <ele>404.6</ele>
      </trkpt>
      <trkpt lat="33.307347" lon="-111.686556">
        <ele>404.4</ele>
      </trkpt>
      <trkpt lat="33.307955" lon="-111.686581">
        <ele>404.2</ele>
      </trkpt>
      <trkpt lat="33.309714" lon="-111.686767">
        <ele>404.0</ele>
      </trkpt>
      <trkpt lat="33.310935" lon="-111.686754">
        <ele>404.0</ele>
      </trkpt>
      <trkpt lat="33.311808" lon="-111.686673">
        <ele>404.2</ele>
      </trkpt>
      <trkpt lat="33.311905" lon="-111.686335">
        <ele>404.4</ele>
      </trkpt>
      <trkpt lat="33.32083" lon="-111.6833">
        <ele>404.6</ele>
      </trkpt>
      <trkpt lat="33.32123" lon="-111.68322">
        <ele>404.8</ele>
      </trkpt>
      <trkpt lat="33.32155" lon="-111.68329">
        <ele>405.0</ele>
      </trkpt>
      <trkpt lat="33.321717" lon="-111.68309">
        <ele>405.0</ele>
      </trkpt>
      <trkpt lat="33.323391" lon="-111.683797">
        <ele>405.0</ele>
      </trkpt>
      <trkpt lat="33.324035" lon="-111.683721">
        <ele>405.0</ele>
      </trkpt>
      <trkpt lat="33.327516" lon="-111.68302">
        <ele>405.0</ele>
      </trkpt>
      <trkpt lat="33.328104" lon="-111.682861">
        <ele>405.0</ele>
      </trkpt>
      <trkpt lat="33.328581" lon="-111.682854">
        <ele>405.0</ele>
      </trkpt>
      <trkpt lat="33.330526" lon="-111.683077">
        <ele>405.0</ele>
      </trkpt>
      <trkpt lat="33.331349" lon="-111.682998">
        <ele>405.0</ele>
      </trkpt>
      <trkpt lat="33.334941" lon="-111.681996">
        <ele>405.0</ele>
      </trkpt>
      <trkpt lat="33.336185" lon="-111.681627">
        <ele>405.0</ele>
      </trkpt>
      <trkpt lat="33.337358" lon="-111.681332">
        <ele>405.0</ele>
      </trkpt>
      <trkpt lat="33.338146" lon="-111.681424">
        <ele>405.0</ele>
      </trkpt>
      <trkpt lat="33.34447" lon="-111.682353">
        <ele>405.0</ele>
      </trkpt>
      <trkpt lat="33.345061" lon="-111.682377">
        <ele>405.0</ele>
      </trkpt>
      <trkpt lat="33.347" lon="-111.682364">
        <ele>405.0</ele>
      </trkpt>
      <trkpt lat="33.349207" lon="-111.682306">
        <ele>405.0</ele>
      </trkpt>
      <trkpt lat="33.351338" lon="-111.682298">
        <ele>405.0</ele>
      </trkpt>
      <trkpt lat="33.351897" lon="-111.682417">
        <ele>405.2</ele>
      </trkpt>
      <trkpt lat="33.358628" lon="-111.684294">
        <ele>405.4</ele>
      </trkpt>
      <trkpt lat="33.359152" lon="-111.684521">
        <ele>405.6</ele>
      </trkpt>
      <trkpt lat="33.359681" lon="-111.684861">
        <ele>405.8</ele>
      </trkpt>
      <trkpt lat="33.363053" lon="-111.687478">
        <ele>406.0</ele>
      </trkpt>
      <trkpt lat="33.363232" lon="-111.687811">
        <ele>406.2</ele>
      </trkpt>
      <trkpt lat="33.363656" lon="-111.688042">
        <ele>406.4</ele>
      </trkpt>
      <trkpt lat="33.364143" lon="-111.688339">
        <ele>406.6</ele>
      </trkpt>
      <trkpt lat="33.364854" lon="-111.688701">
        <ele>406.8</ele>
      </trkpt>
      <trkpt lat="33.36508" lon="-111.68877">
        <ele>407.2</ele>
      </trkpt>
      <trkpt lat="33.36535" lon="-111.688925">
        <ele>407.4</ele>
      </trkpt>
      <trkpt lat="33.36609" lon="-111.689241">
        <ele>407.6</ele>
      </trkpt>
      <trkpt lat="33.37422" lon="-111.69289">
        <ele>407.8</ele>
      </trkpt>
      <trkpt lat="33.3746" lon="-111.69311">
        <ele>408.0</ele>
      </trkpt>
      <trkpt lat="33.37493" lon="-111.69339">
        <ele>408.0</ele>
      </trkpt>
      <trkpt lat="33.3752" lon="-111.69381">
        <ele>408.0</ele>
      </trkpt>
      <trkpt lat="33.37617" lon="-111.69559">
        <ele>408.0</ele>
      </trkpt>
      <trkpt lat="33.3765" lon="-111.69611">
        <ele>408.0</ele>
      </trkpt>
      <trkpt lat="33.37681" lon="-111.69639">
        <ele>408.0</ele>
      </trkpt>
      <trkpt lat="33.377119" lon="-111.69653">
        <ele>408.0</ele>
      </trkpt>
      <trkpt lat="33.37854" lon="-111.6969">
        <ele>408.0</ele>
      </trkpt>
      <trkpt lat="33.37898" lon="-111.69707">
        <ele>408.0</ele>
      </trkpt>
      <trkpt lat="33.37905" lon="-111.69707">
        <ele>408.0</ele>
      </trkpt>
      <trkpt lat="33.37917" lon="-111.69716">
        <ele>408.0</ele>
      </trkpt>
      <trkpt lat="33.3793" lon="-111.69719">
        <ele>408.0</ele>
      </trkpt>
      <trkpt lat="33.37935" lon="-111.69713">
        <ele>408.0</ele>
      </trkpt>
      <trkpt lat="33.37955" lon="-111.69713">
        <ele>407.8</ele>
      </trkpt>
      <trkpt lat="33.37964" lon="-111.69721">
        <ele>407.6</ele>
      </trkpt>
      <trkpt lat="33.3859" lon="-111.70115">
        <ele>407.4</ele>
      </trkpt>
      <trkpt lat="33.38662" lon="-111.70156">
        <ele>407.0</ele>
      </trkpt>
      <trkpt lat="33.38702" lon="-111.70186">
        <ele>406.6</ele>
      </trkpt>
      <trkpt lat="33.38774" lon="-111.70232">
        <ele>406.4</ele>
      </trkpt>
      <trkpt lat="33.38837" lon="-111.70254">
        <ele>406.0</ele>
      </trkpt>
      <trkpt lat="33.388849" lon="-111.70265">
        <ele>405.6</ele>
      </trkpt>
      <trkpt lat="33.39041" lon="-111.70274">
        <ele>405.6</ele>
      </trkpt>
      <trkpt lat="33.39071" lon="-111.70285">
        <ele>405.6</ele>
      </trkpt>
      <trkpt lat="33.3911" lon="-111.70318">
        <ele>405.6</ele>
      </trkpt>
      <trkpt lat="33.39134" lon="-111.70354">
        <ele>405.8</ele>
      </trkpt>
      <trkpt lat="33.39181" lon="-111.70455">
        <ele>406.2</ele>
      </trkpt>
      <trkpt lat="33.392139" lon="-111.705">
        <ele>406.4</ele>
      </trkpt>
      <trkpt lat="33.39253" lon="-111.70535">
        <ele>406.6</ele>
      </trkpt>
      <trkpt lat="33.39351" lon="-111.70598">
        <ele>406.8</ele>
      </trkpt>
      <trkpt lat="33.39374" lon="-111.7061">
        <ele>407.0</ele>
      </trkpt>
      <trkpt lat="33.39376" lon="-111.70615">
        <ele>407.0</ele>
      </trkpt>
      <trkpt lat="33.39421" lon="-111.70645">
        <ele>407.0</ele>
      </trkpt>
      <trkpt lat="33.39426" lon="-111.70645">
        <ele>407.0</ele>
      </trkpt>
      <trkpt lat="33.39466" lon="-111.70666">
        <ele>407.0</ele>
      </trkpt>
      <trkpt lat="33.39493" lon="-111.70686">
        <ele>407.0</ele>
      </trkpt>
      <trkpt lat="33.39759" lon="-111.70852">
        <ele>407.0</ele>
      </trkpt>
      <trkpt lat="33.39773" lon="-111.70863">
        <ele>407.0</ele>
      </trkpt>
      <trkpt lat="33.39898" lon="-111.70936">
        <ele>407.2</ele>
      </trkpt>
      <trkpt lat="33.39959" lon="-111.70956">
        <ele>407.4</ele>
      </trkpt>
      <trkpt lat="33.40553" lon="-111.71104">
        <ele>407.6</ele>
      </trkpt>
      <trkpt lat="33.4061" lon="-111.71126">
        <ele>407.8</ele>
      </trkpt>
      <trkpt lat="33.40652" lon="-111.71154">
        <ele>408.0</ele>
      </trkpt>
      <trkpt lat="33.40796" lon="-111.71286">
        <ele>408.0</ele>
      </trkpt>
      <trkpt lat="33.40811" lon="-111.71296">
        <ele>408.2</ele>
      </trkpt>
      <trkpt lat="33.40832" lon="-111.71323">
        <ele>408.4</ele>
      </trkpt>
      <trkpt lat="33.40845" lon="-111.71329">
        <ele>408.6</ele>
      </trkpt>
      <trkpt lat="33.40894" lon="-111.71381">
        <ele>408.8</ele>
      </trkpt>
      <trkpt lat="33.41434" lon="-111.71869">
        <ele>409.0</ele>
      </trkpt>
      <trkpt lat="33.41458" lon="-111.71884">
        <ele>409.2</ele>
      </trkpt>
      <trkpt lat="33.41474" lon="-111.71906">
        <ele>409.2</ele>
      </trkpt>
      <trkpt lat="33.41575" lon="-111.71903">
        <ele>409.2</ele>
      </trkpt>
      <trkpt lat="33.415689" lon="-111.71947">
        <ele>409.2</ele>
      </trkpt>
      <trkpt lat="33.415689" lon="-111.71975">
        <ele>409.2</ele>
      </trkpt>
      <trkpt lat="33.41577" lon="-111.71993">
        <ele>409.0</ele>
      </trkpt>
      <trkpt lat="33.4159" lon="-111.72004">
        <ele>409.0</ele>
      </trkpt>
      <trkpt lat="33.416069" lon="-111.72026">
        <ele>409.0</ele>
      </trkpt>
      <trkpt lat="33.41793" lon="-111.7219">
        <ele>409.0</ele>
      </trkpt>
      <trkpt lat="33.42011" lon="-111.72391">
        <ele>409.0</ele>
      </trkpt>
      <trkpt lat="33.42096" lon="-111.72452">
        <ele>409.0</ele>
      </trkpt>
      <trkpt lat="33.422449" lon="-111.72531">
        <ele>409.0</ele>
      </trkpt>
      <trkpt lat="33.42296" lon="-111.72562">
        <ele>409.0</ele>
      </trkpt>
      <trkpt lat="33.42306" lon="-111.72561">
        <ele>409.0</ele>
      </trkpt>
      <trkpt lat="33.42331" lon="-111.72581">
        <ele>409.0</ele>
      </trkpt>
      <trkpt lat="33.42674" lon="-111.727615">
        <ele>409.0</ele>
      </trkpt>
      <trkpt lat="33.429459" lon="-111.729125">
        <ele>409.2</ele>
      </trkpt>
      <trkpt lat="33.430503" lon="-111.729673">
        <ele>409.4</ele>
      </trkpt>
      <trkpt lat="33.43703" lon="-111.73327">
        <ele>409.6</ele>
      </trkpt>
      <trkpt lat="33.437331" lon="-111.73347">
        <ele>409.8</ele>
      </trkpt>
      <trkpt lat="33.43748" lon="-111.7335">
        <ele>410.0</ele>
      </trkpt>
      <trkpt lat="33.437739" lon="-111.73371">
        <ele>410.0</ele>
      </trkpt>
      <trkpt lat="33.43833" lon="-111.733995">
        <ele>410.0</ele>
      </trkpt>
      <trkpt lat="33.441449" lon="-111.735702">
        <ele>410.0</ele>
      </trkpt>
      <trkpt lat="33.44216" lon="-111.73617">
        <ele>410.0</ele>
      </trkpt>
      <trkpt lat="33.442562" lon="-111.736557">
        <ele>410.0</ele>
      </trkpt>
      <trkpt lat="33.444296" lon="-111.737477">
        <ele>410.2</ele>
      </trkpt>
      <trkpt lat="33.445525" lon="-111.737998">
        <ele>410.4</ele>
      </trkpt>
      <trkpt lat="33.451573" lon="-111.739942">
        <ele>410.4</ele>
      </trkpt>
      <trkpt lat="33.451815" lon="-111.740045">
        <ele>410.4</ele>
      </trkpt>
      <trkpt lat="33.466253" lon="-111.744614">
        <ele>413.2</ele>
      </trkpt>
      <trkpt lat="33.466274" lon="-111.744503">
        <ele>416.2</ele>
      </trkpt>
      <trkpt lat="33.466217" lon="-111.7185">
        <ele>420.4</ele>
      </trkpt>
      <trkpt lat="33.466299" lon="-111.714864">
        <ele>427.2</ele>
      </trkpt>
      <trkpt lat="33.466247" lon="-111.710085">
        <ele>434.2</ele>
      </trkpt>
      <trkpt lat="33.466243" lon="-111.701827">
        <ele>438.4</ele>
      </trkpt>
      <trkpt lat="33.466206" lon="-111.70131">
        <ele>442.2</ele>
      </trkpt>
      <trkpt lat="33.46616" lon="-111.70104">
        <ele>444.8</ele>
      </trkpt>
      <trkpt lat="33.46667" lon="-111.70117">
        <ele>445.0</ele>
      </trkpt>
      <trkpt lat="33.46678" lon="-111.70106">
        <ele>445.0</ele>
      </trkpt>
      <trkpt lat="33.46683" lon="-111.70088">
        <ele>445.0</ele>
      </trkpt>
      <trkpt lat="33.46697" lon="-111.70083">
        <ele>445.0</ele>
      </trkpt>
      <trkpt lat="33.46721" lon="-111.70096">
        <ele>445.0</ele>
      </trkpt>
      <trkpt lat="33.46738" lon="-111.70094">
        <ele>445.2</ele>
      </trkpt>
      <trkpt lat="33.467489" lon="-111.70088">
        <ele>445.4</ele>
      </trkpt>
      <trkpt lat="33.46786" lon="-111.70099">
        <ele>445.4</ele>
      </trkpt>
      <trkpt lat="33.46824" lon="-111.70104">
        <ele>445.4</ele>
      </trkpt>
      <trkpt lat="33.46847" lon="-111.70103">
        <ele>445.4</ele>
      </trkpt>
      <trkpt lat="33.46862" lon="-111.70097">
        <ele>445.4</ele>
      </trkpt>
      <trkpt lat="33.46898" lon="-111.70099">
        <ele>445.6</ele>
      </trkpt>
      <trkpt lat="33.46929" lon="-111.70081">
        <ele>446.2</ele>
      </trkpt>
      <trkpt lat="33.46933" lon="-111.70063">
        <ele>447.4</ele>
      </trkpt>
      <trkpt lat="33.469211" lon="-111.700366">
        <ele>448.0</ele>
      </trkpt>
      <trkpt lat="33.46934" lon="-111.69982">
        <ele>448.6</ele>
      </trkpt>
      <trkpt lat="33.46961" lon="-111.69983">
        <ele>449.0</ele>
      </trkpt>
      <trkpt lat="33.46962" lon="-111.69965">
        <ele>449.4</ele>
      </trkpt>
      <trkpt lat="33.46958" lon="-111.69944">
        <ele>449.2</ele>
      </trkpt>
      <trkpt lat="33.469589" lon="-111.69908">
        <ele>449.8</ele>
      </trkpt>
      <trkpt lat="33.46964" lon="-111.69883">
        <ele>450.2</ele>
      </trkpt>
      <trkpt lat="33.46963" lon="-111.6985">
        <ele>450.6</ele>
      </trkpt>
      <trkpt lat="33.46952" lon="-111.69802">
        <ele>450.8</ele>
      </trkpt>
      <trkpt lat="33.469369" lon="-111.69772">
        <ele>451.2</ele>
      </trkpt>
      <trkpt lat="33.46925" lon="-111.69754">
        <ele>452.0</ele>
      </trkpt>
      <trkpt lat="33.46884" lon="-111.69729">
        <ele>453.0</ele>
      </trkpt>
      <trkpt lat="33.468519" lon="-111.69743">
        <ele>454.2</ele>
      </trkpt>
      <trkpt lat="33.46838" lon="-111.69737">
        <ele>455.0</ele>
      </trkpt>
      <trkpt lat="33.46824" lon="-111.69739">
        <ele>455.4</ele>
      </trkpt>
      <trkpt lat="33.4679" lon="-111.69759">
        <ele>455.2</ele>
      </trkpt>
      <trkpt lat="33.46775" lon="-111.69751">
        <ele>454.8</ele>
      </trkpt>
      <trkpt lat="33.46757" lon="-111.69745">
        <ele>454.0</ele>
      </trkpt>
      <trkpt lat="33.46735" lon="-111.69747">
        <ele>453.4</ele>
      </trkpt>
      <trkpt lat="33.4669" lon="-111.6976">
        <ele>452.8</ele>
      </trkpt>
      <trkpt lat="33.466786" lon="-111.697598">
        <ele>452.4</ele>
      </trkpt>
      <trkpt lat="33.466448" lon="-111.697301">
        <ele>452.0</ele>
      </trkpt>
      <trkpt lat="33.466441" lon="-111.696501">
        <ele>452.2</ele>
      </trkpt>
      <trkpt lat="33.466253" lon="-111.696489">
        <ele>455.0</ele>
      </trkpt>
      <trkpt lat="33.466231" lon="-111.694851">
        <ele>459.4</ele>
      </trkpt>
      <trkpt lat="33.466206" lon="-111.687052">
        <ele>464.0</ele>
      </trkpt>
      <trkpt lat="33.466178" lon="-111.683736">
        <ele>469.0</ele>
      </trkpt>
      <trkpt lat="33.469154" lon="-111.683772">
        <ele>473.8</ele>
      </trkpt>
      <trkpt lat="33.470094" lon="-111.68375">
        <ele>476.2</ele>
      </trkpt>
      <trkpt lat="33.470138" lon="-111.68351">
        <ele>477.2</ele>
      </trkpt>
      <trkpt lat="33.47081" lon="-111.683498">
        <ele>478.2</ele>
      </trkpt>
      <trkpt lat="33.471381" lon="-111.683406">
        <ele>478.6</ele>
      </trkpt>
      <trkpt lat="33.472505" lon="-111.683432">
        <ele>478.6</ele>
      </trkpt>
      <trkpt lat="33.473599" lon="-111.68334">
        <ele>478.6</ele>
      </trkpt>
      <trkpt lat="33.47383" lon="-111.6835">
        <ele>478.8</ele>
      </trkpt>
      <trkpt lat="33.47399" lon="-111.68349">
        <ele>478.6</ele>
      </trkpt>
      <trkpt lat="33.474179" lon="-111.68337">
        <ele>478.6</ele>
      </trkpt>
      <trkpt lat="33.47473" lon="-111.68336">
        <ele>478.8</ele>
      </trkpt>
      <trkpt lat="33.474829" lon="-111.68353">
        <ele>479.0</ele>
      </trkpt>
      <trkpt lat="33.47496" lon="-111.68347">
        <ele>479.0</ele>
      </trkpt>
      <trkpt lat="33.47514" lon="-111.68331">
        <ele>479.0</ele>
      </trkpt>
      <trkpt lat="33.47535" lon="-111.68345">
        <ele>479.0</ele>
      </trkpt>
      <trkpt lat="33.47561" lon="-111.68345">
        <ele>479.0</ele>
      </trkpt>
      <trkpt lat="33.47587" lon="-111.6836">
        <ele>479.0</ele>
      </trkpt>
      <trkpt lat="33.47626" lon="-111.68358">
        <ele>479.0</ele>
      </trkpt>
      <trkpt lat="33.476439" lon="-111.68341">
        <ele>479.2</ele>
      </trkpt>
      <trkpt lat="33.47667" lon="-111.68346">
        <ele>479.0</ele>
      </trkpt>
      <trkpt lat="33.47724" lon="-111.68338">
        <ele>478.8</ele>
      </trkpt>
      <trkpt lat="33.4786" lon="-111.68345">
        <ele>478.8</ele>
      </trkpt>
      <trkpt lat="33.478859" lon="-111.68354">
        <ele>478.8</ele>
      </trkpt>
      <trkpt lat="33.4793" lon="-111.68333">
        <ele>478.8</ele>
      </trkpt>
      <trkpt lat="33.480285" lon="-111.683365">
        <ele>479.6</ele>
      </trkpt>
      <trkpt lat="33.48066" lon="-111.68308">
        <ele>481.4</ele>
      </trkpt>
      <trkpt lat="33.48096" lon="-111.68187">
        <ele>482.8</ele>
      </trkpt>
      <trkpt lat="33.486649" lon="-111.68165">
        <ele>483.8</ele>
      </trkpt>
      <trkpt lat="33.490949" lon="-111.68165">
        <ele>484.0</ele>
      </trkpt>
      <trkpt lat="33.491509" lon="-111.68174">
        <ele>483.6</ele>
      </trkpt>
      <trkpt lat="33.493879" lon="-111.68169">
        <ele>482.2</ele>
      </trkpt>
      <trkpt lat="33.49441" lon="-111.68157">
        <ele>480.8</ele>
      </trkpt>
      <trkpt lat="33.49501" lon="-111.68129">
        <ele>479.8</ele>
      </trkpt>
      <trkpt lat="33.49523" lon="-111.68126">
        <ele>479.6</ele>
      </trkpt>
      <trkpt lat="33.495399" lon="-111.68116">
        <ele>479.4</ele>
      </trkpt>
      <trkpt lat="33.495399" lon="-111.68083">
        <ele>479.6</ele>
      </trkpt>
      <trkpt lat="33.495489" lon="-111.68058">
        <ele>480.0</ele>
      </trkpt>
      <trkpt lat="33.49541" lon="-111.6793">
        <ele>480.8</ele>
      </trkpt>
      <trkpt lat="33.49552" lon="-111.67917">
        <ele>482.4</ele>
      </trkpt>
      <trkpt lat="33.495469" lon="-111.67874">
        <ele>484.2</ele>
      </trkpt>
      <trkpt lat="33.49561" lon="-111.67802">
        <ele>486.0</ele>
      </trkpt>
      <trkpt lat="33.49555" lon="-111.67786">
        <ele>488.0</ele>
      </trkpt>
      <trkpt lat="33.49559" lon="-111.67751">
        <ele>489.6</ele>
      </trkpt>
      <trkpt lat="33.49566" lon="-111.67722">
        <ele>490.8</ele>
      </trkpt>
      <trkpt lat="33.495649" lon="-111.67697">
        <ele>492.6</ele>
      </trkpt>
      <trkpt lat="33.49572" lon="-111.67651">
        <ele>494.4</ele>
      </trkpt>
      <trkpt lat="33.49564" lon="-111.6759">
        <ele>496.2</ele>
      </trkpt>
      <trkpt lat="33.49552" lon="-111.67531">
        <ele>498.2</ele>
      </trkpt>
      <trkpt lat="33.49551" lon="-111.67503">
        <ele>500.4</ele>
      </trkpt>
      <trkpt lat="33.49543" lon="-111.67473">
        <ele>502.4</ele>
      </trkpt>
      <trkpt lat="33.49539" lon="-111.67445">
        <ele>504.0</ele>
      </trkpt>
      <trkpt lat="33.49539" lon="-111.67412">
        <ele>506.6</ele>
      </trkpt>
      <trkpt lat="33.49537" lon="-111.67406">
        <ele>509.0</ele>
      </trkpt>
      <trkpt lat="33.495359" lon="-111.67348">
        <ele>510.4</ele>
      </trkpt>
      <trkpt lat="33.49533" lon="-111.67346">
        <ele>511.6</ele>
      </trkpt>
      <trkpt lat="33.49522" lon="-111.67351">
        <ele>513.2</ele>
      </trkpt>
      <trkpt lat="33.4949" lon="-111.6735">
        <ele>513.6</ele>
      </trkpt>
      <trkpt lat="33.49476" lon="-111.67341">
        <ele>514.4</ele>
      </trkpt>
      <trkpt lat="33.49466" lon="-111.67342">
        <ele>515.2</ele>
      </trkpt>
      <trkpt lat="33.49447" lon="-111.67335">
        <ele>515.6</ele>
      </trkpt>
      <trkpt lat="33.49441" lon="-111.6734">
        <ele>515.2</ele>
      </trkpt>
      <trkpt lat="33.49425" lon="-111.67343">
        <ele>514.6</ele>
      </trkpt>
      <trkpt lat="33.49364" lon="-111.67332">
        <ele>513.8</ele>
      </trkpt>
      <trkpt lat="33.4934" lon="-111.67319">
        <ele>513.2</ele>
      </trkpt>
      <trkpt lat="33.49243" lon="-111.67227">
        <ele>512.6</ele>
      </trkpt>
      <trkpt lat="33.49237" lon="-111.67228">
        <ele>512.4</ele>
      </trkpt>
      <trkpt lat="33.492264" lon="-111.672388">
        <ele>512.4</ele>
      </trkpt>
      <trkpt lat="33.492126" lon="-111.672406">
        <ele>512.2</ele>
      </trkpt>
      <trkpt lat="33.492002" lon="-111.672329">
        <ele>512.0</ele>
      </trkpt>
      <trkpt lat="33.49168" lon="-111.67252">
        <ele>512.2</ele>
      </trkpt>
      <trkpt lat="33.49163" lon="-111.67243">
        <ele>513.4</ele>
      </trkpt>
      <trkpt lat="33.49152" lon="-111.67187">
        <ele>514.6</ele>
      </trkpt>
      <trkpt lat="33.49141" lon="-111.67017">
        <ele>517.4</ele>
      </trkpt>
      <trkpt lat="33.491225" lon="-111.670177">
        <ele>521.0</ele>
      </trkpt>
      <trkpt lat="33.491101" lon="-111.668009">
        <ele>525.0</ele>
      </trkpt>
      <trkpt lat="33.491037" lon="-111.667188">
        <ele>528.4</ele>
      </trkpt>
      <trkpt lat="33.490915" lon="-111.666562">
        <ele>532.2</ele>
      </trkpt>
      <trkpt lat="33.490748" lon="-111.666058">
        <ele>534.6</ele>
      </trkpt>
      <trkpt lat="33.490496" lon="-111.66555">
        <ele>536.6</ele>
      </trkpt>
      <trkpt lat="33.490209" lon="-111.66512">
        <ele>538.0</ele>
      </trkpt>
      <trkpt lat="33.489751" lon="-111.664631">
        <ele>539.0</ele>
      </trkpt>
      <trkpt lat="33.489417" lon="-111.664384">
        <ele>540.0</ele>
      </trkpt>
      <trkpt lat="33.489119" lon="-111.664203">
        <ele>540.8</ele>
      </trkpt>
      <trkpt lat="33.487899" lon="-111.663653">
        <ele>541.4</ele>
      </trkpt>
      <trkpt lat="33.487732" lon="-111.663492">
        <ele>542.2</ele>
      </trkpt>
      <trkpt lat="33.48775" lon="-111.663236">
        <ele>543.8</ele>
      </trkpt>
      <trkpt lat="33.487811" lon="-111.663053">
        <ele>545.4</ele>
      </trkpt>
      <trkpt lat="33.488284" lon="-111.66226">
        <ele>547.2</ele>
      </trkpt>
      <trkpt lat="33.488674" lon="-111.661771">
        <ele>549.8</ele>
      </trkpt>
      <trkpt lat="33.488838" lon="-111.661466">
        <ele>552.8</ele>
      </trkpt>
      <trkpt lat="33.48892" lon="-111.660477">
        <ele>555.6</ele>
      </trkpt>
      <trkpt lat="33.48928" lon="-111.65985">
        <ele>558.2</ele>
      </trkpt>
      <trkpt lat="33.4896" lon="-111.659341">
        <ele>560.8</ele>
      </trkpt>
      <trkpt lat="33.489708" lon="-111.659077">
        <ele>564.8</ele>
      </trkpt>
      <trkpt lat="33.489734" lon="-111.658845">
        <ele>568.4</ele>
      </trkpt>
      <trkpt lat="33.4897" lon="-111.655509">
        <ele>571.8</ele>
      </trkpt>
      <trkpt lat="33.489581" lon="-111.65514">
        <ele>575.6</ele>
      </trkpt>
      <trkpt lat="33.489244" lon="-111.654431">
        <ele>579.6</ele>
      </trkpt>
      <trkpt lat="33.489158" lon="-111.654029">
        <ele>581.4</ele>
      </trkpt>
      <trkpt lat="33.489179" lon="-111.653313">
        <ele>583.2</ele>
      </trkpt>
      <trkpt lat="33.489312" lon="-111.653136">
        <ele>584.8</ele>
      </trkpt>
      <trkpt lat="33.489323" lon="-111.652523">
        <ele>585.6</ele>
      </trkpt>
      <trkpt lat="33.489266" lon="-111.651913">
        <ele>586.6</ele>
      </trkpt>
      <trkpt lat="33.489188" lon="-111.651606">
        <ele>587.4</ele>
      </trkpt>
      <trkpt lat="33.489514" lon="-111.651463">
        <ele>588.2</ele>
      </trkpt>
      <trkpt lat="33.489527" lon="-111.651308">
        <ele>589.4</ele>
      </trkpt>
      <trkpt lat="33.489696" lon="-111.65118">
        <ele>591.0</ele>
      </trkpt>
      <trkpt lat="33.490104" lon="-111.651019">
        <ele>592.0</ele>
      </trkpt>
      <trkpt lat="33.490217" lon="-111.650953">
        <ele>593.4</ele>
      </trkpt>
      <trkpt lat="33.490189" lon="-111.650745">
        <ele>594.6</ele>
      </trkpt>
      <trkpt lat="33.490308" lon="-111.650629">
        <ele>595.6</ele>
      </trkpt>
      <trkpt lat="33.490502" lon="-111.650717">
        <ele>596.4</ele>
      </trkpt>
      <trkpt lat="33.490783" lon="-111.650588">
        <ele>597.4</ele>
      </trkpt>
      <trkpt lat="33.490871" lon="-111.650583">
        <ele>598.2</ele>
      </trkpt>
      <trkpt lat="33.490986" lon="-111.650489">
        <ele>599.6</ele>
      </trkpt>
      <trkpt lat="33.491117" lon="-111.650315">
        <ele>600.6</ele>
      </trkpt>
      <trkpt lat="33.491292" lon="-111.649798">
        <ele>601.6</ele>
      </trkpt>
      <trkpt lat="33.491282" lon="-111.649792">
        <ele>602.4</ele>
      </trkpt>
      <trkpt lat="33.491422" lon="-111.649693">
        <ele>603.6</ele>
      </trkpt>
      <trkpt lat="33.491584" lon="-111.649691">
        <ele>604.4</ele>
      </trkpt>
      <trkpt lat="33.49203" lon="-111.649801">
        <ele>605.6</ele>
      </trkpt>
      <trkpt lat="33.492283" lon="-111.649771">
        <ele>607.0</ele>
      </trkpt>
      <trkpt lat="33.492905" lon="-111.649798">
        <ele>610.8</ele>
      </trkpt>
      <trkpt lat="33.493104" lon="-111.649745">
        <ele>614.6</ele>
      </trkpt>
      <trkpt lat="33.49499" lon="-111.6498">
        <ele>618.0</ele>
      </trkpt>
      <trkpt lat="33.495193" lon="-111.649687">
        <ele>620.8</ele>
      </trkpt>
      <trkpt lat="33.495243" lon="-111.64981">
        <ele>622.8</ele>
      </trkpt>
      <trkpt lat="33.495344" lon="-111.650214">
        <ele>621.8</ele>
      </trkpt>
      <trkpt lat="33.495357" lon="-111.650567">
        <ele>619.4</ele>
      </trkpt>
      <trkpt lat="33.49545" lon="-111.650852">
        <ele>616.8</ele>
      </trkpt>
      <trkpt lat="33.495503" lon="-111.651618">
        <ele>614.2</ele>
      </trkpt>
      <trkpt lat="33.495444" lon="-111.651846">
        <ele>611.0</ele>
      </trkpt>
      <trkpt lat="33.495311" lon="-111.652006">
        <ele>607.8</ele>
      </trkpt>
      <trkpt lat="33.495221" lon="-111.652852">
        <ele>605.6</ele>
      </trkpt>
      <trkpt lat="33.495399" lon="-111.653501">
        <ele>604.4</ele>
      </trkpt>
      <trkpt lat="33.495739" lon="-111.65414">
        <ele>603.2</ele>
      </trkpt>
      <trkpt lat="33.49589" lon="-111.65435">
        <ele>602.4</ele>
      </trkpt>
      <trkpt lat="33.49599" lon="-111.65444">
        <ele>601.6</ele>
      </trkpt>
      <trkpt lat="33.495967" lon="-111.654864">
        <ele>600.2</ele>
      </trkpt>
      <trkpt lat="33.49604" lon="-111.655">
        <ele>596.8</ele>
      </trkpt>
      <trkpt lat="33.49616" lon="-111.65512">
        <ele>593.2</ele>
      </trkpt>
      <trkpt lat="33.496347" lon="-111.655856">
        <ele>590.6</ele>
      </trkpt>
      <trkpt lat="33.496319" lon="-111.656705">
        <ele>589.0</ele>
      </trkpt>
      <trkpt lat="33.496175" lon="-111.656872">
        <ele>587.2</ele>
      </trkpt>
      <trkpt lat="33.495973" lon="-111.657154">
        <ele>586.6</ele>
      </trkpt>
      <trkpt lat="33.495871" lon="-111.657382">
        <ele>585.2</ele>
      </trkpt>
      <trkpt lat="33.495852" lon="-111.657872">
        <ele>583.8</ele>
      </trkpt>
      <trkpt lat="33.496234" lon="-111.658269">
        <ele>581.8</ele>
      </trkpt>
      <trkpt lat="33.49624" lon="-111.658499">
        <ele>579.8</ele>
      </trkpt>
      <trkpt lat="33.49638" lon="-111.65873">
        <ele>578.2</ele>
      </trkpt>
      <trkpt lat="33.496536" lon="-111.658704">
        <ele>577.4</ele>
      </trkpt>
      <trkpt lat="33.496467" lon="-111.658857">
        <ele>576.4</ele>
      </trkpt>
      <trkpt lat="33.496435" lon="-111.659188">
        <ele>575.6</ele>
      </trkpt>
      <trkpt lat="33.49631" lon="-111.65944">
        <ele>575.0</ele>
      </trkpt>
      <trkpt lat="33.49619" lon="-111.65946">
        <ele>573.6</ele>
      </trkpt>
      <trkpt lat="33.49633" lon="-111.65959">
        <ele>572.4</ele>
      </trkpt>
      <trkpt lat="33.49644" lon="-111.65976">
        <ele>570.6</ele>
      </trkpt>
      <trkpt lat="33.496474" lon="-111.659875">
        <ele>568.4</ele>
      </trkpt>
      <trkpt lat="33.496402" lon="-111.660063">
        <ele>566.8</ele>
      </trkpt>
      <trkpt lat="33.49645" lon="-111.66026">
        <ele>565.0</ele>
      </trkpt>
      <trkpt lat="33.49655" lon="-111.66036">
        <ele>563.2</ele>
      </trkpt>
      <trkpt lat="33.49663" lon="-111.660702">
        <ele>561.8</ele>
      </trkpt>
      <trkpt lat="33.496609" lon="-111.660788">
        <ele>560.6</ele>
      </trkpt>
      <trkpt lat="33.496492" lon="-111.660848">
        <ele>559.0</ele>
      </trkpt>
      <trkpt lat="33.496547" lon="-111.661056">
        <ele>558.0</ele>
      </trkpt>
      <trkpt lat="33.496738" lon="-111.661177">
        <ele>556.4</ele>
      </trkpt>
      <trkpt lat="33.4968" lon="-111.66132">
        <ele>555.0</ele>
      </trkpt>
      <trkpt lat="33.49681" lon="-111.661787">
        <ele>553.6</ele>
      </trkpt>
      <trkpt lat="33.496724" lon="-111.661898">
        <ele>552.4</ele>
      </trkpt>
      <trkpt lat="33.49678" lon="-111.66198">
        <ele>551.2</ele>
      </trkpt>
      <trkpt lat="33.496814" lon="-111.662236">
        <ele>550.8</ele>
      </trkpt>
      <trkpt lat="33.496783" lon="-111.662381">
        <ele>550.2</ele>
      </trkpt>
      <trkpt lat="33.496823" lon="-111.662543">
        <ele>548.8</ele>
      </trkpt>
      <trkpt lat="33.49692" lon="-111.6627">
        <ele>547.6</ele>
      </trkpt>
      <trkpt lat="33.496532" lon="-111.66357">
        <ele>546.6</ele>
      </trkpt>
      <trkpt lat="33.496613" lon="-111.663617">
        <ele>545.8</ele>
      </trkpt>
      <trkpt lat="33.496721" lon="-111.663623">
        <ele>545.4</ele>
      </trkpt>
      <trkpt lat="33.49682" lon="-111.66377">
        <ele>546.2</ele>
      </trkpt>
      <trkpt lat="33.49689" lon="-111.66397">
        <ele>546.8</ele>
      </trkpt>
      <trkpt lat="33.49703" lon="-111.66401">
        <ele>547.4</ele>
      </trkpt>
      <trkpt lat="33.4971" lon="-111.66399">
        <ele>547.4</ele>
      </trkpt>
      <trkpt lat="33.49734" lon="-111.6642">
        <ele>547.0</ele>
      </trkpt>
      <trkpt lat="33.49752" lon="-111.66448">
        <ele>545.8</ele>
      </trkpt>
      <trkpt lat="33.49772" lon="-111.6646">
        <ele>544.2</ele>
      </trkpt>
      <trkpt lat="33.49776" lon="-111.66487">
        <ele>542.0</ele>
      </trkpt>
      <trkpt lat="33.497919" lon="-111.664927">
        <ele>540.2</ele>
      </trkpt>
      <trkpt lat="33.49796" lon="-111.66511">
        <ele>537.4</ele>
      </trkpt>
      <trkpt lat="33.49794" lon="-111.66525">
        <ele>534.8</ele>
      </trkpt>
      <trkpt lat="33.498317" lon="-111.665113">
        <ele>532.8</ele>
      </trkpt>
      <trkpt lat="33.49853" lon="-111.6654">
        <ele>530.8</ele>
      </trkpt>
      <trkpt lat="33.498447" lon="-111.665554">
        <ele>529.2</ele>
      </trkpt>
      <trkpt lat="33.498505" lon="-111.665583">
        <ele>528.2</ele>
      </trkpt>
      <trkpt lat="33.498544" lon="-111.665539">
        <ele>527.2</ele>
      </trkpt>
      <trkpt lat="33.498705" lon="-111.66544">
        <ele>526.2</ele>
      </trkpt>
      <trkpt lat="33.498854" lon="-111.665406">
        <ele>526.0</ele>
      </trkpt>
      <trkpt lat="33.498942" lon="-111.665344">
        <ele>525.4</ele>
      </trkpt>
      <trkpt lat="33.498973" lon="-111.665248">
        <ele>525.0</ele>
      </trkpt>
      <trkpt lat="33.498928" lon="-111.665183">
        <ele>524.4</ele>
      </trkpt>
      <trkpt lat="33.499118" lon="-111.664581">
        <ele>523.6</ele>
      </trkpt>
      <trkpt lat="33.499243" lon="-111.664528">
        <ele>522.6</ele>
      </trkpt>
      <trkpt lat="33.499238" lon="-111.664461">
        <ele>521.8</ele>
      </trkpt>
      <trkpt lat="33.499163" lon="-111.664296">
        <ele>521.6</ele>
      </trkpt>
      <trkpt lat="33.499139" lon="-111.664003">
        <ele>522.0</ele>
      </trkpt>
      <trkpt lat="33.49917" lon="-111.66377">
        <ele>522.8</ele>
      </trkpt>
      <trkpt lat="33.499209" lon="-111.66371">
        <ele>524.2</ele>
      </trkpt>
      <trkpt lat="33.49942" lon="-111.66364">
        <ele>525.0</ele>
      </trkpt>
      <trkpt lat="33.49954" lon="-111.66364">
        <ele>526.2</ele>
      </trkpt>
      <trkpt lat="33.4996" lon="-111.66368">
        <ele>527.6</ele>
      </trkpt>
      <trkpt lat="33.49966" lon="-111.66363">
        <ele>528.8</ele>
      </trkpt>
      <trkpt lat="33.49964" lon="-111.66356">
        <ele>529.4</ele>
      </trkpt>
      <trkpt lat="33.49966" lon="-111.6634">
        <ele>530.4</ele>
      </trkpt>
      <trkpt lat="33.49975" lon="-111.66336">
        <ele>530.8</ele>
      </trkpt>
      <trkpt lat="33.49996" lon="-111.66348">
        <ele>531.2</ele>
      </trkpt>
      <trkpt lat="33.49998" lon="-111.66333">
        <ele>531.4</ele>
      </trkpt>
      <trkpt lat="33.500059" lon="-111.66312">
        <ele>531.8</ele>
      </trkpt>
      <trkpt lat="33.50012" lon="-111.66303">
        <ele>532.8</ele>
      </trkpt>
      <trkpt lat="33.50025" lon="-111.66304">
        <ele>533.8</ele>
      </trkpt>
      <trkpt lat="33.50036" lon="-111.66298">
        <ele>535.2</ele>
      </trkpt>
      <trkpt lat="33.50043" lon="-111.66285">
        <ele>536.2</ele>
      </trkpt>
      <trkpt lat="33.500529" lon="-111.66287">
        <ele>537.6</ele>
      </trkpt>
      <trkpt lat="33.5006" lon="-111.66292">
        <ele>538.4</ele>
      </trkpt>
      <trkpt lat="33.50068" lon="-111.66292">
        <ele>539.6</ele>
      </trkpt>
      <trkpt lat="33.50076" lon="-111.66299">
        <ele>540.2</ele>
      </trkpt>
      <trkpt lat="33.50097" lon="-111.66298">
        <ele>541.0</ele>
      </trkpt>
      <trkpt lat="33.50106" lon="-111.66305">
        <ele>541.8</ele>
      </trkpt>
      <trkpt lat="33.50119" lon="-111.66307">
        <ele>542.6</ele>
      </trkpt>
      <trkpt lat="33.50143" lon="-111.66291">
        <ele>543.6</ele>
      </trkpt>
      <trkpt lat="33.50157" lon="-111.66292">
        <ele>544.2</ele>
      </trkpt>
      <trkpt lat="33.501739" lon="-111.66276">
        <ele>544.6</ele>
      </trkpt>
      <trkpt lat="33.50184" lon="-111.66277">
        <ele>544.4</ele>
      </trkpt>
      <trkpt lat="33.50192" lon="-111.66283">
        <ele>544.4</ele>
      </trkpt>
      <trkpt lat="33.50215" lon="-111.66276">
        <ele>543.8</ele>
      </trkpt>
      <trkpt lat="33.5023" lon="-111.66266">
        <ele>544.0</ele>
      </trkpt>
      <trkpt lat="33.50263" lon="-111.6622">
        <ele>544.6</ele>
      </trkpt>
      <trkpt lat="33.50264" lon="-111.66205">
        <ele>546.2</ele>
      </trkpt>
      <trkpt lat="33.5028" lon="-111.66149">
        <ele>548.4</ele>
      </trkpt>
      <trkpt lat="33.50282" lon="-111.66111">
        <ele>550.8</ele>
      </trkpt>
      <trkpt lat="33.50292" lon="-111.66086">
        <ele>553.6</ele>
      </trkpt>
      <trkpt lat="33.50298" lon="-111.66081">
        <ele>556.6</ele>
      </trkpt>
      <trkpt lat="33.50277" lon="-111.66054">
        <ele>558.6</ele>
      </trkpt>
      <trkpt lat="33.50285" lon="-111.66036">
        <ele>559.8</ele>
      </trkpt>
      <trkpt lat="33.50283" lon="-111.66028">
        <ele>561.2</ele>
      </trkpt>
      <trkpt lat="33.50277" lon="-111.6602">
        <ele>561.8</ele>
      </trkpt>
      <trkpt lat="33.50277" lon="-111.66">
        <ele>563.4</ele>
      </trkpt>
      <trkpt lat="33.50274" lon="-111.65987">
        <ele>565.6</ele>
      </trkpt>
      <trkpt lat="33.50276" lon="-111.65975">
        <ele>567.2</ele>
      </trkpt>
      <trkpt lat="33.50292" lon="-111.65976">
        <ele>568.4</ele>
      </trkpt>
      <trkpt lat="33.50301" lon="-111.65982">
        <ele>568.8</ele>
      </trkpt>
      <trkpt lat="33.50313" lon="-111.65982">
        <ele>567.8</ele>
      </trkpt>
      <trkpt lat="33.50325" lon="-111.65988">
        <ele>565.6</ele>
      </trkpt>
      <trkpt lat="33.50338" lon="-111.65989">
        <ele>563.4</ele>
      </trkpt>
      <trkpt lat="33.50351" lon="-111.66">
        <ele>560.4</ele>
      </trkpt>
      <trkpt lat="33.50354" lon="-111.66015">
        <ele>558.2</ele>
      </trkpt>
      <trkpt lat="33.50366" lon="-111.66035">
        <ele>556.2</ele>
      </trkpt>
      <trkpt lat="33.50379" lon="-111.66048">
        <ele>554.8</ele>
      </trkpt>
      <trkpt lat="33.50392" lon="-111.66054">
        <ele>553.6</ele>
      </trkpt>
      <trkpt lat="33.50403" lon="-111.66053">
        <ele>552.8</ele>
      </trkpt>
      <trkpt lat="33.50417" lon="-111.66075">
        <ele>551.8</ele>
      </trkpt>
      <trkpt lat="33.50423" lon="-111.66092">
        <ele>550.6</ele>
      </trkpt>
      <trkpt lat="33.50423" lon="-111.66114">
        <ele>550.2</ele>
      </trkpt>
      <trkpt lat="33.5043" lon="-111.66126">
        <ele>549.4</ele>
      </trkpt>
      <trkpt lat="33.50435" lon="-111.66148">
        <ele>548.2</ele>
      </trkpt>
      <trkpt lat="33.50426" lon="-111.66167">
        <ele>546.8</ele>
      </trkpt>
      <trkpt lat="33.50404" lon="-111.66193">
        <ele>545.6</ele>
      </trkpt>
      <trkpt lat="33.50401" lon="-111.66228">
        <ele>543.4</ele>
      </trkpt>
      <trkpt lat="33.5039" lon="-111.66244">
        <ele>541.6</ele>
      </trkpt>
      <trkpt lat="33.50389" lon="-111.66257">
        <ele>540.6</ele>
      </trkpt>
      <trkpt lat="33.5038" lon="-111.66282">
        <ele>539.6</ele>
      </trkpt>
      <trkpt lat="33.50372" lon="-111.6629">
        <ele>539.0</ele>
      </trkpt>
      <trkpt lat="33.50374" lon="-111.66305">
        <ele>538.8</ele>
      </trkpt>
      <trkpt lat="33.50392" lon="-111.66324">
        <ele>537.8</ele>
      </trkpt>
      <trkpt lat="33.504089" lon="-111.66349">
        <ele>536.4</ele>
      </trkpt>
      <trkpt lat="33.50401" lon="-111.66382">
        <ele>535.2</ele>
      </trkpt>
      <trkpt lat="33.50374" lon="-111.6642">
        <ele>534.4</ele>
      </trkpt>
      <trkpt lat="33.50379" lon="-111.66446">
        <ele>533.6</ele>
      </trkpt>
      <trkpt lat="33.50394" lon="-111.66456">
        <ele>532.8</ele>
      </trkpt>
      <trkpt lat="33.50395" lon="-111.66463">
        <ele>532.2</ele>
      </trkpt>
      <trkpt lat="33.5039" lon="-111.66473">
        <ele>531.8</ele>
      </trkpt>
      <trkpt lat="33.50389" lon="-111.66495">
        <ele>531.6</ele>
      </trkpt>
      <trkpt lat="33.50392" lon="-111.66507">
        <ele>530.4</ele>
      </trkpt>
      <trkpt lat="33.50406" lon="-111.66503">
        <ele>529.8</ele>
      </trkpt>
      <trkpt lat="33.5043" lon="-111.66511">
        <ele>529.4</ele>
      </trkpt>
      <trkpt lat="33.504559" lon="-111.66509">
        <ele>529.0</ele>
      </trkpt>
      <trkpt lat="33.50475" lon="-111.66518">
        <ele>526.6</ele>
      </trkpt>
      <trkpt lat="33.50486" lon="-111.66528">
        <ele>525.0</ele>
      </trkpt>
      <trkpt lat="33.50504" lon="-111.66558">
        <ele>524.2</ele>
      </trkpt>
      <trkpt lat="33.50515" lon="-111.66559">
        <ele>522.6</ele>
      </trkpt>
      <trkpt lat="33.5052" lon="-111.6657">
        <ele>519.8</ele>
      </trkpt>
      <trkpt lat="33.50533" lon="-111.66585">
        <ele>518.0</ele>
      </trkpt>
      <trkpt lat="33.50544" lon="-111.66615">
        <ele>515.6</ele>
      </trkpt>
      <trkpt lat="33.50548" lon="-111.66617">
        <ele>512.8</ele>
      </trkpt>
      <trkpt lat="33.50557" lon="-111.66631">
        <ele>510.6</ele>
      </trkpt>
      <trkpt lat="33.505589" lon="-111.6664">
        <ele>509.4</ele>
      </trkpt>
      <trkpt lat="33.505679" lon="-111.6664">
        <ele>508.0</ele>
      </trkpt>
      <trkpt lat="33.50587" lon="-111.66652">
        <ele>507.6</ele>
      </trkpt>
      <trkpt lat="33.50596" lon="-111.66661">
        <ele>507.2</ele>
      </trkpt>
      <trkpt lat="33.5062" lon="-111.66658">
        <ele>507.4</ele>
      </trkpt>
      <trkpt lat="33.50632" lon="-111.66667">
        <ele>508.0</ele>
      </trkpt>
      <trkpt lat="33.5064" lon="-111.66666">
        <ele>508.2</ele>
      </trkpt>
      <trkpt lat="33.50658" lon="-111.66655">
        <ele>507.6</ele>
      </trkpt>
      <trkpt lat="33.50671" lon="-111.66654">
        <ele>506.4</ele>
      </trkpt>
      <trkpt lat="33.5068" lon="-111.66647">
        <ele>504.6</ele>
      </trkpt>
      <trkpt lat="33.50694" lon="-111.66659">
        <ele>502.6</ele>
      </trkpt>
      <trkpt lat="33.50697" lon="-111.66658">
        <ele>499.6</ele>
      </trkpt>
      <trkpt lat="33.50697" lon="-111.66647">
        <ele>497.4</ele>
      </trkpt>
      <trkpt lat="33.50708" lon="-111.66633">
        <ele>495.0</ele>
      </trkpt>
      <trkpt lat="33.50719" lon="-111.66642">
        <ele>491.6</ele>
      </trkpt>
      <trkpt lat="33.5073" lon="-111.66625">
        <ele>488.6</ele>
      </trkpt>
      <trkpt lat="33.50735" lon="-111.66644">
        <ele>486.0</ele>
      </trkpt>
      <trkpt lat="33.50745" lon="-111.66655">
        <ele>483.0</ele>
      </trkpt>
      <trkpt lat="33.50766" lon="-111.66664">
        <ele>481.2</ele>
      </trkpt>
      <trkpt lat="33.50775" lon="-111.66647">
        <ele>480.6</ele>
      </trkpt>
      <trkpt lat="33.50786" lon="-111.66641">
        <ele>479.4</ele>
      </trkpt>
      <trkpt lat="33.50813" lon="-111.66639">
        <ele>480.0</ele>
      </trkpt>
      <trkpt lat="33.50829" lon="-111.66645">
        <ele>481.0</ele>
      </trkpt>
      <trkpt lat="33.50835" lon="-111.66633">
        <ele>482.4</ele>
      </trkpt>
      <trkpt lat="33.50844" lon="-111.66623">
        <ele>484.2</ele>
      </trkpt>
      <trkpt lat="33.50842" lon="-111.6661">
        <ele>486.4</ele>
      </trkpt>
      <trkpt lat="33.50846" lon="-111.66601">
        <ele>488.4</ele>
      </trkpt>
      <trkpt lat="33.50854" lon="-111.66597">
        <ele>490.2</ele>
      </trkpt>
      <trkpt lat="33.50862" lon="-111.66586">
        <ele>491.2</ele>
      </trkpt>
      <trkpt lat="33.50868" lon="-111.66584">
        <ele>491.4</ele>
      </trkpt>
      <trkpt lat="33.50882" lon="-111.66588">
        <ele>491.6</ele>
      </trkpt>
      <trkpt lat="33.50894" lon="-111.66584">
        <ele>490.6</ele>
      </trkpt>
      <trkpt lat="33.50904" lon="-111.66585">
        <ele>489.2</ele>
      </trkpt>
      <trkpt lat="33.50913" lon="-111.66595">
        <ele>488.4</ele>
      </trkpt>
      <trkpt lat="33.50927" lon="-111.66593">
        <ele>488.0</ele>
      </trkpt>
      <trkpt lat="33.5094" lon="-111.66564">
        <ele>487.6</ele>
      </trkpt>
      <trkpt lat="33.50947" lon="-111.66565">
        <ele>487.8</ele>
      </trkpt>
      <trkpt lat="33.50952" lon="-111.6655">
        <ele>488.6</ele>
      </trkpt>
      <trkpt lat="33.50961" lon="-111.66543">
        <ele>488.6</ele>
      </trkpt>
      <trkpt lat="33.50972" lon="-111.66525">
        <ele>488.6</ele>
      </trkpt>
      <trkpt lat="33.50983" lon="-111.66516">
        <ele>490.0</ele>
      </trkpt>
      <trkpt lat="33.509819" lon="-111.66506">
        <ele>491.8</ele>
      </trkpt>
      <trkpt lat="33.50992" lon="-111.66488">
        <ele>492.8</ele>
      </trkpt>
      <trkpt lat="33.51003" lon="-111.66486">
        <ele>494.4</ele>
      </trkpt>
      <trkpt lat="33.5101" lon="-111.66489">
        <ele>496.2</ele>
      </trkpt>
      <trkpt lat="33.51024" lon="-111.66487">
        <ele>495.8</ele>
      </trkpt>
      <trkpt lat="33.51036" lon="-111.66489">
        <ele>494.2</ele>
      </trkpt>
      <trkpt lat="33.510469" lon="-111.665">
        <ele>493.0</ele>
      </trkpt>
      <trkpt lat="33.510469" lon="-111.6651">
        <ele>491.6</ele>
      </trkpt>
      <trkpt lat="33.510559" lon="-111.66516">
        <ele>490.0</ele>
      </trkpt>
      <trkpt lat="33.51065" lon="-111.66514">
        <ele>489.0</ele>
      </trkpt>
      <trkpt lat="33.51089" lon="-111.66519">
        <ele>489.0</ele>
      </trkpt>
      <trkpt lat="33.51099" lon="-111.66526">
        <ele>489.6</ele>
      </trkpt>
      <trkpt lat="33.51112" lon="-111.66528">
        <ele>490.6</ele>
      </trkpt>
      <trkpt lat="33.51115" lon="-111.66499">
        <ele>492.4</ele>
      </trkpt>
      <trkpt lat="33.51127" lon="-111.66476">
        <ele>494.4</ele>
      </trkpt>
      <trkpt lat="33.51118" lon="-111.66461">
        <ele>496.0</ele>
      </trkpt>
      <trkpt lat="33.51124" lon="-111.66455">
        <ele>497.6</ele>
      </trkpt>
      <trkpt lat="33.51135" lon="-111.66454">
        <ele>498.2</ele>
      </trkpt>
      <trkpt lat="33.5114" lon="-111.6644">
        <ele>499.4</ele>
      </trkpt>
      <trkpt lat="33.51155" lon="-111.66444">
        <ele>500.6</ele>
      </trkpt>
      <trkpt lat="33.51162" lon="-111.66405">
        <ele>502.4</ele>
      </trkpt>
      <trkpt lat="33.51159" lon="-111.66395">
        <ele>504.0</ele>
      </trkpt>
      <trkpt lat="33.51153" lon="-111.6639">
        <ele>506.6</ele>
      </trkpt>
      <trkpt lat="33.51151" lon="-111.66378">
        <ele>508.2</ele>
      </trkpt>
      <trkpt lat="33.51136" lon="-111.66362">
        <ele>510.4</ele>
      </trkpt>
      <trkpt lat="33.51138" lon="-111.66355">
        <ele>512.8</ele>
      </trkpt>
      <trkpt lat="33.51133" lon="-111.66341">
        <ele>515.4</ele>
      </trkpt>
      <trkpt lat="33.51139" lon="-111.66326">
        <ele>517.0</ele>
      </trkpt>
      <trkpt lat="33.51159" lon="-111.66316">
        <ele>518.0</ele>
      </trkpt>
      <trkpt lat="33.51165" lon="-111.66317">
        <ele>519.0</ele>
      </trkpt>
      <trkpt lat="33.51171" lon="-111.66314">
        <ele>519.6</ele>
      </trkpt>
      <trkpt lat="33.51177" lon="-111.66296">
        <ele>520.4</ele>
      </trkpt>
      <trkpt lat="33.51174" lon="-111.66285">
        <ele>522.0</ele>
      </trkpt>
      <trkpt lat="33.51162" lon="-111.66271">
        <ele>523.6</ele>
      </trkpt>
      <trkpt lat="33.5116" lon="-111.6626">
        <ele>525.4</ele>
      </trkpt>
      <trkpt lat="33.51183" lon="-111.66234">
        <ele>526.6</ele>
      </trkpt>
      <trkpt lat="33.51223" lon="-111.66261">
        <ele>526.6</ele>
      </trkpt>
      <trkpt lat="33.51238" lon="-111.66284">
        <ele>525.0</ele>
      </trkpt>
      <trkpt lat="33.51253" lon="-111.663">
        <ele>523.2</ele>
      </trkpt>
      <trkpt lat="33.51271" lon="-111.66359">
        <ele>520.0</ele>
      </trkpt>
      <trkpt lat="33.51286" lon="-111.66369">
        <ele>517.6</ele>
      </trkpt>
      <trkpt lat="33.51296" lon="-111.66383">
        <ele>514.4</ele>
      </trkpt>
      <trkpt lat="33.51298" lon="-111.6636">
        <ele>513.8</ele>
      </trkpt>
      <trkpt lat="33.51307" lon="-111.66351">
        <ele>514.0</ele>
      </trkpt>
      <trkpt lat="33.51312" lon="-111.66308">
        <ele>515.0</ele>
      </trkpt>
      <trkpt lat="33.51305" lon="-111.663">
        <ele>517.0</ele>
      </trkpt>
      <trkpt lat="33.51301" lon="-111.66289">
        <ele>521.2</ele>
      </trkpt>
      <trkpt lat="33.51285" lon="-111.66277">
        <ele>524.6</ele>
      </trkpt>
      <trkpt lat="33.5128" lon="-111.66253">
        <ele>527.8</ele>
      </trkpt>
      <trkpt lat="33.51271" lon="-111.66247">
        <ele>530.8</ele>
      </trkpt>
      <trkpt lat="33.51267" lon="-111.66238">
        <ele>532.6</ele>
      </trkpt>
      <trkpt lat="33.51268" lon="-111.66229">
        <ele>533.2</ele>
      </trkpt>
      <trkpt lat="33.51272" lon="-111.66222">
        <ele>533.4</ele>
      </trkpt>
      <trkpt lat="33.51283" lon="-111.66223">
        <ele>533.8</ele>
      </trkpt>
      <trkpt lat="33.51289" lon="-111.66219">
        <ele>534.0</ele>
      </trkpt>
      <trkpt lat="33.51285" lon="-111.66203">
        <ele>532.8</ele>
      </trkpt>
      <trkpt lat="33.512909" lon="-111.66186">
        <ele>532.0</ele>
      </trkpt>
      <trkpt lat="33.512909" lon="-111.66154">
        <ele>530.6</ele>
      </trkpt>
      <trkpt lat="33.5128" lon="-111.66119">
        <ele>529.2</ele>
      </trkpt>
      <trkpt lat="33.51287" lon="-111.66077">
        <ele>527.6</ele>
      </trkpt>
      <trkpt lat="33.51283" lon="-111.66062">
        <ele>527.8</ele>
      </trkpt>
      <trkpt lat="33.51283" lon="-111.66026">
        <ele>528.2</ele>
      </trkpt>
      <trkpt lat="33.51279" lon="-111.66013">
        <ele>529.4</ele>
      </trkpt>
      <trkpt lat="33.51274" lon="-111.66009">
        <ele>531.4</ele>
      </trkpt>
      <trkpt lat="33.51272" lon="-111.65999">
        <ele>532.8</ele>
      </trkpt>
      <trkpt lat="33.51277" lon="-111.65983">
        <ele>533.8</ele>
      </trkpt>
      <trkpt lat="33.51274" lon="-111.65977">
        <ele>534.8</ele>
      </trkpt>
      <trkpt lat="33.51272" lon="-111.65982">
        <ele>536.2</ele>
      </trkpt>
      <trkpt lat="33.51267" lon="-111.65981">
        <ele>536.6</ele>
      </trkpt>
      <trkpt lat="33.51271" lon="-111.65944">
        <ele>537.2</ele>
      </trkpt>
      <trkpt lat="33.51269" lon="-111.65938">
        <ele>538.2</ele>
      </trkpt>
      <trkpt lat="33.51279" lon="-111.65928">
        <ele>539.2</ele>
      </trkpt>
      <trkpt lat="33.51278" lon="-111.65897">
        <ele>539.8</ele>
      </trkpt>
      <trkpt lat="33.5127" lon="-111.65888">
        <ele>540.0</ele>
      </trkpt>
      <trkpt lat="33.51263" lon="-111.65865">
        <ele>539.8</ele>
      </trkpt>
      <trkpt lat="33.512439" lon="-111.6584">
        <ele>539.4</ele>
      </trkpt>
      <trkpt lat="33.51238" lon="-111.65797">
        <ele>537.8</ele>
      </trkpt>
      <trkpt lat="33.51247" lon="-111.65752">
        <ele>537.4</ele>
      </trkpt>
      <trkpt lat="33.51239" lon="-111.65735">
        <ele>536.4</ele>
      </trkpt>
      <trkpt lat="33.51231" lon="-111.65695">
        <ele>536.8</ele>
      </trkpt>
      <trkpt lat="33.51232" lon="-111.65665">
        <ele>536.8</ele>
      </trkpt>
      <trkpt lat="33.51205" lon="-111.65655">
        <ele>537.8</ele>
      </trkpt>
      <trkpt lat="33.51195" lon="-111.6564">
        <ele>537.8</ele>
      </trkpt>
      <trkpt lat="33.51186" lon="-111.65633">
        <ele>538.6</ele>
      </trkpt>
      <trkpt lat="33.51171" lon="-111.65628">
        <ele>540.6</ele>
      </trkpt>
      <trkpt lat="33.51164" lon="-111.65622">
        <ele>542.8</ele>
      </trkpt>
      <trkpt lat="33.51127" lon="-111.65619">
        <ele>544.6</ele>
      </trkpt>
      <trkpt lat="33.51117" lon="-111.65613">
        <ele>545.8</ele>
      </trkpt>
      <trkpt lat="33.51112" lon="-111.65604">
        <ele>547.8</ele>
      </trkpt>
      <trkpt lat="33.51095" lon="-111.65588">
        <ele>547.6</ele>
      </trkpt>
      <trkpt lat="33.51074" lon="-111.65582">
        <ele>548.2</ele>
      </trkpt>
      <trkpt lat="33.5107" lon="-111.65569">
        <ele>548.6</ele>
      </trkpt>
      <trkpt lat="33.51073" lon="-111.65565">
        <ele>550.0</ele>
      </trkpt>
      <trkpt lat="33.51064" lon="-111.65545">
        <ele>548.8</ele>
      </trkpt>
      <trkpt lat="33.510467" lon="-111.655211">
        <ele>548.2</ele>
      </trkpt>
      <trkpt lat="33.510666" lon="-111.654915">
        <ele>547.4</ele>
      </trkpt>
      <trkpt lat="33.510647" lon="-111.654811">
        <ele>547.2</ele>
      </trkpt>
      <trkpt lat="33.510568" lon="-111.654676">
        <ele>546.6</ele>
      </trkpt>
      <trkpt lat="33.510536" lon="-111.654652">
        <ele>547.6</ele>
      </trkpt>
      <trkpt lat="33.510551" lon="-111.654515">
        <ele>548.8</ele>
      </trkpt>
      <trkpt lat="33.51064" lon="-111.654466">
        <ele>548.8</ele>
      </trkpt>
      <trkpt lat="33.510792" lon="-111.654254">
        <ele>548.8</ele>
      </trkpt>
      <trkpt lat="33.510935" lon="-111.654234">
        <ele>548.8</ele>
      </trkpt>
      <trkpt lat="33.510956" lon="-111.65411">
        <ele>550.2</ele>
      </trkpt>
      <trkpt lat="33.510851" lon="-111.65393">
        <ele>550.2</ele>
      </trkpt>
      <trkpt lat="33.51089" lon="-111.653727">
        <ele>550.4</ele>
      </trkpt>
      <trkpt lat="33.510993" lon="-111.653653">
        <ele>550.2</ele>
      </trkpt>
      <trkpt lat="33.511187" lon="-111.653747">
        <ele>549.2</ele>
      </trkpt>
      <trkpt lat="33.511301" lon="-111.65368">
        <ele>546.8</ele>
      </trkpt>
      <trkpt lat="33.511249" lon="-111.653173">
        <ele>545.2</ele>
      </trkpt>
      <trkpt lat="33.511302" lon="-111.652831">
        <ele>544.8</ele>
      </trkpt>
      <trkpt lat="33.511207" lon="-111.652622">
        <ele>545.0</ele>
      </trkpt>
      <trkpt lat="33.51118" lon="-111.652431">
        <ele>545.4</ele>
      </trkpt>
      <trkpt lat="33.511181" lon="-111.652217">
        <ele>545.6</ele>
      </trkpt>
      <trkpt lat="33.511277" lon="-111.65206">
        <ele>546.0</ele>
      </trkpt>
      <trkpt lat="33.511429" lon="-111.651905">
        <ele>545.6</ele>
      </trkpt>
      <trkpt lat="33.511451" lon="-111.651731">
        <ele>544.8</ele>
      </trkpt>
      <trkpt lat="33.511428" lon="-111.651577">
        <ele>544.6</ele>
      </trkpt>
      <trkpt lat="33.51158" lon="-111.651386">
        <ele>545.4</ele>
      </trkpt>
      <trkpt lat="33.511588" lon="-111.651264">
        <ele>546.8</ele>
      </trkpt>
      <trkpt lat="33.511662" lon="-111.651008">
        <ele>548.6</ele>
      </trkpt>
      <trkpt lat="33.511749" lon="-111.650879">
        <ele>550.4</ele>
      </trkpt>
      <trkpt lat="33.511809" lon="-111.650848">
        <ele>551.4</ele>
      </trkpt>
      <trkpt lat="33.512121" lon="-111.650871">
        <ele>551.2</ele>
      </trkpt>
      <trkpt lat="33.512296" lon="-111.650907">
        <ele>550.0</ele>
      </trkpt>
      <trkpt lat="33.512352" lon="-111.650971">
        <ele>548.6</ele>
      </trkpt>
      <trkpt lat="33.512504" lon="-111.651011">
        <ele>547.2</ele>
      </trkpt>
      <trkpt lat="33.512663" lon="-111.651009">
        <ele>545.8</ele>
      </trkpt>
      <trkpt lat="33.512805" lon="-111.651126">
        <ele>543.4</ele>
      </trkpt>
      <trkpt lat="33.513115" lon="-111.651141">
        <ele>541.8</ele>
      </trkpt>
      <trkpt lat="33.513388" lon="-111.6513">
        <ele>540.0</ele>
      </trkpt>
      <trkpt lat="33.513585" lon="-111.651359">
        <ele>538.4</ele>
      </trkpt>
      <trkpt lat="33.513716" lon="-111.651499">
        <ele>536.0</ele>
      </trkpt>
      <trkpt lat="33.513894" lon="-111.651533">
        <ele>535.2</ele>
      </trkpt>
      <trkpt lat="33.514076" lon="-111.651691">
        <ele>533.4</ele>
      </trkpt>
      <trkpt lat="33.51419" lon="-111.651719">
        <ele>531.6</ele>
      </trkpt>
      <trkpt lat="33.514372" lon="-111.651828">
        <ele>529.4</ele>
      </trkpt>
      <trkpt lat="33.514485" lon="-111.65187">
        <ele>528.2</ele>
      </trkpt>
      <trkpt lat="33.514896" lon="-111.651862">
        <ele>527.0</ele>
      </trkpt>
      <trkpt lat="33.515017" lon="-111.651963">
        <ele>526.4</ele>
      </trkpt>
      <trkpt lat="33.515191" lon="-111.652036">
        <ele>525.8</ele>
      </trkpt>
      <trkpt lat="33.515321" lon="-111.651883">
        <ele>525.4</ele>
      </trkpt>
      <trkpt lat="33.515503" lon="-111.651801">
        <ele>525.4</ele>
      </trkpt>
      <trkpt lat="33.51562" lon="-111.651808">
        <ele>525.4</ele>
      </trkpt>
      <trkpt lat="33.515759" lon="-111.651783">
        <ele>525.4</ele>
      </trkpt>
      <trkpt lat="33.515983" lon="-111.651678">
        <ele>525.0</ele>
      </trkpt>
      <trkpt lat="33.51607" lon="-111.651682">
        <ele>524.6</ele>
      </trkpt>
      <trkpt lat="33.51615" lon="-111.651721">
        <ele>523.6</ele>
      </trkpt>
      <trkpt lat="33.516261" lon="-111.651654">
        <ele>522.8</ele>
      </trkpt>
      <trkpt lat="33.516364" lon="-111.651509">
        <ele>521.8</ele>
      </trkpt>
      <trkpt lat="33.516455" lon="-111.65155">
        <ele>520.6</ele>
      </trkpt>
      <trkpt lat="33.516483" lon="-111.651636">
        <ele>519.0</ele>
      </trkpt>
      <trkpt lat="33.516739" lon="-111.651944">
        <ele>517.2</ele>
      </trkpt>
      <trkpt lat="33.516804" lon="-111.65198">
        <ele>515.2</ele>
      </trkpt>
      <trkpt lat="33.517004" lon="-111.652172">
        <ele>513.4</ele>
      </trkpt>
      <trkpt lat="33.517017" lon="-111.652396">
        <ele>512.0</ele>
      </trkpt>
      <trkpt lat="33.517074" lon="-111.652639">
        <ele>510.2</ele>
      </trkpt>
      <trkpt lat="33.517071" lon="-111.652706">
        <ele>508.8</ele>
      </trkpt>
      <trkpt lat="33.517302" lon="-111.653206">
        <ele>507.0</ele>
      </trkpt>
      <trkpt lat="33.51728" lon="-111.653444">
        <ele>504.8</ele>
      </trkpt>
      <trkpt lat="33.517426" lon="-111.653692">
        <ele>501.4</ele>
      </trkpt>
      <trkpt lat="33.517594" lon="-111.653822">
        <ele>498.4</ele>
      </trkpt>
      <trkpt lat="33.518033" lon="-111.653968">
        <ele>495.2</ele>
      </trkpt>
      <trkpt lat="33.518422" lon="-111.654167">
        <ele>492.4</ele>
      </trkpt>
      <trkpt lat="33.518683" lon="-111.654356">
        <ele>490.2</ele>
      </trkpt>
      <trkpt lat="33.518741" lon="-111.654525">
        <ele>489.2</ele>
      </trkpt>
      <trkpt lat="33.518763" lon="-111.654701">
        <ele>488.6</ele>
      </trkpt>
      <trkpt lat="33.518895" lon="-111.654868">
        <ele>487.8</ele>
      </trkpt>
      <trkpt lat="33.518968" lon="-111.654928">
        <ele>486.2</ele>
      </trkpt>
      <trkpt lat="33.519066" lon="-111.655383">
        <ele>484.6</ele>
      </trkpt>
      <trkpt lat="33.519312" lon="-111.655724">
        <ele>482.6</ele>
      </trkpt>
      <trkpt lat="33.5193" lon="-111.655923">
        <ele>480.0</ele>
      </trkpt>
      <trkpt lat="33.519433" lon="-111.656056">
        <ele>478.0</ele>
      </trkpt>
      <trkpt lat="33.519754" lon="-111.656252">
        <ele>476.6</ele>
      </trkpt>
      <trkpt lat="33.519832" lon="-111.656384">
        <ele>474.8</ele>
      </trkpt>
      <trkpt lat="33.519895" lon="-111.656646">
        <ele>473.2</ele>
      </trkpt>
      <trkpt lat="33.520018" lon="-111.656816">
        <ele>472.2</ele>
      </trkpt>
      <trkpt lat="33.520145" lon="-111.656836">
        <ele>471.2</ele>
      </trkpt>
      <trkpt lat="33.520263" lon="-111.656739">
        <ele>470.4</ele>
      </trkpt>
      <trkpt lat="33.52041" lon="-111.656569">
        <ele>469.8</ele>
      </trkpt>
      <trkpt lat="33.520453" lon="-111.656616">
        <ele>469.2</ele>
      </trkpt>
      <trkpt lat="33.520477" lon="-111.656688">
        <ele>468.2</ele>
      </trkpt>
      <trkpt lat="33.520515" lon="-111.657061">
        <ele>466.8</ele>
      </trkpt>
      <trkpt lat="33.520511" lon="-111.657235">
        <ele>465.4</ele>
      </trkpt>
      <trkpt lat="33.520533" lon="-111.657462">
        <ele>464.0</ele>
      </trkpt>
      <trkpt lat="33.520677" lon="-111.657673">
        <ele>463.2</ele>
      </trkpt>
      <trkpt lat="33.520885" lon="-111.657835">
        <ele>462.6</ele>
      </trkpt>
      <trkpt lat="33.520941" lon="-111.657999">
        <ele>462.2</ele>
      </trkpt>
      <trkpt lat="33.520969" lon="-111.658026">
        <ele>461.4</ele>
      </trkpt>
      <trkpt lat="33.521152" lon="-111.658039">
        <ele>460.6</ele>
      </trkpt>
      <trkpt lat="33.521366" lon="-111.657983">
        <ele>459.6</ele>
      </trkpt>
      <trkpt lat="33.521489" lon="-111.657974">
        <ele>459.4</ele>
      </trkpt>
      <trkpt lat="33.521483" lon="-111.657924">
        <ele>459.4</ele>
      </trkpt>
      <trkpt lat="33.52127" lon="-111.65774">
        <ele>460.0</ele>
      </trkpt>
      <trkpt lat="33.52125" lon="-111.65769">
        <ele>460.2</ele>
      </trkpt>
      <trkpt lat="33.52127" lon="-111.65759">
        <ele>460.0</ele>
      </trkpt>
      <trkpt lat="33.52176" lon="-111.65732">
        <ele>459.2</ele>
      </trkpt>
      <trkpt lat="33.52219" lon="-111.65702">
        <ele>458.2</ele>
      </trkpt>
      <trkpt lat="33.52234" lon="-111.65698">
        <ele>457.0</ele>
      </trkpt>
      <trkpt lat="33.52241" lon="-111.65689">
        <ele>456.2</ele>
      </trkpt>
      <trkpt lat="33.52241" lon="-111.65677">
        <ele>455.4</ele>
      </trkpt>
      <trkpt lat="33.52262" lon="-111.65678">
        <ele>454.4</ele>
      </trkpt>
      <trkpt lat="33.52283" lon="-111.65686">
        <ele>454.0</ele>
      </trkpt>
      <trkpt lat="33.52294" lon="-111.65681">
        <ele>453.0</ele>
      </trkpt>
      <trkpt lat="33.52291" lon="-111.65666">
        <ele>452.2</ele>
      </trkpt>
      <trkpt lat="33.52312" lon="-111.65661">
        <ele>451.8</ele>
      </trkpt>
      <trkpt lat="33.5234" lon="-111.65677">
        <ele>451.6</ele>
      </trkpt>
      <trkpt lat="33.52359" lon="-111.65678">
        <ele>451.0</ele>
      </trkpt>
      <trkpt lat="33.5236" lon="-111.65672">
        <ele>451.0</ele>
      </trkpt>
      <trkpt lat="33.52355" lon="-111.65651">
        <ele>451.0</ele>
      </trkpt>
      <trkpt lat="33.5236" lon="-111.65636">
        <ele>451.0</ele>
      </trkpt>
      <trkpt lat="33.52391" lon="-111.65625">
        <ele>451.0</ele>
      </trkpt>
      <trkpt lat="33.52436" lon="-111.65626">
        <ele>451.2</ele>
      </trkpt>
      <trkpt lat="33.52452" lon="-111.65613">
        <ele>451.4</ele>
      </trkpt>
      <trkpt lat="33.52462" lon="-111.65573">
        <ele>451.8</ele>
      </trkpt>
      <trkpt lat="33.52458" lon="-111.65566">
        <ele>452.4</ele>
      </trkpt>
      <trkpt lat="33.52442" lon="-111.65557">
        <ele>453.4</ele>
      </trkpt>
      <trkpt lat="33.52441" lon="-111.65532">
        <ele>454.4</ele>
      </trkpt>
      <trkpt lat="33.52429" lon="-111.6551">
        <ele>455.4</ele>
      </trkpt>
      <trkpt lat="33.52414" lon="-111.65495">
        <ele>456.0</ele>
      </trkpt>
      <trkpt lat="33.52418" lon="-111.65481">
        <ele>456.4</ele>
      </trkpt>
      <trkpt lat="33.52431" lon="-111.65474">
        <ele>456.8</ele>
      </trkpt>
      <trkpt lat="33.524459" lon="-111.65458">
        <ele>457.2</ele>
      </trkpt>
      <trkpt lat="33.52438" lon="-111.6543">
        <ele>458.0</ele>
      </trkpt>
      <trkpt lat="33.52443" lon="-111.65415">
        <ele>459.2</ele>
      </trkpt>
      <trkpt lat="33.52449" lon="-111.65409">
        <ele>460.0</ele>
      </trkpt>
      <trkpt lat="33.52447" lon="-111.65394">
        <ele>460.8</ele>
      </trkpt>
      <trkpt lat="33.52451" lon="-111.65376">
        <ele>461.6</ele>
      </trkpt>
      <trkpt lat="33.52444" lon="-111.65367">
        <ele>462.0</ele>
      </trkpt>
      <trkpt lat="33.5242" lon="-111.65355">
        <ele>462.6</ele>
      </trkpt>
      <trkpt lat="33.524079" lon="-111.65336">
        <ele>463.8</ele>
      </trkpt>
      <trkpt lat="33.52406" lon="-111.65304">
        <ele>465.0</ele>
      </trkpt>
      <trkpt lat="33.52402" lon="-111.65289">
        <ele>466.0</ele>
      </trkpt>
      <trkpt lat="33.52394" lon="-111.65279">
        <ele>467.0</ele>
      </trkpt>
      <trkpt lat="33.52394" lon="-111.65268">
        <ele>467.8</ele>
      </trkpt>
      <trkpt lat="33.523989" lon="-111.65259">
        <ele>468.4</ele>
      </trkpt>
      <trkpt lat="33.52397" lon="-111.6524">
        <ele>468.6</ele>
      </trkpt>
      <trkpt lat="33.52402" lon="-111.65236">
        <ele>468.8</ele>
      </trkpt>
      <trkpt lat="33.52406" lon="-111.65226">
        <ele>469.8</ele>
      </trkpt>
      <trkpt lat="33.52398" lon="-111.65206">
        <ele>471.0</ele>
      </trkpt>
      <trkpt lat="33.523989" lon="-111.65154">
        <ele>472.2</ele>
      </trkpt>
      <trkpt lat="33.52393" lon="-111.65147">
        <ele>473.4</ele>
      </trkpt>
      <trkpt lat="33.52384" lon="-111.65126">
        <ele>474.6</ele>
      </trkpt>
      <trkpt lat="33.52394" lon="-111.65099">
        <ele>475.0</ele>
      </trkpt>
      <trkpt lat="33.524147" lon="-111.65088">
        <ele>475.2</ele>
      </trkpt>
      <trkpt lat="33.524169" lon="-111.650695">
        <ele>476.2</ele>
      </trkpt>
      <trkpt lat="33.524048" lon="-111.65054">
        <ele>477.2</ele>
      </trkpt>
      <trkpt lat="33.524009" lon="-111.650243">
        <ele>478.4</ele>
      </trkpt>
      <trkpt lat="33.523929" lon="-111.650116">
        <ele>479.4</ele>
      </trkpt>
      <trkpt lat="33.52382" lon="-111.65007">
        <ele>480.8</ele>
      </trkpt>
      <trkpt lat="33.52365" lon="-111.64995">
        <ele>481.6</ele>
      </trkpt>
      <trkpt lat="33.523654" lon="-111.649685">
        <ele>482.2</ele>
      </trkpt>
      <trkpt lat="33.52353" lon="-111.6496">
        <ele>482.8</ele>
      </trkpt>
      <trkpt lat="33.52349" lon="-111.64952">
        <ele>484.2</ele>
      </trkpt>
      <trkpt lat="33.52344" lon="-111.64922">
        <ele>485.2</ele>
      </trkpt>
      <trkpt lat="33.52347" lon="-111.6488">
        <ele>486.0</ele>
      </trkpt>
      <trkpt lat="33.52341" lon="-111.64873">
        <ele>487.0</ele>
      </trkpt>
      <trkpt lat="33.52341" lon="-111.64866">
        <ele>487.6</ele>
      </trkpt>
      <trkpt lat="33.52346" lon="-111.64857">
        <ele>487.6</ele>
      </trkpt>
      <trkpt lat="33.52342" lon="-111.64842">
        <ele>487.8</ele>
      </trkpt>
      <trkpt lat="33.52346" lon="-111.64823">
        <ele>488.2</ele>
      </trkpt>
      <trkpt lat="33.52342" lon="-111.64808">
        <ele>488.4</ele>
      </trkpt>
      <trkpt lat="33.52346" lon="-111.64802">
        <ele>489.2</ele>
      </trkpt>
      <trkpt lat="33.52362" lon="-111.64794">
        <ele>490.4</ele>
      </trkpt>
      <trkpt lat="33.52359" lon="-111.64779">
        <ele>491.4</ele>
      </trkpt>
      <trkpt lat="33.52346" lon="-111.64766">
        <ele>492.2</ele>
      </trkpt>
      <trkpt lat="33.52335" lon="-111.64761">
        <ele>493.2</ele>
      </trkpt>
      <trkpt lat="33.52324" lon="-111.6473">
        <ele>493.6</ele>
      </trkpt>
      <trkpt lat="33.52328" lon="-111.64727">
        <ele>493.6</ele>
      </trkpt>
      <trkpt lat="33.52342" lon="-111.64731">
        <ele>493.6</ele>
      </trkpt>
      <trkpt lat="33.52344" lon="-111.6472">
        <ele>493.8</ele>
      </trkpt>
      <trkpt lat="33.52324" lon="-111.64696">
        <ele>494.6</ele>
      </trkpt>
      <trkpt lat="33.52322" lon="-111.64681">
        <ele>495.6</ele>
      </trkpt>
      <trkpt lat="33.52303" lon="-111.64656">
        <ele>496.0</ele>
      </trkpt>
      <trkpt lat="33.52306" lon="-111.6465">
        <ele>495.8</ele>
      </trkpt>
      <trkpt lat="33.52324" lon="-111.64652">
        <ele>495.4</ele>
      </trkpt>
      <trkpt lat="33.52349" lon="-111.64662">
        <ele>494.4</ele>
      </trkpt>
      <trkpt lat="33.52355" lon="-111.64655">
        <ele>493.4</ele>
      </trkpt>
      <trkpt lat="33.52348" lon="-111.64627">
        <ele>494.2</ele>
      </trkpt>
      <trkpt lat="33.52351" lon="-111.64599">
        <ele>495.4</ele>
      </trkpt>
      <trkpt lat="33.523699" lon="-111.64564">
        <ele>496.6</ele>
      </trkpt>
      <trkpt lat="33.52369" lon="-111.64559">
        <ele>497.6</ele>
      </trkpt>
      <trkpt lat="33.52353" lon="-111.64541">
        <ele>498.6</ele>
      </trkpt>
      <trkpt lat="33.52349" lon="-111.64522">
        <ele>498.8</ele>
      </trkpt>
      <trkpt lat="33.5234" lon="-111.6451">
        <ele>499.0</ele>
      </trkpt>
      <trkpt lat="33.52341" lon="-111.64462">
        <ele>499.2</ele>
      </trkpt>
      <trkpt lat="33.52344" lon="-111.64441">
        <ele>499.8</ele>
      </trkpt>
      <trkpt lat="33.52353" lon="-111.64428">
        <ele>500.6</ele>
      </trkpt>
      <trkpt lat="33.52356" lon="-111.64417">
        <ele>501.2</ele>
      </trkpt>
      <trkpt lat="33.52353" lon="-111.64407">
        <ele>502.0</ele>
      </trkpt>
      <trkpt lat="33.523606" lon="-111.643855">
        <ele>502.6</ele>
      </trkpt>
      <trkpt lat="33.523684" lon="-111.6438">
        <ele>502.4</ele>
      </trkpt>
      <trkpt lat="33.524217" lon="-111.64389">
        <ele>502.2</ele>
      </trkpt>
      <trkpt lat="33.524395" lon="-111.643995">
        <ele>501.6</ele>
      </trkpt>
      <trkpt lat="33.524475" lon="-111.64397">
        <ele>500.8</ele>
      </trkpt>
      <trkpt lat="33.524706" lon="-111.643791">
        <ele>500.0</ele>
      </trkpt>
      <trkpt lat="33.524793" lon="-111.643759">
        <ele>500.0</ele>
      </trkpt>
      <trkpt lat="33.52525" lon="-111.643426">
        <ele>499.6</ele>
      </trkpt>
      <trkpt lat="33.525485" lon="-111.643385">
        <ele>499.4</ele>
      </trkpt>
      <trkpt lat="33.525655" lon="-111.643297">
        <ele>499.0</ele>
      </trkpt>
      <trkpt lat="33.525767" lon="-111.643279">
        <ele>498.6</ele>
      </trkpt>
      <trkpt lat="33.525838" lon="-111.643294">
        <ele>497.8</ele>
      </trkpt>
      <trkpt lat="33.525919" lon="-111.643343">
        <ele>496.8</ele>
      </trkpt>
      <trkpt lat="33.526058" lon="-111.643316">
        <ele>495.8</ele>
      </trkpt>
      <trkpt lat="33.526297" lon="-111.643187">
        <ele>495.0</ele>
      </trkpt>
      <trkpt lat="33.526344" lon="-111.643203">
        <ele>494.4</ele>
      </trkpt>
      <trkpt lat="33.526528" lon="-111.643353">
        <ele>493.8</ele>
      </trkpt>
      <trkpt lat="33.526591" lon="-111.643492">
        <ele>493.6</ele>
      </trkpt>
      <trkpt lat="33.526705" lon="-111.643659">
        <ele>493.4</ele>
      </trkpt>
      <trkpt lat="33.526646" lon="-111.643854">
        <ele>493.2</ele>
      </trkpt>
      <trkpt lat="33.526609" lon="-111.643891">
        <ele>493.0</ele>
      </trkpt>
      <trkpt lat="33.526539" lon="-111.643919">
        <ele>493.0</ele>
      </trkpt>
      <trkpt lat="33.526503" lon="-111.643985">
        <ele>492.6</ele>
      </trkpt>
      <trkpt lat="33.526508" lon="-111.644085">
        <ele>492.0</ele>
      </trkpt>
      <trkpt lat="33.526645" lon="-111.644399">
        <ele>491.2</ele>
      </trkpt>
      <trkpt lat="33.526646" lon="-111.644649">
        <ele>490.2</ele>
      </trkpt>
      <trkpt lat="33.526773" lon="-111.644681">
        <ele>489.2</ele>
      </trkpt>
      <trkpt lat="33.526871" lon="-111.644767">
        <ele>488.6</ele>
      </trkpt>
      <trkpt lat="33.526949" lon="-111.644802">
        <ele>488.0</ele>
      </trkpt>
      <trkpt lat="33.527307" lon="-111.64481">
        <ele>487.6</ele>
      </trkpt>
      <trkpt lat="33.527394" lon="-111.644831">
        <ele>486.8</ele>
      </trkpt>
      <trkpt lat="33.527547" lon="-111.644913">
        <ele>485.8</ele>
      </trkpt>
      <trkpt lat="33.527791" lon="-111.64494">
        <ele>484.4</ele>
      </trkpt>
      <trkpt lat="33.527943" lon="-111.645056">
        <ele>483.0</ele>
      </trkpt>
      <trkpt lat="33.528267" lon="-111.644959">
        <ele>481.6</ele>
      </trkpt>
      <trkpt lat="33.528382" lon="-111.644967">
        <ele>480.6</ele>
      </trkpt>
      <trkpt lat="33.52848" lon="-111.645032">
        <ele>479.4</ele>
      </trkpt>
      <trkpt lat="33.528613" lon="-111.645177">
        <ele>478.4</ele>
      </trkpt>
      <trkpt lat="33.528737" lon="-111.645429">
        <ele>477.6</ele>
      </trkpt>
      <trkpt lat="33.528779" lon="-111.645479">
        <ele>476.6</ele>
      </trkpt>
      <trkpt lat="33.528927" lon="-111.645576">
        <ele>475.6</ele>
      </trkpt>
      <trkpt lat="33.528948" lon="-111.645676">
        <ele>475.0</ele>
      </trkpt>
      <trkpt lat="33.529052" lon="-111.645823">
        <ele>473.6</ele>
      </trkpt>
      <trkpt lat="33.529165" lon="-111.645918">
        <ele>472.2</ele>
      </trkpt>
      <trkpt lat="33.529477" lon="-111.646362">
        <ele>470.8</ele>
      </trkpt>
      <trkpt lat="33.529662" lon="-111.646482">
        <ele>469.4</ele>
      </trkpt>
      <trkpt lat="33.529857" lon="-111.646554">
        <ele>467.6</ele>
      </trkpt>
      <trkpt lat="33.529978" lon="-111.646638">
        <ele>466.6</ele>
      </trkpt>
      <trkpt lat="33.530095" lon="-111.646654">
        <ele>465.8</ele>
      </trkpt>
      <trkpt lat="33.530386" lon="-111.646358">
        <ele>465.2</ele>
      </trkpt>
      <trkpt lat="33.530534" lon="-111.646308">
        <ele>464.8</ele>
      </trkpt>
      <trkpt lat="33.53071" lon="-111.646321">
        <ele>464.8</ele>
      </trkpt>
      <trkpt lat="33.530814" lon="-111.646278">
        <ele>465.0</ele>
      </trkpt>
      <trkpt lat="33.5309" lon="-111.646192">
        <ele>465.2</ele>
      </trkpt>
      <trkpt lat="33.530971" lon="-111.645748">
        <ele>465.8</ele>
      </trkpt>
      <trkpt lat="33.53089" lon="-111.645668">
        <ele>466.4</ele>
      </trkpt>
      <trkpt lat="33.530738" lon="-111.645614">
        <ele>467.0</ele>
      </trkpt>
      <trkpt lat="33.53073" lon="-111.645561">
        <ele>468.2</ele>
      </trkpt>
      <trkpt lat="33.530811" lon="-111.645489">
        <ele>469.4</ele>
      </trkpt>
      <trkpt lat="33.530752" lon="-111.645069">
        <ele>470.0</ele>
      </trkpt>
      <trkpt lat="33.530763" lon="-111.645006">
        <ele>471.2</ele>
      </trkpt>
      <trkpt lat="33.530794" lon="-111.644974">
        <ele>472.4</ele>
      </trkpt>
      <trkpt lat="33.530875" lon="-111.644971">
        <ele>472.6</ele>
      </trkpt>
      <trkpt lat="33.530997" lon="-111.644908">
        <ele>472.4</ele>
      </trkpt>
      <trkpt lat="33.531179" lon="-111.644863">
        <ele>471.8</ele>
      </trkpt>
      <trkpt lat="33.531343" lon="-111.644716">
        <ele>470.0</ele>
      </trkpt>
      <trkpt lat="33.531489" lon="-111.644665">
        <ele>468.0</ele>
      </trkpt>
      <trkpt lat="33.531522" lon="-111.644515">
        <ele>466.4</ele>
      </trkpt>
      <trkpt lat="33.531579" lon="-111.644438">
        <ele>464.8</ele>
      </trkpt>
      <trkpt lat="33.531694" lon="-111.64441">
        <ele>464.6</ele>
      </trkpt>
      <trkpt lat="33.53182" lon="-111.644429">
        <ele>465.2</ele>
      </trkpt>
      <trkpt lat="33.531962" lon="-111.644417">
        <ele>466.0</ele>
      </trkpt>
      <trkpt lat="33.532103" lon="-111.644432">
        <ele>466.8</ele>
      </trkpt>
      <trkpt lat="33.5322" lon="-111.64438">
        <ele>467.8</ele>
      </trkpt>
      <trkpt lat="33.532224" lon="-111.644344">
        <ele>468.6</ele>
      </trkpt>
      <trkpt lat="33.532218" lon="-111.6443">
        <ele>469.0</ele>
      </trkpt>
      <trkpt lat="33.531852" lon="-111.643741">
        <ele>469.2</ele>
      </trkpt>
      <trkpt lat="33.531854" lon="-111.64358">
        <ele>469.4</ele>
      </trkpt>
      <trkpt lat="33.531821" lon="-111.643417">
        <ele>469.6</ele>
      </trkpt>
      <trkpt lat="33.531729" lon="-111.643234">
        <ele>469.2</ele>
      </trkpt>
      <trkpt lat="33.531619" lon="-111.643083">
        <ele>469.6</ele>
      </trkpt>
      <trkpt lat="33.53159" lon="-111.643013">
        <ele>470.4</ele>
      </trkpt>
      <trkpt lat="33.531488" lon="-111.642904">
        <ele>472.0</ele>
      </trkpt>
      <trkpt lat="33.531481" lon="-111.642797">
        <ele>474.0</ele>
      </trkpt>
      <trkpt lat="33.531637" lon="-111.642549">
        <ele>475.6</ele>
      </trkpt>
      <trkpt lat="33.531931" lon="-111.642407">
        <ele>476.2</ele>
      </trkpt>
      <trkpt lat="33.532063" lon="-111.642408">
        <ele>477.0</ele>
      </trkpt>
      <trkpt lat="33.532254" lon="-111.642282">
        <ele>476.6</ele>
      </trkpt>
      <trkpt lat="33.532372" lon="-111.642236">
        <ele>475.8</ele>
      </trkpt>
      <trkpt lat="33.532427" lon="-111.642173">
        <ele>474.8</ele>
      </trkpt>
      <trkpt lat="33.532483" lon="-111.641992">
        <ele>474.4</ele>
      </trkpt>
      <trkpt lat="33.532463" lon="-111.641796">
        <ele>473.6</ele>
      </trkpt>
      <trkpt lat="33.532376" lon="-111.641499">
        <ele>472.8</ele>
      </trkpt>
      <trkpt lat="33.53237" lon="-111.641421">
        <ele>471.8</ele>
      </trkpt>
      <trkpt lat="33.532497" lon="-111.640982">
        <ele>471.2</ele>
      </trkpt>
      <trkpt lat="33.532626" lon="-111.640766">
        <ele>470.6</ele>
      </trkpt>
      <trkpt lat="33.532684" lon="-111.640572">
        <ele>470.2</ele>
      </trkpt>
      <trkpt lat="33.532655" lon="-111.640446">
        <ele>470.6</ele>
      </trkpt>
      <trkpt lat="33.532632" lon="-111.64014">
        <ele>471.2</ele>
      </trkpt>
      <trkpt lat="33.532514" lon="-111.639927">
        <ele>472.0</ele>
      </trkpt>
      <trkpt lat="33.532345" lon="-111.639733">
        <ele>472.8</ele>
      </trkpt>
      <trkpt lat="33.532311" lon="-111.639632">
        <ele>473.6</ele>
      </trkpt>
      <trkpt lat="33.532186" lon="-111.639395">
        <ele>474.0</ele>
      </trkpt>
      <trkpt lat="33.532114" lon="-111.63911">
        <ele>474.6</ele>
      </trkpt>
      <trkpt lat="33.532048" lon="-111.638979">
        <ele>475.4</ele>
      </trkpt>
      <trkpt lat="33.531891" lon="-111.638799">
        <ele>476.4</ele>
      </trkpt>
      <trkpt lat="33.531758" lon="-111.638727">
        <ele>477.2</ele>
      </trkpt>
      <trkpt lat="33.531515" lon="-111.638683">
        <ele>478.2</ele>
      </trkpt>
      <trkpt lat="33.531416" lon="-111.638645">
        <ele>479.0</ele>
      </trkpt>
      <trkpt lat="33.531325" lon="-111.63866">
        <ele>479.8</ele>
      </trkpt>
      <trkpt lat="33.531266" lon="-111.638694">
        <ele>480.2</ele>
      </trkpt>
      <trkpt lat="33.531186" lon="-111.638698">
        <ele>480.8</ele>
      </trkpt>
      <trkpt lat="33.531028" lon="-111.638584">
        <ele>481.2</ele>
      </trkpt>
      <trkpt lat="33.530822" lon="-111.63835">
        <ele>481.6</ele>
      </trkpt>
      <trkpt lat="33.530594" lon="-111.637938">
        <ele>482.0</ele>
      </trkpt>
      <trkpt lat="33.530547" lon="-111.637898">
        <ele>482.8</ele>
      </trkpt>
      <trkpt lat="33.530409" lon="-111.63788">
        <ele>483.2</ele>
      </trkpt>
      <trkpt lat="33.530321" lon="-111.637836">
        <ele>484.2</ele>
      </trkpt>
      <trkpt lat="33.530256" lon="-111.637776">
        <ele>485.2</ele>
      </trkpt>
      <trkpt lat="33.530078" lon="-111.63768">
        <ele>486.2</ele>
      </trkpt>
      <trkpt lat="33.529971" lon="-111.637577">
        <ele>486.8</ele>
      </trkpt>
      <trkpt lat="33.529896" lon="-111.63721">
        <ele>487.6</ele>
      </trkpt>
      <trkpt lat="33.529868" lon="-111.637143">
        <ele>488.0</ele>
      </trkpt>
      <trkpt lat="33.529702" lon="-111.636994">
        <ele>488.6</ele>
      </trkpt>
      <trkpt lat="33.529598" lon="-111.636957">
        <ele>489.2</ele>
      </trkpt>
      <trkpt lat="33.529471" lon="-111.636966">
        <ele>489.8</ele>
      </trkpt>
      <trkpt lat="33.529345" lon="-111.637016">
        <ele>490.8</ele>
      </trkpt>
      <trkpt lat="33.529255" lon="-111.637117">
        <ele>491.8</ele>
      </trkpt>
      <trkpt lat="33.528922" lon="-111.637325">
        <ele>492.6</ele>
      </trkpt>
      <trkpt lat="33.528796" lon="-111.637469">
        <ele>493.4</ele>
      </trkpt>
      <trkpt lat="33.52868" lon="-111.637509">
        <ele>494.4</ele>
      </trkpt>
      <trkpt lat="33.528562" lon="-111.637581">
        <ele>495.0</ele>
      </trkpt>
      <trkpt lat="33.528367" lon="-111.637775">
        <ele>495.6</ele>
      </trkpt>
      <trkpt lat="33.528292" lon="-111.637913">
        <ele>496.0</ele>
      </trkpt>
      <trkpt lat="33.528219" lon="-111.63814">
        <ele>496.2</ele>
      </trkpt>
      <trkpt lat="33.528185" lon="-111.638369">
        <ele>496.4</ele>
      </trkpt>
      <trkpt lat="33.528104" lon="-111.638575">
        <ele>496.8</ele>
      </trkpt>
      <trkpt lat="33.527977" lon="-111.638785">
        <ele>496.8</ele>
      </trkpt>
      <trkpt lat="33.527923" lon="-111.638831">
        <ele>497.2</ele>
      </trkpt>
      <trkpt lat="33.527816" lon="-111.638845">
        <ele>497.8</ele>
      </trkpt>
      <trkpt lat="33.527673" lon="-111.63892">
        <ele>498.2</ele>
      </trkpt>
      <trkpt lat="33.527588" lon="-111.63901">
        <ele>498.6</ele>
      </trkpt>
      <trkpt lat="33.527412" lon="-111.639083">
        <ele>499.6</ele>
      </trkpt>
      <trkpt lat="33.527166" lon="-111.638996">
        <ele>500.6</ele>
      </trkpt>
      <trkpt lat="33.526922" lon="-111.639007">
        <ele>501.4</ele>
      </trkpt>
      <trkpt lat="33.526795" lon="-111.638986">
        <ele>502.2</ele>
      </trkpt>
      <trkpt lat="33.526733" lon="-111.638941">
        <ele>503.0</ele>
      </trkpt>
      <trkpt lat="33.526663" lon="-111.638819">
        <ele>503.6</ele>
      </trkpt>
      <trkpt lat="33.526575" lon="-111.638763">
        <ele>504.0</ele>
      </trkpt>
      <trkpt lat="33.526477" lon="-111.638645">
        <ele>504.6</ele>
      </trkpt>
      <trkpt lat="33.526384" lon="-111.638585">
        <ele>505.2</ele>
      </trkpt>
      <trkpt lat="33.526307" lon="-111.638485">
        <ele>505.8</ele>
      </trkpt>
      <trkpt lat="33.526139" lon="-111.638377">
        <ele>506.2</ele>
      </trkpt>
      <trkpt lat="33.526024" lon="-111.638191">
        <ele>506.8</ele>
      </trkpt>
      <trkpt lat="33.526021" lon="-111.638079">
        <ele>507.2</ele>
      </trkpt>
      <trkpt lat="33.526058" lon="-111.637952">
        <ele>507.8</ele>
      </trkpt>
      <trkpt lat="33.526071" lon="-111.637825">
        <ele>508.4</ele>
      </trkpt>
      <trkpt lat="33.52602" lon="-111.637517">
        <ele>509.2</ele>
      </trkpt>
      <trkpt lat="33.525897" lon="-111.63741">
        <ele>510.4</ele>
      </trkpt>
      <trkpt lat="33.525689" lon="-111.637034">
        <ele>511.6</ele>
      </trkpt>
      <trkpt lat="33.525357" lon="-111.636903">
        <ele>512.8</ele>
      </trkpt>
      <trkpt lat="33.525292" lon="-111.636854">
        <ele>513.8</ele>
      </trkpt>
      <trkpt lat="33.525196" lon="-111.63665">
        <ele>514.8</ele>
      </trkpt>
      <trkpt lat="33.52507" lon="-111.636086">
        <ele>515.2</ele>
      </trkpt>
      <trkpt lat="33.524928" lon="-111.635801">
        <ele>515.6</ele>
      </trkpt>
      <trkpt lat="33.524917" lon="-111.635589">
        <ele>516.0</ele>
      </trkpt>
      <trkpt lat="33.524833" lon="-111.635264">
        <ele>516.6</ele>
      </trkpt>
      <trkpt lat="33.524737" lon="-111.63515">
        <ele>517.0</ele>
      </trkpt>
      <trkpt lat="33.524462" lon="-111.635017">
        <ele>518.0</ele>
      </trkpt>
      <trkpt lat="33.524371" lon="-111.63501">
        <ele>519.4</ele>
      </trkpt>
      <trkpt lat="33.524" lon="-111.63515">
        <ele>520.8</ele>
      </trkpt>
      <trkpt lat="33.523753" lon="-111.635193">
        <ele>522.0</ele>
      </trkpt>
      <trkpt lat="33.523457" lon="-111.635371">
        <ele>523.4</ele>
      </trkpt>
      <trkpt lat="33.523409" lon="-111.635364">
        <ele>524.2</ele>
      </trkpt>
      <trkpt lat="33.523291" lon="-111.635222">
        <ele>525.0</ele>
      </trkpt>
      <trkpt lat="33.523246" lon="-111.635201">
        <ele>525.8</ele>
      </trkpt>
      <trkpt lat="33.523063" lon="-111.63525">
        <ele>526.8</ele>
      </trkpt>
      <trkpt lat="33.522914" lon="-111.635244">
        <ele>527.8</ele>
      </trkpt>
      <trkpt lat="33.522737" lon="-111.635283">
        <ele>528.8</ele>
      </trkpt>
      <trkpt lat="33.522565" lon="-111.635418">
        <ele>529.6</ele>
      </trkpt>
      <trkpt lat="33.522388" lon="-111.635487">
        <ele>530.4</ele>
      </trkpt>
      <trkpt lat="33.522273" lon="-111.635476">
        <ele>531.4</ele>
      </trkpt>
      <trkpt lat="33.522129" lon="-111.635549">
        <ele>532.4</ele>
      </trkpt>
      <trkpt lat="33.521836" lon="-111.635496">
        <ele>533.6</ele>
      </trkpt>
      <trkpt lat="33.521712" lon="-111.635418">
        <ele>534.6</ele>
      </trkpt>
      <trkpt lat="33.521585" lon="-111.635369">
        <ele>535.2</ele>
      </trkpt>
      <trkpt lat="33.521468" lon="-111.635284">
        <ele>535.0</ele>
      </trkpt>
      <trkpt lat="33.521607" lon="-111.635023">
        <ele>534.6</ele>
      </trkpt>
      <trkpt lat="33.52165" lon="-111.63459">
        <ele>533.6</ele>
      </trkpt>
      <trkpt lat="33.52161" lon="-111.63448">
        <ele>532.4</ele>
      </trkpt>
      <trkpt lat="33.52165" lon="-111.63437">
        <ele>531.4</ele>
      </trkpt>
      <trkpt lat="33.52183" lon="-111.63436">
        <ele>530.6</ele>
      </trkpt>
      <trkpt lat="33.52189" lon="-111.63425">
        <ele>530.2</ele>
      </trkpt>
      <trkpt lat="33.52187" lon="-111.63412">
        <ele>530.4</ele>
      </trkpt>
      <trkpt lat="33.5216" lon="-111.63394">
        <ele>530.6</ele>
      </trkpt>
      <trkpt lat="33.52163" lon="-111.63388">
        <ele>531.0</ele>
      </trkpt>
      <trkpt lat="33.52176" lon="-111.63384">
        <ele>531.2</ele>
      </trkpt>
      <trkpt lat="33.52171" lon="-111.63379">
        <ele>531.0</ele>
      </trkpt>
      <trkpt lat="33.52183" lon="-111.63374">
        <ele>530.8</ele>
      </trkpt>
      <trkpt lat="33.521884" lon="-111.633639">
        <ele>530.8</ele>
      </trkpt>
      <trkpt lat="33.52188" lon="-111.633524">
        <ele>531.2</ele>
      </trkpt>
      <trkpt lat="33.521793" lon="-111.63357">
        <ele>532.2</ele>
      </trkpt>
      <trkpt lat="33.52153" lon="-111.63362">
        <ele>533.2</ele>
      </trkpt>
      <trkpt lat="33.52143" lon="-111.63369">
        <ele>534.0</ele>
      </trkpt>
      <trkpt lat="33.52141" lon="-111.63356">
        <ele>535.0</ele>
      </trkpt>
      <trkpt lat="33.52133" lon="-111.63346">
        <ele>535.4</ele>
      </trkpt>
      <trkpt lat="33.52129" lon="-111.63361">
        <ele>535.8</ele>
      </trkpt>
      <trkpt lat="33.521259" lon="-111.63361">
        <ele>536.0</ele>
      </trkpt>
      <trkpt lat="33.521051" lon="-111.633362">
        <ele>536.2</ele>
      </trkpt>
      <trkpt lat="33.52097" lon="-111.63296">
        <ele>536.0</ele>
      </trkpt>
      <trkpt lat="33.521062" lon="-111.632773">
        <ele>536.0</ele>
      </trkpt>
      <trkpt lat="33.521023" lon="-111.632746">
        <ele>536.0</ele>
      </trkpt>
      <trkpt lat="33.52086" lon="-111.63278">
        <ele>536.8</ele>
      </trkpt>
      <trkpt lat="33.520699" lon="-111.63275">
        <ele>537.6</ele>
      </trkpt>
      <trkpt lat="33.52042" lon="-111.63277">
        <ele>537.8</ele>
      </trkpt>
      <trkpt lat="33.52039" lon="-111.63274">
        <ele>537.8</ele>
      </trkpt>
      <trkpt lat="33.52041" lon="-111.63245">
        <ele>537.6</ele>
      </trkpt>
      <trkpt lat="33.52048" lon="-111.63239">
        <ele>536.8</ele>
      </trkpt>
      <trkpt lat="33.520542" lon="-111.632229">
        <ele>535.8</ele>
      </trkpt>
      <trkpt lat="33.52064" lon="-111.6322">
        <ele>535.8</ele>
      </trkpt>
      <trkpt lat="33.52066" lon="-111.63217">
        <ele>536.0</ele>
      </trkpt>
      <trkpt lat="33.52053" lon="-111.63194">
        <ele>536.2</ele>
      </trkpt>
      <trkpt lat="33.52047" lon="-111.63163">
        <ele>536.4</ele>
      </trkpt>
      <trkpt lat="33.52048" lon="-111.63157">
        <ele>537.0</ele>
      </trkpt>
      <trkpt lat="33.52056" lon="-111.63148">
        <ele>537.4</ele>
      </trkpt>
      <trkpt lat="33.52055" lon="-111.6314">
        <ele>538.2</ele>
      </trkpt>
      <trkpt lat="33.52048" lon="-111.63144">
        <ele>539.0</ele>
      </trkpt>
      <trkpt lat="33.5203" lon="-111.63137">
        <ele>539.6</ele>
      </trkpt>
      <trkpt lat="33.52026" lon="-111.63138">
        <ele>540.8</ele>
      </trkpt>
      <trkpt lat="33.52024" lon="-111.63143">
        <ele>541.6</ele>
      </trkpt>
      <trkpt lat="33.51997" lon="-111.63133">
        <ele>542.6</ele>
      </trkpt>
      <trkpt lat="33.51964" lon="-111.63135">
        <ele>543.6</ele>
      </trkpt>
      <trkpt lat="33.51934" lon="-111.63113">
        <ele>544.8</ele>
      </trkpt>
      <trkpt lat="33.51925" lon="-111.63098">
        <ele>545.2</ele>
      </trkpt>
      <trkpt lat="33.51923" lon="-111.63088">
        <ele>545.4</ele>
      </trkpt>
      <trkpt lat="33.51935" lon="-111.63083">
        <ele>544.8</ele>
      </trkpt>
      <trkpt lat="33.51939" lon="-111.63078">
        <ele>544.6</ele>
      </trkpt>
      <trkpt lat="33.51939" lon="-111.63074">
        <ele>544.4</ele>
      </trkpt>
      <trkpt lat="33.51932" lon="-111.63065">
        <ele>544.6</ele>
      </trkpt>
      <trkpt lat="33.519289" lon="-111.63053">
        <ele>545.4</ele>
      </trkpt>
      <trkpt lat="33.51919" lon="-111.63034">
        <ele>545.6</ele>
      </trkpt>
      <trkpt lat="33.51921" lon="-111.63011">
        <ele>545.0</ele>
      </trkpt>
      <trkpt lat="33.51927" lon="-111.63007">
        <ele>544.4</ele>
      </trkpt>
      <trkpt lat="33.51955" lon="-111.63004">
        <ele>543.6</ele>
      </trkpt>
      <trkpt lat="33.51959" lon="-111.62999">
        <ele>542.8</ele>
      </trkpt>
      <trkpt lat="33.51963" lon="-111.62977">
        <ele>542.6</ele>
      </trkpt>
      <trkpt lat="33.51954" lon="-111.62963">
        <ele>542.4</ele>
      </trkpt>
      <trkpt lat="33.51954" lon="-111.62954">
        <ele>542.2</ele>
      </trkpt>
      <trkpt lat="33.51979" lon="-111.6292">
        <ele>541.8</ele>
      </trkpt>
      <trkpt lat="33.51992" lon="-111.62915">
        <ele>541.4</ele>
      </trkpt>
      <trkpt lat="33.51988" lon="-111.62911">
        <ele>541.4</ele>
      </trkpt>
      <trkpt lat="33.51968" lon="-111.62904">
        <ele>541.4</ele>
      </trkpt>
      <trkpt lat="33.51964" lon="-111.62897">
        <ele>541.4</ele>
      </trkpt>
      <trkpt lat="33.51973" lon="-111.62876">
        <ele>541.4</ele>
      </trkpt>
      <trkpt lat="33.51991" lon="-111.62846">
        <ele>541.4</ele>
      </trkpt>
      <trkpt lat="33.51999" lon="-111.62845">
        <ele>541.2</ele>
      </trkpt>
      <trkpt lat="33.52001" lon="-111.62841">
        <ele>541.4</ele>
      </trkpt>
      <trkpt lat="33.52" lon="-111.62824">
        <ele>541.8</ele>
      </trkpt>
      <trkpt lat="33.52003" lon="-111.62816">
        <ele>542.0</ele>
      </trkpt>
      <trkpt lat="33.51999" lon="-111.62794">
        <ele>542.4</ele>
      </trkpt>
      <trkpt lat="33.52001" lon="-111.62755">
        <ele>542.8</ele>
      </trkpt>
      <trkpt lat="33.52009" lon="-111.62724">
        <ele>543.2</ele>
      </trkpt>
      <trkpt lat="33.52003" lon="-111.62703">
        <ele>543.8</ele>
      </trkpt>
      <trkpt lat="33.520049" lon="-111.62693">
        <ele>544.6</ele>
      </trkpt>
      <trkpt lat="33.520009" lon="-111.62664">
        <ele>545.0</ele>
      </trkpt>
      <trkpt lat="33.52004" lon="-111.62655">
        <ele>545.0</ele>
      </trkpt>
      <trkpt lat="33.52029" lon="-111.62638">
        <ele>545.0</ele>
      </trkpt>
      <trkpt lat="33.52044" lon="-111.62633">
        <ele>544.6</ele>
      </trkpt>
      <trkpt lat="33.52056" lon="-111.62623">
        <ele>544.4</ele>
      </trkpt>
      <trkpt lat="33.52056" lon="-111.6261">
        <ele>544.8</ele>
      </trkpt>
      <trkpt lat="33.52047" lon="-111.62612">
        <ele>545.4</ele>
      </trkpt>
      <trkpt lat="33.52033" lon="-111.62601">
        <ele>546.2</ele>
      </trkpt>
      <trkpt lat="33.5203" lon="-111.62589">
        <ele>547.2</ele>
      </trkpt>
      <trkpt lat="33.51988" lon="-111.62585">
        <ele>548.2</ele>
      </trkpt>
      <trkpt lat="33.51974" lon="-111.62579">
        <ele>549.0</ele>
      </trkpt>
      <trkpt lat="33.51959" lon="-111.62561">
        <ele>550.0</ele>
      </trkpt>
      <trkpt lat="33.51954" lon="-111.62521">
        <ele>550.8</ele>
      </trkpt>
      <trkpt lat="33.51961" lon="-111.62496">
        <ele>551.8</ele>
      </trkpt>
      <trkpt lat="33.519579" lon="-111.6248">
        <ele>553.0</ele>
      </trkpt>
      <trkpt lat="33.5195" lon="-111.62466">
        <ele>554.6</ele>
      </trkpt>
      <trkpt lat="33.519289" lon="-111.62444">
        <ele>556.2</ele>
      </trkpt>
      <trkpt lat="33.51903" lon="-111.62426">
        <ele>557.8</ele>
      </trkpt>
      <trkpt lat="33.51883" lon="-111.6242">
        <ele>559.2</ele>
      </trkpt>
      <trkpt lat="33.518729" lon="-111.62424">
        <ele>560.2</ele>
      </trkpt>
      <trkpt lat="33.51841" lon="-111.62425">
        <ele>560.8</ele>
      </trkpt>
      <trkpt lat="33.51816" lon="-111.6242">
        <ele>562.2</ele>
      </trkpt>
      <trkpt lat="33.51782" lon="-111.62404">
        <ele>564.0</ele>
      </trkpt>
      <trkpt lat="33.51724" lon="-111.62387">
        <ele>566.2</ele>
      </trkpt>
      <trkpt lat="33.51695" lon="-111.62391">
        <ele>568.4</ele>
      </trkpt>
      <trkpt lat="33.51663" lon="-111.62384">
        <ele>570.4</ele>
      </trkpt>
      <trkpt lat="33.51646" lon="-111.62365">
        <ele>571.2</ele>
      </trkpt>
      <trkpt lat="33.516599" lon="-111.62335">
        <ele>571.8</ele>
      </trkpt>
      <trkpt lat="33.516579" lon="-111.62304">
        <ele>571.8</ele>
      </trkpt>
      <trkpt lat="33.51645" lon="-111.62278">
        <ele>571.8</ele>
      </trkpt>
      <trkpt lat="33.51621" lon="-111.62185">
        <ele>572.0</ele>
      </trkpt>
      <trkpt lat="33.51632" lon="-111.62165">
        <ele>572.4</ele>
      </trkpt>
      <trkpt lat="33.51615" lon="-111.62059">
        <ele>572.4</ele>
      </trkpt>
      <trkpt lat="33.51612" lon="-111.62006">
        <ele>572.2</ele>
      </trkpt>
      <trkpt lat="33.51628" lon="-111.61965">
        <ele>571.8</ele>
      </trkpt>
      <trkpt lat="33.516464" lon="-111.619308">
        <ele>571.0</ele>
      </trkpt>
      <trkpt lat="33.516695" lon="-111.619341">
        <ele>570.0</ele>
      </trkpt>
      <trkpt lat="33.51703" lon="-111.619331">
        <ele>568.8</ele>
      </trkpt>
      <trkpt lat="33.517182" lon="-111.619288">
        <ele>567.4</ele>
      </trkpt>
      <trkpt lat="33.517443" lon="-111.619077">
        <ele>566.2</ele>
      </trkpt>
      <trkpt lat="33.517662" lon="-111.618972">
        <ele>565.0</ele>
      </trkpt>
      <trkpt lat="33.51778" lon="-111.618884">
        <ele>564.0</ele>
      </trkpt>
      <trkpt lat="33.517999" lon="-111.618623">
        <ele>563.2</ele>
      </trkpt>
      <trkpt lat="33.518062" lon="-111.618259">
        <ele>563.0</ele>
      </trkpt>
      <trkpt lat="33.518075" lon="-111.618008">
        <ele>563.2</ele>
      </trkpt>
      <trkpt lat="33.517792" lon="-111.617565">
        <ele>563.8</ele>
      </trkpt>
      <trkpt lat="33.517617" lon="-111.617469">
        <ele>564.6</ele>
      </trkpt>
      <trkpt lat="33.51746" lon="-111.617447">
        <ele>566.0</ele>
      </trkpt>
      <trkpt lat="33.517238" lon="-111.617516">
        <ele>567.4</ele>
      </trkpt>
      <trkpt lat="33.516911" lon="-111.61755">
        <ele>568.4</ele>
      </trkpt>
      <trkpt lat="33.516755" lon="-111.617653">
        <ele>569.4</ele>
      </trkpt>
      <trkpt lat="33.516547" lon="-111.617747">
        <ele>570.2</ele>
      </trkpt>
      <trkpt lat="33.516334" lon="-111.617792">
        <ele>570.8</ele>
      </trkpt>
      <trkpt lat="33.516229" lon="-111.617757">
        <ele>571.2</ele>
      </trkpt>
      <trkpt lat="33.516036" lon="-111.617797">
        <ele>571.6</ele>
      </trkpt>
      <trkpt lat="33.515859" lon="-111.617949">
        <ele>572.0</ele>
      </trkpt>
      <trkpt lat="33.515805" lon="-111.617974">
        <ele>572.6</ele>
      </trkpt>
      <trkpt lat="33.515574" lon="-111.61797">
        <ele>573.6</ele>
      </trkpt>
      <trkpt lat="33.515419" lon="-111.617897">
        <ele>575.0</ele>
      </trkpt>
      <trkpt lat="33.515196" lon="-111.617868">
        <ele>576.8</ele>
      </trkpt>
      <trkpt lat="33.514894" lon="-111.617904">
        <ele>578.6</ele>
      </trkpt>
      <trkpt lat="33.514684" lon="-111.617859">
        <ele>580.6</ele>
      </trkpt>
      <trkpt lat="33.514573" lon="-111.617884">
        <ele>582.2</ele>
      </trkpt>
      <trkpt lat="33.514245" lon="-111.617865">
        <ele>583.6</ele>
      </trkpt>
      <trkpt lat="33.513925" lon="-111.61772">
        <ele>585.2</ele>
      </trkpt>
      <trkpt lat="33.513702" lon="-111.617675">
        <ele>587.0</ele>
      </trkpt>
      <trkpt lat="33.513388" lon="-111.617521">
        <ele>588.6</ele>
      </trkpt>
      <trkpt lat="33.513289" lon="-111.617492">
        <ele>590.4</ele>
      </trkpt>
      <trkpt lat="33.513196" lon="-111.617439">
        <ele>592.2</ele>
      </trkpt>
      <trkpt lat="33.513046" lon="-111.617299">
        <ele>593.6</ele>
      </trkpt>
      <trkpt lat="33.512864" lon="-111.617255">
        <ele>594.6</ele>
      </trkpt>
      <trkpt lat="33.512549" lon="-111.617486">
        <ele>595.6</ele>
      </trkpt>
      <trkpt lat="33.512357" lon="-111.617513">
        <ele>596.4</ele>
      </trkpt>
      <trkpt lat="33.512209" lon="-111.617468">
        <ele>597.2</ele>
      </trkpt>
      <trkpt lat="33.511983" lon="-111.617444">
        <ele>598.0</ele>
      </trkpt>
      <trkpt lat="33.511834" lon="-111.617389">
        <ele>598.8</ele>
      </trkpt>
      <trkpt lat="33.511682" lon="-111.617415">
        <ele>599.6</ele>
      </trkpt>
      <trkpt lat="33.511533" lon="-111.617395">
        <ele>600.4</ele>
      </trkpt>
      <trkpt lat="33.5114" lon="-111.617339">
        <ele>601.2</ele>
      </trkpt>
      <trkpt lat="33.511238" lon="-111.617358">
        <ele>602.0</ele>
      </trkpt>
      <trkpt lat="33.51106" lon="-111.617249">
        <ele>603.2</ele>
      </trkpt>
      <trkpt lat="33.510876" lon="-111.617206">
        <ele>604.2</ele>
      </trkpt>
      <trkpt lat="33.510706" lon="-111.617076">
        <ele>605.2</ele>
      </trkpt>
      <trkpt lat="33.510669" lon="-111.616857">
        <ele>606.0</ele>
      </trkpt>
      <trkpt lat="33.51063" lon="-111.616839">
        <ele>606.8</ele>
      </trkpt>
      <trkpt lat="33.510444" lon="-111.616914">
        <ele>607.4</ele>
      </trkpt>
      <trkpt lat="33.510219" lon="-111.616816">
        <ele>608.0</ele>
      </trkpt>
      <trkpt lat="33.510125" lon="-111.616696">
        <ele>608.4</ele>
      </trkpt>
      <trkpt lat="33.51014" lon="-111.61659">
        <ele>609.0</ele>
      </trkpt>
      <trkpt lat="33.510238" lon="-111.616495">
        <ele>609.6</ele>
      </trkpt>
      <trkpt lat="33.510211" lon="-111.616399">
        <ele>610.0</ele>
      </trkpt>
      <trkpt lat="33.510075" lon="-111.616328">
        <ele>610.4</ele>
      </trkpt>
      <trkpt lat="33.509911" lon="-111.616355">
        <ele>611.0</ele>
      </trkpt>
      <trkpt lat="33.509808" lon="-111.616308">
        <ele>611.8</ele>
      </trkpt>
      <trkpt lat="33.509667" lon="-111.616289">
        <ele>612.8</ele>
      </trkpt>
      <trkpt lat="33.509618" lon="-111.616182">
        <ele>614.2</ele>
      </trkpt>
      <trkpt lat="33.509469" lon="-111.616017">
        <ele>615.6</ele>
      </trkpt>
      <trkpt lat="33.509236" lon="-111.615866">
        <ele>616.8</ele>
      </trkpt>
      <trkpt lat="33.509152" lon="-111.615877">
        <ele>617.4</ele>
      </trkpt>
      <trkpt lat="33.509026" lon="-111.615933">
        <ele>617.8</ele>
      </trkpt>
      <trkpt lat="33.508908" lon="-111.616086">
        <ele>617.4</ele>
      </trkpt>
      <trkpt lat="33.508739" lon="-111.616139">
        <ele>616.6</ele>
      </trkpt>
      <trkpt lat="33.508682" lon="-111.616235">
        <ele>615.8</ele>
      </trkpt>
      <trkpt lat="33.508645" lon="-111.616358">
        <ele>615.6</ele>
      </trkpt>
      <trkpt lat="33.50862" lon="-111.616375">
        <ele>615.4</ele>
      </trkpt>
      <trkpt lat="33.508434" lon="-111.616301">
        <ele>615.8</ele>
      </trkpt>
      <trkpt lat="33.508314" lon="-111.616294">
        <ele>616.4</ele>
      </trkpt>
      <trkpt lat="33.508026" lon="-111.616153">
        <ele>617.2</ele>
      </trkpt>
      <trkpt lat="33.507902" lon="-111.61625">
        <ele>617.2</ele>
      </trkpt>
      <trkpt lat="33.507711" lon="-111.616168">
        <ele>616.6</ele>
      </trkpt>
      <trkpt lat="33.50748" lon="-111.616422">
        <ele>615.8</ele>
      </trkpt>
      <trkpt lat="33.507373" lon="-111.616713">
        <ele>615.6</ele>
      </trkpt>
      <trkpt lat="33.507216" lon="-111.616795">
        <ele>615.6</ele>
      </trkpt>
      <trkpt lat="33.506907" lon="-111.616732">
        <ele>616.2</ele>
      </trkpt>
      <trkpt lat="33.506687" lon="-111.616662">
        <ele>617.6</ele>
      </trkpt>
      <trkpt lat="33.506444" lon="-111.616628">
        <ele>619.0</ele>
      </trkpt>
      <trkpt lat="33.505926" lon="-111.616345">
        <ele>620.0</ele>
      </trkpt>
      <trkpt lat="33.505851" lon="-111.616283">
        <ele>620.6</ele>
      </trkpt>
      <trkpt lat="33.505723" lon="-111.616229">
        <ele>621.0</ele>
      </trkpt>
      <trkpt lat="33.505598" lon="-111.616235">
        <ele>621.0</ele>
      </trkpt>
      <trkpt lat="33.505471" lon="-111.616321">
        <ele>621.0</ele>
      </trkpt>
      <trkpt lat="33.505267" lon="-111.616332">
        <ele>620.6</ele>
      </trkpt>
      <trkpt lat="33.505131" lon="-111.616451">
        <ele>620.2</ele>
      </trkpt>
      <trkpt lat="33.504967" lon="-111.616655">
        <ele>619.8</ele>
      </trkpt>
      <trkpt lat="33.504859" lon="-111.616897">
        <ele>619.4</ele>
      </trkpt>
      <trkpt lat="33.504799" lon="-111.617211">
        <ele>619.4</ele>
      </trkpt>
      <trkpt lat="33.50481" lon="-111.61721">
        <ele>619.6</ele>
      </trkpt>
      <trkpt lat="33.50457" lon="-111.61722">
        <ele>619.6</ele>
      </trkpt>
      <trkpt lat="33.50452" lon="-111.6173">
        <ele>619.8</ele>
      </trkpt>
      <trkpt lat="33.5045" lon="-111.61754">
        <ele>620.2</ele>
      </trkpt>
      <trkpt lat="33.5043" lon="-111.61778">
        <ele>620.6</ele>
      </trkpt>
      <trkpt lat="33.50416" lon="-111.61777">
        <ele>622.0</ele>
      </trkpt>
      <trkpt lat="33.503999" lon="-111.61768">
        <ele>623.2</ele>
      </trkpt>
      <trkpt lat="33.50381" lon="-111.61766">
        <ele>624.4</ele>
      </trkpt>
      <trkpt lat="33.50376" lon="-111.61778">
        <ele>625.4</ele>
      </trkpt>
      <trkpt lat="33.50367" lon="-111.61784">
        <ele>626.8</ele>
      </trkpt>
      <trkpt lat="33.50348" lon="-111.61788">
        <ele>627.4</ele>
      </trkpt>
      <trkpt lat="33.50327" lon="-111.61778">
        <ele>627.6</ele>
      </trkpt>
      <trkpt lat="33.50316" lon="-111.61783">
        <ele>627.6</ele>
      </trkpt>
      <trkpt lat="33.50311" lon="-111.61795">
        <ele>627.8</ele>
      </trkpt>
      <trkpt lat="33.50303" lon="-111.61801">
        <ele>628.0</ele>
      </trkpt>
      <trkpt lat="33.50271" lon="-111.61796">
        <ele>627.8</ele>
      </trkpt>
      <trkpt lat="33.5026" lon="-111.61782">
        <ele>629.0</ele>
      </trkpt>
      <trkpt lat="33.50237" lon="-111.6179">
        <ele>630.4</ele>
      </trkpt>
      <trkpt lat="33.50218" lon="-111.61771">
        <ele>631.6</ele>
      </trkpt>
      <trkpt lat="33.502119" lon="-111.61759">
        <ele>632.0</ele>
      </trkpt>
      <trkpt lat="33.50204" lon="-111.61763">
        <ele>632.8</ele>
      </trkpt>
      <trkpt lat="33.502" lon="-111.61772">
        <ele>633.2</ele>
      </trkpt>
      <trkpt lat="33.50177" lon="-111.61775">
        <ele>633.2</ele>
      </trkpt>
      <trkpt lat="33.50152" lon="-111.61763">
        <ele>633.4</ele>
      </trkpt>
      <trkpt lat="33.50132" lon="-111.61768">
        <ele>633.4</ele>
      </trkpt>
      <trkpt lat="33.50121" lon="-111.61763">
        <ele>633.6</ele>
      </trkpt>
      <trkpt lat="33.50116" lon="-111.61749">
        <ele>633.6</ele>
      </trkpt>
      <trkpt lat="33.50119" lon="-111.61727">
        <ele>633.8</ele>
      </trkpt>
      <trkpt lat="33.501179" lon="-111.61715">
        <ele>633.8</ele>
      </trkpt>
      <trkpt lat="33.5011" lon="-111.61703">
        <ele>634.0</ele>
      </trkpt>
      <trkpt lat="33.50096" lon="-111.61659">
        <ele>634.0</ele>
      </trkpt>
      <trkpt lat="33.50087" lon="-111.61646">
        <ele>634.0</ele>
      </trkpt>
      <trkpt lat="33.50063" lon="-111.61625">
        <ele>634.0</ele>
      </trkpt>
      <trkpt lat="33.50056" lon="-111.61608">
        <ele>634.2</ele>
      </trkpt>
      <trkpt lat="33.50054" lon="-111.61592">
        <ele>635.0</ele>
      </trkpt>
      <trkpt lat="33.5002" lon="-111.61552">
        <ele>636.0</ele>
      </trkpt>
      <trkpt lat="33.50002" lon="-111.61538">
        <ele>637.2</ele>
      </trkpt>
      <trkpt lat="33.49963" lon="-111.61532">
        <ele>638.8</ele>
      </trkpt>
      <trkpt lat="33.49953" lon="-111.61533">
        <ele>640.4</ele>
      </trkpt>
      <trkpt lat="33.49918" lon="-111.61518">
        <ele>641.2</ele>
      </trkpt>
      <trkpt lat="33.49907" lon="-111.61521">
        <ele>641.6</ele>
      </trkpt>
      <trkpt lat="33.49895" lon="-111.61535">
        <ele>641.6</ele>
      </trkpt>
      <trkpt lat="33.49884" lon="-111.61554">
        <ele>641.2</ele>
      </trkpt>
      <trkpt lat="33.49871" lon="-111.61552">
        <ele>640.6</ele>
      </trkpt>
      <trkpt lat="33.49852" lon="-111.61544">
        <ele>640.2</ele>
      </trkpt>
      <trkpt lat="33.49837" lon="-111.61545">
        <ele>640.0</ele>
      </trkpt>
      <trkpt lat="33.4983" lon="-111.61566">
        <ele>639.8</ele>
      </trkpt>
      <trkpt lat="33.49826" lon="-111.61593">
        <ele>639.8</ele>
      </trkpt>
      <trkpt lat="33.49822" lon="-111.61597">
        <ele>639.8</ele>
      </trkpt>
      <trkpt lat="33.49797" lon="-111.61599">
        <ele>639.8</ele>
      </trkpt>
      <trkpt lat="33.49787" lon="-111.61613">
        <ele>639.8</ele>
      </trkpt>
      <trkpt lat="33.49776" lon="-111.61617">
        <ele>640.0</ele>
      </trkpt>
      <trkpt lat="33.49754" lon="-111.61618">
        <ele>640.0</ele>
      </trkpt>
      <trkpt lat="33.49743" lon="-111.61606">
        <ele>640.2</ele>
      </trkpt>
      <trkpt lat="33.49738" lon="-111.61594">
        <ele>640.6</ele>
      </trkpt>
      <trkpt lat="33.49722" lon="-111.61578">
        <ele>641.2</ele>
      </trkpt>
      <trkpt lat="33.49713" lon="-111.61565">
        <ele>642.0</ele>
      </trkpt>
      <trkpt lat="33.49705" lon="-111.61561">
        <ele>643.0</ele>
      </trkpt>
      <trkpt lat="33.497" lon="-111.61549">
        <ele>643.8</ele>
      </trkpt>
      <trkpt lat="33.496859" lon="-111.6154">
        <ele>644.6</ele>
      </trkpt>
      <trkpt lat="33.49675" lon="-111.61537">
        <ele>645.2</ele>
      </trkpt>
      <trkpt lat="33.4966" lon="-111.61536">
        <ele>645.8</ele>
      </trkpt>
      <trkpt lat="33.49613" lon="-111.61545">
        <ele>646.2</ele>
      </trkpt>
      <trkpt lat="33.496" lon="-111.61544">
        <ele>646.4</ele>
      </trkpt>
      <trkpt lat="33.49586" lon="-111.61549">
        <ele>646.4</ele>
      </trkpt>
      <trkpt lat="33.4958" lon="-111.61568">
        <ele>646.4</ele>
      </trkpt>
      <trkpt lat="33.49569" lon="-111.61573">
        <ele>646.0</ele>
      </trkpt>
      <trkpt lat="33.49564" lon="-111.61571">
        <ele>645.2</ele>
      </trkpt>
      <trkpt lat="33.495579" lon="-111.61603">
        <ele>644.6</ele>
      </trkpt>
      <trkpt lat="33.495399" lon="-111.61632">
        <ele>644.0</ele>
      </trkpt>
      <trkpt lat="33.49534" lon="-111.61647">
        <ele>643.4</ele>
      </trkpt>
      <trkpt lat="33.49514" lon="-111.61662">
        <ele>643.0</ele>
      </trkpt>
      <trkpt lat="33.495089" lon="-111.61669">
        <ele>643.0</ele>
      </trkpt>
      <trkpt lat="33.49506" lon="-111.61683">
        <ele>643.0</ele>
      </trkpt>
      <trkpt lat="33.49503" lon="-111.6168">
        <ele>643.2</ele>
      </trkpt>
      <trkpt lat="33.4949" lon="-111.61684">
        <ele>643.4</ele>
      </trkpt>
      <trkpt lat="33.49485" lon="-111.61679">
        <ele>643.6</ele>
      </trkpt>
      <trkpt lat="33.49484" lon="-111.6167">
        <ele>644.0</ele>
      </trkpt>
      <trkpt lat="33.49481" lon="-111.61666">
        <ele>644.4</ele>
      </trkpt>
      <trkpt lat="33.49472" lon="-111.61661">
        <ele>644.8</ele>
      </trkpt>
      <trkpt lat="33.49463" lon="-111.6166">
        <ele>645.2</ele>
      </trkpt>
      <trkpt lat="33.49445" lon="-111.61648">
        <ele>645.6</ele>
      </trkpt>
      <trkpt lat="33.49436" lon="-111.61639">
        <ele>646.2</ele>
      </trkpt>
      <trkpt lat="33.49414" lon="-111.61635">
        <ele>647.0</ele>
      </trkpt>
      <trkpt lat="33.493859" lon="-111.6161">
        <ele>647.6</ele>
      </trkpt>
      <trkpt lat="33.49374" lon="-111.61592">
        <ele>648.2</ele>
      </trkpt>
      <trkpt lat="33.49362" lon="-111.61579">
        <ele>649.0</ele>
      </trkpt>
      <trkpt lat="33.49328" lon="-111.61562">
        <ele>649.2</ele>
      </trkpt>
      <trkpt lat="33.49311" lon="-111.6156">
        <ele>649.2</ele>
      </trkpt>
      <trkpt lat="33.49299" lon="-111.61567">
        <ele>649.2</ele>
      </trkpt>
      <trkpt lat="33.492829" lon="-111.61571">
        <ele>649.2</ele>
      </trkpt>
      <trkpt lat="33.49275" lon="-111.6157">
        <ele>649.4</ele>
      </trkpt>
      <trkpt lat="33.49264" lon="-111.61562">
        <ele>649.8</ele>
      </trkpt>
      <trkpt lat="33.49242" lon="-111.61524">
        <ele>650.2</ele>
      </trkpt>
      <trkpt lat="33.49219" lon="-111.61524">
        <ele>650.6</ele>
      </trkpt>
      <trkpt lat="33.49206" lon="-111.61518">
        <ele>651.0</ele>
      </trkpt>
      <trkpt lat="33.49195" lon="-111.61516">
        <ele>651.0</ele>
      </trkpt>
      <trkpt lat="33.49181" lon="-111.61522">
        <ele>651.2</ele>
      </trkpt>
      <trkpt lat="33.49172" lon="-111.61515">
        <ele>651.4</ele>
      </trkpt>
      <trkpt lat="33.4917" lon="-111.61506">
        <ele>651.6</ele>
      </trkpt>
      <trkpt lat="33.49172" lon="-111.61488">
        <ele>652.0</ele>
      </trkpt>
      <trkpt lat="33.49186" lon="-111.61464">
        <ele>652.6</ele>
      </trkpt>
      <trkpt lat="33.49196" lon="-111.61454">
        <ele>653.2</ele>
      </trkpt>
      <trkpt lat="33.491979" lon="-111.61442">
        <ele>653.8</ele>
      </trkpt>
      <trkpt lat="33.49178" lon="-111.61415">
        <ele>654.6</ele>
      </trkpt>
      <trkpt lat="33.49177" lon="-111.6141">
        <ele>655.4</ele>
      </trkpt>
      <trkpt lat="33.49185" lon="-111.61393">
        <ele>656.2</ele>
      </trkpt>
      <trkpt lat="33.49181" lon="-111.6137">
        <ele>656.8</ele>
      </trkpt>
      <trkpt lat="33.49188" lon="-111.61357">
        <ele>657.4</ele>
      </trkpt>
      <trkpt lat="33.49181" lon="-111.6134">
        <ele>658.0</ele>
      </trkpt>
      <trkpt lat="33.49149" lon="-111.6132">
        <ele>658.6</ele>
      </trkpt>
      <trkpt lat="33.49141" lon="-111.61299">
        <ele>659.2</ele>
      </trkpt>
      <trkpt lat="33.49119" lon="-111.61284">
        <ele>659.8</ele>
      </trkpt>
      <trkpt lat="33.49078" lon="-111.61249">
        <ele>660.6</ele>
      </trkpt>
      <trkpt lat="33.49073" lon="-111.61222">
        <ele>661.4</ele>
      </trkpt>
      <trkpt lat="33.49064" lon="-111.6121">
        <ele>662.0</ele>
      </trkpt>
      <trkpt lat="33.490479" lon="-111.61202">
        <ele>662.6</ele>
      </trkpt>
      <trkpt lat="33.49035" lon="-111.61202">
        <ele>663.2</ele>
      </trkpt>
      <trkpt lat="33.49009" lon="-111.61216">
        <ele>663.6</ele>
      </trkpt>
      <trkpt lat="33.48993" lon="-111.61197">
        <ele>664.2</ele>
      </trkpt>
      <trkpt lat="33.48987" lon="-111.61181">
        <ele>664.8</ele>
      </trkpt>
      <trkpt lat="33.48996" lon="-111.61163">
        <ele>665.4</ele>
      </trkpt>
      <trkpt lat="33.48998" lon="-111.61154">
        <ele>666.0</ele>
      </trkpt>
      <trkpt lat="33.489919" lon="-111.61145">
        <ele>666.8</ele>
      </trkpt>
      <trkpt lat="33.48981" lon="-111.61138">
        <ele>667.6</ele>
      </trkpt>
      <trkpt lat="33.48973" lon="-111.61117">
        <ele>668.6</ele>
      </trkpt>
      <trkpt lat="33.4898" lon="-111.61091">
        <ele>669.6</ele>
      </trkpt>
      <trkpt lat="33.48975" lon="-111.6107">
        <ele>670.8</ele>
      </trkpt>
      <trkpt lat="33.4896" lon="-111.61055">
        <ele>672.4</ele>
      </trkpt>
      <trkpt lat="33.48957" lon="-111.61048">
        <ele>673.6</ele>
      </trkpt>
      <trkpt lat="33.48953" lon="-111.61016">
        <ele>674.6</ele>
      </trkpt>
      <trkpt lat="33.48948" lon="-111.61014">
        <ele>675.4</ele>
      </trkpt>
      <trkpt lat="33.48935" lon="-111.61021">
        <ele>676.4</ele>
      </trkpt>
      <trkpt lat="33.48931" lon="-111.61018">
        <ele>676.8</ele>
      </trkpt>
      <trkpt lat="33.48928" lon="-111.60998">
        <ele>677.2</ele>
      </trkpt>
      <trkpt lat="33.48924" lon="-111.60995">
        <ele>677.8</ele>
      </trkpt>
      <trkpt lat="33.48904" lon="-111.61002">
        <ele>678.4</ele>
      </trkpt>
      <trkpt lat="33.48901" lon="-111.60998">
        <ele>679.0</ele>
      </trkpt>
      <trkpt lat="33.48899" lon="-111.6099">
        <ele>679.2</ele>
      </trkpt>
      <trkpt lat="33.48905" lon="-111.60976">
        <ele>679.2</ele>
      </trkpt>
      <trkpt lat="33.48923" lon="-111.60968">
        <ele>679.0</ele>
      </trkpt>
      <trkpt lat="33.48931" lon="-111.60962">
        <ele>679.4</ele>
      </trkpt>
      <trkpt lat="33.48931" lon="-111.60959">
        <ele>679.6</ele>
      </trkpt>
      <trkpt lat="33.48926" lon="-111.60953">
        <ele>680.8</ele>
      </trkpt>
      <trkpt lat="33.48906" lon="-111.6094">
        <ele>682.2</ele>
      </trkpt>
      <trkpt lat="33.48895" lon="-111.6093">
        <ele>683.6</ele>
      </trkpt>
      <trkpt lat="33.48894" lon="-111.60924">
        <ele>684.6</ele>
      </trkpt>
      <trkpt lat="33.48899" lon="-111.60908">
        <ele>685.8</ele>
      </trkpt>
      <trkpt lat="33.48896" lon="-111.60877">
        <ele>686.4</ele>
      </trkpt>
      <trkpt lat="33.488979" lon="-111.60855">
        <ele>687.6</ele>
      </trkpt>
      <trkpt lat="33.4889" lon="-111.60846">
        <ele>689.0</ele>
      </trkpt>
      <trkpt lat="33.48877" lon="-111.60845">
        <ele>690.4</ele>
      </trkpt>
      <trkpt lat="33.4886" lon="-111.60836">
        <ele>691.6</ele>
      </trkpt>
      <trkpt lat="33.48843" lon="-111.60812">
        <ele>693.2</ele>
      </trkpt>
      <trkpt lat="33.4884" lon="-111.60793">
        <ele>694.4</ele>
      </trkpt>
      <trkpt lat="33.48828" lon="-111.6077">
        <ele>695.6</ele>
      </trkpt>
      <trkpt lat="33.48816" lon="-111.60753">
        <ele>696.6</ele>
      </trkpt>
      <trkpt lat="33.48816" lon="-111.60746">
        <ele>697.4</ele>
      </trkpt>
      <trkpt lat="33.48818" lon="-111.60743">
        <ele>698.0</ele>
      </trkpt>
      <trkpt lat="33.48828" lon="-111.60742">
        <ele>698.2</ele>
      </trkpt>
      <trkpt lat="33.48837" lon="-111.60747">
        <ele>698.6</ele>
      </trkpt>
      <trkpt lat="33.48843" lon="-111.60747">
        <ele>699.4</ele>
      </trkpt>
      <trkpt lat="33.48845" lon="-111.60745">
        <ele>700.2</ele>
      </trkpt>
      <trkpt lat="33.48849" lon="-111.6073">
        <ele>700.8</ele>
      </trkpt>
      <trkpt lat="33.48848" lon="-111.60725">
        <ele>701.2</ele>
      </trkpt>
      <trkpt lat="33.48823" lon="-111.60708">
        <ele>701.2</ele>
      </trkpt>
      <trkpt lat="33.48798" lon="-111.60701">
        <ele>700.2</ele>
      </trkpt>
      <trkpt lat="33.487859" lon="-111.60694">
        <ele>699.4</ele>
      </trkpt>
      <trkpt lat="33.48763" lon="-111.60709">
        <ele>698.6</ele>
      </trkpt>
      <trkpt lat="33.487479" lon="-111.60694">
        <ele>698.4</ele>
      </trkpt>
      <trkpt lat="33.48745" lon="-111.60696">
        <ele>697.6</ele>
      </trkpt>
      <trkpt lat="33.48733" lon="-111.60689">
        <ele>697.0</ele>
      </trkpt>
      <trkpt lat="33.48711" lon="-111.60691">
        <ele>695.4</ele>
      </trkpt>
      <trkpt lat="33.48707" lon="-111.60712">
        <ele>692.8</ele>
      </trkpt>
      <trkpt lat="33.48696" lon="-111.60744">
        <ele>689.4</ele>
      </trkpt>
      <trkpt lat="33.48668" lon="-111.60781">
        <ele>686.8</ele>
      </trkpt>
      <trkpt lat="33.48652" lon="-111.60807">
        <ele>684.4</ele>
      </trkpt>
      <trkpt lat="33.486449" lon="-111.60809">
        <ele>682.8</ele>
      </trkpt>
      <trkpt lat="33.48641" lon="-111.608">
        <ele>682.0</ele>
      </trkpt>
      <trkpt lat="33.48628" lon="-111.60795">
        <ele>681.8</ele>
      </trkpt>
      <trkpt lat="33.48593" lon="-111.60807">
        <ele>681.0</ele>
      </trkpt>
      <trkpt lat="33.48563" lon="-111.60805">
        <ele>679.8</ele>
      </trkpt>
      <trkpt lat="33.48557" lon="-111.60809">
        <ele>677.4</ele>
      </trkpt>
      <trkpt lat="33.48539" lon="-111.60839">
        <ele>674.8</ele>
      </trkpt>
      <trkpt lat="33.48514" lon="-111.60857">
        <ele>672.6</ele>
      </trkpt>
      <trkpt lat="33.48499" lon="-111.60875">
        <ele>670.6</ele>
      </trkpt>
      <trkpt lat="33.48458" lon="-111.60853">
        <ele>669.6</ele>
      </trkpt>
      <trkpt lat="33.48456" lon="-111.6084">
        <ele>670.0</ele>
      </trkpt>
      <trkpt lat="33.48465" lon="-111.60818">
        <ele>670.4</ele>
      </trkpt>
      <trkpt lat="33.48463" lon="-111.60812">
        <ele>670.8</ele>
      </trkpt>
      <trkpt lat="33.4844" lon="-111.60823">
        <ele>671.2</ele>
      </trkpt>
      <trkpt lat="33.48431" lon="-111.6081">
        <ele>671.0</ele>
      </trkpt>
      <trkpt lat="33.48427" lon="-111.60817">
        <ele>671.0</ele>
      </trkpt>
      <trkpt lat="33.48413" lon="-111.60822">
        <ele>671.2</ele>
      </trkpt>
      <trkpt lat="33.48406" lon="-111.60811">
        <ele>670.8</ele>
      </trkpt>
      <trkpt lat="33.48398" lon="-111.60808">
        <ele>670.8</ele>
      </trkpt>
      <trkpt lat="33.483919" lon="-111.60816">
        <ele>671.0</ele>
      </trkpt>
      <trkpt lat="33.48377" lon="-111.60809">
        <ele>671.0</ele>
      </trkpt>
      <trkpt lat="33.48361" lon="-111.60806">
        <ele>670.6</ele>
      </trkpt>
      <trkpt lat="33.48332" lon="-111.60783">
        <ele>670.0</ele>
      </trkpt>
      <trkpt lat="33.48277" lon="-111.60761">
        <ele>668.8</ele>
      </trkpt>
      <trkpt lat="33.48245" lon="-111.60768">
        <ele>667.6</ele>
      </trkpt>
      <trkpt lat="33.48223" lon="-111.6076">
        <ele>665.8</ele>
      </trkpt>
      <trkpt lat="33.48207" lon="-111.60746">
        <ele>664.2</ele>
      </trkpt>
      <trkpt lat="33.48189" lon="-111.60749">
        <ele>663.0</ele>
      </trkpt>
      <trkpt lat="33.48173" lon="-111.60764">
        <ele>662.0</ele>
      </trkpt>
      <trkpt lat="33.48164" lon="-111.60751">
        <ele>661.2</ele>
      </trkpt>
      <trkpt lat="33.48138" lon="-111.60727">
        <ele>660.8</ele>
      </trkpt>
      <trkpt lat="33.48129" lon="-111.60723">
        <ele>660.6</ele>
      </trkpt>
      <trkpt lat="33.48124" lon="-111.60709">
        <ele>660.0</ele>
      </trkpt>
      <trkpt lat="33.48096" lon="-111.60708">
        <ele>659.0</ele>
      </trkpt>
      <trkpt lat="33.48082" lon="-111.60716">
        <ele>657.6</ele>
      </trkpt>
      <trkpt lat="33.480629" lon="-111.60737">
        <ele>656.0</ele>
      </trkpt>
      <trkpt lat="33.48051" lon="-111.60744">
        <ele>653.0</ele>
      </trkpt>
      <trkpt lat="33.4803" lon="-111.60748">
        <ele>650.4</ele>
      </trkpt>
      <trkpt lat="33.4797" lon="-111.60771">
        <ele>648.4</ele>
      </trkpt>
      <trkpt lat="33.479599" lon="-111.60769">
        <ele>646.2</ele>
      </trkpt>
      <trkpt lat="33.47958" lon="-111.60775">
        <ele>644.2</ele>
      </trkpt>
      <trkpt lat="33.4795" lon="-111.60782">
        <ele>643.6</ele>
      </trkpt>
      <trkpt lat="33.47934" lon="-111.60782">
        <ele>642.8</ele>
      </trkpt>
      <trkpt lat="33.47894" lon="-111.60774">
        <ele>641.4</ele>
      </trkpt>
      <trkpt lat="33.47874" lon="-111.60765">
        <ele>640.0</ele>
      </trkpt>
      <trkpt lat="33.47834" lon="-111.60761">
        <ele>638.4</ele>
      </trkpt>
      <trkpt lat="33.4779" lon="-111.60775">
        <ele>636.2</ele>
      </trkpt>
      <trkpt lat="33.47771" lon="-111.60776">
        <ele>633.6</ele>
      </trkpt>
      <trkpt lat="33.47715" lon="-111.60762">
        <ele>631.2</ele>
      </trkpt>
      <trkpt lat="33.4769" lon="-111.60765">
        <ele>628.8</ele>
      </trkpt>
      <trkpt lat="33.47675" lon="-111.60775">
        <ele>626.6</ele>
      </trkpt>
      <trkpt lat="33.47649" lon="-111.60803">
        <ele>624.8</ele>
      </trkpt>
      <trkpt lat="33.47636" lon="-111.60811">
        <ele>623.6</ele>
      </trkpt>
      <trkpt lat="33.47621" lon="-111.60812">
        <ele>622.6</ele>
      </trkpt>
      <trkpt lat="33.476093" lon="-111.608278">
        <ele>622.0</ele>
      </trkpt>
      <trkpt lat="33.475929" lon="-111.60829">
        <ele>621.6</ele>
      </trkpt>
      <trkpt lat="33.475934" lon="-111.608243">
        <ele>621.6</ele>
      </trkpt>
      <trkpt lat="33.475994" lon="-111.60819">
        <ele>621.6</ele>
      </trkpt>
      <trkpt lat="33.476022" lon="-111.608089">
        <ele>621.8</ele>
      </trkpt>
      <trkpt lat="33.47601" lon="-111.60795">
        <ele>622.2</ele>
      </trkpt>
      <trkpt lat="33.4758" lon="-111.6079">
        <ele>622.4</ele>
      </trkpt>
      <trkpt lat="33.47574" lon="-111.60782">
        <ele>622.4</ele>
      </trkpt>
      <trkpt lat="33.47562" lon="-111.60776">
        <ele>621.6</ele>
      </trkpt>
      <trkpt lat="33.47546" lon="-111.60774">
        <ele>620.6</ele>
      </trkpt>
      <trkpt lat="33.47495" lon="-111.60782">
        <ele>619.6</ele>
      </trkpt>
      <trkpt lat="33.47476" lon="-111.6077">
        <ele>618.6</ele>
      </trkpt>
      <trkpt lat="33.47459" lon="-111.60754">
        <ele>618.0</ele>
      </trkpt>
      <trkpt lat="33.47446" lon="-111.60752">
        <ele>618.0</ele>
      </trkpt>
      <trkpt lat="33.47442" lon="-111.60736">
        <ele>617.8</ele>
      </trkpt>
      <trkpt lat="33.474283" lon="-111.607143">
        <ele>617.4</ele>
      </trkpt>
      <trkpt lat="33.474083" lon="-111.607282">
        <ele>617.0</ele>
      </trkpt>
      <trkpt lat="33.474075" lon="-111.607427">
        <ele>616.8</ele>
      </trkpt>
      <trkpt lat="33.47403" lon="-111.607278">
        <ele>616.8</ele>
      </trkpt>
      <trkpt lat="33.474241" lon="-111.607077">
        <ele>616.8</ele>
      </trkpt>
      <trkpt lat="33.474017" lon="-111.606672">
        <ele>616.6</ele>
      </trkpt>
      <trkpt lat="33.473808" lon="-111.606658">
        <ele>616.2</ele>
      </trkpt>
      <trkpt lat="33.473683" lon="-111.606573">
        <ele>615.2</ele>
      </trkpt>
      <trkpt lat="33.473411" lon="-111.60631">
        <ele>613.8</ele>
      </trkpt>
      <trkpt lat="33.473369" lon="-111.606087">
        <ele>612.4</ele>
      </trkpt>
      <trkpt lat="33.473056" lon="-111.605688">
        <ele>610.4</ele>
      </trkpt>
      <trkpt lat="33.472792" lon="-111.605729">
        <ele>608.2</ele>
      </trkpt>
      <trkpt lat="33.472322" lon="-111.60569">
        <ele>605.8</ele>
      </trkpt>
      <trkpt lat="33.472096" lon="-111.605598">
        <ele>603.8</ele>
      </trkpt>
      <trkpt lat="33.471777" lon="-111.605365">
        <ele>602.0</ele>
      </trkpt>
      <trkpt lat="33.471704" lon="-111.60534">
        <ele>600.8</ele>
      </trkpt>
      <trkpt lat="33.471494" lon="-111.605415">
        <ele>600.0</ele>
      </trkpt>
      <trkpt lat="33.471359" lon="-111.605428">
        <ele>599.4</ele>
      </trkpt>
      <trkpt lat="33.471277" lon="-111.605331">
        <ele>598.6</ele>
      </trkpt>
      <trkpt lat="33.47117" lon="-111.605315">
        <ele>598.2</ele>
      </trkpt>
      <trkpt lat="33.471083" lon="-111.605352">
        <ele>597.6</ele>
      </trkpt>
      <trkpt lat="33.470982" lon="-111.605313">
        <ele>597.2</ele>
      </trkpt>
      <trkpt lat="33.470823" lon="-111.60533">
        <ele>596.4</ele>
      </trkpt>
      <trkpt lat="33.470702" lon="-111.605285">
        <ele>595.4</ele>
      </trkpt>
      <trkpt lat="33.470509" lon="-111.605343">
        <ele>594.0</ele>
      </trkpt>
      <trkpt lat="33.47018" lon="-111.605521">
        <ele>592.4</ele>
      </trkpt>
      <trkpt lat="33.469904" lon="-111.605627">
        <ele>590.0</ele>
      </trkpt>
      <trkpt lat="33.469338" lon="-111.605714">
        <ele>588.0</ele>
      </trkpt>
      <trkpt lat="33.468938" lon="-111.605643">
        <ele>586.0</ele>
      </trkpt>
      <trkpt lat="33.468466" lon="-111.605611">
        <ele>584.2</ele>
      </trkpt>
      <trkpt lat="33.468136" lon="-111.605669">
        <ele>582.4</ele>
      </trkpt>
      <trkpt lat="33.467914" lon="-111.605743">
        <ele>581.2</ele>
      </trkpt>
      <trkpt lat="33.467523" lon="-111.605637">
        <ele>580.2</ele>
      </trkpt>
      <trkpt lat="33.46735" lon="-111.605663">
        <ele>578.8</ele>
      </trkpt>
      <trkpt lat="33.467128" lon="-111.60576">
        <ele>577.2</ele>
      </trkpt>
      <trkpt lat="33.466479" lon="-111.605602">
        <ele>576.4</ele>
      </trkpt>
      <trkpt lat="33.466332" lon="-111.60566">
        <ele>575.6</ele>
      </trkpt>
      <trkpt lat="33.466458" lon="-111.60601">
        <ele>575.0</ele>
      </trkpt>
      <trkpt lat="33.466557" lon="-111.606143">
        <ele>575.2</ele>
      </trkpt>
      <trkpt lat="33.466541" lon="-111.606167">
        <ele>575.8</ele>
      </trkpt>
      <trkpt lat="33.466458" lon="-111.606164">
        <ele>576.6</ele>
      </trkpt>
      <trkpt lat="33.466434" lon="-111.606203">
        <ele>577.4</ele>
      </trkpt>
      <trkpt lat="33.466451" lon="-111.606784">
        <ele>578.0</ele>
      </trkpt>
      <trkpt lat="33.466431" lon="-111.606959">
        <ele>578.6</ele>
      </trkpt>
      <trkpt lat="33.466357" lon="-111.607157">
        <ele>578.8</ele>
      </trkpt>
      <trkpt lat="33.466211" lon="-111.607389">
        <ele>578.2</ele>
      </trkpt>
      <trkpt lat="33.46604" lon="-111.6076">
        <ele>577.6</ele>
      </trkpt>
      <trkpt lat="33.465938" lon="-111.608117">
        <ele>577.0</ele>
      </trkpt>
      <trkpt lat="33.465896" lon="-111.60816">
        <ele>576.4</ele>
      </trkpt>
      <trkpt lat="33.465848" lon="-111.60847">
        <ele>576.0</ele>
      </trkpt>
      <trkpt lat="33.465913" lon="-111.608543">
        <ele>575.6</ele>
      </trkpt>
      <trkpt lat="33.465911" lon="-111.608635">
        <ele>574.8</ele>
      </trkpt>
      <trkpt lat="33.465569" lon="-111.609272">
        <ele>573.8</ele>
      </trkpt>
      <trkpt lat="33.465389" lon="-111.609982">
        <ele>573.2</ele>
      </trkpt>
      <trkpt lat="33.465384" lon="-111.610178">
        <ele>572.6</ele>
      </trkpt>
      <trkpt lat="33.465443" lon="-111.610492">
        <ele>572.4</ele>
      </trkpt>
      <trkpt lat="33.465411" lon="-111.610643">
        <ele>572.6</ele>
      </trkpt>
      <trkpt lat="33.465449" lon="-111.610899">
        <ele>573.4</ele>
      </trkpt>
      <trkpt lat="33.46538" lon="-111.61116">
        <ele>573.6</ele>
      </trkpt>
      <trkpt lat="33.46541" lon="-111.61186">
        <ele>573.8</ele>
      </trkpt>
      <trkpt lat="33.46538" lon="-111.61219">
        <ele>574.2</ele>
      </trkpt>
      <trkpt lat="33.46526" lon="-111.61263">
        <ele>574.6</ele>
      </trkpt>
      <trkpt lat="33.46529" lon="-111.61285">
        <ele>574.2</ele>
      </trkpt>
      <trkpt lat="33.46523" lon="-111.61319">
        <ele>574.0</ele>
      </trkpt>
      <trkpt lat="33.46504" lon="-111.6134">
        <ele>573.8</ele>
      </trkpt>
      <trkpt lat="33.46503" lon="-111.61346">
        <ele>573.4</ele>
      </trkpt>
      <trkpt lat="33.46512" lon="-111.6135">
        <ele>573.2</ele>
      </trkpt>
      <trkpt lat="33.46523" lon="-111.61348">
        <ele>573.6</ele>
      </trkpt>
      <trkpt lat="33.4653" lon="-111.61361">
        <ele>574.2</ele>
      </trkpt>
      <trkpt lat="33.4654" lon="-111.6137">
        <ele>574.8</ele>
      </trkpt>
      <trkpt lat="33.4656" lon="-111.61431">
        <ele>575.2</ele>
      </trkpt>
      <trkpt lat="33.46559" lon="-111.61456">
        <ele>575.4</ele>
      </trkpt>
      <trkpt lat="33.4655" lon="-111.61474">
        <ele>575.2</ele>
      </trkpt>
      <trkpt lat="33.46535" lon="-111.61493">
        <ele>574.8</ele>
      </trkpt>
      <trkpt lat="33.46524" lon="-111.61519">
        <ele>574.2</ele>
      </trkpt>
      <trkpt lat="33.46512" lon="-111.61531">
        <ele>573.8</ele>
      </trkpt>
      <trkpt lat="33.465017" lon="-111.61532">
        <ele>573.4</ele>
      </trkpt>
      <trkpt lat="33.46504" lon="-111.61539">
        <ele>573.2</ele>
      </trkpt>
      <trkpt lat="33.46503" lon="-111.61568">
        <ele>573.4</ele>
      </trkpt>
      <trkpt lat="33.465069" lon="-111.61617">
        <ele>574.0</ele>
      </trkpt>
      <trkpt lat="33.46544" lon="-111.61662">
        <ele>574.6</ele>
      </trkpt>
      <trkpt lat="33.46602" lon="-111.61661">
        <ele>575.2</ele>
      </trkpt>
      <trkpt lat="33.46606" lon="-111.61664">
        <ele>575.8</ele>
      </trkpt>
      <trkpt lat="33.46622" lon="-111.61692">
        <ele>576.2</ele>
      </trkpt>
      <trkpt lat="33.46647" lon="-111.61705">
        <ele>576.8</ele>
      </trkpt>
      <trkpt lat="33.46662" lon="-111.61723">
        <ele>577.6</ele>
      </trkpt>
      <trkpt lat="33.467129" lon="-111.6172">
        <ele>578.4</ele>
      </trkpt>
      <trkpt lat="33.46725" lon="-111.61728">
        <ele>579.4</ele>
      </trkpt>
      <trkpt lat="33.46747" lon="-111.61733">
        <ele>580.2</ele>
      </trkpt>
      <trkpt lat="33.46763" lon="-111.61745">
        <ele>580.8</ele>
      </trkpt>
      <trkpt lat="33.4679" lon="-111.61759">
        <ele>581.2</ele>
      </trkpt>
      <trkpt lat="33.46804" lon="-111.6176">
        <ele>581.6</ele>
      </trkpt>
      <trkpt lat="33.46817" lon="-111.61773">
        <ele>582.2</ele>
      </trkpt>
      <trkpt lat="33.46838" lon="-111.61785">
        <ele>582.8</ele>
      </trkpt>
      <trkpt lat="33.46869" lon="-111.61829">
        <ele>583.4</ele>
      </trkpt>
      <trkpt lat="33.46882" lon="-111.61835">
        <ele>584.0</ele>
      </trkpt>
      <trkpt lat="33.469" lon="-111.61833">
        <ele>584.6</ele>
      </trkpt>
      <trkpt lat="33.46913" lon="-111.61814">
        <ele>585.2</ele>
      </trkpt>
      <trkpt lat="33.46931" lon="-111.61815">
        <ele>585.8</ele>
      </trkpt>
      <trkpt lat="33.469659" lon="-111.61823">
        <ele>586.2</ele>
      </trkpt>
      <trkpt lat="33.4697" lon="-111.61828">
        <ele>586.8</ele>
      </trkpt>
      <trkpt lat="33.46973" lon="-111.6184">
        <ele>587.4</ele>
      </trkpt>
      <trkpt lat="33.47001" lon="-111.61845">
        <ele>587.6</ele>
      </trkpt>
      <trkpt lat="33.47012" lon="-111.61838">
        <ele>588.0</ele>
      </trkpt>
      <trkpt lat="33.47016" lon="-111.61839">
        <ele>588.4</ele>
      </trkpt>
      <trkpt lat="33.47038" lon="-111.61868">
        <ele>588.8</ele>
      </trkpt>
      <trkpt lat="33.47043" lon="-111.61882">
        <ele>589.0</ele>
      </trkpt>
      <trkpt lat="33.47057" lon="-111.61897">
        <ele>589.4</ele>
      </trkpt>
      <trkpt lat="33.47065" lon="-111.61913">
        <ele>589.6</ele>
      </trkpt>
      <trkpt lat="33.47099" lon="-111.61943">
        <ele>590.0</ele>
      </trkpt>
      <trkpt lat="33.471159" lon="-111.62">
        <ele>590.2</ele>
      </trkpt>
      <trkpt lat="33.47131" lon="-111.62024">
        <ele>590.8</ele>
      </trkpt>
      <trkpt lat="33.47144" lon="-111.62061">
        <ele>591.2</ele>
      </trkpt>
      <trkpt lat="33.47155" lon="-111.62075">
        <ele>591.6</ele>
      </trkpt>
      <trkpt lat="33.47162" lon="-111.6209">
        <ele>591.8</ele>
      </trkpt>
      <trkpt lat="33.47169" lon="-111.62096">
        <ele>592.0</ele>
      </trkpt>
      <trkpt lat="33.4718" lon="-111.62125">
        <ele>592.0</ele>
      </trkpt>
      <trkpt lat="33.47191" lon="-111.62167">
        <ele>592.2</ele>
      </trkpt>
      <trkpt lat="33.47197" lon="-111.62177">
        <ele>592.4</ele>
      </trkpt>
      <trkpt lat="33.472242" lon="-111.621993">
        <ele>592.6</ele>
      </trkpt>
      <trkpt lat="33.472338" lon="-111.622146">
        <ele>592.8</ele>
      </trkpt>
      <trkpt lat="33.47242" lon="-111.6225">
        <ele>593.2</ele>
      </trkpt>
      <trkpt lat="33.47251" lon="-111.62268">
        <ele>593.4</ele>
      </trkpt>
      <trkpt lat="33.47263" lon="-111.6228">
        <ele>593.6</ele>
      </trkpt>
      <trkpt lat="33.472679" lon="-111.6229">
        <ele>594.2</ele>
      </trkpt>
      <trkpt lat="33.4731" lon="-111.62333">
        <ele>594.8</ele>
      </trkpt>
      <trkpt lat="33.47354" lon="-111.62349">
        <ele>595.4</ele>
      </trkpt>
      <trkpt lat="33.47373" lon="-111.6235">
        <ele>596.0</ele>
      </trkpt>
      <trkpt lat="33.47385" lon="-111.62356">
        <ele>596.6</ele>
      </trkpt>
      <trkpt lat="33.47417" lon="-111.62383">
        <ele>596.8</ele>
      </trkpt>
      <trkpt lat="33.47421" lon="-111.62403">
        <ele>597.2</ele>
      </trkpt>
      <trkpt lat="33.47428" lon="-111.62409">
        <ele>597.4</ele>
      </trkpt>
      <trkpt lat="33.47475" lon="-111.62415">
        <ele>597.8</ele>
      </trkpt>
      <trkpt lat="33.47486" lon="-111.62422">
        <ele>598.2</ele>
      </trkpt>
      <trkpt lat="33.47504" lon="-111.62426">
        <ele>598.4</ele>
      </trkpt>
      <trkpt lat="33.47509" lon="-111.62432">
        <ele>598.6</ele>
      </trkpt>
      <trkpt lat="33.47509" lon="-111.62437">
        <ele>598.6</ele>
      </trkpt>
      <trkpt lat="33.47515" lon="-111.62449">
        <ele>598.4</ele>
      </trkpt>
      <trkpt lat="33.47511" lon="-111.62458">
        <ele>598.0</ele>
      </trkpt>
      <trkpt lat="33.475" lon="-111.62465">
        <ele>597.6</ele>
      </trkpt>
      <trkpt lat="33.47487" lon="-111.62482">
        <ele>597.0</ele>
      </trkpt>
      <trkpt lat="33.47431" lon="-111.62496">
        <ele>596.4</ele>
      </trkpt>
      <trkpt lat="33.47423" lon="-111.62507">
        <ele>595.6</ele>
      </trkpt>
      <trkpt lat="33.47392" lon="-111.62533">
        <ele>594.8</ele>
      </trkpt>
      <trkpt lat="33.473599" lon="-111.6257">
        <ele>594.0</ele>
      </trkpt>
      <trkpt lat="33.47321" lon="-111.62584">
        <ele>593.2</ele>
      </trkpt>
      <trkpt lat="33.472949" lon="-111.62574">
        <ele>592.6</ele>
      </trkpt>
      <trkpt lat="33.47282" lon="-111.62573">
        <ele>592.0</ele>
      </trkpt>
      <trkpt lat="33.47264" lon="-111.62567">
        <ele>591.4</ele>
      </trkpt>
      <trkpt lat="33.47202" lon="-111.62566">
        <ele>590.8</ele>
      </trkpt>
      <trkpt lat="33.47184" lon="-111.62561">
        <ele>590.2</ele>
      </trkpt>
      <trkpt lat="33.47166" lon="-111.62565">
        <ele>589.2</ele>
      </trkpt>
      <trkpt lat="33.47159" lon="-111.62558">
        <ele>588.2</ele>
      </trkpt>
      <trkpt lat="33.47103" lon="-111.62524">
        <ele>587.2</ele>
      </trkpt>
      <trkpt lat="33.47073" lon="-111.62509">
        <ele>586.4</ele>
      </trkpt>
      <trkpt lat="33.47041" lon="-111.62506">
        <ele>585.6</ele>
      </trkpt>
      <trkpt lat="33.470039" lon="-111.62484">
        <ele>585.0</ele>
      </trkpt>
      <trkpt lat="33.46987" lon="-111.62449">
        <ele>584.6</ele>
      </trkpt>
      <trkpt lat="33.46973" lon="-111.62429">
        <ele>584.2</ele>
      </trkpt>
      <trkpt lat="33.46958" lon="-111.62418">
        <ele>583.8</ele>
      </trkpt>
      <trkpt lat="33.46942" lon="-111.62398">
        <ele>583.2</ele>
      </trkpt>
      <trkpt lat="33.46929" lon="-111.62395">
        <ele>582.6</ele>
      </trkpt>
      <trkpt lat="33.468829" lon="-111.62367">
        <ele>582.2</ele>
      </trkpt>
      <trkpt lat="33.46868" lon="-111.62354">
        <ele>582.0</ele>
      </trkpt>
      <trkpt lat="33.468539" lon="-111.62333">
        <ele>581.8</ele>
      </trkpt>
      <trkpt lat="33.46844" lon="-111.62296">
        <ele>581.8</ele>
      </trkpt>
      <trkpt lat="33.46829" lon="-111.62281">
        <ele>582.0</ele>
      </trkpt>
      <trkpt lat="33.46821" lon="-111.62261">
        <ele>582.0</ele>
      </trkpt>
      <trkpt lat="33.46819" lon="-111.62245">
        <ele>581.8</ele>
      </trkpt>
      <trkpt lat="33.46813" lon="-111.62236">
        <ele>581.4</ele>
      </trkpt>
      <trkpt lat="33.46799" lon="-111.62228">
        <ele>580.8</ele>
      </trkpt>
      <trkpt lat="33.46779" lon="-111.62227">
        <ele>580.2</ele>
      </trkpt>
      <trkpt lat="33.46757" lon="-111.62236">
        <ele>579.4</ele>
      </trkpt>
      <trkpt lat="33.46748" lon="-111.62234">
        <ele>578.4</ele>
      </trkpt>
      <trkpt lat="33.46718" lon="-111.62213">
        <ele>577.6</ele>
      </trkpt>
      <trkpt lat="33.46669" lon="-111.6222">
        <ele>577.0</ele>
      </trkpt>
      <trkpt lat="33.4665" lon="-111.62207">
        <ele>576.2</ele>
      </trkpt>
      <trkpt lat="33.46618" lon="-111.62194">
        <ele>575.4</ele>
      </trkpt>
      <trkpt lat="33.466009" lon="-111.62183">
        <ele>574.8</ele>
      </trkpt>
      <trkpt lat="33.46584" lon="-111.62179">
        <ele>574.2</ele>
      </trkpt>
      <trkpt lat="33.46573" lon="-111.62187">
        <ele>573.4</ele>
      </trkpt>
      <trkpt lat="33.46546" lon="-111.62193">
        <ele>572.6</ele>
      </trkpt>
      <trkpt lat="33.46524" lon="-111.62191">
        <ele>571.8</ele>
      </trkpt>
      <trkpt lat="33.465089" lon="-111.62193">
        <ele>571.2</ele>
      </trkpt>
      <trkpt lat="33.46493" lon="-111.622">
        <ele>570.6</ele>
      </trkpt>
      <trkpt lat="33.4647" lon="-111.62224">
        <ele>570.0</ele>
      </trkpt>
      <trkpt lat="33.46446" lon="-111.62227">
        <ele>569.4</ele>
      </trkpt>
      <trkpt lat="33.46418" lon="-111.62237">
        <ele>568.8</ele>
      </trkpt>
      <trkpt lat="33.46356" lon="-111.62221">
        <ele>568.2</ele>
      </trkpt>
      <trkpt lat="33.46336" lon="-111.62203">
        <ele>567.2</ele>
      </trkpt>
      <trkpt lat="33.46327" lon="-111.622">
        <ele>566.2</ele>
      </trkpt>
      <trkpt lat="33.46271" lon="-111.62215">
        <ele>565.4</ele>
      </trkpt>
      <trkpt lat="33.46231" lon="-111.62187">
        <ele>564.8</ele>
      </trkpt>
      <trkpt lat="33.46222" lon="-111.62171">
        <ele>564.2</ele>
      </trkpt>
      <trkpt lat="33.46222" lon="-111.62148">
        <ele>564.0</ele>
      </trkpt>
      <trkpt lat="33.462139" lon="-111.62136">
        <ele>563.8</ele>
      </trkpt>
      <trkpt lat="33.462086" lon="-111.621327">
        <ele>563.2</ele>
      </trkpt>
      <trkpt lat="33.46184" lon="-111.62169">
        <ele>562.6</ele>
      </trkpt>
      <trkpt lat="33.46137" lon="-111.62146">
        <ele>562.0</ele>
      </trkpt>
      <trkpt lat="33.46103" lon="-111.62142">
        <ele>561.4</ele>
      </trkpt>
      <trkpt lat="33.46083" lon="-111.62129">
        <ele>561.0</ele>
      </trkpt>
      <trkpt lat="33.46058" lon="-111.6209">
        <ele>560.8</ele>
      </trkpt>
      <trkpt lat="33.46038" lon="-111.62084">
        <ele>560.2</ele>
      </trkpt>
      <trkpt lat="33.46018" lon="-111.62097">
        <ele>559.2</ele>
      </trkpt>
      <trkpt lat="33.459699" lon="-111.62101">
        <ele>558.0</ele>
      </trkpt>
      <trkpt lat="33.45917" lon="-111.62065">
        <ele>556.6</ele>
      </trkpt>
      <trkpt lat="33.458579" lon="-111.62068">
        <ele>555.4</ele>
      </trkpt>
      <trkpt lat="33.45846" lon="-111.62074">
        <ele>554.6</ele>
      </trkpt>
      <trkpt lat="33.45816" lon="-111.62074">
        <ele>554.0</ele>
      </trkpt>
      <trkpt lat="33.45815" lon="-111.62087">
        <ele>553.4</ele>
      </trkpt>
      <trkpt lat="33.45808" lon="-111.62103">
        <ele>553.0</ele>
      </trkpt>
      <trkpt lat="33.45791" lon="-111.62112">
        <ele>552.6</ele>
      </trkpt>
      <trkpt lat="33.457729" lon="-111.62112">
        <ele>552.0</ele>
      </trkpt>
      <trkpt lat="33.4575" lon="-111.62122">
        <ele>551.6</ele>
      </trkpt>
      <trkpt lat="33.45693" lon="-111.62092">
        <ele>551.2</ele>
      </trkpt>
      <trkpt lat="33.45675" lon="-111.62071">
        <ele>550.8</ele>
      </trkpt>
      <trkpt lat="33.45665" lon="-111.62048">
        <ele>550.2</ele>
      </trkpt>
      <trkpt lat="33.45637" lon="-111.6204">
        <ele>549.8</ele>
      </trkpt>
      <trkpt lat="33.45624" lon="-111.62031">
        <ele>549.4</ele>
      </trkpt>
      <trkpt lat="33.45609" lon="-111.6203">
        <ele>549.0</ele>
      </trkpt>
      <trkpt lat="33.45584" lon="-111.62011">
        <ele>548.4</ele>
      </trkpt>
      <trkpt lat="33.45555" lon="-111.61982">
        <ele>548.0</ele>
      </trkpt>
      <trkpt lat="33.45526" lon="-111.61973">
        <ele>547.6</ele>
      </trkpt>
      <trkpt lat="33.45516" lon="-111.61967">
        <ele>547.2</ele>
      </trkpt>
      <trkpt lat="33.45503" lon="-111.6195">
        <ele>547.2</ele>
      </trkpt>
      <trkpt lat="33.455199" lon="-111.61921">
        <ele>547.4</ele>
      </trkpt>
      <trkpt lat="33.45537" lon="-111.6191">
        <ele>547.6</ele>
      </trkpt>
      <trkpt lat="33.45547" lon="-111.61899">
        <ele>548.0</ele>
      </trkpt>
      <trkpt lat="33.45573" lon="-111.61887">
        <ele>548.6</ele>
      </trkpt>
      <trkpt lat="33.45604" lon="-111.61887">
        <ele>549.0</ele>
      </trkpt>
      <trkpt lat="33.45631" lon="-111.61879">
        <ele>549.6</ele>
      </trkpt>
      <trkpt lat="33.45647" lon="-111.61866">
        <ele>550.2</ele>
      </trkpt>
      <trkpt lat="33.45669" lon="-111.61865">
        <ele>550.8</ele>
      </trkpt>
      <trkpt lat="33.45686" lon="-111.61858">
        <ele>551.2</ele>
      </trkpt>
      <trkpt lat="33.45704" lon="-111.61855">
        <ele>551.8</ele>
      </trkpt>
      <trkpt lat="33.45747" lon="-111.61861">
        <ele>552.4</ele>
      </trkpt>
      <trkpt lat="33.45771" lon="-111.61868">
        <ele>553.2</ele>
      </trkpt>
      <trkpt lat="33.45783" lon="-111.61868">
        <ele>553.8</ele>
      </trkpt>
      <trkpt lat="33.45823" lon="-111.61859">
        <ele>554.4</ele>
      </trkpt>
      <trkpt lat="33.45835" lon="-111.61863">
        <ele>554.8</ele>
      </trkpt>
      <trkpt lat="33.45843" lon="-111.6186">
        <ele>555.0</ele>
      </trkpt>
      <trkpt lat="33.45857" lon="-111.61842">
        <ele>555.0</ele>
      </trkpt>
      <trkpt lat="33.45861" lon="-111.6183">
        <ele>554.8</ele>
      </trkpt>
      <trkpt lat="33.458602" lon="-111.617727">
        <ele>554.6</ele>
      </trkpt>
      <trkpt lat="33.45844" lon="-111.61778">
        <ele>554.4</ele>
      </trkpt>
      <trkpt lat="33.458289" lon="-111.61777">
        <ele>554.0</ele>
      </trkpt>
      <trkpt lat="33.45805" lon="-111.61793">
        <ele>553.6</ele>
      </trkpt>
      <trkpt lat="33.457929" lon="-111.61791">
        <ele>553.2</ele>
      </trkpt>
      <trkpt lat="33.45778" lon="-111.61799">
        <ele>552.8</ele>
      </trkpt>
      <trkpt lat="33.45727" lon="-111.61795">
        <ele>552.2</ele>
      </trkpt>
      <trkpt lat="33.45725" lon="-111.61761">
        <ele>551.8</ele>
      </trkpt>
      <trkpt lat="33.45697" lon="-111.6172">
        <ele>551.2</ele>
      </trkpt>
      <trkpt lat="33.45687" lon="-111.61719">
        <ele>550.8</ele>
      </trkpt>
      <trkpt lat="33.45678" lon="-111.61726">
        <ele>550.2</ele>
      </trkpt>
      <trkpt lat="33.45664" lon="-111.61724">
        <ele>549.6</ele>
      </trkpt>
      <trkpt lat="33.456339" lon="-111.61703">
        <ele>549.0</ele>
      </trkpt>
      <trkpt lat="33.45579" lon="-111.6173">
        <ele>548.4</ele>
      </trkpt>
      <trkpt lat="33.45562" lon="-111.61742">
        <ele>547.6</ele>
      </trkpt>
      <trkpt lat="33.45516" lon="-111.61744">
        <ele>547.0</ele>
      </trkpt>
      <trkpt lat="33.454839" lon="-111.61736">
        <ele>546.4</ele>
      </trkpt>
      <trkpt lat="33.454479" lon="-111.61738">
        <ele>545.6</ele>
      </trkpt>
      <trkpt lat="33.45434" lon="-111.61734">
        <ele>544.8</ele>
      </trkpt>
      <trkpt lat="33.45398" lon="-111.61745">
        <ele>544.2</ele>
      </trkpt>
      <trkpt lat="33.45369" lon="-111.61759">
        <ele>543.6</ele>
      </trkpt>
      <trkpt lat="33.45339" lon="-111.6176">
        <ele>543.0</ele>
      </trkpt>
      <trkpt lat="33.4532" lon="-111.61731">
        <ele>542.6</ele>
      </trkpt>
      <trkpt lat="33.452869" lon="-111.61689">
        <ele>542.4</ele>
      </trkpt>
      <trkpt lat="33.45291" lon="-111.61669">
        <ele>541.6</ele>
      </trkpt>
      <trkpt lat="33.45281" lon="-111.61647">
        <ele>540.8</ele>
      </trkpt>
      <trkpt lat="33.45248" lon="-111.61601">
        <ele>540.2</ele>
      </trkpt>
      <trkpt lat="33.4523" lon="-111.61566">
        <ele>539.6</ele>
      </trkpt>
      <trkpt lat="33.45215" lon="-111.6153">
        <ele>539.0</ele>
      </trkpt>
      <trkpt lat="33.45212" lon="-111.60965">
        <ele>539.0</ele>
      </trkpt>
      <trkpt lat="33.452219" lon="-111.609403">
        <ele>539.0</ele>
      </trkpt>
      <trkpt lat="33.45224" lon="-111.608216">
        <ele>538.8</ele>
      </trkpt>
      <trkpt lat="33.452219" lon="-111.604117">
        <ele>538.8</ele>
      </trkpt>
      <trkpt lat="33.452281" lon="-111.604041">
        <ele>538.8</ele>
      </trkpt>
      <trkpt lat="33.452486" lon="-111.603932">
        <ele>538.2</ele>
      </trkpt>
      <trkpt lat="33.452543" lon="-111.603763">
        <ele>537.4</ele>
      </trkpt>
      <trkpt lat="33.452437" lon="-111.603081">
        <ele>537.0</ele>
      </trkpt>
      <trkpt lat="33.452306" lon="-111.602845">
        <ele>536.4</ele>
      </trkpt>
      <trkpt lat="33.452309" lon="-111.599541">
        <ele>535.8</ele>
      </trkpt>
      <trkpt lat="33.452328" lon="-111.599129">
        <ele>535.8</ele>
      </trkpt>
      <trkpt lat="33.452388" lon="-111.598709">
        <ele>536.0</ele>
      </trkpt>
      <trkpt lat="33.452516" lon="-111.598431">
        <ele>535.8</ele>
      </trkpt>
      <trkpt lat="33.452568" lon="-111.59815">
        <ele>535.4</ele>
      </trkpt>
      <trkpt lat="33.452515" lon="-111.597913">
        <ele>535.2</ele>
      </trkpt>
      <trkpt lat="33.452568" lon="-111.597439">
        <ele>534.8</ele>
      </trkpt>
      <trkpt lat="33.452527" lon="-111.596735">
        <ele>534.4</ele>
      </trkpt>
      <trkpt lat="33.452464" lon="-111.596666">
        <ele>534.4</ele>
      </trkpt>
      <trkpt lat="33.452399" lon="-111.596438">
        <ele>534.6</ele>
      </trkpt>
      <trkpt lat="33.452385" lon="-111.596293">
        <ele>534.6</ele>
      </trkpt>
      <trkpt lat="33.452401" lon="-111.596155">
        <ele>535.0</ele>
      </trkpt>
      <trkpt lat="33.452539" lon="-111.595929">
        <ele>535.4</ele>
      </trkpt>
      <trkpt lat="33.452455" lon="-111.595495">
        <ele>535.4</ele>
      </trkpt>
      <trkpt lat="33.452385" lon="-111.595376">
        <ele>535.4</ele>
      </trkpt>
      <trkpt lat="33.452109" lon="-111.595135">
        <ele>535.2</ele>
      </trkpt>
      <trkpt lat="33.45205" lon="-111.595052">
        <ele>534.8</ele>
      </trkpt>
      <trkpt lat="33.451666" lon="-111.595057">
        <ele>534.2</ele>
      </trkpt>
      <trkpt lat="33.451497" lon="-111.595035">
        <ele>533.6</ele>
      </trkpt>
      <trkpt lat="33.450984" lon="-111.594745">
        <ele>533.0</ele>
      </trkpt>
      <trkpt lat="33.450449" lon="-111.594718">
        <ele>532.6</ele>
      </trkpt>
      <trkpt lat="33.450266" lon="-111.594746">
        <ele>532.0</ele>
      </trkpt>
      <trkpt lat="33.449905" lon="-111.594761">
        <ele>531.4</ele>
      </trkpt>
      <trkpt lat="33.449702" lon="-111.594745">
        <ele>531.2</ele>
      </trkpt>
      <trkpt lat="33.449375" lon="-111.594534">
        <ele>531.0</ele>
      </trkpt>
      <trkpt lat="33.449396" lon="-111.594319">
        <ele>530.6</ele>
      </trkpt>
      <trkpt lat="33.449384" lon="-111.594047">
        <ele>530.4</ele>
      </trkpt>
      <trkpt lat="33.449402" lon="-111.593864">
        <ele>530.4</ele>
      </trkpt>
      <trkpt lat="33.44936" lon="-111.59318">
        <ele>530.2</ele>
      </trkpt>
      <trkpt lat="33.44939" lon="-111.59264">
        <ele>530.0</ele>
      </trkpt>
      <trkpt lat="33.44935" lon="-111.59248">
        <ele>530.0</ele>
      </trkpt>
      <trkpt lat="33.44935" lon="-111.5923">
        <ele>530.0</ele>
      </trkpt>
      <trkpt lat="33.44927" lon="-111.5922">
        <ele>530.0</ele>
      </trkpt>
      <trkpt lat="33.44914" lon="-111.59195">
        <ele>530.0</ele>
      </trkpt>
      <trkpt lat="33.448909" lon="-111.59178">
        <ele>529.8</ele>
      </trkpt>
      <trkpt lat="33.44872" lon="-111.59159">
        <ele>529.6</ele>
      </trkpt>
      <trkpt lat="33.44861" lon="-111.59153">
        <ele>529.2</ele>
      </trkpt>
      <trkpt lat="33.4485" lon="-111.59152">
        <ele>528.6</ele>
      </trkpt>
      <trkpt lat="33.44821" lon="-111.59132">
        <ele>528.0</ele>
      </trkpt>
      <trkpt lat="33.44805" lon="-111.59128">
        <ele>527.6</ele>
      </trkpt>
      <trkpt lat="33.44783" lon="-111.59114">
        <ele>527.2</ele>
      </trkpt>
      <trkpt lat="33.44768" lon="-111.5911">
        <ele>526.8</ele>
      </trkpt>
      <trkpt lat="33.44751" lon="-111.5909">
        <ele>526.4</ele>
      </trkpt>
      <trkpt lat="33.447429" lon="-111.59072">
        <ele>526.0</ele>
      </trkpt>
      <trkpt lat="33.447229" lon="-111.5906">
        <ele>525.4</ele>
      </trkpt>
      <trkpt lat="33.447" lon="-111.59055">
        <ele>524.8</ele>
      </trkpt>
      <trkpt lat="33.44692" lon="-111.59049">
        <ele>524.4</ele>
      </trkpt>
      <trkpt lat="33.446689" lon="-111.59046">
        <ele>524.0</ele>
      </trkpt>
      <trkpt lat="33.44635" lon="-111.59033">
        <ele>523.2</ele>
      </trkpt>
      <trkpt lat="33.44607" lon="-111.58993">
        <ele>522.6</ele>
      </trkpt>
      <trkpt lat="33.44549" lon="-111.58974">
        <ele>522.0</ele>
      </trkpt>
      <trkpt lat="33.44538" lon="-111.58975">
        <ele>521.4</ele>
      </trkpt>
      <trkpt lat="33.445259" lon="-111.58968">
        <ele>521.0</ele>
      </trkpt>
      <trkpt lat="33.445079" lon="-111.58947">
        <ele>521.2</ele>
      </trkpt>
      <trkpt lat="33.445059" lon="-111.58937">
        <ele>521.6</ele>
      </trkpt>
      <trkpt lat="33.44533" lon="-111.589">
        <ele>522.0</ele>
      </trkpt>
      <trkpt lat="33.445369" lon="-111.58886">
        <ele>522.6</ele>
      </trkpt>
      <trkpt lat="33.44533" lon="-111.58866">
        <ele>523.2</ele>
      </trkpt>
      <trkpt lat="33.44536" lon="-111.58853">
        <ele>523.2</ele>
      </trkpt>
      <trkpt lat="33.44531" lon="-111.58834">
        <ele>523.2</ele>
      </trkpt>
      <trkpt lat="33.44536" lon="-111.58734">
        <ele>523.4</ele>
      </trkpt>
      <trkpt lat="33.445439" lon="-111.5872">
        <ele>523.4</ele>
      </trkpt>
      <trkpt lat="33.44568" lon="-111.58711">
        <ele>523.4</ele>
      </trkpt>
      <trkpt lat="33.44563" lon="-111.587">
        <ele>523.8</ele>
      </trkpt>
      <trkpt lat="33.445639" lon="-111.5869">
        <ele>524.0</ele>
      </trkpt>
      <trkpt lat="33.44576" lon="-111.58669">
        <ele>524.0</ele>
      </trkpt>
      <trkpt lat="33.445659" lon="-111.58601">
        <ele>524.0</ele>
      </trkpt>
      <trkpt lat="33.44567" lon="-111.58586">
        <ele>524.0</ele>
      </trkpt>
      <trkpt lat="33.44563" lon="-111.58549">
        <ele>524.0</ele>
      </trkpt>
      <trkpt lat="33.44565" lon="-111.58533">
        <ele>524.0</ele>
      </trkpt>
      <trkpt lat="33.445639" lon="-111.58505">
        <ele>524.0</ele>
      </trkpt>
      <trkpt lat="33.44587" lon="-111.58464">
        <ele>524.4</ele>
      </trkpt>
      <trkpt lat="33.44588" lon="-111.58442">
        <ele>525.0</ele>
      </trkpt>
      <trkpt lat="33.44606" lon="-111.58382">
        <ele>525.6</ele>
      </trkpt>
      <trkpt lat="33.446227" lon="-111.583697">
        <ele>526.2</ele>
      </trkpt>
      <trkpt lat="33.446246" lon="-111.583653">
        <ele>526.8</ele>
      </trkpt>
      <trkpt lat="33.446353" lon="-111.583727">
        <ele>527.0</ele>
      </trkpt>
      <trkpt lat="33.446548" lon="-111.583929">
        <ele>527.0</ele>
      </trkpt>
      <trkpt lat="33.446593" lon="-111.584239">
        <ele>527.0</ele>
      </trkpt>
      <trkpt lat="33.44665" lon="-111.58435">
        <ele>527.2</ele>
      </trkpt>
      <trkpt lat="33.44688" lon="-111.58439">
        <ele>527.6</ele>
      </trkpt>
      <trkpt lat="33.44713" lon="-111.58431">
        <ele>528.0</ele>
      </trkpt>
      <trkpt lat="33.44753" lon="-111.5844">
        <ele>528.6</ele>
      </trkpt>
      <trkpt lat="33.4476" lon="-111.58438">
        <ele>529.2</ele>
      </trkpt>
      <trkpt lat="33.4478" lon="-111.58442">
        <ele>529.6</ele>
      </trkpt>
      <trkpt lat="33.447969" lon="-111.58463">
        <ele>529.8</ele>
      </trkpt>
      <trkpt lat="33.44804" lon="-111.58463">
        <ele>530.2</ele>
      </trkpt>
      <trkpt lat="33.44833" lon="-111.58445">
        <ele>530.8</ele>
      </trkpt>
      <trkpt lat="33.44877" lon="-111.58428">
        <ele>531.4</ele>
      </trkpt>
      <trkpt lat="33.44921" lon="-111.58386">
        <ele>532.0</ele>
      </trkpt>
      <trkpt lat="33.44942" lon="-111.58373">
        <ele>532.8</ele>
      </trkpt>
      <trkpt lat="33.44965" lon="-111.58372">
        <ele>533.4</ele>
      </trkpt>
      <trkpt lat="33.44988" lon="-111.58376">
        <ele>534.0</ele>
      </trkpt>
      <trkpt lat="33.45006" lon="-111.58376">
        <ele>534.8</ele>
      </trkpt>
      <trkpt lat="33.45042" lon="-111.58351">
        <ele>535.6</ele>
      </trkpt>
      <trkpt lat="33.45066" lon="-111.58342">
        <ele>536.2</ele>
      </trkpt>
      <trkpt lat="33.45105" lon="-111.58304">
        <ele>537.0</ele>
      </trkpt>
      <trkpt lat="33.45124" lon="-111.583">
        <ele>537.6</ele>
      </trkpt>
      <trkpt lat="33.451439" lon="-111.5827">
        <ele>538.0</ele>
      </trkpt>
      <trkpt lat="33.4516" lon="-111.58235">
        <ele>538.4</ele>
      </trkpt>
      <trkpt lat="33.45174" lon="-111.58226">
        <ele>538.8</ele>
      </trkpt>
      <trkpt lat="33.4519" lon="-111.58222">
        <ele>539.2</ele>
      </trkpt>
      <trkpt lat="33.45197" lon="-111.58241">
        <ele>539.6</ele>
      </trkpt>
      <trkpt lat="33.45208" lon="-111.58242">
        <ele>540.2</ele>
      </trkpt>
      <trkpt lat="33.45228" lon="-111.58234">
        <ele>540.8</ele>
      </trkpt>
      <trkpt lat="33.45259" lon="-111.58226">
        <ele>541.8</ele>
      </trkpt>
      <trkpt lat="33.45275" lon="-111.58215">
        <ele>542.8</ele>
      </trkpt>
      <trkpt lat="33.45315" lon="-111.58206">
        <ele>543.6</ele>
      </trkpt>
      <trkpt lat="33.4534" lon="-111.58196">
        <ele>544.4</ele>
      </trkpt>
      <trkpt lat="33.45355" lon="-111.58193">
        <ele>545.2</ele>
      </trkpt>
      <trkpt lat="33.4536" lon="-111.58197">
        <ele>545.6</ele>
      </trkpt>
      <trkpt lat="33.45367" lon="-111.58213">
        <ele>545.8</ele>
      </trkpt>
      <trkpt lat="33.45375" lon="-111.5822">
        <ele>546.0</ele>
      </trkpt>
      <trkpt lat="33.45393" lon="-111.58217">
        <ele>546.2</ele>
      </trkpt>
      <trkpt lat="33.45407" lon="-111.58204">
        <ele>546.8</ele>
      </trkpt>
      <trkpt lat="33.45422" lon="-111.58202">
        <ele>547.4</ele>
      </trkpt>
      <trkpt lat="33.45454" lon="-111.58189">
        <ele>548.0</ele>
      </trkpt>
      <trkpt lat="33.45468" lon="-111.58202">
        <ele>549.0</ele>
      </trkpt>
      <trkpt lat="33.45506" lon="-111.58202">
        <ele>550.0</ele>
      </trkpt>
      <trkpt lat="33.45541" lon="-111.58194">
        <ele>550.6</ele>
      </trkpt>
      <trkpt lat="33.45583" lon="-111.58178">
        <ele>551.4</ele>
      </trkpt>
      <trkpt lat="33.45595" lon="-111.5817">
        <ele>552.4</ele>
      </trkpt>
      <trkpt lat="33.45624" lon="-111.58137">
        <ele>553.0</ele>
      </trkpt>
      <trkpt lat="33.45642" lon="-111.58137">
        <ele>553.6</ele>
      </trkpt>
      <trkpt lat="33.45686" lon="-111.58146">
        <ele>554.2</ele>
      </trkpt>
      <trkpt lat="33.45694" lon="-111.58145">
        <ele>554.6</ele>
      </trkpt>
      <trkpt lat="33.45715" lon="-111.58156">
        <ele>554.8</ele>
      </trkpt>
      <trkpt lat="33.45725" lon="-111.58165">
        <ele>555.0</ele>
      </trkpt>
      <trkpt lat="33.45734" lon="-111.58191">
        <ele>555.0</ele>
      </trkpt>
      <trkpt lat="33.4576" lon="-111.58212">
        <ele>555.2</ele>
      </trkpt>
      <trkpt lat="33.45767" lon="-111.58221">
        <ele>555.6</ele>
      </trkpt>
      <trkpt lat="33.45776" lon="-111.58252">
        <ele>556.2</ele>
      </trkpt>
      <trkpt lat="33.45785" lon="-111.58268">
        <ele>556.8</ele>
      </trkpt>
      <trkpt lat="33.458199" lon="-111.58251">
        <ele>557.8</ele>
      </trkpt>
      <trkpt lat="33.458399" lon="-111.582501">
        <ele>563.6</ele>
      </trkpt>
      <trkpt lat="33.458407" lon="-111.580613">
        <ele>569.4</ele>
      </trkpt>
      <trkpt lat="33.465742" lon="-111.580632">
        <ele>575.2</ele>
      </trkpt>
      <trkpt lat="33.466306" lon="-111.580978">
        <ele>581.2</ele>
      </trkpt>
      <trkpt lat="33.46664" lon="-111.5809">
        <ele>586.8</ele>
      </trkpt>
      <trkpt lat="33.466848" lon="-111.580912">
        <ele>587.4</ele>
      </trkpt>
      <trkpt lat="33.467052" lon="-111.580953">
        <ele>588.0</ele>
      </trkpt>
      <trkpt lat="33.467179" lon="-111.581014">
        <ele>588.6</ele>
      </trkpt>
      <trkpt lat="33.467333" lon="-111.581015">
        <ele>589.2</ele>
      </trkpt>
      <trkpt lat="33.467516" lon="-111.580879">
        <ele>589.6</ele>
      </trkpt>
      <trkpt lat="33.467579" lon="-111.5807">
        <ele>590.0</ele>
      </trkpt>
      <trkpt lat="33.46764" lon="-111.57988">
        <ele>590.0</ele>
      </trkpt>
      <trkpt lat="33.46761" lon="-111.57963">
        <ele>589.8</ele>
      </trkpt>
      <trkpt lat="33.46763" lon="-111.57943">
        <ele>589.2</ele>
      </trkpt>
      <trkpt lat="33.46761" lon="-111.57922">
        <ele>588.8</ele>
      </trkpt>
      <trkpt lat="33.46766" lon="-111.57907">
        <ele>588.2</ele>
      </trkpt>
      <trkpt lat="33.46759" lon="-111.57882">
        <ele>588.6</ele>
      </trkpt>
      <trkpt lat="33.46765" lon="-111.57836">
        <ele>589.2</ele>
      </trkpt>
      <trkpt lat="33.46764" lon="-111.57797">
        <ele>589.8</ele>
      </trkpt>
      <trkpt lat="33.46768" lon="-111.57775">
        <ele>590.4</ele>
      </trkpt>
      <trkpt lat="33.46761" lon="-111.57747">
        <ele>591.6</ele>
      </trkpt>
      <trkpt lat="33.46764" lon="-111.57719">
        <ele>591.6</ele>
      </trkpt>
      <trkpt lat="33.46755" lon="-111.57666">
        <ele>591.2</ele>
      </trkpt>
      <trkpt lat="33.46748" lon="-111.57658">
        <ele>590.6</ele>
      </trkpt>
      <trkpt lat="33.46734" lon="-111.5765">
        <ele>590.0</ele>
      </trkpt>
      <trkpt lat="33.46707" lon="-111.57619">
        <ele>588.8</ele>
      </trkpt>
      <trkpt lat="33.46712" lon="-111.57612">
        <ele>588.0</ele>
      </trkpt>
      <trkpt lat="33.4671" lon="-111.57607">
        <ele>587.2</ele>
      </trkpt>
      <trkpt lat="33.46712" lon="-111.57599">
        <ele>587.4</ele>
      </trkpt>
      <trkpt lat="33.46709" lon="-111.57581">
        <ele>586.6</ele>
      </trkpt>
      <trkpt lat="33.46711" lon="-111.57566">
        <ele>587.2</ele>
      </trkpt>
      <trkpt lat="33.46694" lon="-111.5755">
        <ele>586.8</ele>
      </trkpt>
      <trkpt lat="33.46697" lon="-111.5754">
        <ele>586.8</ele>
      </trkpt>
      <trkpt lat="33.46694" lon="-111.57529">
        <ele>586.8</ele>
      </trkpt>
      <trkpt lat="33.46694" lon="-111.57513">
        <ele>587.8</ele>
      </trkpt>
      <trkpt lat="33.46687" lon="-111.57494">
        <ele>588.0</ele>
      </trkpt>
      <trkpt lat="33.466839" lon="-111.57475">
        <ele>589.0</ele>
      </trkpt>
      <trkpt lat="33.46691" lon="-111.57464">
        <ele>590.2</ele>
      </trkpt>
      <trkpt lat="33.46691" lon="-111.57433">
        <ele>590.8</ele>
      </trkpt>
      <trkpt lat="33.46698" lon="-111.57429">
        <ele>593.0</ele>
      </trkpt>
      <trkpt lat="33.46705" lon="-111.57408">
        <ele>593.8</ele>
      </trkpt>
      <trkpt lat="33.46727" lon="-111.57399">
        <ele>595.4</ele>
      </trkpt>
      <trkpt lat="33.46736" lon="-111.57386">
        <ele>596.6</ele>
      </trkpt>
      <trkpt lat="33.4677" lon="-111.5737">
        <ele>597.8</ele>
      </trkpt>
      <trkpt lat="33.46783" lon="-111.57368">
        <ele>599.2</ele>
      </trkpt>
      <trkpt lat="33.4679" lon="-111.5737">
        <ele>601.0</ele>
      </trkpt>
      <trkpt lat="33.46838" lon="-111.57403">
        <ele>602.6</ele>
      </trkpt>
      <trkpt lat="33.46866" lon="-111.57395">
        <ele>603.4</ele>
      </trkpt>
      <trkpt lat="33.46871" lon="-111.57386">
        <ele>603.8</ele>
      </trkpt>
      <trkpt lat="33.46857" lon="-111.57348">
        <ele>602.0</ele>
      </trkpt>
      <trkpt lat="33.46871" lon="-111.57308">
        <ele>600.4</ele>
      </trkpt>
      <trkpt lat="33.46855" lon="-111.57304">
        <ele>598.6</ele>
      </trkpt>
      <trkpt lat="33.46839" lon="-111.57304">
        <ele>597.8</ele>
      </trkpt>
      <trkpt lat="33.46831" lon="-111.57299">
        <ele>597.4</ele>
      </trkpt>
      <trkpt lat="33.46828" lon="-111.57289">
        <ele>597.4</ele>
      </trkpt>
      <trkpt lat="33.46833" lon="-111.57272">
        <ele>597.8</ele>
      </trkpt>
      <trkpt lat="33.46831" lon="-111.57265">
        <ele>598.2</ele>
      </trkpt>
      <trkpt lat="33.46824" lon="-111.57257">
        <ele>598.4</ele>
      </trkpt>
      <trkpt lat="33.46823" lon="-111.5725">
        <ele>598.8</ele>
      </trkpt>
      <trkpt lat="33.4683" lon="-111.57237">
        <ele>599.6</ele>
      </trkpt>
      <trkpt lat="33.46826" lon="-111.57217">
        <ele>600.6</ele>
      </trkpt>
      <trkpt lat="33.468429" lon="-111.57192">
        <ele>601.2</ele>
      </trkpt>
      <trkpt lat="33.46844" lon="-111.5717">
        <ele>601.8</ele>
      </trkpt>
      <trkpt lat="33.46851" lon="-111.57154">
        <ele>602.4</ele>
      </trkpt>
      <trkpt lat="33.46844" lon="-111.57143">
        <ele>603.4</ele>
      </trkpt>
      <trkpt lat="33.46866" lon="-111.57118">
        <ele>604.4</ele>
      </trkpt>
      <trkpt lat="33.46873" lon="-111.5709">
        <ele>605.8</ele>
      </trkpt>
      <trkpt lat="33.468809" lon="-111.57078">
        <ele>607.8</ele>
      </trkpt>
      <trkpt lat="33.46885" lon="-111.57077">
        <ele>609.4</ele>
      </trkpt>
      <trkpt lat="33.46909" lon="-111.57115">
        <ele>610.0</ele>
      </trkpt>
      <trkpt lat="33.46922" lon="-111.57151">
        <ele>611.0</ele>
      </trkpt>
      <trkpt lat="33.469369" lon="-111.57165">
        <ele>612.4</ele>
      </trkpt>
      <trkpt lat="33.46947" lon="-111.57163">
        <ele>613.8</ele>
      </trkpt>
      <trkpt lat="33.46958" lon="-111.57135">
        <ele>616.2</ele>
      </trkpt>
      <trkpt lat="33.46958" lon="-111.57111">
        <ele>618.8</ele>
      </trkpt>
      <trkpt lat="33.469839" lon="-111.57092">
        <ele>621.0</ele>
      </trkpt>
      <trkpt lat="33.46987" lon="-111.57072">
        <ele>622.6</ele>
      </trkpt>
      <trkpt lat="33.46994" lon="-111.57055">
        <ele>623.6</ele>
      </trkpt>
      <trkpt lat="33.469929" lon="-111.57041">
        <ele>624.6</ele>
      </trkpt>
      <trkpt lat="33.46996" lon="-111.57036">
        <ele>626.0</ele>
      </trkpt>
      <trkpt lat="33.47014" lon="-111.57025">
        <ele>627.6</ele>
      </trkpt>
      <trkpt lat="33.47032" lon="-111.56997">
        <ele>629.4</ele>
      </trkpt>
      <trkpt lat="33.47041" lon="-111.56993">
        <ele>631.2</ele>
      </trkpt>
      <trkpt lat="33.47044" lon="-111.56985">
        <ele>631.8</ele>
      </trkpt>
      <trkpt lat="33.47041" lon="-111.56981">
        <ele>631.4</ele>
      </trkpt>
      <trkpt lat="33.47029" lon="-111.56978">
        <ele>631.4</ele>
      </trkpt>
      <trkpt lat="33.4702" lon="-111.56971">
        <ele>631.6</ele>
      </trkpt>
      <trkpt lat="33.47017" lon="-111.56951">
        <ele>631.6</ele>
      </trkpt>
      <trkpt lat="33.4703" lon="-111.56942">
        <ele>631.8</ele>
      </trkpt>
      <trkpt lat="33.470309" lon="-111.56932">
        <ele>632.6</ele>
      </trkpt>
      <trkpt lat="33.47027" lon="-111.56923">
        <ele>634.0</ele>
      </trkpt>
      <trkpt lat="33.47032" lon="-111.56913">
        <ele>635.8</ele>
      </trkpt>
      <trkpt lat="33.47068" lon="-111.56896">
        <ele>638.0</ele>
      </trkpt>
      <trkpt lat="33.4707" lon="-111.56855">
        <ele>640.8</ele>
      </trkpt>
      <trkpt lat="33.47082" lon="-111.56802">
        <ele>643.8</ele>
      </trkpt>
      <trkpt lat="33.47079" lon="-111.56776">
        <ele>645.2</ele>
      </trkpt>
      <trkpt lat="33.47073" lon="-111.56767">
        <ele>646.2</ele>
      </trkpt>
      <trkpt lat="33.47052" lon="-111.5675">
        <ele>647.4</ele>
      </trkpt>
      <trkpt lat="33.4705" lon="-111.5674">
        <ele>648.6</ele>
      </trkpt>
      <trkpt lat="33.47056" lon="-111.56731">
        <ele>649.8</ele>
      </trkpt>
      <trkpt lat="33.47063" lon="-111.56729">
        <ele>651.4</ele>
      </trkpt>
      <trkpt lat="33.47075" lon="-111.5671">
        <ele>652.8</ele>
      </trkpt>
      <trkpt lat="33.47097" lon="-111.56697">
        <ele>653.4</ele>
      </trkpt>
      <trkpt lat="33.47099" lon="-111.56685">
        <ele>654.6</ele>
      </trkpt>
      <trkpt lat="33.470959" lon="-111.56679">
        <ele>655.0</ele>
      </trkpt>
      <trkpt lat="33.4707" lon="-111.56664">
        <ele>655.2</ele>
      </trkpt>
      <trkpt lat="33.47016" lon="-111.56656">
        <ele>655.6</ele>
      </trkpt>
      <trkpt lat="33.47007" lon="-111.56643">
        <ele>657.4</ele>
      </trkpt>
      <trkpt lat="33.47005" lon="-111.56617">
        <ele>657.2</ele>
      </trkpt>
      <trkpt lat="33.470019" lon="-111.5661">
        <ele>657.6</ele>
      </trkpt>
      <trkpt lat="33.46967" lon="-111.56601">
        <ele>656.6</ele>
      </trkpt>
      <trkpt lat="33.4694" lon="-111.56581">
        <ele>656.2</ele>
      </trkpt>
      <trkpt lat="33.46917" lon="-111.56582">
        <ele>654.2</ele>
      </trkpt>
      <trkpt lat="33.469141" lon="-111.56575">
        <ele>653.0</ele>
      </trkpt>
      <trkpt lat="33.469198" lon="-111.565579">
        <ele>651.4</ele>
      </trkpt>
      <trkpt lat="33.469177" lon="-111.565521">
        <ele>650.6</ele>
      </trkpt>
      <trkpt lat="33.4692" lon="-111.56513">
        <ele>648.4</ele>
      </trkpt>
      <trkpt lat="33.46917" lon="-111.56499">
        <ele>646.6</ele>
      </trkpt>
      <trkpt lat="33.46904" lon="-111.56514">
        <ele>644.4</ele>
      </trkpt>
      <trkpt lat="33.469" lon="-111.56513">
        <ele>642.4</ele>
      </trkpt>
      <trkpt lat="33.46894" lon="-111.56496">
        <ele>641.0</ele>
      </trkpt>
      <trkpt lat="33.46891" lon="-111.56494">
        <ele>640.0</ele>
      </trkpt>
      <trkpt lat="33.46885" lon="-111.56503">
        <ele>639.0</ele>
      </trkpt>
      <trkpt lat="33.46885" lon="-111.56509">
        <ele>638.4</ele>
      </trkpt>
      <trkpt lat="33.468809" lon="-111.56514">
        <ele>637.4</ele>
      </trkpt>
      <trkpt lat="33.46878" lon="-111.56533">
        <ele>636.4</ele>
      </trkpt>
      <trkpt lat="33.46864" lon="-111.56518">
        <ele>635.0</ele>
      </trkpt>
      <trkpt lat="33.4686" lon="-111.56519">
        <ele>632.6</ele>
      </trkpt>
      <trkpt lat="33.46858" lon="-111.56557">
        <ele>630.8</ele>
      </trkpt>
      <trkpt lat="33.468519" lon="-111.56573">
        <ele>629.6</ele>
      </trkpt>
      <trkpt lat="33.46842" lon="-111.56569">
        <ele>628.0</ele>
      </trkpt>
      <trkpt lat="33.46828" lon="-111.56556">
        <ele>626.4</ele>
      </trkpt>
      <trkpt lat="33.46823" lon="-111.56555">
        <ele>625.6</ele>
      </trkpt>
      <trkpt lat="33.4681" lon="-111.56547">
        <ele>624.2</ele>
      </trkpt>
      <trkpt lat="33.467959" lon="-111.56526">
        <ele>622.8</ele>
      </trkpt>
      <trkpt lat="33.468" lon="-111.56514">
        <ele>621.8</ele>
      </trkpt>
      <trkpt lat="33.46806" lon="-111.56509">
        <ele>620.8</ele>
      </trkpt>
      <trkpt lat="33.46806" lon="-111.56503">
        <ele>620.0</ele>
      </trkpt>
      <trkpt lat="33.468" lon="-111.56498">
        <ele>619.4</ele>
      </trkpt>
      <trkpt lat="33.46794" lon="-111.56496">
        <ele>618.8</ele>
      </trkpt>
      <trkpt lat="33.46788" lon="-111.56488">
        <ele>618.2</ele>
      </trkpt>
      <trkpt lat="33.4679" lon="-111.56477">
        <ele>617.6</ele>
      </trkpt>
      <trkpt lat="33.46786" lon="-111.56472">
        <ele>616.2</ele>
      </trkpt>
      <trkpt lat="33.46776" lon="-111.56479">
        <ele>615.4</ele>
      </trkpt>
      <trkpt lat="33.46767" lon="-111.5648">
        <ele>614.4</ele>
      </trkpt>
      <trkpt lat="33.4677" lon="-111.56456">
        <ele>613.0</ele>
      </trkpt>
      <trkpt lat="33.46768" lon="-111.56453">
        <ele>612.0</ele>
      </trkpt>
      <trkpt lat="33.467579" lon="-111.5646">
        <ele>611.0</ele>
      </trkpt>
      <trkpt lat="33.46755" lon="-111.56465">
        <ele>609.4</ele>
      </trkpt>
      <trkpt lat="33.4675" lon="-111.56467">
        <ele>607.8</ele>
      </trkpt>
      <trkpt lat="33.467489" lon="-111.56465">
        <ele>606.4</ele>
      </trkpt>
      <trkpt lat="33.46752" lon="-111.56453">
        <ele>606.2</ele>
      </trkpt>
      <trkpt lat="33.4675" lon="-111.5644">
        <ele>605.8</ele>
      </trkpt>
      <trkpt lat="33.46755" lon="-111.56421">
        <ele>605.6</ele>
      </trkpt>
      <trkpt lat="33.46752" lon="-111.56413">
        <ele>606.8</ele>
      </trkpt>
      <trkpt lat="33.46752" lon="-111.5639">
        <ele>608.2</ele>
      </trkpt>
      <trkpt lat="33.46757" lon="-111.56382">
        <ele>607.4</ele>
      </trkpt>
      <trkpt lat="33.46757" lon="-111.56377">
        <ele>607.8</ele>
      </trkpt>
      <trkpt lat="33.4675" lon="-111.56371">
        <ele>609.0</ele>
      </trkpt>
      <trkpt lat="33.467489" lon="-111.56364">
        <ele>609.0</ele>
      </trkpt>
      <trkpt lat="33.467579" lon="-111.56352">
        <ele>608.6</ele>
      </trkpt>
      <trkpt lat="33.46759" lon="-111.56342">
        <ele>609.0</ele>
      </trkpt>
      <trkpt lat="33.46752" lon="-111.56334">
        <ele>609.4</ele>
      </trkpt>
      <trkpt lat="33.4675" lon="-111.56336">
        <ele>609.0</ele>
      </trkpt>
      <trkpt lat="33.46738" lon="-111.56334">
        <ele>608.6</ele>
      </trkpt>
      <trkpt lat="33.46732" lon="-111.56328">
        <ele>608.2</ele>
      </trkpt>
      <trkpt lat="33.46716" lon="-111.56321">
        <ele>607.6</ele>
      </trkpt>
      <trkpt lat="33.4671" lon="-111.56332">
        <ele>606.8</ele>
      </trkpt>
      <trkpt lat="33.4671" lon="-111.56347">
        <ele>605.8</ele>
      </trkpt>
      <trkpt lat="33.46708" lon="-111.56351">
        <ele>605.0</ele>
      </trkpt>
      <trkpt lat="33.46703" lon="-111.56351">
        <ele>604.6</ele>
      </trkpt>
      <trkpt lat="33.46697" lon="-111.56342">
        <ele>604.6</ele>
      </trkpt>
      <trkpt lat="33.4669" lon="-111.56338">
        <ele>604.2</ele>
      </trkpt>
      <trkpt lat="33.46687" lon="-111.56332">
        <ele>603.4</ele>
      </trkpt>
      <trkpt lat="33.46661" lon="-111.56319">
        <ele>602.6</ele>
      </trkpt>
      <trkpt lat="33.466504" lon="-111.563097">
        <ele>602.6</ele>
      </trkpt>
      <trkpt lat="33.466509" lon="-111.562966">
        <ele>602.8</ele>
      </trkpt>
      <trkpt lat="33.466392" lon="-111.56259">
        <ele>602.8</ele>
      </trkpt>
      <trkpt lat="33.466397" lon="-111.562513">
        <ele>603.6</ele>
      </trkpt>
      <trkpt lat="33.466273" lon="-111.562268">
        <ele>604.0</ele>
      </trkpt>
      <trkpt lat="33.466341" lon="-111.561862">
        <ele>603.6</ele>
      </trkpt>
      <trkpt lat="33.466327" lon="-111.561729">
        <ele>602.8</ele>
      </trkpt>
      <trkpt lat="33.466396" lon="-111.561547">
        <ele>603.0</ele>
      </trkpt>
      <trkpt lat="33.466473" lon="-111.561499">
        <ele>602.4</ele>
      </trkpt>
      <trkpt lat="33.466558" lon="-111.561376">
        <ele>602.4</ele>
      </trkpt>
      <trkpt lat="33.466516" lon="-111.561241">
        <ele>602.6</ele>
      </trkpt>
      <trkpt lat="33.466412" lon="-111.561176">
        <ele>602.4</ele>
      </trkpt>
      <trkpt lat="33.466413" lon="-111.560846">
        <ele>602.2</ele>
      </trkpt>
      <trkpt lat="33.466443" lon="-111.560788">
        <ele>602.6</ele>
      </trkpt>
      <trkpt lat="33.466521" lon="-111.560756">
        <ele>603.2</ele>
      </trkpt>
      <trkpt lat="33.46661" lon="-111.560377">
        <ele>603.6</ele>
      </trkpt>
      <trkpt lat="33.466724" lon="-111.560251">
        <ele>604.6</ele>
      </trkpt>
      <trkpt lat="33.466637" lon="-111.560028">
        <ele>605.0</ele>
      </trkpt>
      <trkpt lat="33.466625" lon="-111.559864">
        <ele>605.2</ele>
      </trkpt>
      <trkpt lat="33.466532" lon="-111.559689">
        <ele>604.6</ele>
      </trkpt>
      <trkpt lat="33.466454" lon="-111.559654">
        <ele>604.2</ele>
      </trkpt>
      <trkpt lat="33.466343" lon="-111.559682">
        <ele>603.8</ele>
      </trkpt>
      <trkpt lat="33.466375" lon="-111.559466">
        <ele>603.8</ele>
      </trkpt>
      <trkpt lat="33.466199" lon="-111.559377">
        <ele>604.0</ele>
      </trkpt>
      <trkpt lat="33.46618" lon="-111.55931">
        <ele>604.6</ele>
      </trkpt>
      <trkpt lat="33.466227" lon="-111.559014">
        <ele>605.0</ele>
      </trkpt>
      <trkpt lat="33.466279" lon="-111.558977">
        <ele>605.8</ele>
      </trkpt>
      <trkpt lat="33.466372" lon="-111.558983">
        <ele>606.8</ele>
      </trkpt>
      <trkpt lat="33.466498" lon="-111.55892">
        <ele>608.0</ele>
      </trkpt>
      <trkpt lat="33.466628" lon="-111.558927">
        <ele>609.4</ele>
      </trkpt>
      <trkpt lat="33.466732" lon="-111.558996">
        <ele>611.2</ele>
      </trkpt>
      <trkpt lat="33.466996" lon="-111.558801">
        <ele>612.4</ele>
      </trkpt>
      <trkpt lat="33.467182" lon="-111.558765">
        <ele>613.4</ele>
      </trkpt>
      <trkpt lat="33.467098" lon="-111.558387">
        <ele>614.0</ele>
      </trkpt>
      <trkpt lat="33.467108" lon="-111.558323">
        <ele>615.2</ele>
      </trkpt>
      <trkpt lat="33.467239" lon="-111.55816">
        <ele>616.4</ele>
      </trkpt>
      <trkpt lat="33.467647" lon="-111.55806">
        <ele>617.8</ele>
      </trkpt>
      <trkpt lat="33.467799" lon="-111.557889">
        <ele>619.4</ele>
      </trkpt>
      <trkpt lat="33.467799" lon="-111.557847">
        <ele>621.4</ele>
      </trkpt>
      <trkpt lat="33.467711" lon="-111.557722">
        <ele>622.4</ele>
      </trkpt>
      <trkpt lat="33.46772" lon="-111.557621">
        <ele>623.2</ele>
      </trkpt>
      <trkpt lat="33.467762" lon="-111.557541">
        <ele>624.0</ele>
      </trkpt>
      <trkpt lat="33.467847" lon="-111.557469">
        <ele>624.6</ele>
      </trkpt>
      <trkpt lat="33.467875" lon="-111.557389">
        <ele>625.4</ele>
      </trkpt>
      <trkpt lat="33.467865" lon="-111.557309">
        <ele>627.8</ele>
      </trkpt>
      <trkpt lat="33.468024" lon="-111.557227">
        <ele>630.0</ele>
      </trkpt>
      <trkpt lat="33.468175" lon="-111.557046">
        <ele>632.4</ele>
      </trkpt>
      <trkpt lat="33.468319" lon="-111.557014">
        <ele>635.2</ele>
      </trkpt>
      <trkpt lat="33.468359" lon="-111.556949">
        <ele>638.4</ele>
      </trkpt>
      <trkpt lat="33.468482" lon="-111.556927">
        <ele>640.2</ele>
      </trkpt>
      <trkpt lat="33.468567" lon="-111.556978">
        <ele>642.4</ele>
      </trkpt>
      <trkpt lat="33.468618" lon="-111.556837">
        <ele>644.8</ele>
      </trkpt>
      <trkpt lat="33.468756" lon="-111.556665">
        <ele>647.0</ele>
      </trkpt>
      <trkpt lat="33.468919" lon="-111.556591">
        <ele>648.4</ele>
      </trkpt>
      <trkpt lat="33.468961" lon="-111.556487">
        <ele>649.6</ele>
      </trkpt>
      <trkpt lat="33.469036" lon="-111.556487">
        <ele>650.6</ele>
      </trkpt>
      <trkpt lat="33.469087" lon="-111.556532">
        <ele>651.4</ele>
      </trkpt>
      <trkpt lat="33.469195" lon="-111.55651">
        <ele>652.2</ele>
      </trkpt>
      <trkpt lat="33.469178" lon="-111.556451">
        <ele>653.2</ele>
      </trkpt>
      <trkpt lat="33.469195" lon="-111.556365">
        <ele>654.0</ele>
      </trkpt>
      <trkpt lat="33.469141" lon="-111.556113">
        <ele>655.4</ele>
      </trkpt>
      <trkpt lat="33.469195" lon="-111.55604">
        <ele>657.0</ele>
      </trkpt>
      <trkpt lat="33.469289" lon="-111.55606">
        <ele>659.0</ele>
      </trkpt>
      <trkpt lat="33.469402" lon="-111.556188">
        <ele>659.8</ele>
      </trkpt>
      <trkpt lat="33.469499" lon="-111.556107">
        <ele>662.0</ele>
      </trkpt>
      <trkpt lat="33.469523" lon="-111.556049">
        <ele>663.6</ele>
      </trkpt>
      <trkpt lat="33.469588" lon="-111.556053">
        <ele>667.4</ele>
      </trkpt>
      <trkpt lat="33.469645" lon="-111.556001">
        <ele>670.4</ele>
      </trkpt>
      <trkpt lat="33.469828" lon="-111.55568">
        <ele>673.8</ele>
      </trkpt>
      <trkpt lat="33.469788" lon="-111.5556">
        <ele>675.4</ele>
      </trkpt>
      <trkpt lat="33.469701" lon="-111.555573">
        <ele>677.6</ele>
      </trkpt>
      <trkpt lat="33.469565" lon="-111.555591">
        <ele>678.2</ele>
      </trkpt>
      <trkpt lat="33.469099" lon="-111.555506">
        <ele>678.4</ele>
      </trkpt>
      <trkpt lat="33.468936" lon="-111.55534">
        <ele>679.4</ele>
      </trkpt>
      <trkpt lat="33.468783" lon="-111.555288">
        <ele>680.8</ele>
      </trkpt>
      <trkpt lat="33.468794" lon="-111.555266">
        <ele>681.6</ele>
      </trkpt>
      <trkpt lat="33.468699" lon="-111.555215">
        <ele>681.2</ele>
      </trkpt>
      <trkpt lat="33.468314" lon="-111.555165">
        <ele>681.6</ele>
      </trkpt>
      <trkpt lat="33.468294" lon="-111.555134">
        <ele>681.6</ele>
      </trkpt>
      <trkpt lat="33.468314" lon="-111.555076">
        <ele>682.0</ele>
      </trkpt>
      <trkpt lat="33.468338" lon="-111.555073">
        <ele>681.2</ele>
      </trkpt>
      <trkpt lat="33.468327" lon="-111.554992">
        <ele>680.6</ele>
      </trkpt>
      <trkpt lat="33.468097" lon="-111.55495">
        <ele>680.8</ele>
      </trkpt>
      <trkpt lat="33.468069" lon="-111.554921">
        <ele>679.4</ele>
      </trkpt>
      <trkpt lat="33.468117" lon="-111.554878">
        <ele>677.8</ele>
      </trkpt>
      <trkpt lat="33.468055" lon="-111.55481">
        <ele>677.0</ele>
      </trkpt>
      <trkpt lat="33.467927" lon="-111.554902">
        <ele>675.8</ele>
      </trkpt>
      <trkpt lat="33.467879" lon="-111.554873">
        <ele>673.4</ele>
      </trkpt>
      <trkpt lat="33.467916" lon="-111.554806">
        <ele>672.2</ele>
      </trkpt>
      <trkpt lat="33.46799" lon="-111.554431">
        <ele>670.8</ele>
      </trkpt>
      <trkpt lat="33.467967" lon="-111.554391">
        <ele>669.4</ele>
      </trkpt>
      <trkpt lat="33.467903" lon="-111.554514">
        <ele>667.4</ele>
      </trkpt>
      <trkpt lat="33.467851" lon="-111.554543">
        <ele>666.4</ele>
      </trkpt>
      <trkpt lat="33.467802" lon="-111.554456">
        <ele>665.6</ele>
      </trkpt>
      <trkpt lat="33.46791" lon="-111.554073">
        <ele>664.6</ele>
      </trkpt>
      <trkpt lat="33.46793" lon="-111.553848">
        <ele>663.2</ele>
      </trkpt>
      <trkpt lat="33.467903" lon="-111.553732">
        <ele>662.0</ele>
      </trkpt>
      <trkpt lat="33.467844" lon="-111.553634">
        <ele>660.2</ele>
      </trkpt>
      <trkpt lat="33.467822" lon="-111.553489">
        <ele>657.8</ele>
      </trkpt>
      <trkpt lat="33.467917" lon="-111.553457">
        <ele>655.0</ele>
      </trkpt>
      <trkpt lat="33.468035" lon="-111.55323">
        <ele>652.4</ele>
      </trkpt>
      <trkpt lat="33.468072" lon="-111.552955">
        <ele>650.4</ele>
      </trkpt>
      <trkpt lat="33.468034" lon="-111.552888">
        <ele>646.6</ele>
      </trkpt>
      <trkpt lat="33.46794" lon="-111.553015">
        <ele>643.4</ele>
      </trkpt>
      <trkpt lat="33.467655" lon="-111.553095">
        <ele>640.8</ele>
      </trkpt>
      <trkpt lat="33.467413" lon="-111.553088">
        <ele>638.6</ele>
      </trkpt>
      <trkpt lat="33.467418" lon="-111.552997">
        <ele>635.6</ele>
      </trkpt>
      <trkpt lat="33.467542" lon="-111.552816">
        <ele>634.0</ele>
      </trkpt>
      <trkpt lat="33.467458" lon="-111.552643">
        <ele>632.0</ele>
      </trkpt>
      <trkpt lat="33.467467" lon="-111.552458">
        <ele>630.2</ele>
      </trkpt>
      <trkpt lat="33.467314" lon="-111.552067">
        <ele>628.0</ele>
      </trkpt>
      <trkpt lat="33.467292" lon="-111.551944">
        <ele>625.8</ele>
      </trkpt>
      <trkpt lat="33.467194" lon="-111.551758">
        <ele>623.4</ele>
      </trkpt>
      <trkpt lat="33.466856" lon="-111.551549">
        <ele>621.4</ele>
      </trkpt>
      <trkpt lat="33.466754" lon="-111.551429">
        <ele>619.4</ele>
      </trkpt>
      <trkpt lat="33.466645" lon="-111.551351">
        <ele>617.4</ele>
      </trkpt>
      <trkpt lat="33.466593" lon="-111.551266">
        <ele>616.0</ele>
      </trkpt>
      <trkpt lat="33.466515" lon="-111.550967">
        <ele>614.8</ele>
      </trkpt>
      <trkpt lat="33.466379" lon="-111.550757">
        <ele>613.8</ele>
      </trkpt>
      <trkpt lat="33.466124" lon="-111.550616">
        <ele>612.8</ele>
      </trkpt>
      <trkpt lat="33.466082" lon="-111.550483">
        <ele>612.4</ele>
      </trkpt>
      <trkpt lat="33.466178" lon="-111.550405">
        <ele>612.4</ele>
      </trkpt>
      <trkpt lat="33.466198" lon="-111.550288">
        <ele>612.0</ele>
      </trkpt>
      <trkpt lat="33.46616" lon="-111.550095">
        <ele>611.2</ele>
      </trkpt>
      <trkpt lat="33.466185" lon="-111.549858">
        <ele>610.4</ele>
      </trkpt>
      <trkpt lat="33.466445" lon="-111.549742">
        <ele>609.2</ele>
      </trkpt>
      <trkpt lat="33.466547" lon="-111.549757">
        <ele>608.0</ele>
      </trkpt>
      <trkpt lat="33.466562" lon="-111.549684">
        <ele>607.6</ele>
      </trkpt>
      <trkpt lat="33.466499" lon="-111.549629">
        <ele>607.6</ele>
      </trkpt>
      <trkpt lat="33.466499" lon="-111.549491">
        <ele>607.8</ele>
      </trkpt>
      <trkpt lat="33.466607" lon="-111.549461">
        <ele>608.6</ele>
      </trkpt>
      <trkpt lat="33.466654" lon="-111.549428">
        <ele>609.6</ele>
      </trkpt>
      <trkpt lat="33.466577" lon="-111.549318">
        <ele>610.0</ele>
      </trkpt>
      <trkpt lat="33.466636" lon="-111.549271">
        <ele>610.0</ele>
      </trkpt>
      <trkpt lat="33.466797" lon="-111.549339">
        <ele>610.4</ele>
      </trkpt>
      <trkpt lat="33.466954" lon="-111.549444">
        <ele>611.2</ele>
      </trkpt>
      <trkpt lat="33.467022" lon="-111.549377">
        <ele>612.8</ele>
      </trkpt>
      <trkpt lat="33.46708" lon="-111.549238">
        <ele>614.8</ele>
      </trkpt>
      <trkpt lat="33.467106" lon="-111.548906">
        <ele>617.2</ele>
      </trkpt>
      <trkpt lat="33.46707" lon="-111.54876">
        <ele>619.0</ele>
      </trkpt>
      <trkpt lat="33.4671" lon="-111.54859">
        <ele>620.2</ele>
      </trkpt>
      <trkpt lat="33.46703" lon="-111.54817">
        <ele>620.4</ele>
      </trkpt>
      <trkpt lat="33.46705" lon="-111.54795">
        <ele>621.2</ele>
      </trkpt>
      <trkpt lat="33.46679" lon="-111.54775">
        <ele>622.2</ele>
      </trkpt>
      <trkpt lat="33.46673" lon="-111.54741">
        <ele>623.8</ele>
      </trkpt>
      <trkpt lat="33.46663" lon="-111.54722">
        <ele>624.2</ele>
      </trkpt>
      <trkpt lat="33.466549" lon="-111.54696">
        <ele>624.8</ele>
      </trkpt>
      <trkpt lat="33.46643" lon="-111.54671">
        <ele>624.6</ele>
      </trkpt>
      <trkpt lat="33.46641" lon="-111.54653">
        <ele>625.0</ele>
      </trkpt>
      <trkpt lat="33.46636" lon="-111.54642">
        <ele>624.0</ele>
      </trkpt>
      <trkpt lat="33.46615" lon="-111.54615">
        <ele>624.0</ele>
      </trkpt>
      <trkpt lat="33.46594" lon="-111.545951">
        <ele>623.6</ele>
      </trkpt>
      <trkpt lat="33.465913" lon="-111.54568">
        <ele>623.2</ele>
      </trkpt>
      <trkpt lat="33.46593" lon="-111.54548">
        <ele>622.0</ele>
      </trkpt>
      <trkpt lat="33.465899" lon="-111.54535">
        <ele>621.2</ele>
      </trkpt>
      <trkpt lat="33.46602" lon="-111.5452">
        <ele>620.4</ele>
      </trkpt>
      <trkpt lat="33.466" lon="-111.54507">
        <ele>619.4</ele>
      </trkpt>
      <trkpt lat="33.46602" lon="-111.54498">
        <ele>618.2</ele>
      </trkpt>
      <trkpt lat="33.46598" lon="-111.54489">
        <ele>617.0</ele>
      </trkpt>
      <trkpt lat="33.465899" lon="-111.54485">
        <ele>615.6</ele>
      </trkpt>
      <trkpt lat="33.465899" lon="-111.54473">
        <ele>614.2</ele>
      </trkpt>
      <trkpt lat="33.46595" lon="-111.5446">
        <ele>613.2</ele>
      </trkpt>
      <trkpt lat="33.46595" lon="-111.54446">
        <ele>614.6</ele>
      </trkpt>
      <trkpt lat="33.46591" lon="-111.54436">
        <ele>615.4</ele>
      </trkpt>
      <trkpt lat="33.46606" lon="-111.54382">
        <ele>616.8</ele>
      </trkpt>
      <trkpt lat="33.465964" lon="-111.543453">
        <ele>617.6</ele>
      </trkpt>
      <trkpt lat="33.46597" lon="-111.54333">
        <ele>620.6</ele>
      </trkpt>
      <trkpt lat="33.46594" lon="-111.54306">
        <ele>621.0</ele>
      </trkpt>
      <trkpt lat="33.466" lon="-111.54285">
        <ele>620.4</ele>
      </trkpt>
      <trkpt lat="33.46596" lon="-111.54274">
        <ele>620.4</ele>
      </trkpt>
      <trkpt lat="33.465943" lon="-111.542459">
        <ele>620.6</ele>
      </trkpt>
      <trkpt lat="33.46603" lon="-111.54239">
        <ele>618.0</ele>
      </trkpt>
      <trkpt lat="33.46613" lon="-111.54211">
        <ele>616.2</ele>
      </trkpt>
      <trkpt lat="33.46609" lon="-111.54204">
        <ele>616.2</ele>
      </trkpt>
      <trkpt lat="33.46602" lon="-111.54201">
        <ele>614.8</ele>
      </trkpt>
      <trkpt lat="33.46602" lon="-111.54193">
        <ele>614.2</ele>
      </trkpt>
      <trkpt lat="33.46595" lon="-111.541877">
        <ele>615.0</ele>
      </trkpt>
      <trkpt lat="33.465954" lon="-111.541685">
        <ele>615.8</ele>
      </trkpt>
      <trkpt lat="33.466037" lon="-111.541471">
        <ele>616.2</ele>
      </trkpt>
      <trkpt lat="33.46618" lon="-111.54128">
        <ele>617.2</ele>
      </trkpt>
      <trkpt lat="33.4662" lon="-111.54115">
        <ele>617.8</ele>
      </trkpt>
      <trkpt lat="33.46611" lon="-111.54093">
        <ele>617.6</ele>
      </trkpt>
      <trkpt lat="33.46611" lon="-111.54083">
        <ele>616.8</ele>
      </trkpt>
      <trkpt lat="33.46616" lon="-111.54074">
        <ele>616.2</ele>
      </trkpt>
      <trkpt lat="33.46609" lon="-111.5406">
        <ele>615.8</ele>
      </trkpt>
      <trkpt lat="33.46609" lon="-111.54027">
        <ele>615.4</ele>
      </trkpt>
      <trkpt lat="33.46605" lon="-111.5402">
        <ele>615.0</ele>
      </trkpt>
      <trkpt lat="33.465989" lon="-111.54019">
        <ele>614.8</ele>
      </trkpt>
      <trkpt lat="33.46597" lon="-111.54015">
        <ele>614.6</ele>
      </trkpt>
      <trkpt lat="33.46602" lon="-111.53981">
        <ele>614.4</ele>
      </trkpt>
      <trkpt lat="33.466079" lon="-111.53964">
        <ele>614.6</ele>
      </trkpt>
      <trkpt lat="33.466079" lon="-111.53946">
        <ele>614.6</ele>
      </trkpt>
      <trkpt lat="33.46622" lon="-111.53915">
        <ele>615.0</ele>
      </trkpt>
      <trkpt lat="33.46615" lon="-111.53896">
        <ele>615.4</ele>
      </trkpt>
      <trkpt lat="33.46613" lon="-111.53883">
        <ele>616.0</ele>
      </trkpt>
      <trkpt lat="33.4662" lon="-111.53877">
        <ele>616.4</ele>
      </trkpt>
      <trkpt lat="33.466369" lon="-111.53874">
        <ele>617.0</ele>
      </trkpt>
      <trkpt lat="33.46656" lon="-111.53858">
        <ele>617.6</ele>
      </trkpt>
      <trkpt lat="33.4666" lon="-111.53849">
        <ele>618.2</ele>
      </trkpt>
      <trkpt lat="33.46662" lon="-111.53828">
        <ele>618.6</ele>
      </trkpt>
      <trkpt lat="33.46651" lon="-111.53803">
        <ele>619.2</ele>
      </trkpt>
      <trkpt lat="33.46662" lon="-111.53784">
        <ele>619.8</ele>
      </trkpt>
      <trkpt lat="33.46676" lon="-111.53779">
        <ele>620.2</ele>
      </trkpt>
      <trkpt lat="33.46696" lon="-111.53765">
        <ele>620.8</ele>
      </trkpt>
      <trkpt lat="33.46701" lon="-111.53752">
        <ele>621.6</ele>
      </trkpt>
      <trkpt lat="33.4672" lon="-111.53725">
        <ele>622.0</ele>
      </trkpt>
      <trkpt lat="33.46727" lon="-111.53721">
        <ele>622.4</ele>
      </trkpt>
      <trkpt lat="33.46738" lon="-111.53722">
        <ele>623.0</ele>
      </trkpt>
      <trkpt lat="33.46752" lon="-111.53706">
        <ele>623.8</ele>
      </trkpt>
      <trkpt lat="33.46764" lon="-111.53703">
        <ele>624.6</ele>
      </trkpt>
      <trkpt lat="33.46792" lon="-111.53684">
        <ele>625.6</ele>
      </trkpt>
      <trkpt lat="33.46803" lon="-111.53671">
        <ele>626.8</ele>
      </trkpt>
      <trkpt lat="33.46803" lon="-111.5366">
        <ele>628.2</ele>
      </trkpt>
      <trkpt lat="33.46806" lon="-111.53657">
        <ele>629.4</ele>
      </trkpt>
      <trkpt lat="33.468213" lon="-111.536575">
        <ele>630.6</ele>
      </trkpt>
      <trkpt lat="33.468305" lon="-111.536259">
        <ele>631.6</ele>
      </trkpt>
      <trkpt lat="33.468425" lon="-111.535952">
        <ele>632.4</ele>
      </trkpt>
      <trkpt lat="33.468494" lon="-111.535715">
        <ele>632.6</ele>
      </trkpt>
      <trkpt lat="33.468485" lon="-111.535524">
        <ele>632.6</ele>
      </trkpt>
      <trkpt lat="33.468443" lon="-111.535348">
        <ele>632.4</ele>
      </trkpt>
      <trkpt lat="33.468538" lon="-111.535179">
        <ele>632.2</ele>
      </trkpt>
      <trkpt lat="33.468677" lon="-111.535031">
        <ele>632.0</ele>
      </trkpt>
      <trkpt lat="33.468753" lon="-111.534864">
        <ele>632.0</ele>
      </trkpt>
      <trkpt lat="33.468837" lon="-111.5348">
        <ele>631.8</ele>
      </trkpt>
      <trkpt lat="33.468832" lon="-111.534699">
        <ele>631.2</ele>
      </trkpt>
      <trkpt lat="33.468691" lon="-111.534516">
        <ele>630.8</ele>
      </trkpt>
      <trkpt lat="33.468654" lon="-111.534149">
        <ele>630.4</ele>
      </trkpt>
      <trkpt lat="33.468686" lon="-111.534107">
        <ele>629.8</ele>
      </trkpt>
      <trkpt lat="33.468696" lon="-111.534046">
        <ele>629.4</ele>
      </trkpt>
      <trkpt lat="33.46866" lon="-111.53399">
        <ele>629.4</ele>
      </trkpt>
      <trkpt lat="33.468666" lon="-111.533938">
        <ele>629.2</ele>
      </trkpt>
      <trkpt lat="33.468724" lon="-111.533868">
        <ele>629.0</ele>
      </trkpt>
      <trkpt lat="33.468761" lon="-111.533745">
        <ele>629.0</ele>
      </trkpt>
      <trkpt lat="33.468809" lon="-111.533671">
        <ele>629.0</ele>
      </trkpt>
      <trkpt lat="33.46888" lon="-111.533471">
        <ele>629.0</ele>
      </trkpt>
      <trkpt lat="33.468963" lon="-111.533389">
        <ele>629.2</ele>
      </trkpt>
      <trkpt lat="33.469009" lon="-111.533126">
        <ele>629.4</ele>
      </trkpt>
      <trkpt lat="33.469211" lon="-111.533092">
        <ele>629.6</ele>
      </trkpt>
      <trkpt lat="33.46917" lon="-111.533">
        <ele>629.6</ele>
      </trkpt>
      <trkpt lat="33.46904" lon="-111.53286">
        <ele>629.4</ele>
      </trkpt>
      <trkpt lat="33.46884" lon="-111.53228">
        <ele>629.0</ele>
      </trkpt>
      <trkpt lat="33.4686" lon="-111.53189">
        <ele>628.4</ele>
      </trkpt>
      <trkpt lat="33.468154" lon="-111.531246">
        <ele>628.0</ele>
      </trkpt>
      <trkpt lat="33.467877" lon="-111.530916">
        <ele>627.8</ele>
      </trkpt>
      <trkpt lat="33.468134" lon="-111.530898">
        <ele>628.4</ele>
      </trkpt>
      <trkpt lat="33.468412" lon="-111.53097">
        <ele>629.0</ele>
      </trkpt>
      <trkpt lat="33.469079" lon="-111.531207">
        <ele>629.8</ele>
      </trkpt>
      <trkpt lat="33.469267" lon="-111.531362">
        <ele>630.8</ele>
      </trkpt>
      <trkpt lat="33.469422" lon="-111.531425">
        <ele>632.0</ele>
      </trkpt>
      <trkpt lat="33.469707" lon="-111.531361">
        <ele>632.6</ele>
      </trkpt>
      <trkpt lat="33.470062" lon="-111.531172">
        <ele>633.8</ele>
      </trkpt>
      <trkpt lat="33.470371" lon="-111.531076">
        <ele>635.0</ele>
      </trkpt>
      <trkpt lat="33.470872" lon="-111.530762">
        <ele>635.8</ele>
      </trkpt>
      <trkpt lat="33.471114" lon="-111.530723">
        <ele>636.4</ele>
      </trkpt>
      <trkpt lat="33.471322" lon="-111.530803">
        <ele>637.0</ele>
      </trkpt>
      <trkpt lat="33.471493" lon="-111.530963">
        <ele>637.0</ele>
      </trkpt>
      <trkpt lat="33.471719" lon="-111.530966">
        <ele>636.8</ele>
      </trkpt>
      <trkpt lat="33.471812" lon="-111.530887">
        <ele>636.6</ele>
      </trkpt>
      <trkpt lat="33.47189" lon="-111.530629">
        <ele>636.6</ele>
      </trkpt>
      <trkpt lat="33.472119" lon="-111.53027">
        <ele>636.6</ele>
      </trkpt>
      <trkpt lat="33.47229" lon="-111.53005">
        <ele>636.6</ele>
      </trkpt>
      <trkpt lat="33.472641" lon="-111.529787">
        <ele>636.8</ele>
      </trkpt>
      <trkpt lat="33.472969" lon="-111.529781">
        <ele>637.4</ele>
      </trkpt>
      <trkpt lat="33.473073" lon="-111.529855">
        <ele>638.0</ele>
      </trkpt>
      <trkpt lat="33.473193" lon="-111.530084">
        <ele>638.6</ele>
      </trkpt>
      <trkpt lat="33.473353" lon="-111.530297">
        <ele>639.2</ele>
      </trkpt>
      <trkpt lat="33.47354" lon="-111.530395">
        <ele>639.8</ele>
      </trkpt>
      <trkpt lat="33.473824" lon="-111.530345">
        <ele>640.2</ele>
      </trkpt>
      <trkpt lat="33.47393" lon="-111.53024">
        <ele>640.6</ele>
      </trkpt>
      <trkpt lat="33.474016" lon="-111.53011">
        <ele>641.6</ele>
      </trkpt>
      <trkpt lat="33.474263" lon="-111.529997">
        <ele>643.4</ele>
      </trkpt>
      <trkpt lat="33.474766" lon="-111.530037">
        <ele>645.6</ele>
      </trkpt>
      <trkpt lat="33.475513" lon="-111.529837">
        <ele>648.6</ele>
      </trkpt>
      <trkpt lat="33.475845" lon="-111.529782">
        <ele>651.6</ele>
      </trkpt>
      <trkpt lat="33.476588" lon="-111.529831">
        <ele>653.6</ele>
      </trkpt>
      <trkpt lat="33.476788" lon="-111.529901">
        <ele>657.0</ele>
      </trkpt>
      <trkpt lat="33.477114" lon="-111.529963">
        <ele>660.2</ele>
      </trkpt>
      <trkpt lat="33.478141" lon="-111.530593">
        <ele>662.4</ele>
      </trkpt>
      <trkpt lat="33.478527" lon="-111.531048">
        <ele>664.4</ele>
      </trkpt>
      <trkpt lat="33.47885" lon="-111.5313">
        <ele>667.2</ele>
      </trkpt>
      <trkpt lat="33.478974" lon="-111.531437">
        <ele>669.2</ele>
      </trkpt>
      <trkpt lat="33.479484" lon="-111.531573">
        <ele>671.0</ele>
      </trkpt>
      <trkpt lat="33.479916" lon="-111.531496">
        <ele>672.4</ele>
      </trkpt>
      <trkpt lat="33.480038" lon="-111.53155">
        <ele>673.8</ele>
      </trkpt>
      <trkpt lat="33.480246" lon="-111.53171">
        <ele>674.8</ele>
      </trkpt>
      <trkpt lat="33.480451" lon="-111.531768">
        <ele>673.8</ele>
      </trkpt>
      <trkpt lat="33.48067" lon="-111.53176">
        <ele>672.6</ele>
      </trkpt>
      <trkpt lat="33.48088" lon="-111.53169">
        <ele>671.8</ele>
      </trkpt>
      <trkpt lat="33.480997" lon="-111.531695">
        <ele>671.0</ele>
      </trkpt>
      <trkpt lat="33.481188" lon="-111.531746">
        <ele>670.2</ele>
      </trkpt>
      <trkpt lat="33.48144" lon="-111.531717">
        <ele>670.0</ele>
      </trkpt>
      <trkpt lat="33.481672" lon="-111.53186">
        <ele>670.0</ele>
      </trkpt>
      <trkpt lat="33.482039" lon="-111.531962">
        <ele>669.6</ele>
      </trkpt>
      <trkpt lat="33.482273" lon="-111.532126">
        <ele>668.8</ele>
      </trkpt>
      <trkpt lat="33.48288" lon="-111.532344">
        <ele>668.0</ele>
      </trkpt>
      <trkpt lat="33.483666" lon="-111.532547">
        <ele>666.6</ele>
      </trkpt>
      <trkpt lat="33.483807" lon="-111.532545">
        <ele>665.2</ele>
      </trkpt>
      <trkpt lat="33.4842" lon="-111.53192">
        <ele>664.2</ele>
      </trkpt>
      <trkpt lat="33.484235" lon="-111.531705">
        <ele>664.0</ele>
      </trkpt>
      <trkpt lat="33.484205" lon="-111.5315">
        <ele>664.0</ele>
      </trkpt>
      <trkpt lat="33.484023" lon="-111.53136">
        <ele>664.2</ele>
      </trkpt>
      <trkpt lat="33.48398" lon="-111.531226">
        <ele>664.4</ele>
      </trkpt>
      <trkpt lat="33.484035" lon="-111.530994">
        <ele>664.8</ele>
      </trkpt>
      <trkpt lat="33.484" lon="-111.530485">
        <ele>664.8</ele>
      </trkpt>
      <trkpt lat="33.483919" lon="-111.53021">
        <ele>664.8</ele>
      </trkpt>
      <trkpt lat="33.483761" lon="-111.530047">
        <ele>665.4</ele>
      </trkpt>
      <trkpt lat="33.483579" lon="-111.529775">
        <ele>666.0</ele>
      </trkpt>
      <trkpt lat="33.48355" lon="-111.52935">
        <ele>666.6</ele>
      </trkpt>
      <trkpt lat="33.483551" lon="-111.529018">
        <ele>667.4</ele>
      </trkpt>
      <trkpt lat="33.483469" lon="-111.52867">
        <ele>668.0</ele>
      </trkpt>
      <trkpt lat="33.483452" lon="-111.52841">
        <ele>668.4</ele>
      </trkpt>
      <trkpt lat="33.483339" lon="-111.528138">
        <ele>669.0</ele>
      </trkpt>
      <trkpt lat="33.483314" lon="-111.527721">
        <ele>670.0</ele>
      </trkpt>
      <trkpt lat="33.483043" lon="-111.527319">
        <ele>670.8</ele>
      </trkpt>
      <trkpt lat="33.482912" lon="-111.526938">
        <ele>671.6</ele>
      </trkpt>
      <trkpt lat="33.482826" lon="-111.526833">
        <ele>672.4</ele>
      </trkpt>
      <trkpt lat="33.48266" lon="-111.526773">
        <ele>673.4</ele>
      </trkpt>
      <trkpt lat="33.482582" lon="-111.52647">
        <ele>673.6</ele>
      </trkpt>
      <trkpt lat="33.482374" lon="-111.526131">
        <ele>674.2</ele>
      </trkpt>
      <trkpt lat="33.482277" lon="-111.525895">
        <ele>675.0</ele>
      </trkpt>
      <trkpt lat="33.48229" lon="-111.5257">
        <ele>676.0</ele>
      </trkpt>
      <trkpt lat="33.48259" lon="-111.52494">
        <ele>677.0</ele>
      </trkpt>
      <trkpt lat="33.48279" lon="-111.52462">
        <ele>678.6</ele>
      </trkpt>
      <trkpt lat="33.48285" lon="-111.52447">
        <ele>679.6</ele>
      </trkpt>
      <trkpt lat="33.48286" lon="-111.52432">
        <ele>681.0</ele>
      </trkpt>
      <trkpt lat="33.482909" lon="-111.52418">
        <ele>682.4</ele>
      </trkpt>
      <trkpt lat="33.48322" lon="-111.52391">
        <ele>683.2</ele>
      </trkpt>
      <trkpt lat="33.48332" lon="-111.5237">
        <ele>683.8</ele>
      </trkpt>
      <trkpt lat="33.483334" lon="-111.523426">
        <ele>685.2</ele>
      </trkpt>
      <trkpt lat="33.483379" lon="-111.52325">
        <ele>686.4</ele>
      </trkpt>
      <trkpt lat="33.483652" lon="-111.52284">
        <ele>687.6</ele>
      </trkpt>
      <trkpt lat="33.48399" lon="-111.52248">
        <ele>689.0</ele>
      </trkpt>
      <trkpt lat="33.484183" lon="-111.522417">
        <ele>690.0</ele>
      </trkpt>
      <trkpt lat="33.484426" lon="-111.522146">
        <ele>690.4</ele>
      </trkpt>
      <trkpt lat="33.484686" lon="-111.522076">
        <ele>691.0</ele>
      </trkpt>
      <trkpt lat="33.484842" lon="-111.522082">
        <ele>691.6</ele>
      </trkpt>
      <trkpt lat="33.48492" lon="-111.52197">
        <ele>692.4</ele>
      </trkpt>
      <trkpt lat="33.485023" lon="-111.521749">
        <ele>694.0</ele>
      </trkpt>
      <trkpt lat="33.485194" lon="-111.521574">
        <ele>695.6</ele>
      </trkpt>
      <trkpt lat="33.485304" lon="-111.521323">
        <ele>697.8</ele>
      </trkpt>
      <trkpt lat="33.485563" lon="-111.521065">
        <ele>700.2</ele>
      </trkpt>
      <trkpt lat="33.486579" lon="-111.52027">
        <ele>702.0</ele>
      </trkpt>
      <trkpt lat="33.486829" lon="-111.51998">
        <ele>702.6</ele>
      </trkpt>
      <trkpt lat="33.486939" lon="-111.51989">
        <ele>703.0</ele>
      </trkpt>
      <trkpt lat="33.48705" lon="-111.51958">
        <ele>702.4</ele>
      </trkpt>
      <trkpt lat="33.48716" lon="-111.51941">
        <ele>701.4</ele>
      </trkpt>
      <trkpt lat="33.48726" lon="-111.51905">
        <ele>700.8</ele>
      </trkpt>
      <trkpt lat="33.487375" lon="-111.518831">
        <ele>700.6</ele>
      </trkpt>
      <trkpt lat="33.487555" lon="-111.518756">
        <ele>700.4</ele>
      </trkpt>
      <trkpt lat="33.487827" lon="-111.518763">
        <ele>699.6</ele>
      </trkpt>
      <trkpt lat="33.488101" lon="-111.518637">
        <ele>697.4</ele>
      </trkpt>
      <trkpt lat="33.488455" lon="-111.518599">
        <ele>695.2</ele>
      </trkpt>
      <trkpt lat="33.489162" lon="-111.518097">
        <ele>693.2</ele>
      </trkpt>
      <trkpt lat="33.48924" lon="-111.518007">
        <ele>691.6</ele>
      </trkpt>
      <trkpt lat="33.48931" lon="-111.51782">
        <ele>690.0</ele>
      </trkpt>
      <trkpt lat="33.489347" lon="-111.517491">
        <ele>689.6</ele>
      </trkpt>
      <trkpt lat="33.48964" lon="-111.51687">
        <ele>689.2</ele>
      </trkpt>
      <trkpt lat="33.48979" lon="-111.5162">
        <ele>688.8</ele>
      </trkpt>
      <trkpt lat="33.48986" lon="-111.516077">
        <ele>688.2</ele>
      </trkpt>
      <trkpt lat="33.489776" lon="-111.515882">
        <ele>688.0</ele>
      </trkpt>
      <trkpt lat="33.489545" lon="-111.515735">
        <ele>688.0</ele>
      </trkpt>
      <trkpt lat="33.48942" lon="-111.515751">
        <ele>688.0</ele>
      </trkpt>
      <trkpt lat="33.489289" lon="-111.5156">
        <ele>688.0</ele>
      </trkpt>
      <trkpt lat="33.488977" lon="-111.515656">
        <ele>688.2</ele>
      </trkpt>
      <trkpt lat="33.488684" lon="-111.515553">
        <ele>688.6</ele>
      </trkpt>
      <trkpt lat="33.488433" lon="-111.515313">
        <ele>689.2</ele>
      </trkpt>
      <trkpt lat="33.48838" lon="-111.51508">
        <ele>690.0</ele>
      </trkpt>
      <trkpt lat="33.488222" lon="-111.515032">
        <ele>690.8</ele>
      </trkpt>
      <trkpt lat="33.4881" lon="-111.51482">
        <ele>691.4</ele>
      </trkpt>
      <trkpt lat="33.48781" lon="-111.514813">
        <ele>692.0</ele>
      </trkpt>
      <trkpt lat="33.487772" lon="-111.51473">
        <ele>692.6</ele>
      </trkpt>
      <trkpt lat="33.487682" lon="-111.514733">
        <ele>693.0</ele>
      </trkpt>
      <trkpt lat="33.487599" lon="-111.51457">
        <ele>693.6</ele>
      </trkpt>
      <trkpt lat="33.487479" lon="-111.514529">
        <ele>694.2</ele>
      </trkpt>
      <trkpt lat="33.487417" lon="-111.514352">
        <ele>694.6</ele>
      </trkpt>
      <trkpt lat="33.487212" lon="-111.514339">
        <ele>694.8</ele>
      </trkpt>
      <trkpt lat="33.48716" lon="-111.51421">
        <ele>695.2</ele>
      </trkpt>
      <trkpt lat="33.486866" lon="-111.514006">
        <ele>695.2</ele>
      </trkpt>
      <trkpt lat="33.486759" lon="-111.51391">
        <ele>695.4</ele>
      </trkpt>
      <trkpt lat="33.486721" lon="-111.513777">
        <ele>695.6</ele>
      </trkpt>
      <trkpt lat="33.48659" lon="-111.513656">
        <ele>695.2</ele>
      </trkpt>
      <trkpt lat="33.4865" lon="-111.51344">
        <ele>694.4</ele>
      </trkpt>
      <trkpt lat="33.486269" lon="-111.51316">
        <ele>694.2</ele>
      </trkpt>
      <trkpt lat="33.486199" lon="-111.51312">
        <ele>693.8</ele>
      </trkpt>
      <trkpt lat="33.486109" lon="-111.51293">
        <ele>693.2</ele>
      </trkpt>
      <trkpt lat="33.48606" lon="-111.5129">
        <ele>693.0</ele>
      </trkpt>
      <trkpt lat="33.48594" lon="-111.51293">
        <ele>693.0</ele>
      </trkpt>
      <trkpt lat="33.48586" lon="-111.51284">
        <ele>692.6</ele>
      </trkpt>
      <trkpt lat="33.485729" lon="-111.51278">
        <ele>692.4</ele>
      </trkpt>
      <trkpt lat="33.485639" lon="-111.51255">
        <ele>692.6</ele>
      </trkpt>
      <trkpt lat="33.48557" lon="-111.51248">
        <ele>694.0</ele>
      </trkpt>
      <trkpt lat="33.48549" lon="-111.51249">
        <ele>694.6</ele>
      </trkpt>
      <trkpt lat="33.48523" lon="-111.51228">
        <ele>695.4</ele>
      </trkpt>
      <trkpt lat="33.484789" lon="-111.51172">
        <ele>695.6</ele>
      </trkpt>
      <trkpt lat="33.484589" lon="-111.51163">
        <ele>695.8</ele>
      </trkpt>
      <trkpt lat="33.484479" lon="-111.5115">
        <ele>694.6</ele>
      </trkpt>
      <trkpt lat="33.48447" lon="-111.5114">
        <ele>694.2</ele>
      </trkpt>
      <trkpt lat="33.48438" lon="-111.51132">
        <ele>693.6</ele>
      </trkpt>
      <trkpt lat="33.484319" lon="-111.51121">
        <ele>693.0</ele>
      </trkpt>
      <trkpt lat="33.48429" lon="-111.51108">
        <ele>691.4</ele>
      </trkpt>
      <trkpt lat="33.484139" lon="-111.51083">
        <ele>690.0</ele>
      </trkpt>
      <trkpt lat="33.483939" lon="-111.51059">
        <ele>688.2</ele>
      </trkpt>
      <trkpt lat="33.48387" lon="-111.51045">
        <ele>685.0</ele>
      </trkpt>
      <trkpt lat="33.483739" lon="-111.51035">
        <ele>680.8</ele>
      </trkpt>
      <trkpt lat="33.483449" lon="-111.50997">
        <ele>677.4</ele>
      </trkpt>
      <trkpt lat="33.483199" lon="-111.50932">
        <ele>674.0</ele>
      </trkpt>
      <trkpt lat="33.483069" lon="-111.50912">
        <ele>670.8</ele>
      </trkpt>
      <trkpt lat="33.48312" lon="-111.50862">
        <ele>668.8</ele>
      </trkpt>
      <trkpt lat="33.483089" lon="-111.50842">
        <ele>668.2</ele>
      </trkpt>
      <trkpt lat="33.483179" lon="-111.50815">
        <ele>667.6</ele>
      </trkpt>
      <trkpt lat="33.48315" lon="-111.50805">
        <ele>667.2</ele>
      </trkpt>
      <trkpt lat="33.482999" lon="-111.50788">
        <ele>667.2</ele>
      </trkpt>
      <trkpt lat="33.483016" lon="-111.507714">
        <ele>667.4</ele>
      </trkpt>
      <trkpt lat="33.482895" lon="-111.507485">
        <ele>667.4</ele>
      </trkpt>
      <trkpt lat="33.482934" lon="-111.507367">
        <ele>667.0</ele>
      </trkpt>
      <trkpt lat="33.48295" lon="-111.50709">
        <ele>666.4</ele>
      </trkpt>
      <trkpt lat="33.48288" lon="-111.5069">
        <ele>665.0</ele>
      </trkpt>
      <trkpt lat="33.482939" lon="-111.506672">
        <ele>663.8</ele>
      </trkpt>
      <trkpt lat="33.482729" lon="-111.50626">
        <ele>663.2</ele>
      </trkpt>
      <trkpt lat="33.48255" lon="-111.506162">
        <ele>662.4</ele>
      </trkpt>
      <trkpt lat="33.482433" lon="-111.506149">
        <ele>661.6</ele>
      </trkpt>
      <trkpt lat="33.482312" lon="-111.505943">
        <ele>661.0</ele>
      </trkpt>
      <trkpt lat="33.482436" lon="-111.505632">
        <ele>660.0</ele>
      </trkpt>
      <trkpt lat="33.48238" lon="-111.50523">
        <ele>658.2</ele>
      </trkpt>
      <trkpt lat="33.4824" lon="-111.50509">
        <ele>657.0</ele>
      </trkpt>
      <trkpt lat="33.4823" lon="-111.50476">
        <ele>656.0</ele>
      </trkpt>
      <trkpt lat="33.482252" lon="-111.504364">
        <ele>655.4</ele>
      </trkpt>
      <trkpt lat="33.482061" lon="-111.504103">
        <ele>654.8</ele>
      </trkpt>
      <trkpt lat="33.481986" lon="-111.504029">
        <ele>654.8</ele>
      </trkpt>
      <trkpt lat="33.481833" lon="-111.503962">
        <ele>654.6</ele>
      </trkpt>
      <trkpt lat="33.481699" lon="-111.50382">
        <ele>654.4</ele>
      </trkpt>
      <trkpt lat="33.481662" lon="-111.503631">
        <ele>654.2</ele>
      </trkpt>
      <trkpt lat="33.481693" lon="-111.50359">
        <ele>654.4</ele>
      </trkpt>
      <trkpt lat="33.481828" lon="-111.503567">
        <ele>654.4</ele>
      </trkpt>
      <trkpt lat="33.481862" lon="-111.503499">
        <ele>654.6</ele>
      </trkpt>
      <trkpt lat="33.482021" lon="-111.503527">
        <ele>654.8</ele>
      </trkpt>
      <trkpt lat="33.482039" lon="-111.503508">
        <ele>655.4</ele>
      </trkpt>
      <trkpt lat="33.482213" lon="-111.503467">
        <ele>655.6</ele>
      </trkpt>
      <trkpt lat="33.482473" lon="-111.503326">
        <ele>656.2</ele>
      </trkpt>
      <trkpt lat="33.482557" lon="-111.503229">
        <ele>656.8</ele>
      </trkpt>
      <trkpt lat="33.482602" lon="-111.503297">
        <ele>657.4</ele>
      </trkpt>
      <trkpt lat="33.482639" lon="-111.503315">
        <ele>657.4</ele>
      </trkpt>
      <trkpt lat="33.482689" lon="-111.5033">
        <ele>657.6</ele>
      </trkpt>
      <trkpt lat="33.482751" lon="-111.503141">
        <ele>657.2</ele>
      </trkpt>
      <trkpt lat="33.48248" lon="-111.50256">
        <ele>656.8</ele>
      </trkpt>
      <trkpt lat="33.482349" lon="-111.50242">
        <ele>657.0</ele>
      </trkpt>
      <trkpt lat="33.48238" lon="-111.50233">
        <ele>657.6</ele>
      </trkpt>
      <trkpt lat="33.48264" lon="-111.501969">
        <ele>658.4</ele>
      </trkpt>
      <trkpt lat="33.482599" lon="-111.50181">
        <ele>659.6</ele>
      </trkpt>
      <trkpt lat="33.482509" lon="-111.50172">
        <ele>660.8</ele>
      </trkpt>
      <trkpt lat="33.48247" lon="-111.50157">
        <ele>661.4</ele>
      </trkpt>
      <trkpt lat="33.482509" lon="-111.5014">
        <ele>661.6</ele>
      </trkpt>
      <trkpt lat="33.482447" lon="-111.50132">
        <ele>661.0</ele>
      </trkpt>
      <trkpt lat="33.482303" lon="-111.501232">
        <ele>660.2</ele>
      </trkpt>
      <trkpt lat="33.48208" lon="-111.50051">
        <ele>659.2</ele>
      </trkpt>
      <trkpt lat="33.481969" lon="-111.50037">
        <ele>658.2</ele>
      </trkpt>
      <trkpt lat="33.48184" lon="-111.50026">
        <ele>657.6</ele>
      </trkpt>
      <trkpt lat="33.481838" lon="-111.500121">
        <ele>657.6</ele>
      </trkpt>
      <trkpt lat="33.48161" lon="-111.50002">
        <ele>657.8</ele>
      </trkpt>
      <trkpt lat="33.48137" lon="-111.499949">
        <ele>657.8</ele>
      </trkpt>
      <trkpt lat="33.481203" lon="-111.499929">
        <ele>657.4</ele>
      </trkpt>
      <trkpt lat="33.48091" lon="-111.49951">
        <ele>656.8</ele>
      </trkpt>
      <trkpt lat="33.48032" lon="-111.49913">
        <ele>656.2</ele>
      </trkpt>
      <trkpt lat="33.480249" lon="-111.49906">
        <ele>655.8</ele>
      </trkpt>
      <trkpt lat="33.47997" lon="-111.49892">
        <ele>655.4</ele>
      </trkpt>
      <trkpt lat="33.479639" lon="-111.498505">
        <ele>655.4</ele>
      </trkpt>
      <trkpt lat="33.479463" lon="-111.498426">
        <ele>655.8</ele>
      </trkpt>
      <trkpt lat="33.47937" lon="-111.498159">
        <ele>656.2</ele>
      </trkpt>
      <trkpt lat="33.479357" lon="-111.497833">
        <ele>656.0</ele>
      </trkpt>
      <trkpt lat="33.47901" lon="-111.49702">
        <ele>656.0</ele>
      </trkpt>
      <trkpt lat="33.478879" lon="-111.49689">
        <ele>656.0</ele>
      </trkpt>
      <trkpt lat="33.478555" lon="-111.496838">
        <ele>655.6</ele>
      </trkpt>
      <trkpt lat="33.478167" lon="-111.496553">
        <ele>655.2</ele>
      </trkpt>
      <trkpt lat="33.478" lon="-111.49635">
        <ele>654.8</ele>
      </trkpt>
      <trkpt lat="33.477773" lon="-111.496217">
        <ele>654.4</ele>
      </trkpt>
      <trkpt lat="33.477584" lon="-111.4962">
        <ele>653.6</ele>
      </trkpt>
      <trkpt lat="33.477179" lon="-111.49573">
        <ele>652.8</ele>
      </trkpt>
      <trkpt lat="33.476205" lon="-111.495071">
        <ele>652.2</ele>
      </trkpt>
      <trkpt lat="33.476002" lon="-111.494891">
        <ele>651.8</ele>
      </trkpt>
      <trkpt lat="33.475969" lon="-111.494447">
        <ele>650.8</ele>
      </trkpt>
      <trkpt lat="33.475754" lon="-111.494194">
        <ele>650.4</ele>
      </trkpt>
      <trkpt lat="33.47522" lon="-111.493796">
        <ele>649.8</ele>
      </trkpt>
      <trkpt lat="33.474983" lon="-111.493581">
        <ele>649.0</ele>
      </trkpt>
      <trkpt lat="33.474863" lon="-111.493318">
        <ele>648.6</ele>
      </trkpt>
      <trkpt lat="33.474721" lon="-111.493236">
        <ele>648.4</ele>
      </trkpt>
      <trkpt lat="33.47461" lon="-111.49301">
        <ele>648.0</ele>
      </trkpt>
      <trkpt lat="33.474379" lon="-111.492977">
        <ele>647.8</ele>
      </trkpt>
      <trkpt lat="33.474258" lon="-111.492813">
        <ele>648.0</ele>
      </trkpt>
      <trkpt lat="33.473953" lon="-111.492845">
        <ele>647.2</ele>
      </trkpt>
      <trkpt lat="33.473799" lon="-111.49275">
        <ele>646.8</ele>
      </trkpt>
      <trkpt lat="33.47375" lon="-111.4926">
        <ele>646.4</ele>
      </trkpt>
      <trkpt lat="33.473329" lon="-111.49201">
        <ele>645.8</ele>
      </trkpt>
      <trkpt lat="33.47316" lon="-111.491883">
        <ele>644.4</ele>
      </trkpt>
      <trkpt lat="33.473073" lon="-111.491749">
        <ele>643.4</ele>
      </trkpt>
      <trkpt lat="33.472898" lon="-111.491667">
        <ele>642.4</ele>
      </trkpt>
      <trkpt lat="33.472425" lon="-111.491198">
        <ele>641.6</ele>
      </trkpt>
      <trkpt lat="33.472288" lon="-111.49119">
        <ele>640.8</ele>
      </trkpt>
      <trkpt lat="33.472189" lon="-111.49113">
        <ele>640.6</ele>
      </trkpt>
      <trkpt lat="33.472099" lon="-111.49099">
        <ele>640.4</ele>
      </trkpt>
      <trkpt lat="33.472047" lon="-111.490732">
        <ele>640.4</ele>
      </trkpt>
      <trkpt lat="33.47191" lon="-111.49058">
        <ele>639.0</ele>
      </trkpt>
      <trkpt lat="33.471731" lon="-111.490562">
        <ele>637.6</ele>
      </trkpt>
      <trkpt lat="33.470867" lon="-111.489893">
        <ele>635.6</ele>
      </trkpt>
      <trkpt lat="33.470478" lon="-111.489708">
        <ele>633.6</ele>
      </trkpt>
      <trkpt lat="33.470134" lon="-111.489658">
        <ele>631.6</ele>
      </trkpt>
      <trkpt lat="33.469664" lon="-111.489432">
        <ele>631.2</ele>
      </trkpt>
      <trkpt lat="33.469459" lon="-111.489282">
        <ele>630.4</ele>
      </trkpt>
      <trkpt lat="33.469293" lon="-111.489027">
        <ele>629.8</ele>
      </trkpt>
      <trkpt lat="33.469146" lon="-111.488931">
        <ele>629.4</ele>
      </trkpt>
      <trkpt lat="33.469049" lon="-111.488748">
        <ele>629.0</ele>
      </trkpt>
      <trkpt lat="33.469029" lon="-111.488403">
        <ele>628.2</ele>
      </trkpt>
      <trkpt lat="33.468972" lon="-111.488284">
        <ele>627.8</ele>
      </trkpt>
      <trkpt lat="33.468783" lon="-111.488299">
        <ele>627.6</ele>
      </trkpt>
      <trkpt lat="33.468331" lon="-111.4884">
        <ele>626.8</ele>
      </trkpt>
      <trkpt lat="33.468133" lon="-111.488402">
        <ele>626.4</ele>
      </trkpt>
      <trkpt lat="33.467948" lon="-111.488296">
        <ele>625.8</ele>
      </trkpt>
      <trkpt lat="33.46774" lon="-111.48782">
        <ele>625.2</ele>
      </trkpt>
      <trkpt lat="33.467581" lon="-111.487653">
        <ele>624.2</ele>
      </trkpt>
      <trkpt lat="33.467419" lon="-111.48755">
        <ele>623.8</ele>
      </trkpt>
      <trkpt lat="33.467219" lon="-111.48754">
        <ele>623.0</ele>
      </trkpt>
      <trkpt lat="33.46698" lon="-111.48764">
        <ele>622.4</ele>
      </trkpt>
      <trkpt lat="33.46681" lon="-111.48767">
        <ele>622.0</ele>
      </trkpt>
      <trkpt lat="33.466749" lon="-111.48763">
        <ele>622.0</ele>
      </trkpt>
      <trkpt lat="33.466625" lon="-111.487487">
        <ele>622.0</ele>
      </trkpt>
      <trkpt lat="33.46654" lon="-111.48719">
        <ele>622.0</ele>
      </trkpt>
      <trkpt lat="33.466119" lon="-111.48663">
        <ele>622.0</ele>
      </trkpt>
      <trkpt lat="33.46607" lon="-111.4864">
        <ele>622.0</ele>
      </trkpt>
      <trkpt lat="33.466079" lon="-111.48599">
        <ele>622.0</ele>
      </trkpt>
      <trkpt lat="33.466053" lon="-111.485697">
        <ele>622.0</ele>
      </trkpt>
      <trkpt lat="33.46614" lon="-111.485592">
        <ele>622.0</ele>
      </trkpt>
      <trkpt lat="33.466119" lon="-111.48538">
        <ele>622.2</ele>
      </trkpt>
      <trkpt lat="33.465989" lon="-111.48499">
        <ele>622.6</ele>
      </trkpt>
      <trkpt lat="33.46605" lon="-111.48468">
        <ele>623.2</ele>
      </trkpt>
      <trkpt lat="33.46617" lon="-111.48462">
        <ele>624.2</ele>
      </trkpt>
      <trkpt lat="33.466299" lon="-111.48447">
        <ele>625.2</ele>
      </trkpt>
      <trkpt lat="33.46641" lon="-111.48422">
        <ele>625.8</ele>
      </trkpt>
      <trkpt lat="33.466417" lon="-111.483786">
        <ele>626.0</ele>
      </trkpt>
      <trkpt lat="33.466593" lon="-111.483089">
        <ele>626.0</ele>
      </trkpt>
      <trkpt lat="33.46654" lon="-111.48272">
        <ele>625.4</ele>
      </trkpt>
      <trkpt lat="33.46638" lon="-111.48256">
        <ele>624.8</ele>
      </trkpt>
      <trkpt lat="33.466064" lon="-111.482486">
        <ele>624.4</ele>
      </trkpt>
      <trkpt lat="33.46603" lon="-111.48214">
        <ele>624.4</ele>
      </trkpt>
      <trkpt lat="33.46598" lon="-111.48204">
        <ele>624.4</ele>
      </trkpt>
      <trkpt lat="33.46598" lon="-111.48185">
        <ele>624.6</ele>
      </trkpt>
      <trkpt lat="33.46609" lon="-111.48168">
        <ele>624.8</ele>
      </trkpt>
      <trkpt lat="33.466209" lon="-111.48164">
        <ele>625.0</ele>
      </trkpt>
      <trkpt lat="33.46641" lon="-111.48149">
        <ele>625.0</ele>
      </trkpt>
      <trkpt lat="33.466504" lon="-111.481369">
        <ele>625.0</ele>
      </trkpt>
      <trkpt lat="33.466546" lon="-111.481125">
        <ele>625.2</ele>
      </trkpt>
      <trkpt lat="33.466786" lon="-111.48092">
        <ele>625.4</ele>
      </trkpt>
      <trkpt lat="33.467093" lon="-111.48072">
        <ele>625.4</ele>
      </trkpt>
      <trkpt lat="33.467036" lon="-111.480593">
        <ele>625.4</ele>
      </trkpt>
      <trkpt lat="33.466864" lon="-111.480361">
        <ele>625.4</ele>
      </trkpt>
      <trkpt lat="33.46661" lon="-111.479908">
        <ele>625.4</ele>
      </trkpt>
      <trkpt lat="33.466464" lon="-111.479691">
        <ele>625.6</ele>
      </trkpt>
      <trkpt lat="33.466324" lon="-111.479585">
        <ele>626.0</ele>
      </trkpt>
      <trkpt lat="33.466288" lon="-111.479322">
        <ele>626.4</ele>
      </trkpt>
      <trkpt lat="33.46649" lon="-111.479192">
        <ele>626.8</ele>
      </trkpt>
      <trkpt lat="33.466589" lon="-111.47891">
        <ele>627.0</ele>
      </trkpt>
      <trkpt lat="33.466763" lon="-111.478816">
        <ele>627.0</ele>
      </trkpt>
      <trkpt lat="33.467011" lon="-111.478762">
        <ele>627.0</ele>
      </trkpt>
      <trkpt lat="33.46712" lon="-111.47853">
        <ele>627.2</ele>
      </trkpt>
      <trkpt lat="33.467039" lon="-111.47834">
        <ele>627.4</ele>
      </trkpt>
      <trkpt lat="33.46701" lon="-111.47816">
        <ele>627.6</ele>
      </trkpt>
      <trkpt lat="33.467019" lon="-111.47799">
        <ele>628.0</ele>
      </trkpt>
      <trkpt lat="33.46708" lon="-111.47787">
        <ele>628.6</ele>
      </trkpt>
      <trkpt lat="33.467149" lon="-111.47733">
        <ele>629.0</ele>
      </trkpt>
      <trkpt lat="33.46711" lon="-111.47716">
        <ele>629.8</ele>
      </trkpt>
      <trkpt lat="33.466949" lon="-111.476951">
        <ele>630.8</ele>
      </trkpt>
      <trkpt lat="33.466859" lon="-111.47665">
        <ele>631.8</ele>
      </trkpt>
      <trkpt lat="33.46662" lon="-111.47637">
        <ele>632.6</ele>
      </trkpt>
      <trkpt lat="33.46653" lon="-111.47615">
        <ele>633.2</ele>
      </trkpt>
      <trkpt lat="33.466423" lon="-111.476186">
        <ele>633.6</ele>
      </trkpt>
      <trkpt lat="33.466337" lon="-111.476273">
        <ele>633.8</ele>
      </trkpt>
      <trkpt lat="33.46596" lon="-111.47608">
        <ele>634.0</ele>
      </trkpt>
      <trkpt lat="33.465776" lon="-111.476049">
        <ele>635.2</ele>
      </trkpt>
      <trkpt lat="33.465449" lon="-111.47584">
        <ele>636.8</ele>
      </trkpt>
      <trkpt lat="33.46495" lon="-111.47528">
        <ele>638.4</ele>
      </trkpt>
      <trkpt lat="33.46477" lon="-111.47491">
        <ele>640.2</ele>
      </trkpt>
      <trkpt lat="33.46464" lon="-111.47475">
        <ele>641.8</ele>
      </trkpt>
      <trkpt lat="33.46435" lon="-111.47452">
        <ele>642.8</ele>
      </trkpt>
      <trkpt lat="33.464219" lon="-111.47437">
        <ele>643.8</ele>
      </trkpt>
      <trkpt lat="33.464239" lon="-111.47407">
        <ele>644.4</ele>
      </trkpt>
      <trkpt lat="33.464129" lon="-111.47394">
        <ele>644.8</ele>
      </trkpt>
      <trkpt lat="33.46409" lon="-111.47378">
        <ele>645.2</ele>
      </trkpt>
      <trkpt lat="33.463679" lon="-111.4734">
        <ele>645.6</ele>
      </trkpt>
      <trkpt lat="33.463306" lon="-111.473313">
        <ele>645.8</ele>
      </trkpt>
      <trkpt lat="33.463177" lon="-111.473339">
        <ele>646.4</ele>
      </trkpt>
      <trkpt lat="33.463084" lon="-111.473299">
        <ele>646.6</ele>
      </trkpt>
      <trkpt lat="33.463012" lon="-111.473207">
        <ele>647.2</ele>
      </trkpt>
      <trkpt lat="33.46297" lon="-111.47294">
        <ele>647.6</ele>
      </trkpt>
      <trkpt lat="33.462899" lon="-111.47283">
        <ele>648.4</ele>
      </trkpt>
      <trkpt lat="33.462829" lon="-111.47279">
        <ele>649.2</ele>
      </trkpt>
      <trkpt lat="33.46258" lon="-111.47253">
        <ele>650.4</ele>
      </trkpt>
      <trkpt lat="33.46229" lon="-111.47237">
        <ele>651.4</ele>
      </trkpt>
      <trkpt lat="33.46204" lon="-111.47215">
        <ele>652.4</ele>
      </trkpt>
      <trkpt lat="33.46193" lon="-111.472">
        <ele>653.8</ele>
      </trkpt>
      <trkpt lat="33.46182" lon="-111.47191">
        <ele>654.8</ele>
      </trkpt>
      <trkpt lat="33.46162" lon="-111.47182">
        <ele>655.8</ele>
      </trkpt>
      <trkpt lat="33.461292" lon="-111.47179">
        <ele>656.4</ele>
      </trkpt>
      <trkpt lat="33.461216" lon="-111.471729">
        <ele>656.6</ele>
      </trkpt>
      <trkpt lat="33.461081" lon="-111.471796">
        <ele>656.2</ele>
      </trkpt>
      <trkpt lat="33.46081" lon="-111.47182">
        <ele>656.0</ele>
      </trkpt>
      <trkpt lat="33.460749" lon="-111.47172">
        <ele>655.4</ele>
      </trkpt>
      <trkpt lat="33.46068" lon="-111.47173">
        <ele>655.4</ele>
      </trkpt>
      <trkpt lat="33.460569" lon="-111.47195">
        <ele>655.4</ele>
      </trkpt>
      <trkpt lat="33.46033" lon="-111.47217">
        <ele>655.2</ele>
      </trkpt>
      <trkpt lat="33.46023" lon="-111.47247">
        <ele>655.2</ele>
      </trkpt>
      <trkpt lat="33.46015" lon="-111.47256">
        <ele>655.8</ele>
      </trkpt>
      <trkpt lat="33.460079" lon="-111.47255">
        <ele>655.8</ele>
      </trkpt>
      <trkpt lat="33.45996" lon="-111.47246">
        <ele>655.8</ele>
      </trkpt>
      <trkpt lat="33.459699" lon="-111.47253">
        <ele>656.0</ele>
      </trkpt>
      <trkpt lat="33.45953" lon="-111.47276">
        <ele>656.4</ele>
      </trkpt>
      <trkpt lat="33.4594" lon="-111.47274">
        <ele>656.6</ele>
      </trkpt>
      <trkpt lat="33.459139" lon="-111.47259">
        <ele>657.0</ele>
      </trkpt>
      <trkpt lat="33.459026" lon="-111.472559">
        <ele>657.6</ele>
      </trkpt>
      <trkpt lat="33.458759" lon="-111.472713">
        <ele>658.0</ele>
      </trkpt>
      <trkpt lat="33.45854" lon="-111.47274">
        <ele>658.0</ele>
      </trkpt>
      <trkpt lat="33.45838" lon="-111.47272">
        <ele>658.6</ele>
      </trkpt>
      <trkpt lat="33.45825" lon="-111.47278">
        <ele>659.2</ele>
      </trkpt>
      <trkpt lat="33.458019" lon="-111.47275">
        <ele>659.6</ele>
      </trkpt>
      <trkpt lat="33.457659" lon="-111.47261">
        <ele>659.6</ele>
      </trkpt>
      <trkpt lat="33.457642" lon="-111.472455">
        <ele>659.6</ele>
      </trkpt>
      <trkpt lat="33.457515" lon="-111.472613">
        <ele>659.2</ele>
      </trkpt>
      <trkpt lat="33.45741" lon="-111.47258">
        <ele>659.6</ele>
      </trkpt>
      <trkpt lat="33.457282" lon="-111.472293">
        <ele>661.0</ele>
      </trkpt>
      <trkpt lat="33.457099" lon="-111.47181">
        <ele>664.0</ele>
      </trkpt>
      <trkpt lat="33.45688" lon="-111.47152">
        <ele>667.0</ele>
      </trkpt>
      <trkpt lat="33.456539" lon="-111.4712">
        <ele>669.0</ele>
      </trkpt>
      <trkpt lat="33.456449" lon="-111.47125">
        <ele>670.6</ele>
      </trkpt>
      <trkpt lat="33.456429" lon="-111.4716">
        <ele>671.4</ele>
      </trkpt>
      <trkpt lat="33.45631" lon="-111.47199">
        <ele>671.4</ele>
      </trkpt>
      <trkpt lat="33.456159" lon="-111.47213">
        <ele>671.2</ele>
      </trkpt>
      <trkpt lat="33.45595" lon="-111.47213">
        <ele>671.4</ele>
      </trkpt>
      <trkpt lat="33.455759" lon="-111.47218">
        <ele>671.2</ele>
      </trkpt>
      <trkpt lat="33.455579" lon="-111.47189">
        <ele>670.4</ele>
      </trkpt>
      <trkpt lat="33.455599" lon="-111.47176">
        <ele>669.2</ele>
      </trkpt>
      <trkpt lat="33.45548" lon="-111.47168">
        <ele>668.0</ele>
      </trkpt>
      <trkpt lat="33.455329" lon="-111.47171">
        <ele>667.8</ele>
      </trkpt>
      <trkpt lat="33.45526" lon="-111.47186">
        <ele>668.0</ele>
      </trkpt>
      <trkpt lat="33.45507" lon="-111.47179">
        <ele>669.0</ele>
      </trkpt>
      <trkpt lat="33.454389" lon="-111.47179">
        <ele>670.4</ele>
      </trkpt>
      <trkpt lat="33.45415" lon="-111.47183">
        <ele>671.8</ele>
      </trkpt>
      <trkpt lat="33.45394" lon="-111.47193">
        <ele>672.6</ele>
      </trkpt>
      <trkpt lat="33.453809" lon="-111.4721">
        <ele>673.0</ele>
      </trkpt>
      <trkpt lat="33.45374" lon="-111.47229">
        <ele>673.8</ele>
      </trkpt>
      <trkpt lat="33.4535" lon="-111.47237">
        <ele>674.0</ele>
      </trkpt>
      <trkpt lat="33.45318" lon="-111.47231">
        <ele>674.6</ele>
      </trkpt>
      <trkpt lat="33.452939" lon="-111.47239">
        <ele>675.4</ele>
      </trkpt>
      <trkpt lat="33.4528" lon="-111.47221">
        <ele>676.2</ele>
      </trkpt>
      <trkpt lat="33.45277" lon="-111.47223">
        <ele>676.2</ele>
      </trkpt>
      <trkpt lat="33.45268" lon="-111.47219">
        <ele>676.6</ele>
      </trkpt>
      <trkpt lat="33.45268" lon="-111.47229">
        <ele>676.6</ele>
      </trkpt>
      <trkpt lat="33.45245" lon="-111.47251">
        <ele>676.6</ele>
      </trkpt>
      <trkpt lat="33.452289" lon="-111.47259">
        <ele>676.2</ele>
      </trkpt>
      <trkpt lat="33.45215" lon="-111.47253">
        <ele>675.6</ele>
      </trkpt>
      <trkpt lat="33.452129" lon="-111.47264">
        <ele>675.0</ele>
      </trkpt>
      <trkpt lat="33.45199" lon="-111.47287">
        <ele>675.0</ele>
      </trkpt>
      <trkpt lat="33.45181" lon="-111.47304">
        <ele>674.8</ele>
      </trkpt>
      <trkpt lat="33.45163" lon="-111.47306">
        <ele>674.6</ele>
      </trkpt>
      <trkpt lat="33.451549" lon="-111.47299">
        <ele>675.4</ele>
      </trkpt>
      <trkpt lat="33.45141" lon="-111.47314">
        <ele>676.4</ele>
      </trkpt>
      <trkpt lat="33.45114" lon="-111.47318">
        <ele>676.8</ele>
      </trkpt>
      <trkpt lat="33.450809" lon="-111.47308">
        <ele>676.4</ele>
      </trkpt>
      <trkpt lat="33.45069" lon="-111.47314">
        <ele>676.2</ele>
      </trkpt>
      <trkpt lat="33.45048" lon="-111.47373">
        <ele>675.2</ele>
      </trkpt>
      <trkpt lat="33.4504" lon="-111.47378">
        <ele>673.6</ele>
      </trkpt>
      <trkpt lat="33.45012" lon="-111.47377">
        <ele>672.2</ele>
      </trkpt>
      <trkpt lat="33.45013" lon="-111.47385">
        <ele>671.4</ele>
      </trkpt>
      <trkpt lat="33.45009" lon="-111.47392">
        <ele>670.8</ele>
      </trkpt>
      <trkpt lat="33.4501" lon="-111.47401">
        <ele>670.4</ele>
      </trkpt>
      <trkpt lat="33.450069" lon="-111.47411">
        <ele>670.6</ele>
      </trkpt>
      <trkpt lat="33.449959" lon="-111.47424">
        <ele>671.2</ele>
      </trkpt>
      <trkpt lat="33.449849" lon="-111.47427">
        <ele>672.2</ele>
      </trkpt>
      <trkpt lat="33.449759" lon="-111.47443">
        <ele>672.8</ele>
      </trkpt>
      <trkpt lat="33.449669" lon="-111.47448">
        <ele>673.4</ele>
      </trkpt>
      <trkpt lat="33.44965" lon="-111.47493">
        <ele>673.2</ele>
      </trkpt>
      <trkpt lat="33.449579" lon="-111.47498">
        <ele>672.6</ele>
      </trkpt>
      <trkpt lat="33.449489" lon="-111.47524">
        <ele>672.4</ele>
      </trkpt>
      <trkpt lat="33.449399" lon="-111.47528">
        <ele>672.8</ele>
      </trkpt>
      <trkpt lat="33.44927" lon="-111.47518">
        <ele>673.2</ele>
      </trkpt>
      <trkpt lat="33.449199" lon="-111.47523">
        <ele>674.2</ele>
      </trkpt>
      <trkpt lat="33.44917" lon="-111.47518">
        <ele>675.4</ele>
      </trkpt>
      <trkpt lat="33.449019" lon="-111.47521">
        <ele>676.0</ele>
      </trkpt>
      <trkpt lat="33.448929" lon="-111.47509">
        <ele>676.2</ele>
      </trkpt>
      <trkpt lat="33.44889" lon="-111.47511">
        <ele>676.6</ele>
      </trkpt>
      <trkpt lat="33.44878" lon="-111.47531">
        <ele>676.8</ele>
      </trkpt>
      <trkpt lat="33.44872" lon="-111.47534">
        <ele>677.0</ele>
      </trkpt>
      <trkpt lat="33.44851" lon="-111.47522">
        <ele>677.2</ele>
      </trkpt>
      <trkpt lat="33.448279" lon="-111.47526">
        <ele>677.6</ele>
      </trkpt>
      <trkpt lat="33.44821" lon="-111.47524">
        <ele>678.0</ele>
      </trkpt>
      <trkpt lat="33.44816" lon="-111.47529">
        <ele>678.4</ele>
      </trkpt>
      <trkpt lat="33.44805" lon="-111.47532">
        <ele>679.2</ele>
      </trkpt>
      <trkpt lat="33.44796" lon="-111.47528">
        <ele>680.0</ele>
      </trkpt>
      <trkpt lat="33.44759" lon="-111.47525">
        <ele>680.6</ele>
      </trkpt>
      <trkpt lat="33.44751" lon="-111.47519">
        <ele>681.0</ele>
      </trkpt>
      <trkpt lat="33.447319" lon="-111.47538">
        <ele>681.4</ele>
      </trkpt>
      <trkpt lat="33.447159" lon="-111.47539">
        <ele>681.4</ele>
      </trkpt>
      <trkpt lat="33.4471" lon="-111.47536">
        <ele>681.4</ele>
      </trkpt>
      <trkpt lat="33.446869" lon="-111.47542">
        <ele>681.8</ele>
      </trkpt>
      <trkpt lat="33.446779" lon="-111.47539">
        <ele>682.2</ele>
      </trkpt>
      <trkpt lat="33.446759" lon="-111.47543">
        <ele>682.6</ele>
      </trkpt>
      <trkpt lat="33.446579" lon="-111.4755">
        <ele>682.6</ele>
      </trkpt>
      <trkpt lat="33.446469" lon="-111.47548">
        <ele>682.6</ele>
      </trkpt>
      <trkpt lat="33.44635" lon="-111.47558">
        <ele>682.4</ele>
      </trkpt>
      <trkpt lat="33.44624" lon="-111.47559">
        <ele>683.0</ele>
      </trkpt>
      <trkpt lat="33.4461" lon="-111.47555">
        <ele>683.6</ele>
      </trkpt>
      <trkpt lat="33.44596" lon="-111.47518">
        <ele>684.2</ele>
      </trkpt>
      <trkpt lat="33.44588" lon="-111.47515">
        <ele>684.8</ele>
      </trkpt>
      <trkpt lat="33.445819" lon="-111.47519">
        <ele>685.2</ele>
      </trkpt>
      <trkpt lat="33.445819" lon="-111.47526">
        <ele>685.0</ele>
      </trkpt>
      <trkpt lat="33.445749" lon="-111.47529">
        <ele>684.8</ele>
      </trkpt>
      <trkpt lat="33.44551" lon="-111.47525">
        <ele>684.6</ele>
      </trkpt>
      <trkpt lat="33.44543" lon="-111.4752">
        <ele>684.4</ele>
      </trkpt>
      <trkpt lat="33.44485" lon="-111.47522">
        <ele>684.4</ele>
      </trkpt>
      <trkpt lat="33.44484" lon="-111.47524">
        <ele>684.4</ele>
      </trkpt>
      <trkpt lat="33.4446" lon="-111.47522">
        <ele>684.6</ele>
      </trkpt>
      <trkpt lat="33.44442" lon="-111.47508">
        <ele>685.0</ele>
      </trkpt>
      <trkpt lat="33.44445" lon="-111.47497">
        <ele>685.4</ele>
      </trkpt>
      <trkpt lat="33.44437" lon="-111.4749">
        <ele>685.8</ele>
      </trkpt>
      <trkpt lat="33.44429" lon="-111.47489">
        <ele>686.0</ele>
      </trkpt>
      <trkpt lat="33.44421" lon="-111.47498">
        <ele>686.2</ele>
      </trkpt>
      <trkpt lat="33.44409" lon="-111.475">
        <ele>686.4</ele>
      </trkpt>
      <trkpt lat="33.443959" lon="-111.47487">
        <ele>686.6</ele>
      </trkpt>
      <trkpt lat="33.443869" lon="-111.47488">
        <ele>687.0</ele>
      </trkpt>
      <trkpt lat="33.4438" lon="-111.47477">
        <ele>687.0</ele>
      </trkpt>
      <trkpt lat="33.44366" lon="-111.47468">
        <ele>686.2</ele>
      </trkpt>
      <trkpt lat="33.443559" lon="-111.4748">
        <ele>685.6</ele>
      </trkpt>
      <trkpt lat="33.44344" lon="-111.47486">
        <ele>685.2</ele>
      </trkpt>
      <trkpt lat="33.44335" lon="-111.47486">
        <ele>684.2</ele>
      </trkpt>
      <trkpt lat="33.44334" lon="-111.47479">
        <ele>683.6</ele>
      </trkpt>
      <trkpt lat="33.443219" lon="-111.47491">
        <ele>684.0</ele>
      </trkpt>
      <trkpt lat="33.443129" lon="-111.47492">
        <ele>683.8</ele>
      </trkpt>
      <trkpt lat="33.44251" lon="-111.47475">
        <ele>683.4</ele>
      </trkpt>
      <trkpt lat="33.44239" lon="-111.47485">
        <ele>683.6</ele>
      </trkpt>
      <trkpt lat="33.442259" lon="-111.4749">
        <ele>683.8</ele>
      </trkpt>
      <trkpt lat="33.44184" lon="-111.47489">
        <ele>683.2</ele>
      </trkpt>
      <trkpt lat="33.44128" lon="-111.47472">
        <ele>682.8</ele>
      </trkpt>
      <trkpt lat="33.440779" lon="-111.47464">
        <ele>682.6</ele>
      </trkpt>
      <trkpt lat="33.440309" lon="-111.47449">
        <ele>682.4</ele>
      </trkpt>
      <trkpt lat="33.43989" lon="-111.47428">
        <ele>682.2</ele>
      </trkpt>
      <trkpt lat="33.43966" lon="-111.47411">
        <ele>682.4</ele>
      </trkpt>
      <trkpt lat="33.43933" lon="-111.47393">
        <ele>682.6</ele>
      </trkpt>
      <trkpt lat="33.43905" lon="-111.47383">
        <ele>683.0</ele>
      </trkpt>
      <trkpt lat="33.43885" lon="-111.47371">
        <ele>683.4</ele>
      </trkpt>
      <trkpt lat="33.43876" lon="-111.47359">
        <ele>683.2</ele>
      </trkpt>
      <trkpt lat="33.43876" lon="-111.47344">
        <ele>683.4</ele>
      </trkpt>
      <trkpt lat="33.43864" lon="-111.47337">
        <ele>683.6</ele>
      </trkpt>
      <trkpt lat="33.43865" lon="-111.47322">
        <ele>683.2</ele>
      </trkpt>
      <trkpt lat="33.438589" lon="-111.47315">
        <ele>682.6</ele>
      </trkpt>
      <trkpt lat="33.438499" lon="-111.47319">
        <ele>682.8</ele>
      </trkpt>
      <trkpt lat="33.4384" lon="-111.47316">
        <ele>682.4</ele>
      </trkpt>
      <trkpt lat="33.43831" lon="-111.47291">
        <ele>682.2</ele>
      </trkpt>
      <trkpt lat="33.438119" lon="-111.473">
        <ele>682.2</ele>
      </trkpt>
      <trkpt lat="33.437869" lon="-111.47292">
        <ele>682.4</ele>
      </trkpt>
      <trkpt lat="33.437779" lon="-111.47271">
        <ele>682.2</ele>
      </trkpt>
      <trkpt lat="33.43781" lon="-111.47263">
        <ele>682.2</ele>
      </trkpt>
      <trkpt lat="33.43766" lon="-111.47259">
        <ele>682.0</ele>
      </trkpt>
      <trkpt lat="33.437649" lon="-111.47251">
        <ele>681.6</ele>
      </trkpt>
      <trkpt lat="33.4376" lon="-111.47247">
        <ele>681.0</ele>
      </trkpt>
      <trkpt lat="33.43744" lon="-111.4725">
        <ele>680.6</ele>
      </trkpt>
      <trkpt lat="33.43686" lon="-111.47236">
        <ele>680.4</ele>
      </trkpt>
      <trkpt lat="33.43667" lon="-111.47228">
        <ele>680.2</ele>
      </trkpt>
      <trkpt lat="33.43661" lon="-111.47219">
        <ele>679.8</ele>
      </trkpt>
      <trkpt lat="33.4365" lon="-111.47218">
        <ele>679.4</ele>
      </trkpt>
      <trkpt lat="33.43642" lon="-111.47207">
        <ele>678.6</ele>
      </trkpt>
      <trkpt lat="33.43625" lon="-111.47205">
        <ele>677.8</ele>
      </trkpt>
      <trkpt lat="33.43616" lon="-111.4721">
        <ele>677.4</ele>
      </trkpt>
      <trkpt lat="33.436059" lon="-111.47204">
        <ele>677.2</ele>
      </trkpt>
      <trkpt lat="33.43602" lon="-111.47197">
        <ele>677.2</ele>
      </trkpt>
      <trkpt lat="33.43584" lon="-111.47193">
        <ele>677.0</ele>
      </trkpt>
      <trkpt lat="33.435789" lon="-111.47186">
        <ele>676.4</ele>
      </trkpt>
      <trkpt lat="33.43569" lon="-111.47181">
        <ele>675.6</ele>
      </trkpt>
      <trkpt lat="33.435429" lon="-111.47179">
        <ele>674.6</ele>
      </trkpt>
      <trkpt lat="33.43536" lon="-111.47172">
        <ele>673.6</ele>
      </trkpt>
      <trkpt lat="33.43511" lon="-111.4717">
        <ele>673.0</ele>
      </trkpt>
      <trkpt lat="33.435029" lon="-111.47157">
        <ele>672.0</ele>
      </trkpt>
      <trkpt lat="33.43462" lon="-111.47143">
        <ele>671.0</ele>
      </trkpt>
      <trkpt lat="33.43452" lon="-111.47145">
        <ele>670.6</ele>
      </trkpt>
      <trkpt lat="33.43444" lon="-111.47143">
        <ele>669.8</ele>
      </trkpt>
      <trkpt lat="33.43437" lon="-111.47137">
        <ele>669.4</ele>
      </trkpt>
      <trkpt lat="33.434289" lon="-111.47136">
        <ele>669.2</ele>
      </trkpt>
      <trkpt lat="33.434179" lon="-111.47126">
        <ele>669.2</ele>
      </trkpt>
      <trkpt lat="33.433929" lon="-111.47129">
        <ele>668.6</ele>
      </trkpt>
      <trkpt lat="33.43386" lon="-111.47121">
        <ele>668.4</ele>
      </trkpt>
      <trkpt lat="33.433709" lon="-111.47137">
        <ele>667.8</ele>
      </trkpt>
      <trkpt lat="33.43352" lon="-111.47144">
        <ele>667.6</ele>
      </trkpt>
      <trkpt lat="33.432899" lon="-111.47146">
        <ele>667.0</ele>
      </trkpt>
      <trkpt lat="33.43265" lon="-111.47138">
        <ele>667.0</ele>
      </trkpt>
      <trkpt lat="33.43257" lon="-111.47141">
        <ele>667.0</ele>
      </trkpt>
      <trkpt lat="33.43236" lon="-111.47136">
        <ele>667.0</ele>
      </trkpt>
      <trkpt lat="33.432229" lon="-111.4714">
        <ele>667.0</ele>
      </trkpt>
      <trkpt lat="33.432139" lon="-111.47134">
        <ele>667.4</ele>
      </trkpt>
      <trkpt lat="33.432" lon="-111.47135">
        <ele>667.6</ele>
      </trkpt>
      <trkpt lat="33.43188" lon="-111.47125">
        <ele>668.0</ele>
      </trkpt>
      <trkpt lat="33.431669" lon="-111.47133">
        <ele>668.4</ele>
      </trkpt>
      <trkpt lat="33.431649" lon="-111.47122">
        <ele>669.0</ele>
      </trkpt>
      <trkpt lat="33.43143" lon="-111.4713">
        <ele>669.2</ele>
      </trkpt>
      <trkpt lat="33.431379" lon="-111.47121">
        <ele>669.4</ele>
      </trkpt>
      <trkpt lat="33.431289" lon="-111.47117">
        <ele>669.2</ele>
      </trkpt>
      <trkpt lat="33.43124" lon="-111.4712">
        <ele>669.4</ele>
      </trkpt>
      <trkpt lat="33.43115" lon="-111.47115">
        <ele>669.4</ele>
      </trkpt>
      <trkpt lat="33.43104" lon="-111.47114">
        <ele>669.8</ele>
      </trkpt>
      <trkpt lat="33.43098" lon="-111.47109">
        <ele>670.2</ele>
      </trkpt>
      <trkpt lat="33.4309" lon="-111.47092">
        <ele>670.6</ele>
      </trkpt>
      <trkpt lat="33.430799" lon="-111.47086">
        <ele>671.2</ele>
      </trkpt>
      <trkpt lat="33.43067" lon="-111.47083">
        <ele>672.0</ele>
      </trkpt>
      <trkpt lat="33.430639" lon="-111.47069">
        <ele>672.2</ele>
      </trkpt>
      <trkpt lat="33.430549" lon="-111.47063">
        <ele>672.2</ele>
      </trkpt>
      <trkpt lat="33.430349" lon="-111.4708">
        <ele>672.2</ele>
      </trkpt>
      <trkpt lat="33.4301" lon="-111.47079">
        <ele>671.4</ele>
      </trkpt>
      <trkpt lat="33.429989" lon="-111.47068">
        <ele>670.2</ele>
      </trkpt>
      <trkpt lat="33.429789" lon="-111.47072">
        <ele>669.4</ele>
      </trkpt>
      <trkpt lat="33.42964" lon="-111.47081">
        <ele>668.8</ele>
      </trkpt>
      <trkpt lat="33.42949" lon="-111.4708">
        <ele>668.4</ele>
      </trkpt>
      <trkpt lat="33.429389" lon="-111.47076">
        <ele>668.2</ele>
      </trkpt>
      <trkpt lat="33.42929" lon="-111.47066">
        <ele>668.2</ele>
      </trkpt>
      <trkpt lat="33.42911" lon="-111.47057">
        <ele>668.4</ele>
      </trkpt>
      <trkpt lat="33.42899" lon="-111.47038">
        <ele>668.6</ele>
      </trkpt>
      <trkpt lat="33.42891" lon="-111.47036">
        <ele>668.6</ele>
      </trkpt>
      <trkpt lat="33.42855" lon="-111.46976">
        <ele>668.8</ele>
      </trkpt>
      <trkpt lat="33.428559" lon="-111.46972">
        <ele>669.0</ele>
      </trkpt>
      <trkpt lat="33.42853" lon="-111.46969">
        <ele>669.0</ele>
      </trkpt>
      <trkpt lat="33.428469" lon="-111.4697">
        <ele>669.2</ele>
      </trkpt>
      <trkpt lat="33.428179" lon="-111.46945">
        <ele>669.2</ele>
      </trkpt>
      <trkpt lat="33.42805" lon="-111.46915">
        <ele>668.8</ele>
      </trkpt>
      <trkpt lat="33.42787" lon="-111.46885">
        <ele>668.6</ele>
      </trkpt>
      <trkpt lat="33.42785" lon="-111.46877">
        <ele>668.2</ele>
      </trkpt>
      <trkpt lat="33.42778" lon="-111.46867">
        <ele>667.4</ele>
      </trkpt>
      <trkpt lat="33.4276" lon="-111.46851">
        <ele>667.2</ele>
      </trkpt>
      <trkpt lat="33.427529" lon="-111.46827">
        <ele>667.4</ele>
      </trkpt>
      <trkpt lat="33.42748" lon="-111.46786">
        <ele>667.8</ele>
      </trkpt>
      <trkpt lat="33.4275" lon="-111.4675">
        <ele>668.4</ele>
      </trkpt>
      <trkpt lat="33.427439" lon="-111.46741">
        <ele>668.6</ele>
      </trkpt>
      <trkpt lat="33.427439" lon="-111.46733">
        <ele>668.6</ele>
      </trkpt>
      <trkpt lat="33.427349" lon="-111.46726">
        <ele>668.4</ele>
      </trkpt>
      <trkpt lat="33.427329" lon="-111.46713">
        <ele>667.8</ele>
      </trkpt>
      <trkpt lat="33.42722" lon="-111.46706">
        <ele>667.4</ele>
      </trkpt>
      <trkpt lat="33.42711" lon="-111.46685">
        <ele>667.4</ele>
      </trkpt>
      <trkpt lat="33.42701" lon="-111.46678">
        <ele>667.2</ele>
      </trkpt>
      <trkpt lat="33.426879" lon="-111.46675">
        <ele>667.4</ele>
      </trkpt>
      <trkpt lat="33.42684" lon="-111.46664">
        <ele>667.4</ele>
      </trkpt>
      <trkpt lat="33.426679" lon="-111.46653">
        <ele>667.4</ele>
      </trkpt>
      <trkpt lat="33.42666" lon="-111.46661">
        <ele>667.6</ele>
      </trkpt>
      <trkpt lat="33.42656" lon="-111.46646">
        <ele>667.2</ele>
      </trkpt>
      <trkpt lat="33.426519" lon="-111.46647">
        <ele>666.4</ele>
      </trkpt>
      <trkpt lat="33.4264" lon="-111.46677">
        <ele>666.6</ele>
      </trkpt>
      <trkpt lat="33.426389" lon="-111.4669">
        <ele>666.6</ele>
      </trkpt>
      <trkpt lat="33.42578" lon="-111.46742">
        <ele>666.6</ele>
      </trkpt>
      <trkpt lat="33.42569" lon="-111.46742">
        <ele>667.4</ele>
      </trkpt>
      <trkpt lat="33.42562" lon="-111.46733">
        <ele>668.4</ele>
      </trkpt>
      <trkpt lat="33.42555" lon="-111.46716">
        <ele>668.6</ele>
      </trkpt>
      <trkpt lat="33.42533" lon="-111.46629">
        <ele>668.0</ele>
      </trkpt>
      <trkpt lat="33.42533" lon="-111.46615">
        <ele>667.6</ele>
      </trkpt>
      <trkpt lat="33.425269" lon="-111.46609">
        <ele>667.4</ele>
      </trkpt>
      <trkpt lat="33.42517" lon="-111.46609">
        <ele>666.4</ele>
      </trkpt>
      <trkpt lat="33.42495" lon="-111.46633">
        <ele>665.4</ele>
      </trkpt>
      <trkpt lat="33.42484" lon="-111.46684">
        <ele>665.6</ele>
      </trkpt>
      <trkpt lat="33.42478" lon="-111.46697">
        <ele>665.6</ele>
      </trkpt>
      <trkpt lat="33.42461" lon="-111.46719">
        <ele>665.8</ele>
      </trkpt>
      <trkpt lat="33.42452" lon="-111.46737">
        <ele>666.2</ele>
      </trkpt>
      <trkpt lat="33.4244" lon="-111.46747">
        <ele>666.8</ele>
      </trkpt>
      <trkpt lat="33.424329" lon="-111.46764">
        <ele>667.0</ele>
      </trkpt>
      <trkpt lat="33.424079" lon="-111.46789">
        <ele>667.2</ele>
      </trkpt>
      <trkpt lat="33.423969" lon="-111.46794">
        <ele>667.0</ele>
      </trkpt>
      <trkpt lat="33.423679" lon="-111.46799">
        <ele>667.2</ele>
      </trkpt>
      <trkpt lat="33.42343" lon="-111.46797">
        <ele>667.2</ele>
      </trkpt>
      <trkpt lat="33.42327" lon="-111.46803">
        <ele>667.2</ele>
      </trkpt>
      <trkpt lat="33.422939" lon="-111.46807">
        <ele>667.0</ele>
      </trkpt>
      <trkpt lat="33.422759" lon="-111.46804">
        <ele>666.8</ele>
      </trkpt>
      <trkpt lat="33.42224" lon="-111.46782">
        <ele>666.8</ele>
      </trkpt>
      <trkpt lat="33.422089" lon="-111.46772">
        <ele>667.2</ele>
      </trkpt>
      <trkpt lat="33.42179" lon="-111.46735">
        <ele>667.4</ele>
      </trkpt>
      <trkpt lat="33.42177" lon="-111.46721">
        <ele>667.8</ele>
      </trkpt>
      <trkpt lat="33.42159" lon="-111.46714">
        <ele>668.2</ele>
      </trkpt>
      <trkpt lat="33.42149" lon="-111.46699">
        <ele>668.6</ele>
      </trkpt>
      <trkpt lat="33.4213" lon="-111.46682">
        <ele>668.2</ele>
      </trkpt>
      <trkpt lat="33.421169" lon="-111.4668">
        <ele>668.0</ele>
      </trkpt>
      <trkpt lat="33.420949" lon="-111.46694">
        <ele>668.0</ele>
      </trkpt>
      <trkpt lat="33.420769" lon="-111.46687">
        <ele>668.0</ele>
      </trkpt>
      <trkpt lat="33.420699" lon="-111.46679">
        <ele>668.0</ele>
      </trkpt>
      <trkpt lat="33.42061" lon="-111.46675">
        <ele>668.4</ele>
      </trkpt>
      <trkpt lat="33.42054" lon="-111.46677">
        <ele>668.8</ele>
      </trkpt>
      <trkpt lat="33.420409" lon="-111.46669">
        <ele>669.0</ele>
      </trkpt>
      <trkpt lat="33.420319" lon="-111.46675">
        <ele>669.0</ele>
      </trkpt>
      <trkpt lat="33.420029" lon="-111.4667">
        <ele>669.0</ele>
      </trkpt>
      <trkpt lat="33.41998" lon="-111.46661">
        <ele>669.0</ele>
      </trkpt>
      <trkpt lat="33.419919" lon="-111.4666">
        <ele>669.0</ele>
      </trkpt>
      <trkpt lat="33.419849" lon="-111.46663">
        <ele>669.2</ele>
      </trkpt>
      <trkpt lat="33.419739" lon="-111.46653">
        <ele>669.2</ele>
      </trkpt>
      <trkpt lat="33.41971" lon="-111.4664">
        <ele>669.4</ele>
      </trkpt>
      <trkpt lat="33.419449" lon="-111.46631">
        <ele>669.2</ele>
      </trkpt>
      <trkpt lat="33.41941" lon="-111.46621">
        <ele>669.2</ele>
      </trkpt>
      <trkpt lat="33.41926" lon="-111.46604">
        <ele>668.6</ele>
      </trkpt>
      <trkpt lat="33.41913" lon="-111.46605">
        <ele>668.6</ele>
      </trkpt>
      <trkpt lat="33.41908" lon="-111.466">
        <ele>668.2</ele>
      </trkpt>
      <trkpt lat="33.41903" lon="-111.4658">
        <ele>668.2</ele>
      </trkpt>
      <trkpt lat="33.418889" lon="-111.46576">
        <ele>668.0</ele>
      </trkpt>
      <trkpt lat="33.4187" lon="-111.46561">
        <ele>668.4</ele>
      </trkpt>
      <trkpt lat="33.41867" lon="-111.46555">
        <ele>668.4</ele>
      </trkpt>
      <trkpt lat="33.41866" lon="-111.46541">
        <ele>668.4</ele>
      </trkpt>
      <trkpt lat="33.41859" lon="-111.4654">
        <ele>668.4</ele>
      </trkpt>
      <trkpt lat="33.418509" lon="-111.46547">
        <ele>668.6</ele>
      </trkpt>
      <trkpt lat="33.41846" lon="-111.46542">
        <ele>668.8</ele>
      </trkpt>
      <trkpt lat="33.41846" lon="-111.46526">
        <ele>669.0</ele>
      </trkpt>
      <trkpt lat="33.41849" lon="-111.46513">
        <ele>669.4</ele>
      </trkpt>
      <trkpt lat="33.418439" lon="-111.46493">
        <ele>669.8</ele>
      </trkpt>
      <trkpt lat="33.41831" lon="-111.46481">
        <ele>670.0</ele>
      </trkpt>
      <trkpt lat="33.418329" lon="-111.46474">
        <ele>670.2</ele>
      </trkpt>
      <trkpt lat="33.41838" lon="-111.4647">
        <ele>670.2</ele>
      </trkpt>
      <trkpt lat="33.418349" lon="-111.46464">
        <ele>670.4</ele>
      </trkpt>
      <trkpt lat="33.418149" lon="-111.4646">
        <ele>670.8</ele>
      </trkpt>
      <trkpt lat="33.41799" lon="-111.46437">
        <ele>671.0</ele>
      </trkpt>
      <trkpt lat="33.417859" lon="-111.46402">
        <ele>671.0</ele>
      </trkpt>
      <trkpt lat="33.417769" lon="-111.46393">
        <ele>671.2</ele>
      </trkpt>
      <trkpt lat="33.41776" lon="-111.46382">
        <ele>671.2</ele>
      </trkpt>
      <trkpt lat="33.417789" lon="-111.46368">
        <ele>671.2</ele>
      </trkpt>
      <trkpt lat="33.417769" lon="-111.46361">
        <ele>671.0</ele>
      </trkpt>
      <trkpt lat="33.41781" lon="-111.46346">
        <ele>671.0</ele>
      </trkpt>
      <trkpt lat="33.41767" lon="-111.46337">
        <ele>670.8</ele>
      </trkpt>
      <trkpt lat="33.417569" lon="-111.46294">
        <ele>670.6</ele>
      </trkpt>
      <trkpt lat="33.417499" lon="-111.46285">
        <ele>670.2</ele>
      </trkpt>
      <trkpt lat="33.417389" lon="-111.46285">
        <ele>669.6</ele>
      </trkpt>
      <trkpt lat="33.41687" lon="-111.46305">
        <ele>668.6</ele>
      </trkpt>
      <trkpt lat="33.416559" lon="-111.46326">
        <ele>666.6</ele>
      </trkpt>
      <trkpt lat="33.41649" lon="-111.46335">
        <ele>663.6</ele>
      </trkpt>
      <trkpt lat="33.41574" lon="-111.46381">
        <ele>660.6</ele>
      </trkpt>
      <trkpt lat="33.415329" lon="-111.46429">
        <ele>657.8</ele>
      </trkpt>
      <trkpt lat="33.41526" lon="-111.46433">
        <ele>655.0</ele>
      </trkpt>
      <trkpt lat="33.415059" lon="-111.46429">
        <ele>653.0</ele>
      </trkpt>
      <trkpt lat="33.414839" lon="-111.46434">
        <ele>651.6</ele>
      </trkpt>
      <trkpt lat="33.414679" lon="-111.46442">
        <ele>649.8</ele>
      </trkpt>
      <trkpt lat="33.41463" lon="-111.46458">
        <ele>647.8</ele>
      </trkpt>
      <trkpt lat="33.41452" lon="-111.46465">
        <ele>645.8</ele>
      </trkpt>
      <trkpt lat="33.4142" lon="-111.46469">
        <ele>644.2</ele>
      </trkpt>
      <trkpt lat="33.414119" lon="-111.46479">
        <ele>642.8</ele>
      </trkpt>
      <trkpt lat="33.414119" lon="-111.46486">
        <ele>641.8</ele>
      </trkpt>
      <trkpt lat="33.414009" lon="-111.4649">
        <ele>641.4</ele>
      </trkpt>
      <trkpt lat="33.41389" lon="-111.46486">
        <ele>640.8</ele>
      </trkpt>
      <trkpt lat="33.413849" lon="-111.46493">
        <ele>640.0</ele>
      </trkpt>
      <trkpt lat="33.413739" lon="-111.46499">
        <ele>639.0</ele>
      </trkpt>
      <trkpt lat="33.413469" lon="-111.46506">
        <ele>637.6</ele>
      </trkpt>
      <trkpt lat="33.4132" lon="-111.46525">
        <ele>635.6</ele>
      </trkpt>
      <trkpt lat="33.413069" lon="-111.46538">
        <ele>633.8</ele>
      </trkpt>
      <trkpt lat="33.412779" lon="-111.46549">
        <ele>632.0</ele>
      </trkpt>
      <trkpt lat="33.412779" lon="-111.46572">
        <ele>630.4</ele>
      </trkpt>
      <trkpt lat="33.412599" lon="-111.46581">
        <ele>628.6</ele>
      </trkpt>
      <trkpt lat="33.41256" lon="-111.46591">
        <ele>626.8</ele>
      </trkpt>
      <trkpt lat="33.41229" lon="-111.46602">
        <ele>625.0</ele>
      </trkpt>
      <trkpt lat="33.4122" lon="-111.46612">
        <ele>623.4</ele>
      </trkpt>
      <trkpt lat="33.412059" lon="-111.46619">
        <ele>621.8</ele>
      </trkpt>
      <trkpt lat="33.411949" lon="-111.46613">
        <ele>620.8</ele>
      </trkpt>
      <trkpt lat="33.41181" lon="-111.46617">
        <ele>620.2</ele>
      </trkpt>
      <trkpt lat="33.411749" lon="-111.46624">
        <ele>619.4</ele>
      </trkpt>
      <trkpt lat="33.411569" lon="-111.4663">
        <ele>618.4</ele>
      </trkpt>
      <trkpt lat="33.41144" lon="-111.46647">
        <ele>617.4</ele>
      </trkpt>
      <trkpt lat="33.41138" lon="-111.46646">
        <ele>616.2</ele>
      </trkpt>
      <trkpt lat="33.41133" lon="-111.46653">
        <ele>615.0</ele>
      </trkpt>
      <trkpt lat="33.41117" lon="-111.46663">
        <ele>614.0</ele>
      </trkpt>
      <trkpt lat="33.41107" lon="-111.46662">
        <ele>612.8</ele>
      </trkpt>
      <trkpt lat="33.410899" lon="-111.46686">
        <ele>611.6</ele>
      </trkpt>
      <trkpt lat="33.41069" lon="-111.46691">
        <ele>610.4</ele>
      </trkpt>
      <trkpt lat="33.41062" lon="-111.46701">
        <ele>609.2</ele>
      </trkpt>
      <trkpt lat="33.410449" lon="-111.46715">
        <ele>608.2</ele>
      </trkpt>
      <trkpt lat="33.410359" lon="-111.4673">
        <ele>607.4</ele>
      </trkpt>
      <trkpt lat="33.4104" lon="-111.46761">
        <ele>606.4</ele>
      </trkpt>
      <trkpt lat="33.4105" lon="-111.4679">
        <ele>605.4</ele>
      </trkpt>
      <trkpt lat="33.41031" lon="-111.46829">
        <ele>604.4</ele>
      </trkpt>
      <trkpt lat="33.41021" lon="-111.46841">
        <ele>602.8</ele>
      </trkpt>
      <trkpt lat="33.40992" lon="-111.46865">
        <ele>601.2</ele>
      </trkpt>
      <trkpt lat="33.409779" lon="-111.46893">
        <ele>599.8</ele>
      </trkpt>
      <trkpt lat="33.409709" lon="-111.46915">
        <ele>598.4</ele>
      </trkpt>
      <trkpt lat="33.409599" lon="-111.46936">
        <ele>596.6</ele>
      </trkpt>
      <trkpt lat="33.40939" lon="-111.46995">
        <ele>595.0</ele>
      </trkpt>
      <trkpt lat="33.40926" lon="-111.47046">
        <ele>593.6</ele>
      </trkpt>
      <trkpt lat="33.4091" lon="-111.47094">
        <ele>592.0</ele>
      </trkpt>
      <trkpt lat="33.40899" lon="-111.47116">
        <ele>590.4</ele>
      </trkpt>
      <trkpt lat="33.4089" lon="-111.47164">
        <ele>589.0</ele>
      </trkpt>
      <trkpt lat="33.40881" lon="-111.47177">
        <ele>587.8</ele>
      </trkpt>
      <trkpt lat="33.40873" lon="-111.47223">
        <ele>586.4</ele>
      </trkpt>
      <trkpt lat="33.40864" lon="-111.47251">
        <ele>585.0</ele>
      </trkpt>
      <trkpt lat="33.408569" lon="-111.47298">
        <ele>583.4</ele>
      </trkpt>
      <trkpt lat="33.40842" lon="-111.47335">
        <ele>582.0</ele>
      </trkpt>
      <trkpt lat="33.40838" lon="-111.47393">
        <ele>580.6</ele>
      </trkpt>
      <trkpt lat="33.408499" lon="-111.4746">
        <ele>579.4</ele>
      </trkpt>
      <trkpt lat="33.40844" lon="-111.47484">
        <ele>578.0</ele>
      </trkpt>
      <trkpt lat="33.408389" lon="-111.47493">
        <ele>576.6</ele>
      </trkpt>
      <trkpt lat="33.40826" lon="-111.47538">
        <ele>575.4</ele>
      </trkpt>
      <trkpt lat="33.40816" lon="-111.47601">
        <ele>574.2</ele>
      </trkpt>
      <trkpt lat="33.408029" lon="-111.47625">
        <ele>572.8</ele>
      </trkpt>
      <trkpt lat="33.40797" lon="-111.47646">
        <ele>571.8</ele>
      </trkpt>
      <trkpt lat="33.407919" lon="-111.47684">
        <ele>570.6</ele>
      </trkpt>
      <trkpt lat="33.40786" lon="-111.47691">
        <ele>568.6</ele>
      </trkpt>
      <trkpt lat="33.40785" lon="-111.47744">
        <ele>562.6</ele>
      </trkpt>
      <trkpt lat="33.40791" lon="-111.47925">
        <ele>556.8</ele>
      </trkpt>
      <trkpt lat="33.40791" lon="-111.4937">
        <ele>551.2</ele>
      </trkpt>
      <trkpt lat="33.40787" lon="-111.49411">
        <ele>546.0</ele>
      </trkpt>
      <trkpt lat="33.40757" lon="-111.49475">
        <ele>541.4</ele>
      </trkpt>
      <trkpt lat="33.40737" lon="-111.49497">
        <ele>541.0</ele>
      </trkpt>
      <trkpt lat="33.40708" lon="-111.49519">
        <ele>540.4</ele>
      </trkpt>
      <trkpt lat="33.406959" lon="-111.49531">
        <ele>539.8</ele>
      </trkpt>
      <trkpt lat="33.40675" lon="-111.49547">
        <ele>539.2</ele>
      </trkpt>
      <trkpt lat="33.40661" lon="-111.49561">
        <ele>538.6</ele>
      </trkpt>
      <trkpt lat="33.40648" lon="-111.49569">
        <ele>538.0</ele>
      </trkpt>
      <trkpt lat="33.40621" lon="-111.49591">
        <ele>537.4</ele>
      </trkpt>
      <trkpt lat="33.40547" lon="-111.49677">
        <ele>536.2</ele>
      </trkpt>
      <trkpt lat="33.40525" lon="-111.49689">
        <ele>535.2</ele>
      </trkpt>
      <trkpt lat="33.40453" lon="-111.4972">
        <ele>534.4</ele>
      </trkpt>
      <trkpt lat="33.40413" lon="-111.49728">
        <ele>533.6</ele>
      </trkpt>
      <trkpt lat="33.40402" lon="-111.49722">
        <ele>533.0</ele>
      </trkpt>
      <trkpt lat="33.40394" lon="-111.49715">
        <ele>533.0</ele>
      </trkpt>
      <trkpt lat="33.40385" lon="-111.49703">
        <ele>533.4</ele>
      </trkpt>
      <trkpt lat="33.403622" lon="-111.496863">
        <ele>534.0</ele>
      </trkpt>
      <trkpt lat="33.403093" lon="-111.496745">
        <ele>534.6</ele>
      </trkpt>
      <trkpt lat="33.402761" lon="-111.496643">
        <ele>535.0</ele>
      </trkpt>
      <trkpt lat="33.402634" lon="-111.496633">
        <ele>535.4</ele>
      </trkpt>
      <trkpt lat="33.402284" lon="-111.496771">
        <ele>535.6</ele>
      </trkpt>
      <trkpt lat="33.401888" lon="-111.496841">
        <ele>535.6</ele>
      </trkpt>
      <trkpt lat="33.40129" lon="-111.496886">
        <ele>535.6</ele>
      </trkpt>
      <trkpt lat="33.400987" lon="-111.496969">
        <ele>535.6</ele>
      </trkpt>
      <trkpt lat="33.400781" lon="-111.496987">
        <ele>535.4</ele>
      </trkpt>
      <trkpt lat="33.40062" lon="-111.496966">
        <ele>534.8</ele>
      </trkpt>
      <trkpt lat="33.40023" lon="-111.496789">
        <ele>534.2</ele>
      </trkpt>
      <trkpt lat="33.400086" lon="-111.496761">
        <ele>533.4</ele>
      </trkpt>
      <trkpt lat="33.399963" lon="-111.496838">
        <ele>532.8</ele>
      </trkpt>
      <trkpt lat="33.399845" lon="-111.496969">
        <ele>532.2</ele>
      </trkpt>
      <trkpt lat="33.399698" lon="-111.497054">
        <ele>531.8</ele>
      </trkpt>
      <trkpt lat="33.399285" lon="-111.497223">
        <ele>531.2</ele>
      </trkpt>
      <trkpt lat="33.398933" lon="-111.497482">
        <ele>530.4</ele>
      </trkpt>
      <trkpt lat="33.39819" lon="-111.497576">
        <ele>529.4</ele>
      </trkpt>
      <trkpt lat="33.397776" lon="-111.49768">
        <ele>528.8</ele>
      </trkpt>
      <trkpt lat="33.397408" lon="-111.49764">
        <ele>528.0</ele>
      </trkpt>
      <trkpt lat="33.397008" lon="-111.497684">
        <ele>527.4</ele>
      </trkpt>
      <trkpt lat="33.396625" lon="-111.497811">
        <ele>526.6</ele>
      </trkpt>
      <trkpt lat="33.396262" lon="-111.4979">
        <ele>526.0</ele>
      </trkpt>
      <trkpt lat="33.395411" lon="-111.498029">
        <ele>525.0</ele>
      </trkpt>
      <trkpt lat="33.394973" lon="-111.498171">
        <ele>524.0</ele>
      </trkpt>
      <trkpt lat="33.394491" lon="-111.498221">
        <ele>522.8</ele>
      </trkpt>
      <trkpt lat="33.394376" lon="-111.498191">
        <ele>522.2</ele>
      </trkpt>
      <trkpt lat="33.394319" lon="-111.498148">
        <ele>521.6</ele>
      </trkpt>
      <trkpt lat="33.394306" lon="-111.498029">
        <ele>521.2</ele>
      </trkpt>
      <trkpt lat="33.394194" lon="-111.4979">
        <ele>521.0</ele>
      </trkpt>
      <trkpt lat="33.394137" lon="-111.497864">
        <ele>521.0</ele>
      </trkpt>
      <trkpt lat="33.394119" lon="-111.497819">
        <ele>521.0</ele>
      </trkpt>
      <trkpt lat="33.39385" lon="-111.49774">
        <ele>521.0</ele>
      </trkpt>
      <trkpt lat="33.39315" lon="-111.49802">
        <ele>521.0</ele>
      </trkpt>
      <trkpt lat="33.39271" lon="-111.49804">
        <ele>521.0</ele>
      </trkpt>
      <trkpt lat="33.39246" lon="-111.49811">
        <ele>520.8</ele>
      </trkpt>
      <trkpt lat="33.39191" lon="-111.4982">
        <ele>520.2</ele>
      </trkpt>
      <trkpt lat="33.391289" lon="-111.49836">
        <ele>519.6</ele>
      </trkpt>
      <trkpt lat="33.39041" lon="-111.4985">
        <ele>519.0</ele>
      </trkpt>
      <trkpt lat="33.3898" lon="-111.49851">
        <ele>518.4</ele>
      </trkpt>
      <trkpt lat="33.38944" lon="-111.49849">
        <ele>518.0</ele>
      </trkpt>
      <trkpt lat="33.38926" lon="-111.4982">
        <ele>518.0</ele>
      </trkpt>
      <trkpt lat="33.38897" lon="-111.49801">
        <ele>518.0</ele>
      </trkpt>
      <trkpt lat="33.38866" lon="-111.49741">
        <ele>518.0</ele>
      </trkpt>
      <trkpt lat="33.3883" lon="-111.49715">
        <ele>517.8</ele>
      </trkpt>
      <trkpt lat="33.38814" lon="-111.49695">
        <ele>517.4</ele>
      </trkpt>
      <trkpt lat="33.38788" lon="-111.49681">
        <ele>517.0</ele>
      </trkpt>
      <trkpt lat="33.387729" lon="-111.49677">
        <ele>516.6</ele>
      </trkpt>
      <trkpt lat="33.38747" lon="-111.49658">
        <ele>516.8</ele>
      </trkpt>
      <trkpt lat="33.38741" lon="-111.49649">
        <ele>517.0</ele>
      </trkpt>
      <trkpt lat="33.38695" lon="-111.49612">
        <ele>517.4</ele>
      </trkpt>
      <trkpt lat="33.38613" lon="-111.49538">
        <ele>518.2</ele>
      </trkpt>
      <trkpt lat="33.38606" lon="-111.49527">
        <ele>519.0</ele>
      </trkpt>
      <trkpt lat="33.38557" lon="-111.49488">
        <ele>519.4</ele>
      </trkpt>
      <trkpt lat="33.3855" lon="-111.49478">
        <ele>520.0</ele>
      </trkpt>
      <trkpt lat="33.38527" lon="-111.49461">
        <ele>520.4</ele>
      </trkpt>
      <trkpt lat="33.38521" lon="-111.49462">
        <ele>520.4</ele>
      </trkpt>
      <trkpt lat="33.38476" lon="-111.49483">
        <ele>520.4</ele>
      </trkpt>
      <trkpt lat="33.38445" lon="-111.49492">
        <ele>520.2</ele>
      </trkpt>
      <trkpt lat="33.38427" lon="-111.49491">
        <ele>520.0</ele>
      </trkpt>
      <trkpt lat="33.38412" lon="-111.49486">
        <ele>520.2</ele>
      </trkpt>
      <trkpt lat="33.38405" lon="-111.49473">
        <ele>520.4</ele>
      </trkpt>
      <trkpt lat="33.38418" lon="-111.49434">
        <ele>520.6</ele>
      </trkpt>
      <trkpt lat="33.38415" lon="-111.49414">
        <ele>520.8</ele>
      </trkpt>
      <trkpt lat="33.3838" lon="-111.49352">
        <ele>521.0</ele>
      </trkpt>
      <trkpt lat="33.3838" lon="-111.49347">
        <ele>521.2</ele>
      </trkpt>
      <trkpt lat="33.38338" lon="-111.49294">
        <ele>521.4</ele>
      </trkpt>
      <trkpt lat="33.38322" lon="-111.49281">
        <ele>521.8</ele>
      </trkpt>
      <trkpt lat="33.3831" lon="-111.49258">
        <ele>522.2</ele>
      </trkpt>
      <trkpt lat="33.38288" lon="-111.4924">
        <ele>522.6</ele>
      </trkpt>
      <trkpt lat="33.38274" lon="-111.49225">
        <ele>522.8</ele>
      </trkpt>
      <trkpt lat="33.38275" lon="-111.49222">
        <ele>523.0</ele>
      </trkpt>
      <trkpt lat="33.38266" lon="-111.49218">
        <ele>523.0</ele>
      </trkpt>
      <trkpt lat="33.38265" lon="-111.4922">
        <ele>523.0</ele>
      </trkpt>
      <trkpt lat="33.382379" lon="-111.49196">
        <ele>523.0</ele>
      </trkpt>
      <trkpt lat="33.38236" lon="-111.49197">
        <ele>523.2</ele>
      </trkpt>
      <trkpt lat="33.38204" lon="-111.49172">
        <ele>523.4</ele>
      </trkpt>
      <trkpt lat="33.38125" lon="-111.49104">
        <ele>523.6</ele>
      </trkpt>
      <trkpt lat="33.38116" lon="-111.49093">
        <ele>523.8</ele>
      </trkpt>
      <trkpt lat="33.38073" lon="-111.49057">
        <ele>524.0</ele>
      </trkpt>
      <trkpt lat="33.38048" lon="-111.49024">
        <ele>524.0</ele>
      </trkpt>
      <trkpt lat="33.38026" lon="-111.49004">
        <ele>524.2</ele>
      </trkpt>
      <trkpt lat="33.380203" lon="-111.489954">
        <ele>524.2</ele>
      </trkpt>
      <trkpt lat="33.380164" lon="-111.48952">
        <ele>524.0</ele>
      </trkpt>
      <trkpt lat="33.37961" lon="-111.48944">
        <ele>523.6</ele>
      </trkpt>
      <trkpt lat="33.37935" lon="-111.48934">
        <ele>523.4</ele>
      </trkpt>
      <trkpt lat="33.3787" lon="-111.48869">
        <ele>523.4</ele>
      </trkpt>
      <trkpt lat="33.37825" lon="-111.48832">
        <ele>523.8</ele>
      </trkpt>
      <trkpt lat="33.37769" lon="-111.48779">
        <ele>524.4</ele>
      </trkpt>
      <trkpt lat="33.37748" lon="-111.48765">
        <ele>525.0</ele>
      </trkpt>
      <trkpt lat="33.37699" lon="-111.48714">
        <ele>525.6</ele>
      </trkpt>
      <trkpt lat="33.376469" lon="-111.48676">
        <ele>525.8</ele>
      </trkpt>
      <trkpt lat="33.37625" lon="-111.48655">
        <ele>526.0</ele>
      </trkpt>
      <trkpt lat="33.37613" lon="-111.48635">
        <ele>526.4</ele>
      </trkpt>
      <trkpt lat="33.37595" lon="-111.48615">
        <ele>527.0</ele>
      </trkpt>
      <trkpt lat="33.375541" lon="-111.485931">
        <ele>527.6</ele>
      </trkpt>
      <trkpt lat="33.375345" lon="-111.485751">
        <ele>528.8</ele>
      </trkpt>
      <trkpt lat="33.375" lon="-111.48536">
        <ele>529.8</ele>
      </trkpt>
      <trkpt lat="33.374772" lon="-111.484719">
        <ele>530.6</ele>
      </trkpt>
      <trkpt lat="33.374549" lon="-111.484592">
        <ele>531.4</ele>
      </trkpt>
      <trkpt lat="33.374429" lon="-111.48429">
        <ele>531.8</ele>
      </trkpt>
      <trkpt lat="33.374327" lon="-111.484194">
        <ele>531.4</ele>
      </trkpt>
      <trkpt lat="33.374093" lon="-111.484039">
        <ele>530.8</ele>
      </trkpt>
      <trkpt lat="33.373796" lon="-111.483774">
        <ele>530.4</ele>
      </trkpt>
      <trkpt lat="33.373389" lon="-111.483609">
        <ele>530.0</ele>
      </trkpt>
      <trkpt lat="33.373175" lon="-111.483267">
        <ele>529.8</ele>
      </trkpt>
      <trkpt lat="33.373095" lon="-111.482817">
        <ele>529.8</ele>
      </trkpt>
      <trkpt lat="33.373018" lon="-111.482721">
        <ele>530.0</ele>
      </trkpt>
      <trkpt lat="33.372518" lon="-111.482633">
        <ele>530.0</ele>
      </trkpt>
      <trkpt lat="33.37229" lon="-111.482461">
        <ele>530.0</ele>
      </trkpt>
      <trkpt lat="33.371865" lon="-111.482044">
        <ele>530.0</ele>
      </trkpt>
      <trkpt lat="33.371229" lon="-111.48099">
        <ele>530.2</ele>
      </trkpt>
      <trkpt lat="33.37092" lon="-111.48036">
        <ele>530.4</ele>
      </trkpt>
      <trkpt lat="33.370489" lon="-111.47968">
        <ele>530.8</ele>
      </trkpt>
      <trkpt lat="33.37032" lon="-111.47931">
        <ele>531.4</ele>
      </trkpt>
      <trkpt lat="33.3697" lon="-111.47832">
        <ele>532.0</ele>
      </trkpt>
      <trkpt lat="33.369439" lon="-111.4778">
        <ele>532.4</ele>
      </trkpt>
      <trkpt lat="33.36892" lon="-111.47689">
        <ele>532.8</ele>
      </trkpt>
      <trkpt lat="33.36874" lon="-111.47664">
        <ele>533.0</ele>
      </trkpt>
      <trkpt lat="33.3681" lon="-111.47592">
        <ele>533.0</ele>
      </trkpt>
      <trkpt lat="33.36782" lon="-111.47576">
        <ele>533.0</ele>
      </trkpt>
      <trkpt lat="33.36763" lon="-111.47554">
        <ele>533.0</ele>
      </trkpt>
      <trkpt lat="33.36741" lon="-111.47522">
        <ele>533.0</ele>
      </trkpt>
      <trkpt lat="33.36728" lon="-111.47509">
        <ele>533.0</ele>
      </trkpt>
      <trkpt lat="33.367283" lon="-111.475183">
        <ele>533.0</ele>
      </trkpt>
      <trkpt lat="33.36703" lon="-111.475579">
        <ele>533.0</ele>
      </trkpt>
      <trkpt lat="33.36659" lon="-111.47515">
        <ele>533.0</ele>
      </trkpt>
      <trkpt lat="33.366528" lon="-111.475209">
        <ele>533.0</ele>
      </trkpt>
      <trkpt lat="33.36699" lon="-111.47571">
        <ele>533.0</ele>
      </trkpt>
      <trkpt lat="33.367089" lon="-111.47566">
        <ele>533.0</ele>
      </trkpt>
      <trkpt lat="33.36726" lon="-111.47544">
        <ele>533.0</ele>
      </trkpt>
      <trkpt lat="33.36741" lon="-111.4753">
        <ele>533.0</ele>
      </trkpt>
      <trkpt lat="33.367612" lon="-111.475402">
        <ele>534.8</ele>
      </trkpt>
      <trkpt lat="33.36797" lon="-111.475709">
        <ele>536.8</ele>
      </trkpt>
      <trkpt lat="33.37214" lon="-111.46974">
        <ele>539.0</ele>
      </trkpt>
      <trkpt lat="33.372729" lon="-111.46878">
        <ele>541.4</ele>
      </trkpt>
      <trkpt lat="33.37295" lon="-111.46859">
        <ele>543.8</ele>
      </trkpt>
      <trkpt lat="33.373269" lon="-111.46849">
        <ele>544.4</ele>
      </trkpt>
      <trkpt lat="33.373579" lon="-111.46854">
        <ele>544.8</ele>
      </trkpt>
      <trkpt lat="33.37411" lon="-111.46869">
        <ele>545.0</ele>
      </trkpt>
      <trkpt lat="33.374499" lon="-111.46874">
        <ele>545.0</ele>
      </trkpt>
      <trkpt lat="33.37505" lon="-111.46873">
        <ele>545.2</ele>
      </trkpt>
      <trkpt lat="33.375161" lon="-111.468696">
        <ele>546.4</ele>
      </trkpt>
      <trkpt lat="33.375259" lon="-111.46813">
        <ele>547.8</ele>
      </trkpt>
      <trkpt lat="33.3757" lon="-111.46643">
        <ele>549.2</ele>
      </trkpt>
      <trkpt lat="33.375839" lon="-111.46579">
        <ele>550.6</ele>
      </trkpt>
      <trkpt lat="33.3759" lon="-111.46475">
        <ele>552.2</ele>
      </trkpt>
      <trkpt lat="33.37597" lon="-111.46407">
        <ele>552.6</ele>
      </trkpt>
      <trkpt lat="33.375928" lon="-111.463581">
        <ele>553.2</ele>
      </trkpt>
      <trkpt lat="33.375811" lon="-111.463117">
        <ele>554.0</ele>
      </trkpt>
      <trkpt lat="33.37556" lon="-111.462529">
        <ele>555.0</ele>
      </trkpt>
      <trkpt lat="33.375451" lon="-111.462078">
        <ele>555.6</ele>
      </trkpt>
      <trkpt lat="33.375451" lon="-111.46146">
        <ele>556.6</ele>
      </trkpt>
      <trkpt lat="33.375585" lon="-111.460888">
        <ele>557.6</ele>
      </trkpt>
      <trkpt lat="33.375799" lon="-111.46049">
        <ele>558.6</ele>
      </trkpt>
      <trkpt lat="33.376089" lon="-111.46015">
        <ele>559.4</ele>
      </trkpt>
      <trkpt lat="33.37654" lon="-111.45976">
        <ele>561.4</ele>
      </trkpt>
      <trkpt lat="33.376779" lon="-111.45942">
        <ele>563.2</ele>
      </trkpt>
      <trkpt lat="33.377699" lon="-111.45754">
        <ele>564.8</ele>
      </trkpt>
      <trkpt lat="33.37794" lon="-111.45715">
        <ele>566.6</ele>
      </trkpt>
      <trkpt lat="33.378259" lon="-111.45676">
        <ele>568.6</ele>
      </trkpt>
      <trkpt lat="33.37867" lon="-111.4564">
        <ele>569.2</ele>
      </trkpt>
      <trkpt lat="33.37914" lon="-111.4561">
        <ele>570.0</ele>
      </trkpt>
      <trkpt lat="33.37973" lon="-111.45579">
        <ele>570.6</ele>
      </trkpt>
      <trkpt lat="33.380119" lon="-111.45551">
        <ele>570.8</ele>
      </trkpt>
      <trkpt lat="33.38039" lon="-111.45518">
        <ele>571.2</ele>
      </trkpt>
      <trkpt lat="33.380609" lon="-111.45475">
        <ele>572.2</ele>
      </trkpt>
      <trkpt lat="33.380725" lon="-111.454218">
        <ele>573.2</ele>
      </trkpt>
      <trkpt lat="33.38083" lon="-111.45248">
        <ele>574.6</ele>
      </trkpt>
      <trkpt lat="33.380879" lon="-111.452">
        <ele>580.4</ele>
      </trkpt>
      <trkpt lat="33.38101" lon="-111.45144">
        <ele>585.8</ele>
      </trkpt>
      <trkpt lat="33.382064" lon="-111.448017">
        <ele>590.6</ele>
      </trkpt>
      <trkpt lat="33.38219" lon="-111.44746">
        <ele>595.0</ele>
      </trkpt>
      <trkpt lat="33.38219" lon="-111.44707">
        <ele>598.6</ele>
      </trkpt>
      <trkpt lat="33.382109" lon="-111.4466">
        <ele>597.8</ele>
      </trkpt>
      <trkpt lat="33.38195" lon="-111.44614">
        <ele>597.0</ele>
      </trkpt>
      <trkpt lat="33.38169" lon="-111.44568">
        <ele>596.2</ele>
      </trkpt>
      <trkpt lat="33.381439" lon="-111.44536">
        <ele>595.0</ele>
      </trkpt>
      <trkpt lat="33.37952" lon="-111.44372">
        <ele>594.4</ele>
      </trkpt>
      <trkpt lat="33.379089" lon="-111.44347">
        <ele>594.0</ele>
      </trkpt>
      <trkpt lat="33.378749" lon="-111.44334">
        <ele>593.6</ele>
      </trkpt>
      <trkpt lat="33.37842" lon="-111.44326">
        <ele>593.4</ele>
      </trkpt>
      <trkpt lat="33.37619" lon="-111.44311">
        <ele>593.8</ele>
      </trkpt>
      <trkpt lat="33.375799" lon="-111.44299">
        <ele>594.2</ele>
      </trkpt>
      <trkpt lat="33.3754" lon="-111.44276">
        <ele>594.2</ele>
      </trkpt>
      <trkpt lat="33.375079" lon="-111.44247">
        <ele>593.0</ele>
      </trkpt>
      <trkpt lat="33.374879" lon="-111.44222">
        <ele>591.0</ele>
      </trkpt>
      <trkpt lat="33.37466" lon="-111.44182">
        <ele>588.0</ele>
      </trkpt>
      <trkpt lat="33.374429" lon="-111.44113">
        <ele>585.4</ele>
      </trkpt>
      <trkpt lat="33.374299" lon="-111.43914">
        <ele>582.6</ele>
      </trkpt>
      <trkpt lat="33.37416" lon="-111.43819">
        <ele>580.8</ele>
      </trkpt>
      <trkpt lat="33.37413" lon="-111.4377">
        <ele>580.2</ele>
      </trkpt>
      <trkpt lat="33.3742" lon="-111.43715">
        <ele>580.8</ele>
      </trkpt>
      <trkpt lat="33.374299" lon="-111.43677">
        <ele>581.0</ele>
      </trkpt>
      <trkpt lat="33.37448" lon="-111.43637">
        <ele>582.4</ele>
      </trkpt>
      <trkpt lat="33.374699" lon="-111.436">
        <ele>584.2</ele>
      </trkpt>
      <trkpt lat="33.375619" lon="-111.43504">
        <ele>585.6</ele>
      </trkpt>
      <trkpt lat="33.37586" lon="-111.43475">
        <ele>586.8</ele>
      </trkpt>
      <trkpt lat="33.37596" lon="-111.43448">
        <ele>587.8</ele>
      </trkpt>
      <trkpt lat="33.375999" lon="-111.43375">
        <ele>588.0</ele>
      </trkpt>
      <trkpt lat="33.37606" lon="-111.43359">
        <ele>588.4</ele>
      </trkpt>
      <trkpt lat="33.376409" lon="-111.433545">
        <ele>589.6</ele>
      </trkpt>
      <trkpt lat="33.377229" lon="-111.43356">
        <ele>590.6</ele>
      </trkpt>
      <trkpt lat="33.37813" lon="-111.43353">
        <ele>591.6</ele>
      </trkpt>
      <trkpt lat="33.378749" lon="-111.43345">
        <ele>593.0</ele>
      </trkpt>
      <trkpt lat="33.37888" lon="-111.43335">
        <ele>594.2</ele>
      </trkpt>
      <trkpt lat="33.378929" lon="-111.43196">
        <ele>594.8</ele>
      </trkpt>
      <trkpt lat="33.37886" lon="-111.43108">
        <ele>595.2</ele>
      </trkpt>
      <trkpt lat="33.37886" lon="-111.43049">
        <ele>595.6</ele>
      </trkpt>
      <trkpt lat="33.378929" lon="-111.42951">
        <ele>595.6</ele>
      </trkpt>
      <trkpt lat="33.378909" lon="-111.42925">
        <ele>595.6</ele>
      </trkpt>
      <trkpt lat="33.378929" lon="-111.42903">
        <ele>595.6</ele>
      </trkpt>
      <trkpt lat="33.37905" lon="-111.42872">
        <ele>596.0</ele>
      </trkpt>
      <trkpt lat="33.379109" lon="-111.42845">
        <ele>596.4</ele>
      </trkpt>
      <trkpt lat="33.379109" lon="-111.42811">
        <ele>597.2</ele>
      </trkpt>
      <trkpt lat="33.37906" lon="-111.42774">
        <ele>597.8</ele>
      </trkpt>
      <trkpt lat="33.379109" lon="-111.42682">
        <ele>598.6</ele>
      </trkpt>
      <trkpt lat="33.379089" lon="-111.42644">
        <ele>599.0</ele>
      </trkpt>
      <trkpt lat="33.378929" lon="-111.42584">
        <ele>599.6</ele>
      </trkpt>
      <trkpt lat="33.378922" lon="-111.425054">
        <ele>603.0</ele>
      </trkpt>
      <trkpt lat="33.379395" lon="-111.424966">
        <ele>606.4</ele>
      </trkpt>
      <trkpt lat="33.384009" lon="-111.424979">
        <ele>609.4</ele>
      </trkpt>
      <trkpt lat="33.384031" lon="-111.424929">
        <ele>613.0</ele>
      </trkpt>
      <trkpt lat="33.384148" lon="-111.424897">
        <ele>617.0</ele>
      </trkpt>
      <trkpt lat="33.384408" lon="-111.424902">
        <ele>617.8</ele>
      </trkpt>
      <trkpt lat="33.385016" lon="-111.424547">
        <ele>619.0</ele>
      </trkpt>
      <trkpt lat="33.385192" lon="-111.424397">
        <ele>620.2</ele>
      </trkpt>
      <trkpt lat="33.386249" lon="-111.423858">
        <ele>621.0</ele>
      </trkpt>
      <trkpt lat="33.38611" lon="-111.42374">
        <ele>621.0</ele>
      </trkpt>
      <trkpt lat="33.38566" lon="-111.42311">
        <ele>620.6</ele>
      </trkpt>
      <trkpt lat="33.3855" lon="-111.42312">
        <ele>619.6</ele>
      </trkpt>
      <trkpt lat="33.38534" lon="-111.42297">
        <ele>618.4</ele>
      </trkpt>
      <trkpt lat="33.38526" lon="-111.42295">
        <ele>617.4</ele>
      </trkpt>
      <trkpt lat="33.384639" lon="-111.42328">
        <ele>616.6</ele>
      </trkpt>
      <trkpt lat="33.38403" lon="-111.42353">
        <ele>616.2</ele>
      </trkpt>
      <trkpt lat="33.38384" lon="-111.42354">
        <ele>615.8</ele>
      </trkpt>
      <trkpt lat="33.383699" lon="-111.42344">
        <ele>615.4</ele>
      </trkpt>
      <trkpt lat="33.3836" lon="-111.42329">
        <ele>614.4</ele>
      </trkpt>
      <trkpt lat="33.383499" lon="-111.42325">
        <ele>613.0</ele>
      </trkpt>
      <trkpt lat="33.38318" lon="-111.42329">
        <ele>611.6</ele>
      </trkpt>
      <trkpt lat="33.38286" lon="-111.42326">
        <ele>610.4</ele>
      </trkpt>
      <trkpt lat="33.382559" lon="-111.423149">
        <ele>609.4</ele>
      </trkpt>
      <trkpt lat="33.382469" lon="-111.422869">
        <ele>609.0</ele>
      </trkpt>
      <trkpt lat="33.3825" lon="-111.422699">
        <ele>609.0</ele>
      </trkpt>
      <trkpt lat="33.38257" lon="-111.422609">
        <ele>609.0</ele>
      </trkpt>
      <trkpt lat="33.38255" lon="-111.422429">
        <ele>609.0</ele>
      </trkpt>
      <trkpt lat="33.38266" lon="-111.422179">
        <ele>609.2</ele>
      </trkpt>
      <trkpt lat="33.382604" lon="-111.422018">
        <ele>609.2</ele>
      </trkpt>
      <trkpt lat="33.382617" lon="-111.421964">
        <ele>609.0</ele>
      </trkpt>
      <trkpt lat="33.38223" lon="-111.42175">
        <ele>608.6</ele>
      </trkpt>
      <trkpt lat="33.382089" lon="-111.42155">
        <ele>608.4</ele>
      </trkpt>
      <trkpt lat="33.382019" lon="-111.42135">
        <ele>608.2</ele>
      </trkpt>
      <trkpt lat="33.38218" lon="-111.42104">
        <ele>608.2</ele>
      </trkpt>
      <trkpt lat="33.38262" lon="-111.42048">
        <ele>608.2</ele>
      </trkpt>
      <trkpt lat="33.38261" lon="-111.42041">
        <ele>608.4</ele>
      </trkpt>
      <trkpt lat="33.382289" lon="-111.42036">
        <ele>608.4</ele>
      </trkpt>
      <trkpt lat="33.38215" lon="-111.4203">
        <ele>608.0</ele>
      </trkpt>
      <trkpt lat="33.38204" lon="-111.42028">
        <ele>607.6</ele>
      </trkpt>
      <trkpt lat="33.381929" lon="-111.42008">
        <ele>607.6</ele>
      </trkpt>
      <trkpt lat="33.381819" lon="-111.41996">
        <ele>607.6</ele>
      </trkpt>
      <trkpt lat="33.381349" lon="-111.41983">
        <ele>607.2</ele>
      </trkpt>
      <trkpt lat="33.381279" lon="-111.41994">
        <ele>607.8</ele>
      </trkpt>
      <trkpt lat="33.3812" lon="-111.42021">
        <ele>608.2</ele>
      </trkpt>
      <trkpt lat="33.38096" lon="-111.42035">
        <ele>608.8</ele>
      </trkpt>
      <trkpt lat="33.38087" lon="-111.42031">
        <ele>609.4</ele>
      </trkpt>
      <trkpt lat="33.38075" lon="-111.4202">
        <ele>610.2</ele>
      </trkpt>
      <trkpt lat="33.380699" lon="-111.42004">
        <ele>610.2</ele>
      </trkpt>
      <trkpt lat="33.38067" lon="-111.41967">
        <ele>610.4</ele>
      </trkpt>
      <trkpt lat="33.38069" lon="-111.41922">
        <ele>610.6</ele>
      </trkpt>
      <trkpt lat="33.380719" lon="-111.41915">
        <ele>611.4</ele>
      </trkpt>
      <trkpt lat="33.38073" lon="-111.41844">
        <ele>612.6</ele>
      </trkpt>
      <trkpt lat="33.380629" lon="-111.41812">
        <ele>613.8</ele>
      </trkpt>
      <trkpt lat="33.380609" lon="-111.41787">
        <ele>614.6</ele>
      </trkpt>
      <trkpt lat="33.380679" lon="-111.41767">
        <ele>615.8</ele>
      </trkpt>
      <trkpt lat="33.38074" lon="-111.4176">
        <ele>616.6</ele>
      </trkpt>
      <trkpt lat="33.38069" lon="-111.41739">
        <ele>617.2</ele>
      </trkpt>
      <trkpt lat="33.38071" lon="-111.4172">
        <ele>617.6</ele>
      </trkpt>
      <trkpt lat="33.38085" lon="-111.41684">
        <ele>618.6</ele>
      </trkpt>
      <trkpt lat="33.38083" lon="-111.4165">
        <ele>618.6</ele>
      </trkpt>
      <trkpt lat="33.38078" lon="-111.41637">
        <ele>619.2</ele>
      </trkpt>
      <trkpt lat="33.380789" lon="-111.41613">
        <ele>620.2</ele>
      </trkpt>
      <trkpt lat="33.380589" lon="-111.41561">
        <ele>622.6</ele>
      </trkpt>
      <trkpt lat="33.380519" lon="-111.41547">
        <ele>624.4</ele>
      </trkpt>
      <trkpt lat="33.380409" lon="-111.41481">
        <ele>626.2</ele>
      </trkpt>
      <trkpt lat="33.3804" lon="-111.41465">
        <ele>627.0</ele>
      </trkpt>
      <trkpt lat="33.38036" lon="-111.4145">
        <ele>626.8</ele>
      </trkpt>
      <trkpt lat="33.38036" lon="-111.41443">
        <ele>625.6</ele>
      </trkpt>
      <trkpt lat="33.38004" lon="-111.41392">
        <ele>625.6</ele>
      </trkpt>
      <trkpt lat="33.380029" lon="-111.41375">
        <ele>625.4</ele>
      </trkpt>
      <trkpt lat="33.3801" lon="-111.41348">
        <ele>625.6</ele>
      </trkpt>
      <trkpt lat="33.380229" lon="-111.41334">
        <ele>626.4</ele>
      </trkpt>
      <trkpt lat="33.38027" lon="-111.4132">
        <ele>626.8</ele>
      </trkpt>
      <trkpt lat="33.380229" lon="-111.41303">
        <ele>626.4</ele>
      </trkpt>
      <trkpt lat="33.380159" lon="-111.41291">
        <ele>626.4</ele>
      </trkpt>
      <trkpt lat="33.380159" lon="-111.41284">
        <ele>626.4</ele>
      </trkpt>
      <trkpt lat="33.38026" lon="-111.41275">
        <ele>626.4</ele>
      </trkpt>
      <trkpt lat="33.380319" lon="-111.4126">
        <ele>626.6</ele>
      </trkpt>
      <trkpt lat="33.3803" lon="-111.41242">
        <ele>626.8</ele>
      </trkpt>
      <trkpt lat="33.380339" lon="-111.41234">
        <ele>626.8</ele>
      </trkpt>
      <trkpt lat="33.38042" lon="-111.41231">
        <ele>626.4</ele>
      </trkpt>
      <trkpt lat="33.38055" lon="-111.41237">
        <ele>625.6</ele>
      </trkpt>
      <trkpt lat="33.38062" lon="-111.4125">
        <ele>625.0</ele>
      </trkpt>
      <trkpt lat="33.38058" lon="-111.41268">
        <ele>624.2</ele>
      </trkpt>
      <trkpt lat="33.380609" lon="-111.41273">
        <ele>623.2</ele>
      </trkpt>
      <trkpt lat="33.380809" lon="-111.41255">
        <ele>622.6</ele>
      </trkpt>
      <trkpt lat="33.38087" lon="-111.41238">
        <ele>622.4</ele>
      </trkpt>
      <trkpt lat="33.38085" lon="-111.412">
        <ele>622.0</ele>
      </trkpt>
      <trkpt lat="33.380679" lon="-111.41174">
        <ele>622.0</ele>
      </trkpt>
      <trkpt lat="33.380629" lon="-111.41148">
        <ele>622.6</ele>
      </trkpt>
      <trkpt lat="33.38055" lon="-111.4113">
        <ele>623.0</ele>
      </trkpt>
      <trkpt lat="33.38045" lon="-111.41122">
        <ele>623.4</ele>
      </trkpt>
      <trkpt lat="33.38039" lon="-111.41134">
        <ele>624.0</ele>
      </trkpt>
      <trkpt lat="33.380319" lon="-111.41138">
        <ele>624.6</ele>
      </trkpt>
      <trkpt lat="33.3802" lon="-111.41132">
        <ele>624.8</ele>
      </trkpt>
      <trkpt lat="33.380119" lon="-111.41144">
        <ele>625.2</ele>
      </trkpt>
      <trkpt lat="33.380049" lon="-111.41147">
        <ele>625.8</ele>
      </trkpt>
      <trkpt lat="33.37995" lon="-111.41139">
        <ele>626.2</ele>
      </trkpt>
      <trkpt lat="33.37993" lon="-111.41129">
        <ele>626.2</ele>
      </trkpt>
      <trkpt lat="33.380159" lon="-111.41105">
        <ele>626.4</ele>
      </trkpt>
      <trkpt lat="33.38054" lon="-111.41081">
        <ele>626.6</ele>
      </trkpt>
      <trkpt lat="33.380719" lon="-111.41042">
        <ele>626.6</ele>
      </trkpt>
      <trkpt lat="33.380699" lon="-111.41021">
        <ele>626.6</ele>
      </trkpt>
      <trkpt lat="33.38048" lon="-111.40985">
        <ele>626.8</ele>
      </trkpt>
      <trkpt lat="33.38048" lon="-111.40975">
        <ele>627.0</ele>
      </trkpt>
      <trkpt lat="33.38055" lon="-111.40968">
        <ele>627.0</ele>
      </trkpt>
      <trkpt lat="33.38062" lon="-111.40966">
        <ele>627.0</ele>
      </trkpt>
      <trkpt lat="33.38076" lon="-111.40976">
        <ele>627.0</ele>
      </trkpt>
      <trkpt lat="33.381059" lon="-111.40975">
        <ele>627.0</ele>
      </trkpt>
      <trkpt lat="33.38114" lon="-111.4098">
        <ele>627.2</ele>
      </trkpt>
      <trkpt lat="33.381279" lon="-111.40999">
        <ele>627.4</ele>
      </trkpt>
      <trkpt lat="33.3814" lon="-111.41002">
        <ele>627.6</ele>
      </trkpt>
      <trkpt lat="33.38167" lon="-111.40978">
        <ele>627.8</ele>
      </trkpt>
      <trkpt lat="33.38172" lon="-111.40944">
        <ele>628.0</ele>
      </trkpt>
      <trkpt lat="33.38189" lon="-111.40929">
        <ele>628.0</ele>
      </trkpt>
      <trkpt lat="33.38204" lon="-111.40936">
        <ele>628.0</ele>
      </trkpt>
      <trkpt lat="33.38221" lon="-111.40938">
        <ele>628.0</ele>
      </trkpt>
      <trkpt lat="33.38232" lon="-111.40933">
        <ele>628.6</ele>
      </trkpt>
      <trkpt lat="33.38237" lon="-111.40921">
        <ele>629.2</ele>
      </trkpt>
      <trkpt lat="33.38273" lon="-111.40873">
        <ele>630.0</ele>
      </trkpt>
      <trkpt lat="33.38286" lon="-111.40872">
        <ele>630.8</ele>
      </trkpt>
      <trkpt lat="33.382939" lon="-111.40875">
        <ele>631.8</ele>
      </trkpt>
      <trkpt lat="33.383" lon="-111.40883">
        <ele>632.4</ele>
      </trkpt>
      <trkpt lat="33.38311" lon="-111.40888">
        <ele>633.0</ele>
      </trkpt>
      <trkpt lat="33.38336" lon="-111.40878">
        <ele>633.4</ele>
      </trkpt>
      <trkpt lat="33.3834" lon="-111.40872">
        <ele>633.8</ele>
      </trkpt>
      <trkpt lat="33.38339" lon="-111.40862">
        <ele>633.8</ele>
      </trkpt>
      <trkpt lat="33.38331" lon="-111.40854">
        <ele>633.4</ele>
      </trkpt>
      <trkpt lat="33.38304" lon="-111.40856">
        <ele>633.0</ele>
      </trkpt>
      <trkpt lat="33.382959" lon="-111.40864">
        <ele>632.4</ele>
      </trkpt>
      <trkpt lat="33.382869" lon="-111.40865">
        <ele>631.6</ele>
      </trkpt>
      <trkpt lat="33.38275" lon="-111.40859">
        <ele>630.8</ele>
      </trkpt>
      <trkpt lat="33.38264" lon="-111.40863">
        <ele>630.2</ele>
      </trkpt>
      <trkpt lat="33.382559" lon="-111.40861">
        <ele>629.6</ele>
      </trkpt>
      <trkpt lat="33.38248" lon="-111.40851">
        <ele>629.2</ele>
      </trkpt>
      <trkpt lat="33.38246" lon="-111.40842">
        <ele>630.0</ele>
      </trkpt>
      <trkpt lat="33.38253" lon="-111.40835">
        <ele>631.0</ele>
      </trkpt>
      <trkpt lat="33.38301" lon="-111.40812">
        <ele>632.0</ele>
      </trkpt>
      <trkpt lat="33.383159" lon="-111.40796">
        <ele>633.0</ele>
      </trkpt>
      <trkpt lat="33.38326" lon="-111.40793">
        <ele>634.6</ele>
      </trkpt>
      <trkpt lat="33.38326" lon="-111.40777">
        <ele>635.2</ele>
      </trkpt>
      <trkpt lat="33.38347" lon="-111.40752">
        <ele>636.0</ele>
      </trkpt>
      <trkpt lat="33.38349" lon="-111.40737">
        <ele>636.6</ele>
      </trkpt>
      <trkpt lat="33.383629" lon="-111.4072">
        <ele>637.2</ele>
      </trkpt>
      <trkpt lat="33.38371" lon="-111.40707">
        <ele>637.4</ele>
      </trkpt>
      <trkpt lat="33.383699" lon="-111.40697">
        <ele>637.4</ele>
      </trkpt>
      <trkpt lat="33.38364" lon="-111.40688">
        <ele>637.0</ele>
      </trkpt>
      <trkpt lat="33.38356" lon="-111.40689">
        <ele>636.4</ele>
      </trkpt>
      <trkpt lat="33.38345" lon="-111.40715">
        <ele>635.8</ele>
      </trkpt>
      <trkpt lat="33.38339" lon="-111.40716">
        <ele>635.0</ele>
      </trkpt>
      <trkpt lat="33.38327" lon="-111.40704">
        <ele>634.4</ele>
      </trkpt>
      <trkpt lat="33.3832" lon="-111.40705">
        <ele>634.0</ele>
      </trkpt>
      <trkpt lat="33.383139" lon="-111.40725">
        <ele>634.0</ele>
      </trkpt>
      <trkpt lat="33.38317" lon="-111.40738">
        <ele>634.0</ele>
      </trkpt>
      <trkpt lat="33.383159" lon="-111.40745">
        <ele>634.0</ele>
      </trkpt>
      <trkpt lat="33.38291" lon="-111.40727">
        <ele>634.0</ele>
      </trkpt>
      <trkpt lat="33.38283" lon="-111.40727">
        <ele>634.0</ele>
      </trkpt>
      <trkpt lat="33.3828" lon="-111.40733">
        <ele>634.0</ele>
      </trkpt>
      <trkpt lat="33.3829" lon="-111.40771">
        <ele>633.8</ele>
      </trkpt>
      <trkpt lat="33.38289" lon="-111.40779">
        <ele>633.6</ele>
      </trkpt>
      <trkpt lat="33.382759" lon="-111.40777">
        <ele>633.4</ele>
      </trkpt>
      <trkpt lat="33.38254" lon="-111.40749">
        <ele>633.2</ele>
      </trkpt>
      <trkpt lat="33.38241" lon="-111.40746">
        <ele>632.8</ele>
      </trkpt>
      <trkpt lat="33.38226" lon="-111.40749">
        <ele>632.2</ele>
      </trkpt>
      <trkpt lat="33.38217" lon="-111.40759">
        <ele>631.6</ele>
      </trkpt>
      <trkpt lat="33.3821" lon="-111.40791">
        <ele>630.8</ele>
      </trkpt>
      <trkpt lat="33.38199" lon="-111.4081">
        <ele>630.6</ele>
      </trkpt>
      <trkpt lat="33.381929" lon="-111.40809">
        <ele>631.2</ele>
      </trkpt>
      <trkpt lat="33.38186" lon="-111.40793">
        <ele>632.0</ele>
      </trkpt>
      <trkpt lat="33.3818" lon="-111.40785">
        <ele>632.8</ele>
      </trkpt>
      <trkpt lat="33.38178" lon="-111.40767">
        <ele>634.6</ele>
      </trkpt>
      <trkpt lat="33.381729" lon="-111.40759">
        <ele>636.4</ele>
      </trkpt>
      <trkpt lat="33.381529" lon="-111.40763">
        <ele>637.8</ele>
      </trkpt>
      <trkpt lat="33.381279" lon="-111.40753">
        <ele>640.0</ele>
      </trkpt>
      <trkpt lat="33.381" lon="-111.40721">
        <ele>642.0</ele>
      </trkpt>
      <trkpt lat="33.38077" lon="-111.40711">
        <ele>643.8</ele>
      </trkpt>
      <trkpt lat="33.380719" lon="-111.40704">
        <ele>645.2</ele>
      </trkpt>
      <trkpt lat="33.38045" lon="-111.40691">
        <ele>646.4</ele>
      </trkpt>
      <trkpt lat="33.38038" lon="-111.40681">
        <ele>646.6</ele>
      </trkpt>
      <trkpt lat="33.3804" lon="-111.40671">
        <ele>646.8</ele>
      </trkpt>
      <trkpt lat="33.380519" lon="-111.4066">
        <ele>645.8</ele>
      </trkpt>
      <trkpt lat="33.38051" lon="-111.40649">
        <ele>644.8</ele>
      </trkpt>
      <trkpt lat="33.38037" lon="-111.4062">
        <ele>643.6</ele>
      </trkpt>
      <trkpt lat="33.380249" lon="-111.40608">
        <ele>642.0</ele>
      </trkpt>
      <trkpt lat="33.380249" lon="-111.40603">
        <ele>640.6</ele>
      </trkpt>
      <trkpt lat="33.38036" lon="-111.40601">
        <ele>640.0</ele>
      </trkpt>
      <trkpt lat="33.38051" lon="-111.40607">
        <ele>639.0</ele>
      </trkpt>
      <trkpt lat="33.380699" lon="-111.40626">
        <ele>637.0</ele>
      </trkpt>
      <trkpt lat="33.38085" lon="-111.40634">
        <ele>636.0</ele>
      </trkpt>
      <trkpt lat="33.38103" lon="-111.40634">
        <ele>635.0</ele>
      </trkpt>
      <trkpt lat="33.38118" lon="-111.40646">
        <ele>633.8</ele>
      </trkpt>
      <trkpt lat="33.381369" lon="-111.40653">
        <ele>632.8</ele>
      </trkpt>
      <trkpt lat="33.38149" lon="-111.4065">
        <ele>632.2</ele>
      </trkpt>
      <trkpt lat="33.38163" lon="-111.40635">
        <ele>631.2</ele>
      </trkpt>
      <trkpt lat="33.3817" lon="-111.40589">
        <ele>630.6</ele>
      </trkpt>
      <trkpt lat="33.38167" lon="-111.40541">
        <ele>629.6</ele>
      </trkpt>
      <trkpt lat="33.381729" lon="-111.40526">
        <ele>628.6</ele>
      </trkpt>
      <trkpt lat="33.38169" lon="-111.40492">
        <ele>628.4</ele>
      </trkpt>
      <trkpt lat="33.38154" lon="-111.40472">
        <ele>628.4</ele>
      </trkpt>
      <trkpt lat="33.38154" lon="-111.40461">
        <ele>628.0</ele>
      </trkpt>
      <trkpt lat="33.38149" lon="-111.40458">
        <ele>628.0</ele>
      </trkpt>
      <trkpt lat="33.38134" lon="-111.4046">
        <ele>628.0</ele>
      </trkpt>
      <trkpt lat="33.38125" lon="-111.40459">
        <ele>628.0</ele>
      </trkpt>
      <trkpt lat="33.38123" lon="-111.40454">
        <ele>628.0</ele>
      </trkpt>
      <trkpt lat="33.38125" lon="-111.40446">
        <ele>628.0</ele>
      </trkpt>
      <trkpt lat="33.38136" lon="-111.40438">
        <ele>628.0</ele>
      </trkpt>
      <trkpt lat="33.38143" lon="-111.4043">
        <ele>628.0</ele>
      </trkpt>
      <trkpt lat="33.381529" lon="-111.40428">
        <ele>628.0</ele>
      </trkpt>
      <trkpt lat="33.381619" lon="-111.40422">
        <ele>628.0</ele>
      </trkpt>
      <trkpt lat="33.38171" lon="-111.40419">
        <ele>628.0</ele>
      </trkpt>
      <trkpt lat="33.38172" lon="-111.40413">
        <ele>628.0</ele>
      </trkpt>
      <trkpt lat="33.38194" lon="-111.404">
        <ele>628.0</ele>
      </trkpt>
      <trkpt lat="33.382052" lon="-111.40398">
        <ele>628.4</ele>
      </trkpt>
      <trkpt lat="33.38214" lon="-111.40389">
        <ele>629.4</ele>
      </trkpt>
      <trkpt lat="33.38215" lon="-111.40372">
        <ele>630.6</ele>
      </trkpt>
      <trkpt lat="33.38228" lon="-111.40353">
        <ele>631.8</ele>
      </trkpt>
      <trkpt lat="33.38239" lon="-111.40329">
        <ele>633.0</ele>
      </trkpt>
      <trkpt lat="33.3825" lon="-111.40322">
        <ele>633.8</ele>
      </trkpt>
      <trkpt lat="33.38261" lon="-111.40308">
        <ele>634.0</ele>
      </trkpt>
      <trkpt lat="33.38279" lon="-111.40315">
        <ele>634.0</ele>
      </trkpt>
      <trkpt lat="33.3829" lon="-111.40329">
        <ele>634.0</ele>
      </trkpt>
      <trkpt lat="33.38327" lon="-111.40345">
        <ele>634.0</ele>
      </trkpt>
      <trkpt lat="33.38337" lon="-111.40344">
        <ele>634.2</ele>
      </trkpt>
      <trkpt lat="33.38357" lon="-111.40335">
        <ele>634.6</ele>
      </trkpt>
      <trkpt lat="33.38365" lon="-111.40319">
        <ele>635.2</ele>
      </trkpt>
      <trkpt lat="33.38375" lon="-111.40307">
        <ele>636.0</ele>
      </trkpt>
      <trkpt lat="33.38368" lon="-111.403">
        <ele>636.8</ele>
      </trkpt>
      <trkpt lat="33.38346" lon="-111.40294">
        <ele>637.4</ele>
      </trkpt>
      <trkpt lat="33.38348" lon="-111.4029">
        <ele>638.2</ele>
      </trkpt>
      <trkpt lat="33.38357" lon="-111.40283">
        <ele>638.6</ele>
      </trkpt>
      <trkpt lat="33.38362" lon="-111.40269">
        <ele>637.8</ele>
      </trkpt>
      <trkpt lat="33.38398" lon="-111.4027">
        <ele>637.4</ele>
      </trkpt>
      <trkpt lat="33.38454" lon="-111.40285">
        <ele>637.2</ele>
      </trkpt>
      <trkpt lat="33.38465" lon="-111.40276">
        <ele>636.8</ele>
      </trkpt>
      <trkpt lat="33.38468" lon="-111.40264">
        <ele>636.6</ele>
      </trkpt>
      <trkpt lat="33.38483" lon="-111.4025">
        <ele>637.4</ele>
      </trkpt>
      <trkpt lat="33.38512" lon="-111.40262">
        <ele>638.0</ele>
      </trkpt>
      <trkpt lat="33.38528" lon="-111.40288">
        <ele>638.6</ele>
      </trkpt>
      <trkpt lat="33.38557" lon="-111.40304">
        <ele>639.0</ele>
      </trkpt>
      <trkpt lat="33.38566" lon="-111.40303">
        <ele>639.4</ele>
      </trkpt>
      <trkpt lat="33.38582" lon="-111.4029">
        <ele>639.8</ele>
      </trkpt>
      <trkpt lat="33.38592" lon="-111.40269">
        <ele>640.0</ele>
      </trkpt>
      <trkpt lat="33.38615" lon="-111.40237">
        <ele>640.2</ele>
      </trkpt>
      <trkpt lat="33.38629" lon="-111.40225">
        <ele>640.6</ele>
      </trkpt>
      <trkpt lat="33.38639" lon="-111.40201">
        <ele>641.2</ele>
      </trkpt>
      <trkpt lat="33.38642" lon="-111.40186">
        <ele>642.0</ele>
      </trkpt>
      <trkpt lat="33.3866" lon="-111.40173">
        <ele>642.8</ele>
      </trkpt>
      <trkpt lat="33.3866" lon="-111.40156">
        <ele>643.4</ele>
      </trkpt>
      <trkpt lat="33.38657" lon="-111.40128">
        <ele>643.8</ele>
      </trkpt>
      <trkpt lat="33.38647" lon="-111.4012">
        <ele>643.8</ele>
      </trkpt>
      <trkpt lat="33.386319" lon="-111.40132">
        <ele>643.6</ele>
      </trkpt>
      <trkpt lat="33.38628" lon="-111.4014">
        <ele>643.4</ele>
      </trkpt>
      <trkpt lat="33.38617" lon="-111.40146">
        <ele>643.8</ele>
      </trkpt>
      <trkpt lat="33.38612" lon="-111.40138">
        <ele>644.2</ele>
      </trkpt>
      <trkpt lat="33.38622" lon="-111.40098">
        <ele>644.8</ele>
      </trkpt>
      <trkpt lat="33.386409" lon="-111.40088">
        <ele>645.4</ele>
      </trkpt>
      <trkpt lat="33.38648" lon="-111.4007">
        <ele>646.0</ele>
      </trkpt>
      <trkpt lat="33.38646" lon="-111.4005">
        <ele>646.6</ele>
      </trkpt>
      <trkpt lat="33.38651" lon="-111.40035">
        <ele>647.2</ele>
      </trkpt>
      <trkpt lat="33.38638" lon="-111.39997">
        <ele>647.8</ele>
      </trkpt>
      <trkpt lat="33.38648" lon="-111.39987">
        <ele>648.6</ele>
      </trkpt>
      <trkpt lat="33.38653" lon="-111.39975">
        <ele>649.6</ele>
      </trkpt>
      <trkpt lat="33.38653" lon="-111.39962">
        <ele>650.2</ele>
      </trkpt>
      <trkpt lat="33.38662" lon="-111.39952">
        <ele>650.8</ele>
      </trkpt>
      <trkpt lat="33.3866" lon="-111.39942">
        <ele>651.6</ele>
      </trkpt>
      <trkpt lat="33.38649" lon="-111.39934">
        <ele>652.2</ele>
      </trkpt>
      <trkpt lat="33.3864" lon="-111.39937">
        <ele>652.8</ele>
      </trkpt>
      <trkpt lat="33.38633" lon="-111.39928">
        <ele>653.0</ele>
      </trkpt>
      <trkpt lat="33.38644" lon="-111.399">
        <ele>653.2</ele>
      </trkpt>
      <trkpt lat="33.38657" lon="-111.39882">
        <ele>653.0</ele>
      </trkpt>
      <trkpt lat="33.38668" lon="-111.39883">
        <ele>652.8</ele>
      </trkpt>
      <trkpt lat="33.38694" lon="-111.39866">
        <ele>652.4</ele>
      </trkpt>
      <trkpt lat="33.38696" lon="-111.39856">
        <ele>652.4</ele>
      </trkpt>
      <trkpt lat="33.38676" lon="-111.39839">
        <ele>652.6</ele>
      </trkpt>
      <trkpt lat="33.386499" lon="-111.39844">
        <ele>653.2</ele>
      </trkpt>
      <trkpt lat="33.38642" lon="-111.39832">
        <ele>653.6</ele>
      </trkpt>
      <trkpt lat="33.38644" lon="-111.39822">
        <ele>654.0</ele>
      </trkpt>
      <trkpt lat="33.38649" lon="-111.39816">
        <ele>654.6</ele>
      </trkpt>
      <trkpt lat="33.38656" lon="-111.39802">
        <ele>655.0</ele>
      </trkpt>
      <trkpt lat="33.38637" lon="-111.39795">
        <ele>655.4</ele>
      </trkpt>
      <trkpt lat="33.38637" lon="-111.39784">
        <ele>656.4</ele>
      </trkpt>
      <trkpt lat="33.38642" lon="-111.39773">
        <ele>657.4</ele>
      </trkpt>
      <trkpt lat="33.3863" lon="-111.39749">
        <ele>658.0</ele>
      </trkpt>
      <trkpt lat="33.386319" lon="-111.39732">
        <ele>658.6</ele>
      </trkpt>
      <trkpt lat="33.38638" lon="-111.39719">
        <ele>659.0</ele>
      </trkpt>
      <trkpt lat="33.38633" lon="-111.39704">
        <ele>659.2</ele>
      </trkpt>
      <trkpt lat="33.38633" lon="-111.3969">
        <ele>659.6</ele>
      </trkpt>
      <trkpt lat="33.38622" lon="-111.39687">
        <ele>660.2</ele>
      </trkpt>
      <trkpt lat="33.3861" lon="-111.3967">
        <ele>660.8</ele>
      </trkpt>
      <trkpt lat="33.38609" lon="-111.39654">
        <ele>661.2</ele>
      </trkpt>
      <trkpt lat="33.38618" lon="-111.39643">
        <ele>661.6</ele>
      </trkpt>
      <trkpt lat="33.38635" lon="-111.39645">
        <ele>662.0</ele>
      </trkpt>
      <trkpt lat="33.386499" lon="-111.3961">
        <ele>662.4</ele>
      </trkpt>
      <trkpt lat="33.38653" lon="-111.39594">
        <ele>662.6</ele>
      </trkpt>
      <trkpt lat="33.38678" lon="-111.39558">
        <ele>663.2</ele>
      </trkpt>
      <trkpt lat="33.386895" lon="-111.395567">
        <ele>663.6</ele>
      </trkpt>
      <trkpt lat="33.386913" lon="-111.395488">
        <ele>663.8</ele>
      </trkpt>
      <trkpt lat="33.386873" lon="-111.395324">
        <ele>663.8</ele>
      </trkpt>
      <trkpt lat="33.386904" lon="-111.395269">
        <ele>664.2</ele>
      </trkpt>
      <trkpt lat="33.386899" lon="-111.395147">
        <ele>664.6</ele>
      </trkpt>
      <trkpt lat="33.386924" lon="-111.395018">
        <ele>665.2</ele>
      </trkpt>
      <trkpt lat="33.386982" lon="-111.394923">
        <ele>666.0</ele>
      </trkpt>
      <trkpt lat="33.387003" lon="-111.394794">
        <ele>666.6</ele>
      </trkpt>
      <trkpt lat="33.38698" lon="-111.39476">
        <ele>667.6</ele>
      </trkpt>
      <trkpt lat="33.38689" lon="-111.39473">
        <ele>668.4</ele>
      </trkpt>
      <trkpt lat="33.38677" lon="-111.39456">
        <ele>669.2</ele>
      </trkpt>
      <trkpt lat="33.38678" lon="-111.39429">
        <ele>669.8</ele>
      </trkpt>
      <trkpt lat="33.38683" lon="-111.39415">
        <ele>670.6</ele>
      </trkpt>
      <trkpt lat="33.38709" lon="-111.39379">
        <ele>670.8</ele>
      </trkpt>
      <trkpt lat="33.38713" lon="-111.39367">
        <ele>671.0</ele>
      </trkpt>
      <trkpt lat="33.38727" lon="-111.39365">
        <ele>671.4</ele>
      </trkpt>
      <trkpt lat="33.3873" lon="-111.39358">
        <ele>672.0</ele>
      </trkpt>
      <trkpt lat="33.387259" lon="-111.39321">
        <ele>672.8</ele>
      </trkpt>
      <trkpt lat="33.38721" lon="-111.39313">
        <ele>673.6</ele>
      </trkpt>
      <trkpt lat="33.38724" lon="-111.393">
        <ele>674.8</ele>
      </trkpt>
      <trkpt lat="33.38732" lon="-111.39297">
        <ele>675.8</ele>
      </trkpt>
      <trkpt lat="33.38736" lon="-111.39278">
        <ele>676.4</ele>
      </trkpt>
      <trkpt lat="33.38734" lon="-111.39264">
        <ele>677.0</ele>
      </trkpt>
      <trkpt lat="33.38724" lon="-111.39257">
        <ele>677.2</ele>
      </trkpt>
      <trkpt lat="33.3872" lon="-111.39223">
        <ele>677.0</ele>
      </trkpt>
      <trkpt lat="33.38698" lon="-111.39169">
        <ele>676.6</ele>
      </trkpt>
      <trkpt lat="33.38698" lon="-111.39159">
        <ele>676.2</ele>
      </trkpt>
      <trkpt lat="33.38707" lon="-111.39153">
        <ele>675.4</ele>
      </trkpt>
      <trkpt lat="33.38704" lon="-111.39129">
        <ele>675.0</ele>
      </trkpt>
      <trkpt lat="33.38709" lon="-111.39119">
        <ele>674.4</ele>
      </trkpt>
      <trkpt lat="33.38705" lon="-111.39114">
        <ele>673.4</ele>
      </trkpt>
      <trkpt lat="33.38693" lon="-111.39116">
        <ele>672.4</ele>
      </trkpt>
      <trkpt lat="33.38683" lon="-111.39109">
        <ele>671.6</ele>
      </trkpt>
      <trkpt lat="33.38671" lon="-111.39106">
        <ele>670.8</ele>
      </trkpt>
      <trkpt lat="33.38671" lon="-111.39095">
        <ele>670.2</ele>
      </trkpt>
      <trkpt lat="33.38662" lon="-111.39084">
        <ele>670.0</ele>
      </trkpt>
      <trkpt lat="33.38655" lon="-111.39088">
        <ele>670.0</ele>
      </trkpt>
      <trkpt lat="33.38642" lon="-111.39073">
        <ele>670.2</ele>
      </trkpt>
      <trkpt lat="33.38642" lon="-111.39063">
        <ele>670.2</ele>
      </trkpt>
      <trkpt lat="33.38636" lon="-111.39055">
        <ele>670.0</ele>
      </trkpt>
      <trkpt lat="33.38622" lon="-111.39054">
        <ele>669.6</ele>
      </trkpt>
      <trkpt lat="33.38615" lon="-111.39036">
        <ele>669.2</ele>
      </trkpt>
      <trkpt lat="33.386" lon="-111.3902">
        <ele>668.6</ele>
      </trkpt>
      <trkpt lat="33.38583" lon="-111.39008">
        <ele>668.2</ele>
      </trkpt>
      <trkpt lat="33.38579" lon="-111.38999">
        <ele>668.0</ele>
      </trkpt>
      <trkpt lat="33.38582" lon="-111.38989">
        <ele>668.0</ele>
      </trkpt>
      <trkpt lat="33.38577" lon="-111.38978">
        <ele>668.0</ele>
      </trkpt>
      <trkpt lat="33.38568" lon="-111.3897">
        <ele>668.0</ele>
      </trkpt>
      <trkpt lat="33.38566" lon="-111.38959">
        <ele>668.2</ele>
      </trkpt>
      <trkpt lat="33.38572" lon="-111.38953">
        <ele>668.6</ele>
      </trkpt>
      <trkpt lat="33.38586" lon="-111.38947">
        <ele>669.2</ele>
      </trkpt>
      <trkpt lat="33.38613" lon="-111.38953">
        <ele>669.8</ele>
      </trkpt>
      <trkpt lat="33.38624" lon="-111.38944">
        <ele>670.6</ele>
      </trkpt>
      <trkpt lat="33.38635" lon="-111.38941">
        <ele>671.2</ele>
      </trkpt>
      <trkpt lat="33.38675" lon="-111.38957">
        <ele>671.4</ele>
      </trkpt>
      <trkpt lat="33.38684" lon="-111.38957">
        <ele>671.4</ele>
      </trkpt>
      <trkpt lat="33.38687" lon="-111.3895">
        <ele>671.6</ele>
      </trkpt>
      <trkpt lat="33.38692" lon="-111.38915">
        <ele>672.2</ele>
      </trkpt>
      <trkpt lat="33.38703" lon="-111.38909">
        <ele>672.8</ele>
      </trkpt>
      <trkpt lat="33.387259" lon="-111.3891">
        <ele>673.8</ele>
      </trkpt>
      <trkpt lat="33.387349" lon="-111.38915">
        <ele>674.8</ele>
      </trkpt>
      <trkpt lat="33.38742" lon="-111.38913">
        <ele>675.6</ele>
      </trkpt>
      <trkpt lat="33.387439" lon="-111.38899">
        <ele>676.0</ele>
      </trkpt>
      <trkpt lat="33.3874" lon="-111.38892">
        <ele>676.4</ele>
      </trkpt>
      <trkpt lat="33.38752" lon="-111.38861">
        <ele>676.6</ele>
      </trkpt>
      <trkpt lat="33.38754" lon="-111.38841">
        <ele>676.8</ele>
      </trkpt>
      <trkpt lat="33.3875" lon="-111.38831">
        <ele>677.0</ele>
      </trkpt>
      <trkpt lat="33.38745" lon="-111.3883">
        <ele>676.8</ele>
      </trkpt>
      <trkpt lat="33.38727" lon="-111.38843">
        <ele>676.0</ele>
      </trkpt>
      <trkpt lat="33.387133" lon="-111.388295">
        <ele>675.0</ele>
      </trkpt>
      <trkpt lat="33.386975" lon="-111.388449">
        <ele>673.6</ele>
      </trkpt>
      <trkpt lat="33.387039" lon="-111.388657">
        <ele>672.2</ele>
      </trkpt>
      <trkpt lat="33.387" lon="-111.38889">
        <ele>671.0</ele>
      </trkpt>
      <trkpt lat="33.38693" lon="-111.38895">
        <ele>670.4</ele>
      </trkpt>
      <trkpt lat="33.38683" lon="-111.38893">
        <ele>670.0</ele>
      </trkpt>
      <trkpt lat="33.38671" lon="-111.38884">
        <ele>670.0</ele>
      </trkpt>
      <trkpt lat="33.38662" lon="-111.38884">
        <ele>670.0</ele>
      </trkpt>
      <trkpt lat="33.38653" lon="-111.38897">
        <ele>670.0</ele>
      </trkpt>
      <trkpt lat="33.38649" lon="-111.38898">
        <ele>670.0</ele>
      </trkpt>
      <trkpt lat="33.38639" lon="-111.38891">
        <ele>670.0</ele>
      </trkpt>
      <trkpt lat="33.3863" lon="-111.38878">
        <ele>670.0</ele>
      </trkpt>
      <trkpt lat="33.38622" lon="-111.38884">
        <ele>670.0</ele>
      </trkpt>
      <trkpt lat="33.38624" lon="-111.3891">
        <ele>670.0</ele>
      </trkpt>
      <trkpt lat="33.38615" lon="-111.38915">
        <ele>670.0</ele>
      </trkpt>
      <trkpt lat="33.38608" lon="-111.38913">
        <ele>670.0</ele>
      </trkpt>
      <trkpt lat="33.386" lon="-111.38919">
        <ele>670.0</ele>
      </trkpt>
      <trkpt lat="33.38597" lon="-111.38911">
        <ele>670.0</ele>
      </trkpt>
      <trkpt lat="33.386" lon="-111.38903">
        <ele>670.0</ele>
      </trkpt>
      <trkpt lat="33.38608" lon="-111.38899">
        <ele>670.0</ele>
      </trkpt>
      <trkpt lat="33.38608" lon="-111.38892">
        <ele>669.8</ele>
      </trkpt>
      <trkpt lat="33.38604" lon="-111.38887">
        <ele>669.6</ele>
      </trkpt>
      <trkpt lat="33.38584" lon="-111.38889">
        <ele>669.4</ele>
      </trkpt>
      <trkpt lat="33.38579" lon="-111.38894">
        <ele>669.0</ele>
      </trkpt>
      <trkpt lat="33.38586" lon="-111.38925">
        <ele>668.6</ele>
      </trkpt>
      <trkpt lat="33.38575" lon="-111.38933">
        <ele>668.4</ele>
      </trkpt>
      <trkpt lat="33.3857" lon="-111.38929">
        <ele>668.2</ele>
      </trkpt>
      <trkpt lat="33.38571" lon="-111.38912">
        <ele>667.8</ele>
      </trkpt>
      <trkpt lat="33.38568" lon="-111.38909">
        <ele>667.4</ele>
      </trkpt>
      <trkpt lat="33.38562" lon="-111.3891">
        <ele>667.0</ele>
      </trkpt>
      <trkpt lat="33.38555" lon="-111.38929">
        <ele>666.4</ele>
      </trkpt>
      <trkpt lat="33.3855" lon="-111.3891">
        <ele>665.8</ele>
      </trkpt>
      <trkpt lat="33.38544" lon="-111.38903">
        <ele>665.2</ele>
      </trkpt>
      <trkpt lat="33.38533" lon="-111.38901">
        <ele>664.8</ele>
      </trkpt>
      <trkpt lat="33.38521" lon="-111.38911">
        <ele>664.4</ele>
      </trkpt>
      <trkpt lat="33.38509" lon="-111.3891">
        <ele>664.0</ele>
      </trkpt>
      <trkpt lat="33.38503" lon="-111.38913">
        <ele>663.6</ele>
      </trkpt>
      <trkpt lat="33.38512" lon="-111.38939">
        <ele>663.4</ele>
      </trkpt>
      <trkpt lat="33.38512" lon="-111.38947">
        <ele>663.0</ele>
      </trkpt>
      <trkpt lat="33.38501" lon="-111.38962">
        <ele>662.6</ele>
      </trkpt>
      <trkpt lat="33.38492" lon="-111.38964">
        <ele>662.2</ele>
      </trkpt>
      <trkpt lat="33.38486" lon="-111.38973">
        <ele>661.8</ele>
      </trkpt>
      <trkpt lat="33.38479" lon="-111.38977">
        <ele>661.6</ele>
      </trkpt>
      <trkpt lat="33.38468" lon="-111.38973">
        <ele>661.6</ele>
      </trkpt>
      <trkpt lat="33.38456" lon="-111.38952">
        <ele>661.4</ele>
      </trkpt>
      <trkpt lat="33.38443" lon="-111.3895">
        <ele>661.0</ele>
      </trkpt>
      <trkpt lat="33.38427" lon="-111.38958">
        <ele>660.6</ele>
      </trkpt>
      <trkpt lat="33.38413" lon="-111.38993">
        <ele>659.8</ele>
      </trkpt>
      <trkpt lat="33.38398" lon="-111.38984">
        <ele>659.0</ele>
      </trkpt>
      <trkpt lat="33.38385" lon="-111.38988">
        <ele>658.4</ele>
      </trkpt>
      <trkpt lat="33.38395" lon="-111.39008">
        <ele>658.2</ele>
      </trkpt>
      <trkpt lat="33.383969" lon="-111.39019">
        <ele>658.0</ele>
      </trkpt>
      <trkpt lat="33.38382" lon="-111.39039">
        <ele>658.0</ele>
      </trkpt>
      <trkpt lat="33.38373" lon="-111.39043">
        <ele>658.0</ele>
      </trkpt>
      <trkpt lat="33.38367" lon="-111.39058">
        <ele>658.0</ele>
      </trkpt>
      <trkpt lat="33.38362" lon="-111.3906">
        <ele>658.0</ele>
      </trkpt>
      <trkpt lat="33.38356" lon="-111.39054">
        <ele>658.0</ele>
      </trkpt>
      <trkpt lat="33.38355" lon="-111.3904">
        <ele>657.8</ele>
      </trkpt>
      <trkpt lat="33.38345" lon="-111.39022">
        <ele>657.6</ele>
      </trkpt>
      <trkpt lat="33.383409" lon="-111.39021">
        <ele>657.6</ele>
      </trkpt>
      <trkpt lat="33.3834" lon="-111.39027">
        <ele>657.4</ele>
      </trkpt>
      <trkpt lat="33.38346" lon="-111.39039">
        <ele>657.2</ele>
      </trkpt>
      <trkpt lat="33.38342" lon="-111.39046">
        <ele>657.0</ele>
      </trkpt>
      <trkpt lat="33.38342" lon="-111.39062">
        <ele>656.8</ele>
      </trkpt>
      <trkpt lat="33.3833" lon="-111.39073">
        <ele>656.4</ele>
      </trkpt>
      <trkpt lat="33.38324" lon="-111.39071">
        <ele>656.0</ele>
      </trkpt>
      <trkpt lat="33.38322" lon="-111.39053">
        <ele>655.2</ele>
      </trkpt>
      <trkpt lat="33.383077" lon="-111.390408">
        <ele>654.6</ele>
      </trkpt>
      <trkpt lat="33.382738" lon="-111.390382">
        <ele>653.8</ele>
      </trkpt>
      <trkpt lat="33.382738" lon="-111.390538">
        <ele>653.0</ele>
      </trkpt>
      <trkpt lat="33.382621" lon="-111.390832">
        <ele>652.2</ele>
      </trkpt>
      <trkpt lat="33.382551" lon="-111.390912">
        <ele>651.6</ele>
      </trkpt>
      <trkpt lat="33.38221" lon="-111.391072">
        <ele>651.2</ele>
      </trkpt>
      <trkpt lat="33.382281" lon="-111.391242">
        <ele>651.2</ele>
      </trkpt>
      <trkpt lat="33.382381" lon="-111.391322">
        <ele>651.2</ele>
      </trkpt>
      <trkpt lat="33.382471" lon="-111.391252">
        <ele>651.4</ele>
      </trkpt>
      <trkpt lat="33.382541" lon="-111.391322">
        <ele>652.0</ele>
      </trkpt>
      <trkpt lat="33.382641" lon="-111.391242">
        <ele>652.4</ele>
      </trkpt>
      <trkpt lat="33.38272" lon="-111.391102">
        <ele>652.6</ele>
      </trkpt>
      <trkpt lat="33.382941" lon="-111.391102">
        <ele>653.0</ele>
      </trkpt>
      <trkpt lat="33.383001" lon="-111.390952">
        <ele>653.8</ele>
      </trkpt>
      <trkpt lat="33.383041" lon="-111.390942">
        <ele>654.2</ele>
      </trkpt>
      <trkpt lat="33.383471" lon="-111.391172">
        <ele>654.8</ele>
      </trkpt>
      <trkpt lat="33.38353" lon="-111.391282">
        <ele>655.6</ele>
      </trkpt>
      <trkpt lat="33.383571" lon="-111.391302">
        <ele>656.4</ele>
      </trkpt>
      <trkpt lat="33.383801" lon="-111.391212">
        <ele>656.8</ele>
      </trkpt>
      <trkpt lat="33.383941" lon="-111.391112">
        <ele>657.4</ele>
      </trkpt>
      <trkpt lat="33.38402" lon="-111.391092">
        <ele>657.8</ele>
      </trkpt>
      <trkpt lat="33.383997" lon="-111.39123">
        <ele>657.8</ele>
      </trkpt>
      <trkpt lat="33.384177" lon="-111.39145">
        <ele>657.6</ele>
      </trkpt>
      <trkpt lat="33.384034" lon="-111.391418">
        <ele>657.2</ele>
      </trkpt>
      <trkpt lat="33.383935" lon="-111.391327">
        <ele>656.6</ele>
      </trkpt>
      <trkpt lat="33.383681" lon="-111.391392">
        <ele>655.8</ele>
      </trkpt>
      <trkpt lat="33.38364" lon="-111.391482">
        <ele>655.0</ele>
      </trkpt>
      <trkpt lat="33.38353" lon="-111.391562">
        <ele>654.0</ele>
      </trkpt>
      <trkpt lat="33.383511" lon="-111.391622">
        <ele>653.2</ele>
      </trkpt>
      <trkpt lat="33.383541" lon="-111.391782">
        <ele>652.6</ele>
      </trkpt>
      <trkpt lat="33.383401" lon="-111.391892">
        <ele>652.2</ele>
      </trkpt>
      <trkpt lat="33.383401" lon="-111.391952">
        <ele>652.0</ele>
      </trkpt>
      <trkpt lat="33.38346" lon="-111.392052">
        <ele>652.0</ele>
      </trkpt>
      <trkpt lat="33.38344" lon="-111.392112">
        <ele>652.2</ele>
      </trkpt>
      <trkpt lat="33.38337" lon="-111.392092">
        <ele>652.4</ele>
      </trkpt>
      <trkpt lat="33.38326" lon="-111.391752">
        <ele>652.2</ele>
      </trkpt>
      <trkpt lat="33.38319" lon="-111.391642">
        <ele>652.0</ele>
      </trkpt>
      <trkpt lat="33.382821" lon="-111.391592">
        <ele>652.0</ele>
      </trkpt>
      <trkpt lat="33.382741" lon="-111.391612">
        <ele>651.6</ele>
      </trkpt>
      <trkpt lat="33.382661" lon="-111.391532">
        <ele>650.8</ele>
      </trkpt>
      <trkpt lat="33.382301" lon="-111.391472">
        <ele>650.4</ele>
      </trkpt>
      <trkpt lat="33.38221" lon="-111.391552">
        <ele>650.2</ele>
      </trkpt>
      <trkpt lat="33.382171" lon="-111.391552">
        <ele>649.4</ele>
      </trkpt>
      <trkpt lat="33.382071" lon="-111.391332">
        <ele>649.0</ele>
      </trkpt>
      <trkpt lat="33.381991" lon="-111.391292">
        <ele>648.6</ele>
      </trkpt>
      <trkpt lat="33.381951" lon="-111.391312">
        <ele>648.2</ele>
      </trkpt>
      <trkpt lat="33.381921" lon="-111.391572">
        <ele>647.4</ele>
      </trkpt>
      <trkpt lat="33.381881" lon="-111.391572">
        <ele>647.0</ele>
      </trkpt>
      <trkpt lat="33.381801" lon="-111.391492">
        <ele>646.6</ele>
      </trkpt>
      <trkpt lat="33.38165" lon="-111.391482">
        <ele>646.4</ele>
      </trkpt>
      <trkpt lat="33.38158" lon="-111.391222">
        <ele>646.2</ele>
      </trkpt>
      <trkpt lat="33.380981" lon="-111.391102">
        <ele>646.2</ele>
      </trkpt>
      <trkpt lat="33.38084" lon="-111.39099">
        <ele>646.2</ele>
      </trkpt>
      <trkpt lat="33.38086" lon="-111.39089">
        <ele>646.0</ele>
      </trkpt>
      <trkpt lat="33.38095" lon="-111.39079">
        <ele>646.2</ele>
      </trkpt>
      <trkpt lat="33.38098" lon="-111.39064">
        <ele>646.2</ele>
      </trkpt>
      <trkpt lat="33.38107" lon="-111.39049">
        <ele>646.2</ele>
      </trkpt>
      <trkpt lat="33.38098" lon="-111.39032">
        <ele>647.0</ele>
      </trkpt>
      <trkpt lat="33.38095" lon="-111.39">
        <ele>648.0</ele>
      </trkpt>
      <trkpt lat="33.38116" lon="-111.38989">
        <ele>649.0</ele>
      </trkpt>
      <trkpt lat="33.38134" lon="-111.38986">
        <ele>650.2</ele>
      </trkpt>
      <trkpt lat="33.38143" lon="-111.38978">
        <ele>651.6</ele>
      </trkpt>
      <trkpt lat="33.381529" lon="-111.38961">
        <ele>652.0</ele>
      </trkpt>
      <trkpt lat="33.38159" lon="-111.38928">
        <ele>652.4</ele>
      </trkpt>
      <trkpt lat="33.38152" lon="-111.38906">
        <ele>652.6</ele>
      </trkpt>
      <trkpt lat="33.38161" lon="-111.38882">
        <ele>652.8</ele>
      </trkpt>
      <trkpt lat="33.38161" lon="-111.38869">
        <ele>653.2</ele>
      </trkpt>
      <trkpt lat="33.38154" lon="-111.38848">
        <ele>653.8</ele>
      </trkpt>
      <trkpt lat="33.38158" lon="-111.38836">
        <ele>654.2</ele>
      </trkpt>
      <trkpt lat="33.38172" lon="-111.38839">
        <ele>655.0</ele>
      </trkpt>
      <trkpt lat="33.38177" lon="-111.38837">
        <ele>655.8</ele>
      </trkpt>
      <trkpt lat="33.382089" lon="-111.38855">
        <ele>656.2</ele>
      </trkpt>
      <trkpt lat="33.38218" lon="-111.38857">
        <ele>656.8</ele>
      </trkpt>
      <trkpt lat="33.38226" lon="-111.38851">
        <ele>657.4</ele>
      </trkpt>
      <trkpt lat="33.3823" lon="-111.38841">
        <ele>657.6</ele>
      </trkpt>
      <trkpt lat="33.38221" lon="-111.38815">
        <ele>658.0</ele>
      </trkpt>
      <trkpt lat="33.38224" lon="-111.388">
        <ele>658.6</ele>
      </trkpt>
      <trkpt lat="33.382379" lon="-111.38786">
        <ele>659.2</ele>
      </trkpt>
      <trkpt lat="33.3827" lon="-111.38785">
        <ele>659.8</ele>
      </trkpt>
      <trkpt lat="33.38272" lon="-111.38779">
        <ele>660.4</ele>
      </trkpt>
      <trkpt lat="33.38271" lon="-111.38765">
        <ele>660.8</ele>
      </trkpt>
      <trkpt lat="33.38264" lon="-111.38754">
        <ele>661.0</ele>
      </trkpt>
      <trkpt lat="33.3827" lon="-111.38748">
        <ele>661.0</ele>
      </trkpt>
      <trkpt lat="33.38279" lon="-111.3875">
        <ele>661.2</ele>
      </trkpt>
      <trkpt lat="33.38286" lon="-111.38743">
        <ele>661.4</ele>
      </trkpt>
      <trkpt lat="33.38279" lon="-111.38721">
        <ele>662.0</ele>
      </trkpt>
      <trkpt lat="33.38282" lon="-111.38714">
        <ele>662.6</ele>
      </trkpt>
      <trkpt lat="33.382939" lon="-111.38709">
        <ele>663.2</ele>
      </trkpt>
      <trkpt lat="33.38297" lon="-111.387">
        <ele>663.6</ele>
      </trkpt>
      <trkpt lat="33.3829" lon="-111.38692">
        <ele>663.6</ele>
      </trkpt>
      <trkpt lat="33.38284" lon="-111.38677">
        <ele>663.4</ele>
      </trkpt>
      <trkpt lat="33.38271" lon="-111.38669">
        <ele>662.6</ele>
      </trkpt>
      <trkpt lat="33.38262" lon="-111.38671">
        <ele>662.0</ele>
      </trkpt>
      <trkpt lat="33.38233" lon="-111.38707">
        <ele>660.8</ele>
      </trkpt>
      <trkpt lat="33.3823" lon="-111.38717">
        <ele>660.2</ele>
      </trkpt>
      <trkpt lat="33.38214" lon="-111.38725">
        <ele>659.8</ele>
      </trkpt>
      <trkpt lat="33.38207" lon="-111.38732">
        <ele>659.8</ele>
      </trkpt>
      <trkpt lat="33.38201" lon="-111.38747">
        <ele>659.2</ele>
      </trkpt>
      <trkpt lat="33.38196" lon="-111.38747">
        <ele>659.2</ele>
      </trkpt>
      <trkpt lat="33.38178" lon="-111.38734">
        <ele>659.0</ele>
      </trkpt>
      <trkpt lat="33.38172" lon="-111.38717">
        <ele>658.4</ele>
      </trkpt>
      <trkpt lat="33.38177" lon="-111.38711">
        <ele>658.0</ele>
      </trkpt>
      <trkpt lat="33.38185" lon="-111.38708">
        <ele>658.0</ele>
      </trkpt>
      <trkpt lat="33.38198" lon="-111.38723">
        <ele>658.0</ele>
      </trkpt>
      <trkpt lat="33.38204" lon="-111.38716">
        <ele>658.0</ele>
      </trkpt>
      <trkpt lat="33.38198" lon="-111.3871">
        <ele>658.0</ele>
      </trkpt>
      <trkpt lat="33.38195" lon="-111.38698">
        <ele>658.2</ele>
      </trkpt>
      <trkpt lat="33.38201" lon="-111.3869">
        <ele>658.6</ele>
      </trkpt>
      <trkpt lat="33.38205" lon="-111.38675">
        <ele>659.6</ele>
      </trkpt>
      <trkpt lat="33.38203" lon="-111.38666">
        <ele>660.8</ele>
      </trkpt>
      <trkpt lat="33.38205" lon="-111.38639">
        <ele>662.2</ele>
      </trkpt>
      <trkpt lat="33.38194" lon="-111.38622">
        <ele>663.4</ele>
      </trkpt>
      <trkpt lat="33.38201" lon="-111.38599">
        <ele>664.6</ele>
      </trkpt>
      <trkpt lat="33.38196" lon="-111.38591">
        <ele>665.2</ele>
      </trkpt>
      <trkpt lat="33.38194" lon="-111.3858">
        <ele>665.8</ele>
      </trkpt>
      <trkpt lat="33.38187" lon="-111.38576">
        <ele>666.0</ele>
      </trkpt>
      <trkpt lat="33.38169" lon="-111.38574">
        <ele>666.6</ele>
      </trkpt>
      <trkpt lat="33.38161" lon="-111.38592">
        <ele>667.0</ele>
      </trkpt>
      <trkpt lat="33.38156" lon="-111.38595">
        <ele>666.6</ele>
      </trkpt>
      <trkpt lat="33.38148" lon="-111.38618">
        <ele>665.6</ele>
      </trkpt>
      <trkpt lat="33.38152" lon="-111.38644">
        <ele>664.6</ele>
      </trkpt>
      <trkpt lat="33.38165" lon="-111.38659">
        <ele>663.4</ele>
      </trkpt>
      <trkpt lat="33.3816" lon="-111.38667">
        <ele>661.4</ele>
      </trkpt>
      <trkpt lat="33.3815" lon="-111.38673">
        <ele>660.2</ele>
      </trkpt>
      <trkpt lat="33.38141" lon="-111.38706">
        <ele>659.4</ele>
      </trkpt>
      <trkpt lat="33.381439" lon="-111.38725">
        <ele>658.8</ele>
      </trkpt>
      <trkpt lat="33.381529" lon="-111.38741">
        <ele>658.0</ele>
      </trkpt>
      <trkpt lat="33.38165" lon="-111.38746">
        <ele>657.8</ele>
      </trkpt>
      <trkpt lat="33.3817" lon="-111.38758">
        <ele>657.4</ele>
      </trkpt>
      <trkpt lat="33.38163" lon="-111.38788">
        <ele>657.2</ele>
      </trkpt>
      <trkpt lat="33.38154" lon="-111.38788">
        <ele>656.8</ele>
      </trkpt>
      <trkpt lat="33.38143" lon="-111.38777">
        <ele>656.4</ele>
      </trkpt>
      <trkpt lat="33.38138" lon="-111.38776">
        <ele>656.0</ele>
      </trkpt>
      <trkpt lat="33.38131" lon="-111.38782">
        <ele>655.8</ele>
      </trkpt>
      <trkpt lat="33.38136" lon="-111.38794">
        <ele>655.4</ele>
      </trkpt>
      <trkpt lat="33.38145" lon="-111.38802">
        <ele>654.8</ele>
      </trkpt>
      <trkpt lat="33.38142" lon="-111.38811">
        <ele>654.2</ele>
      </trkpt>
      <trkpt lat="33.38124" lon="-111.38826">
        <ele>653.6</ele>
      </trkpt>
      <trkpt lat="33.38116" lon="-111.38828">
        <ele>653.0</ele>
      </trkpt>
      <trkpt lat="33.38112" lon="-111.38838">
        <ele>652.4</ele>
      </trkpt>
      <trkpt lat="33.38129" lon="-111.38852">
        <ele>652.2</ele>
      </trkpt>
      <trkpt lat="33.38136" lon="-111.38862">
        <ele>652.0</ele>
      </trkpt>
      <trkpt lat="33.38134" lon="-111.38873">
        <ele>652.0</ele>
      </trkpt>
      <trkpt lat="33.38116" lon="-111.3887">
        <ele>652.0</ele>
      </trkpt>
      <trkpt lat="33.381059" lon="-111.38873">
        <ele>652.0</ele>
      </trkpt>
      <trkpt lat="33.38098" lon="-111.38885">
        <ele>651.8</ele>
      </trkpt>
      <trkpt lat="33.38104" lon="-111.38907">
        <ele>651.4</ele>
      </trkpt>
      <trkpt lat="33.38094" lon="-111.38921">
        <ele>651.0</ele>
      </trkpt>
      <trkpt lat="33.3808" lon="-111.38932">
        <ele>650.4</ele>
      </trkpt>
      <trkpt lat="33.38044" lon="-111.38916">
        <ele>650.0</ele>
      </trkpt>
      <trkpt lat="33.38026" lon="-111.38901">
        <ele>649.8</ele>
      </trkpt>
      <trkpt lat="33.38022" lon="-111.38888">
        <ele>649.6</ele>
      </trkpt>
      <trkpt lat="33.38013" lon="-111.38888">
        <ele>649.4</ele>
      </trkpt>
      <trkpt lat="33.38002" lon="-111.38905">
        <ele>649.4</ele>
      </trkpt>
      <trkpt lat="33.379939" lon="-111.38902">
        <ele>649.2</ele>
      </trkpt>
      <trkpt lat="33.37982" lon="-111.38916">
        <ele>648.8</ele>
      </trkpt>
      <trkpt lat="33.37974" lon="-111.38916">
        <ele>648.6</ele>
      </trkpt>
      <trkpt lat="33.37972" lon="-111.38922">
        <ele>648.0</ele>
      </trkpt>
      <trkpt lat="33.37975" lon="-111.38933">
        <ele>647.4</ele>
      </trkpt>
      <trkpt lat="33.37975" lon="-111.38946">
        <ele>646.8</ele>
      </trkpt>
      <trkpt lat="33.37971" lon="-111.38949">
        <ele>646.4</ele>
      </trkpt>
      <trkpt lat="33.379649" lon="-111.38968">
        <ele>646.0</ele>
      </trkpt>
      <trkpt lat="33.37955" lon="-111.3897">
        <ele>646.0</ele>
      </trkpt>
      <trkpt lat="33.37948" lon="-111.38968">
        <ele>645.4</ele>
      </trkpt>
      <trkpt lat="33.37928" lon="-111.38974">
        <ele>644.6</ele>
      </trkpt>
      <trkpt lat="33.379255" lon="-111.389775">
        <ele>643.6</ele>
      </trkpt>
      <trkpt lat="33.37894" lon="-111.38955">
        <ele>643.8</ele>
      </trkpt>
      <trkpt lat="33.37881" lon="-111.38956">
        <ele>644.2</ele>
      </trkpt>
      <trkpt lat="33.37886" lon="-111.38917">
        <ele>645.4</ele>
      </trkpt>
      <trkpt lat="33.37885" lon="-111.38898">
        <ele>647.2</ele>
      </trkpt>
      <trkpt lat="33.37899" lon="-111.38871">
        <ele>648.8</ele>
      </trkpt>
      <trkpt lat="33.37901" lon="-111.38854">
        <ele>649.2</ele>
      </trkpt>
      <trkpt lat="33.37868" lon="-111.38859">
        <ele>649.0</ele>
      </trkpt>
      <trkpt lat="33.37857" lon="-111.38857">
        <ele>648.2</ele>
      </trkpt>
      <trkpt lat="33.37834" lon="-111.38879">
        <ele>647.2</ele>
      </trkpt>
      <trkpt lat="33.37794" lon="-111.38876">
        <ele>646.2</ele>
      </trkpt>
      <trkpt lat="33.37778" lon="-111.38869">
        <ele>645.6</ele>
      </trkpt>
      <trkpt lat="33.377589" lon="-111.38868">
        <ele>645.6</ele>
      </trkpt>
      <trkpt lat="33.37757" lon="-111.38844">
        <ele>645.8</ele>
      </trkpt>
      <trkpt lat="33.377719" lon="-111.38783">
        <ele>646.2</ele>
      </trkpt>
      <trkpt lat="33.37769" lon="-111.38777">
        <ele>647.2</ele>
      </trkpt>
      <trkpt lat="33.37773" lon="-111.38743">
        <ele>648.2</ele>
      </trkpt>
      <trkpt lat="33.37778" lon="-111.38727">
        <ele>649.0</ele>
      </trkpt>
      <trkpt lat="33.377789" lon="-111.38635">
        <ele>650.4</ele>
      </trkpt>
      <trkpt lat="33.377699" lon="-111.3859">
        <ele>651.4</ele>
      </trkpt>
      <trkpt lat="33.377789" lon="-111.38508">
        <ele>652.4</ele>
      </trkpt>
      <trkpt lat="33.37778" lon="-111.38497">
        <ele>653.2</ele>
      </trkpt>
      <trkpt lat="33.37782" lon="-111.38476">
        <ele>654.0</ele>
      </trkpt>
      <trkpt lat="33.377809" lon="-111.38437">
        <ele>654.4</ele>
      </trkpt>
      <trkpt lat="33.37784" lon="-111.38411">
        <ele>654.8</ele>
      </trkpt>
      <trkpt lat="33.378059" lon="-111.3837">
        <ele>655.0</ele>
      </trkpt>
      <trkpt lat="33.378189" lon="-111.3833">
        <ele>655.2</ele>
      </trkpt>
      <trkpt lat="33.378247" lon="-111.383235">
        <ele>655.6</ele>
      </trkpt>
      <trkpt lat="33.378417" lon="-111.38322">
        <ele>656.2</ele>
      </trkpt>
      <trkpt lat="33.378585" lon="-111.383082">
        <ele>656.8</ele>
      </trkpt>
      <trkpt lat="33.378808" lon="-111.383154">
        <ele>657.4</ele>
      </trkpt>
      <trkpt lat="33.378915" lon="-111.383144">
        <ele>657.8</ele>
      </trkpt>
      <trkpt lat="33.37897" lon="-111.38303">
        <ele>658.0</ele>
      </trkpt>
      <trkpt lat="33.378917" lon="-111.382766">
        <ele>658.0</ele>
      </trkpt>
      <trkpt lat="33.37899" lon="-111.3827">
        <ele>657.8</ele>
      </trkpt>
      <trkpt lat="33.37932" lon="-111.38259">
        <ele>657.6</ele>
      </trkpt>
      <trkpt lat="33.37955" lon="-111.3823">
        <ele>657.6</ele>
      </trkpt>
      <trkpt lat="33.37964" lon="-111.3823">
        <ele>657.6</ele>
      </trkpt>
      <trkpt lat="33.37977" lon="-111.38239">
        <ele>657.6</ele>
      </trkpt>
      <trkpt lat="33.37989" lon="-111.38238">
        <ele>657.8</ele>
      </trkpt>
      <trkpt lat="33.37992" lon="-111.38246">
        <ele>658.0</ele>
      </trkpt>
      <trkpt lat="33.380029" lon="-111.38236">
        <ele>658.2</ele>
      </trkpt>
      <trkpt lat="33.379959" lon="-111.38209">
        <ele>658.6</ele>
      </trkpt>
      <trkpt lat="33.37995" lon="-111.38192">
        <ele>659.4</ele>
      </trkpt>
      <trkpt lat="33.38" lon="-111.38164">
        <ele>660.4</ele>
      </trkpt>
      <trkpt lat="33.38022" lon="-111.38137">
        <ele>661.6</ele>
      </trkpt>
      <trkpt lat="33.38029" lon="-111.38118">
        <ele>662.6</ele>
      </trkpt>
      <trkpt lat="33.38035" lon="-111.38113">
        <ele>663.2</ele>
      </trkpt>
      <trkpt lat="33.380409" lon="-111.38101">
        <ele>663.4</ele>
      </trkpt>
      <trkpt lat="33.3804" lon="-111.38085">
        <ele>663.6</ele>
      </trkpt>
      <trkpt lat="33.380609" lon="-111.38078">
        <ele>663.4</ele>
      </trkpt>
      <trkpt lat="33.38073" lon="-111.38068">
        <ele>663.2</ele>
      </trkpt>
      <trkpt lat="33.38083" lon="-111.38065">
        <ele>663.4</ele>
      </trkpt>
      <trkpt lat="33.38098" lon="-111.38055">
        <ele>663.4</ele>
      </trkpt>
      <trkpt lat="33.381189" lon="-111.38026">
        <ele>662.8</ele>
      </trkpt>
      <trkpt lat="33.38114" lon="-111.37996">
        <ele>662.0</ele>
      </trkpt>
      <trkpt lat="33.38107" lon="-111.37986">
        <ele>661.0</ele>
      </trkpt>
      <trkpt lat="33.38102" lon="-111.37971">
        <ele>660.0</ele>
      </trkpt>
      <trkpt lat="33.38091" lon="-111.37957">
        <ele>659.4</ele>
      </trkpt>
      <trkpt lat="33.3808" lon="-111.37957">
        <ele>659.0</ele>
      </trkpt>
      <trkpt lat="33.38076" lon="-111.37961">
        <ele>658.6</ele>
      </trkpt>
      <trkpt lat="33.38064" lon="-111.37956">
        <ele>658.4</ele>
      </trkpt>
      <trkpt lat="33.3806" lon="-111.37936">
        <ele>657.8</ele>
      </trkpt>
      <trkpt lat="33.38054" lon="-111.37925">
        <ele>657.0</ele>
      </trkpt>
      <trkpt lat="33.38058" lon="-111.37917">
        <ele>656.2</ele>
      </trkpt>
      <trkpt lat="33.38069" lon="-111.37915">
        <ele>656.0</ele>
      </trkpt>
      <trkpt lat="33.38065" lon="-111.37899">
        <ele>655.8</ele>
      </trkpt>
      <trkpt lat="33.38048" lon="-111.37867">
        <ele>655.8</ele>
      </trkpt>
      <trkpt lat="33.38038" lon="-111.37861">
        <ele>656.0</ele>
      </trkpt>
      <trkpt lat="33.38039" lon="-111.37856">
        <ele>656.6</ele>
      </trkpt>
      <trkpt lat="33.38066" lon="-111.37858">
        <ele>657.0</ele>
      </trkpt>
      <trkpt lat="33.38067" lon="-111.3785">
        <ele>657.4</ele>
      </trkpt>
      <trkpt lat="33.38054" lon="-111.37812">
        <ele>657.8</ele>
      </trkpt>
      <trkpt lat="33.38055" lon="-111.378">
        <ele>657.8</ele>
      </trkpt>
      <trkpt lat="33.380319" lon="-111.37792">
        <ele>657.4</ele>
      </trkpt>
      <trkpt lat="33.380159" lon="-111.37768">
        <ele>657.0</ele>
      </trkpt>
      <trkpt lat="33.38013" lon="-111.3775">
        <ele>656.2</ele>
      </trkpt>
      <trkpt lat="33.38" lon="-111.37718">
        <ele>655.2</ele>
      </trkpt>
      <trkpt lat="33.380029" lon="-111.37674">
        <ele>654.2</ele>
      </trkpt>
      <trkpt lat="33.380139" lon="-111.3766">
        <ele>653.6</ele>
      </trkpt>
      <trkpt lat="33.38018" lon="-111.37644">
        <ele>652.6</ele>
      </trkpt>
      <trkpt lat="33.380339" lon="-111.37623">
        <ele>651.8</ele>
      </trkpt>
      <trkpt lat="33.38027" lon="-111.37608">
        <ele>651.2</ele>
      </trkpt>
      <trkpt lat="33.38033" lon="-111.37568">
        <ele>650.6</ele>
      </trkpt>
      <trkpt lat="33.38031" lon="-111.37551">
        <ele>649.8</ele>
      </trkpt>
      <trkpt lat="33.38026" lon="-111.37536">
        <ele>649.2</ele>
      </trkpt>
      <trkpt lat="33.380249" lon="-111.37513">
        <ele>648.8</ele>
      </trkpt>
      <trkpt lat="33.38028" lon="-111.37497">
        <ele>648.4</ele>
      </trkpt>
      <trkpt lat="33.38022" lon="-111.37491">
        <ele>648.2</ele>
      </trkpt>
      <trkpt lat="33.38022" lon="-111.37473">
        <ele>647.8</ele>
      </trkpt>
      <trkpt lat="33.38026" lon="-111.37458">
        <ele>647.6</ele>
      </trkpt>
      <trkpt lat="33.380119" lon="-111.37438">
        <ele>647.4</ele>
      </trkpt>
      <trkpt lat="33.38008" lon="-111.37426">
        <ele>647.0</ele>
      </trkpt>
      <trkpt lat="33.379939" lon="-111.37416">
        <ele>646.6</ele>
      </trkpt>
      <trkpt lat="33.37975" lon="-111.37408">
        <ele>646.4</ele>
      </trkpt>
      <trkpt lat="33.37962" lon="-111.37416">
        <ele>646.2</ele>
      </trkpt>
      <trkpt lat="33.37935" lon="-111.37425">
        <ele>646.0</ele>
      </trkpt>
      <trkpt lat="33.37923" lon="-111.37425">
        <ele>646.0</ele>
      </trkpt>
      <trkpt lat="33.37913" lon="-111.37412">
        <ele>646.0</ele>
      </trkpt>
      <trkpt lat="33.379109" lon="-111.37375">
        <ele>646.0</ele>
      </trkpt>
      <trkpt lat="33.37889" lon="-111.37361">
        <ele>646.0</ele>
      </trkpt>
      <trkpt lat="33.37869" lon="-111.37365">
        <ele>646.0</ele>
      </trkpt>
      <trkpt lat="33.37858" lon="-111.37359">
        <ele>646.0</ele>
      </trkpt>
      <trkpt lat="33.3786" lon="-111.37352">
        <ele>646.0</ele>
      </trkpt>
      <trkpt lat="33.37866" lon="-111.37349">
        <ele>646.0</ele>
      </trkpt>
      <trkpt lat="33.3787" lon="-111.37337">
        <ele>646.0</ele>
      </trkpt>
      <trkpt lat="33.3787" lon="-111.37323">
        <ele>646.0</ele>
      </trkpt>
      <trkpt lat="33.37863" lon="-111.37302">
        <ele>646.0</ele>
      </trkpt>
      <trkpt lat="33.37856" lon="-111.37295">
        <ele>646.0</ele>
      </trkpt>
      <trkpt lat="33.37843" lon="-111.37295">
        <ele>646.0</ele>
      </trkpt>
      <trkpt lat="33.37832" lon="-111.37279">
        <ele>646.0</ele>
      </trkpt>
      <trkpt lat="33.37809" lon="-111.37268">
        <ele>646.0</ele>
      </trkpt>
      <trkpt lat="33.377896" lon="-111.372692">
        <ele>646.0</ele>
      </trkpt>
      <trkpt lat="33.37794" lon="-111.3721">
        <ele>646.0</ele>
      </trkpt>
      <trkpt lat="33.37787" lon="-111.37194">
        <ele>646.0</ele>
      </trkpt>
      <trkpt lat="33.377789" lon="-111.37144">
        <ele>646.2</ele>
      </trkpt>
      <trkpt lat="33.37755" lon="-111.37092">
        <ele>646.4</ele>
      </trkpt>
      <trkpt lat="33.377229" lon="-111.37063">
        <ele>645.8</ele>
      </trkpt>
      <trkpt lat="33.37662" lon="-111.37026">
        <ele>645.0</ele>
      </trkpt>
      <trkpt lat="33.375729" lon="-111.37004">
        <ele>644.2</ele>
      </trkpt>
      <trkpt lat="33.375549" lon="-111.36992">
        <ele>643.2</ele>
      </trkpt>
      <trkpt lat="33.375459" lon="-111.36981">
        <ele>642.2</ele>
      </trkpt>
      <trkpt lat="33.37549" lon="-111.36971">
        <ele>642.0</ele>
      </trkpt>
      <trkpt lat="33.375736" lon="-111.369525">
        <ele>642.0</ele>
      </trkpt>
      <trkpt lat="33.37652" lon="-111.36823">
        <ele>642.2</ele>
      </trkpt>
      <trkpt lat="33.376649" lon="-111.36796">
        <ele>642.2</ele>
      </trkpt>
      <trkpt lat="33.37683" lon="-111.36744">
        <ele>642.4</ele>
      </trkpt>
      <trkpt lat="33.377049" lon="-111.36691">
        <ele>643.0</ele>
      </trkpt>
      <trkpt lat="33.37713" lon="-111.36656">
        <ele>643.6</ele>
      </trkpt>
      <trkpt lat="33.377209" lon="-111.36591">
        <ele>644.0</ele>
      </trkpt>
      <trkpt lat="33.37728" lon="-111.36568">
        <ele>644.8</ele>
      </trkpt>
      <trkpt lat="33.37747" lon="-111.36536">
        <ele>645.4</ele>
      </trkpt>
      <trkpt lat="33.377519" lon="-111.36513">
        <ele>645.6</ele>
      </trkpt>
      <trkpt lat="33.37756" lon="-111.36408">
        <ele>645.8</ele>
      </trkpt>
      <trkpt lat="33.37764" lon="-111.36384">
        <ele>646.0</ele>
      </trkpt>
      <trkpt lat="33.37795" lon="-111.36349">
        <ele>646.0</ele>
      </trkpt>
      <trkpt lat="33.37813" lon="-111.36339">
        <ele>646.8</ele>
      </trkpt>
      <trkpt lat="33.37831" lon="-111.36324">
        <ele>648.2</ele>
      </trkpt>
      <trkpt lat="33.37861" lon="-111.36288">
        <ele>650.4</ele>
      </trkpt>
      <trkpt lat="33.378729" lon="-111.36264">
        <ele>652.8</ele>
      </trkpt>
      <trkpt lat="33.37895" lon="-111.36207">
        <ele>655.2</ele>
      </trkpt>
      <trkpt lat="33.37908" lon="-111.36191">
        <ele>656.8</ele>
      </trkpt>
      <trkpt lat="33.37954" lon="-111.36164">
        <ele>657.8</ele>
      </trkpt>
      <trkpt lat="33.37964" lon="-111.36152">
        <ele>658.2</ele>
      </trkpt>
      <trkpt lat="33.379689" lon="-111.3613">
        <ele>658.8</ele>
      </trkpt>
      <trkpt lat="33.379959" lon="-111.3587">
        <ele>659.6</ele>
      </trkpt>
      <trkpt lat="33.38008" lon="-111.35817">
        <ele>660.4</ele>
      </trkpt>
      <trkpt lat="33.38001" lon="-111.35807">
        <ele>661.0</ele>
      </trkpt>
      <trkpt lat="33.379759" lon="-111.35806">
        <ele>661.6</ele>
      </trkpt>
      <trkpt lat="33.379399" lon="-111.35814">
        <ele>662.0</ele>
      </trkpt>
      <trkpt lat="33.379289" lon="-111.35805">
        <ele>662.6</ele>
      </trkpt>
      <trkpt lat="33.379219" lon="-111.35787">
        <ele>663.4</ele>
      </trkpt>
      <trkpt lat="33.37907" lon="-111.35766">
        <ele>664.6</ele>
      </trkpt>
      <trkpt lat="33.3789" lon="-111.35759">
        <ele>665.6</ele>
      </trkpt>
      <trkpt lat="33.37868" lon="-111.35758">
        <ele>666.6</ele>
      </trkpt>
      <trkpt lat="33.37852" lon="-111.35752">
        <ele>667.2</ele>
      </trkpt>
      <trkpt lat="33.37833" lon="-111.35729">
        <ele>667.6</ele>
      </trkpt>
      <trkpt lat="33.378189" lon="-111.35707">
        <ele>667.8</ele>
      </trkpt>
      <trkpt lat="33.37795" lon="-111.35684">
        <ele>668.0</ele>
      </trkpt>
      <trkpt lat="33.377789" lon="-111.35677">
        <ele>668.0</ele>
      </trkpt>
      <trkpt lat="33.37766" lon="-111.35675">
        <ele>668.2</ele>
      </trkpt>
      <trkpt lat="33.37754" lon="-111.35668">
        <ele>668.2</ele>
      </trkpt>
      <trkpt lat="33.37746" lon="-111.35658">
        <ele>668.2</ele>
      </trkpt>
      <trkpt lat="33.37737" lon="-111.35652">
        <ele>668.6</ele>
      </trkpt>
      <trkpt lat="33.37718" lon="-111.35648">
        <ele>669.2</ele>
      </trkpt>
      <trkpt lat="33.37693" lon="-111.35635">
        <ele>669.8</ele>
      </trkpt>
      <trkpt lat="33.376779" lon="-111.35634">
        <ele>671.4</ele>
      </trkpt>
      <trkpt lat="33.376579" lon="-111.35621">
        <ele>673.6</ele>
      </trkpt>
      <trkpt lat="33.376469" lon="-111.35597">
        <ele>675.8</ele>
      </trkpt>
      <trkpt lat="33.37635" lon="-111.35579">
        <ele>678.6</ele>
      </trkpt>
      <trkpt lat="33.37625" lon="-111.35535">
        <ele>681.8</ele>
      </trkpt>
      <trkpt lat="33.375999" lon="-111.35505">
        <ele>685.2</ele>
      </trkpt>
      <trkpt lat="33.37596" lon="-111.35496">
        <ele>688.2</ele>
      </trkpt>
      <trkpt lat="33.376053" lon="-111.354559">
        <ele>690.8</ele>
      </trkpt>
      <trkpt lat="33.37588" lon="-111.35413">
        <ele>692.4</ele>
      </trkpt>
      <trkpt lat="33.37586" lon="-111.35403">
        <ele>693.0</ele>
      </trkpt>
      <trkpt lat="33.37559" lon="-111.35369">
        <ele>692.8</ele>
      </trkpt>
      <trkpt lat="33.37534" lon="-111.35318">
        <ele>692.4</ele>
      </trkpt>
      <trkpt lat="33.37523" lon="-111.35305">
        <ele>690.4</ele>
      </trkpt>
      <trkpt lat="33.37503" lon="-111.35289">
        <ele>686.6</ele>
      </trkpt>
      <trkpt lat="33.37492" lon="-111.35262">
        <ele>682.6</ele>
      </trkpt>
      <trkpt lat="33.37475" lon="-111.35245">
        <ele>678.8</ele>
      </trkpt>
      <trkpt lat="33.374409" lon="-111.35233">
        <ele>674.8</ele>
      </trkpt>
      <trkpt lat="33.37418" lon="-111.35236">
        <ele>672.0</ele>
      </trkpt>
      <trkpt lat="33.37375" lon="-111.35179">
        <ele>671.0</ele>
      </trkpt>
      <trkpt lat="33.373579" lon="-111.35151">
        <ele>670.4</ele>
      </trkpt>
      <trkpt lat="33.37345" lon="-111.35138">
        <ele>669.2</ele>
      </trkpt>
      <trkpt lat="33.37342" lon="-111.35124">
        <ele>667.8</ele>
      </trkpt>
      <trkpt lat="33.373469" lon="-111.35112">
        <ele>666.4</ele>
      </trkpt>
      <trkpt lat="33.373309" lon="-111.35072">
        <ele>664.8</ele>
      </trkpt>
      <trkpt lat="33.37328" lon="-111.35049">
        <ele>663.0</ele>
      </trkpt>
      <trkpt lat="33.37317" lon="-111.35034">
        <ele>661.2</ele>
      </trkpt>
      <trkpt lat="33.37298" lon="-111.35027">
        <ele>659.8</ele>
      </trkpt>
      <trkpt lat="33.372839" lon="-111.35033">
        <ele>658.6</ele>
      </trkpt>
      <trkpt lat="33.372459" lon="-111.35058">
        <ele>657.8</ele>
      </trkpt>
      <trkpt lat="33.37234" lon="-111.3506">
        <ele>657.4</ele>
      </trkpt>
      <trkpt lat="33.37195" lon="-111.35088">
        <ele>657.4</ele>
      </trkpt>
      <trkpt lat="33.37174" lon="-111.35098">
        <ele>657.2</ele>
      </trkpt>
      <trkpt lat="33.37129" lon="-111.35104">
        <ele>657.2</ele>
      </trkpt>
      <trkpt lat="33.370869" lon="-111.35093">
        <ele>657.2</ele>
      </trkpt>
      <trkpt lat="33.370739" lon="-111.35101">
        <ele>657.2</ele>
      </trkpt>
      <trkpt lat="33.3707" lon="-111.35112">
        <ele>656.8</ele>
      </trkpt>
      <trkpt lat="33.3706" lon="-111.35111">
        <ele>656.6</ele>
      </trkpt>
      <trkpt lat="33.37045" lon="-111.35102">
        <ele>656.4</ele>
      </trkpt>
      <trkpt lat="33.37015" lon="-111.35073">
        <ele>656.2</ele>
      </trkpt>
      <trkpt lat="33.37005" lon="-111.35076">
        <ele>656.0</ele>
      </trkpt>
      <trkpt lat="33.36995" lon="-111.35074">
        <ele>656.0</ele>
      </trkpt>
      <trkpt lat="33.36977" lon="-111.35078">
        <ele>655.8</ele>
      </trkpt>
      <trkpt lat="33.369729" lon="-111.35082">
        <ele>655.6</ele>
      </trkpt>
      <trkpt lat="33.36928" lon="-111.35102">
        <ele>655.4</ele>
      </trkpt>
      <trkpt lat="33.36905" lon="-111.35103">
        <ele>655.0</ele>
      </trkpt>
      <trkpt lat="33.368859" lon="-111.35092">
        <ele>654.6</ele>
      </trkpt>
      <trkpt lat="33.368519" lon="-111.35102">
        <ele>654.2</ele>
      </trkpt>
      <trkpt lat="33.368409" lon="-111.35099">
        <ele>653.8</ele>
      </trkpt>
      <trkpt lat="33.36818" lon="-111.35103">
        <ele>653.4</ele>
      </trkpt>
      <trkpt lat="33.368029" lon="-111.351">
        <ele>653.0</ele>
      </trkpt>
      <trkpt lat="33.367939" lon="-111.35094">
        <ele>652.4</ele>
      </trkpt>
      <trkpt lat="33.36775" lon="-111.35096">
        <ele>651.2</ele>
      </trkpt>
      <trkpt lat="33.36762" lon="-111.35103">
        <ele>650.0</ele>
      </trkpt>
      <trkpt lat="33.36706" lon="-111.35105">
        <ele>649.0</ele>
      </trkpt>
      <trkpt lat="33.366909" lon="-111.35097">
        <ele>648.0</ele>
      </trkpt>
      <trkpt lat="33.36669" lon="-111.35071">
        <ele>647.2</ele>
      </trkpt>
      <trkpt lat="33.36641" lon="-111.35072">
        <ele>647.2</ele>
      </trkpt>
      <trkpt lat="33.36628" lon="-111.35068">
        <ele>647.2</ele>
      </trkpt>
      <trkpt lat="33.36623" lon="-111.35052">
        <ele>647.0</ele>
      </trkpt>
      <trkpt lat="33.365789" lon="-111.35038">
        <ele>646.8</ele>
      </trkpt>
      <trkpt lat="33.365209" lon="-111.35037">
        <ele>646.6</ele>
      </trkpt>
      <trkpt lat="33.365" lon="-111.35059">
        <ele>646.4</ele>
      </trkpt>
      <trkpt lat="33.36481" lon="-111.35058">
        <ele>646.2</ele>
      </trkpt>
      <trkpt lat="33.36463" lon="-111.35064">
        <ele>646.0</ele>
      </trkpt>
      <trkpt lat="33.36433" lon="-111.35058">
        <ele>646.0</ele>
      </trkpt>
      <trkpt lat="33.364199" lon="-111.35038">
        <ele>646.0</ele>
      </trkpt>
      <trkpt lat="33.364019" lon="-111.35019">
        <ele>646.0</ele>
      </trkpt>
      <trkpt lat="33.36385" lon="-111.35009">
        <ele>646.0</ele>
      </trkpt>
      <trkpt lat="33.36361" lon="-111.35006">
        <ele>646.0</ele>
      </trkpt>
      <trkpt lat="33.36343" lon="-111.34997">
        <ele>646.0</ele>
      </trkpt>
      <trkpt lat="33.362209" lon="-111.34993">
        <ele>646.0</ele>
      </trkpt>
      <trkpt lat="33.36206" lon="-111.34997">
        <ele>646.0</ele>
      </trkpt>
      <trkpt lat="33.36181" lon="-111.34997">
        <ele>646.0</ele>
      </trkpt>
      <trkpt lat="33.361649" lon="-111.34985">
        <ele>646.0</ele>
      </trkpt>
      <trkpt lat="33.36152" lon="-111.34985">
        <ele>646.0</ele>
      </trkpt>
      <trkpt lat="33.361179" lon="-111.34993">
        <ele>646.0</ele>
      </trkpt>
      <trkpt lat="33.36105" lon="-111.34991">
        <ele>646.0</ele>
      </trkpt>
      <trkpt lat="33.360909" lon="-111.34994">
        <ele>646.0</ele>
      </trkpt>
      <trkpt lat="33.36058" lon="-111.3499">
        <ele>646.0</ele>
      </trkpt>
      <trkpt lat="33.36043" lon="-111.34995">
        <ele>646.0</ele>
      </trkpt>
      <trkpt lat="33.360129" lon="-111.34981">
        <ele>646.0</ele>
      </trkpt>
      <trkpt lat="33.35985" lon="-111.34981">
        <ele>646.0</ele>
      </trkpt>
      <trkpt lat="33.359699" lon="-111.34985">
        <ele>646.0</ele>
      </trkpt>
      <trkpt lat="33.359499" lon="-111.34999">
        <ele>646.2</ele>
      </trkpt>
      <trkpt lat="33.35934" lon="-111.35019">
        <ele>647.0</ele>
      </trkpt>
      <trkpt lat="33.35925" lon="-111.35039">
        <ele>649.0</ele>
      </trkpt>
      <trkpt lat="33.359029" lon="-111.35054">
        <ele>650.6</ele>
      </trkpt>
      <trkpt lat="33.358469" lon="-111.35102">
        <ele>651.8</ele>
      </trkpt>
      <trkpt lat="33.358089" lon="-111.3512">
        <ele>652.4</ele>
      </trkpt>
      <trkpt lat="33.35803" lon="-111.35127">
        <ele>652.0</ele>
      </trkpt>
      <trkpt lat="33.35805" lon="-111.35149">
        <ele>650.2</ele>
      </trkpt>
      <trkpt lat="33.35802" lon="-111.3516">
        <ele>648.6</ele>
      </trkpt>
      <trkpt lat="33.35793" lon="-111.35169">
        <ele>647.4</ele>
      </trkpt>
      <trkpt lat="33.35765" lon="-111.35178">
        <ele>645.8</ele>
      </trkpt>
      <trkpt lat="33.357529" lon="-111.35186">
        <ele>644.4</ele>
      </trkpt>
      <trkpt lat="33.35717" lon="-111.35167">
        <ele>642.2</ele>
      </trkpt>
      <trkpt lat="33.357" lon="-111.35162">
        <ele>640.4</ele>
      </trkpt>
      <trkpt lat="33.356769" lon="-111.35137">
        <ele>638.4</ele>
      </trkpt>
      <trkpt lat="33.356589" lon="-111.35145">
        <ele>637.0</ele>
      </trkpt>
      <trkpt lat="33.35644" lon="-111.35136">
        <ele>635.8</ele>
      </trkpt>
      <trkpt lat="33.35627" lon="-111.35117">
        <ele>635.4</ele>
      </trkpt>
      <trkpt lat="33.356119" lon="-111.35108">
        <ele>635.2</ele>
      </trkpt>
      <trkpt lat="33.35602" lon="-111.35106">
        <ele>634.8</ele>
      </trkpt>
      <trkpt lat="33.3555" lon="-111.3513">
        <ele>634.6</ele>
      </trkpt>
      <trkpt lat="33.35484" lon="-111.35131">
        <ele>634.4</ele>
      </trkpt>
      <trkpt lat="33.35459" lon="-111.35143">
        <ele>634.4</ele>
      </trkpt>
      <trkpt lat="33.354529" lon="-111.3514">
        <ele>634.0</ele>
      </trkpt>
      <trkpt lat="33.354239" lon="-111.35146">
        <ele>633.8</ele>
      </trkpt>
      <trkpt lat="33.35393" lon="-111.35172">
        <ele>633.6</ele>
      </trkpt>
      <trkpt lat="33.35355" lon="-111.35194">
        <ele>633.4</ele>
      </trkpt>
      <trkpt lat="33.35329" lon="-111.35221">
        <ele>633.2</ele>
      </trkpt>
      <trkpt lat="33.353119" lon="-111.3523">
        <ele>633.0</ele>
      </trkpt>
      <trkpt lat="33.3529" lon="-111.35248">
        <ele>633.0</ele>
      </trkpt>
      <trkpt lat="33.3527" lon="-111.35259">
        <ele>633.0</ele>
      </trkpt>
      <trkpt lat="33.352269" lon="-111.35269">
        <ele>633.0</ele>
      </trkpt>
      <trkpt lat="33.352159" lon="-111.35282">
        <ele>633.0</ele>
      </trkpt>
      <trkpt lat="33.35202" lon="-111.35312">
        <ele>633.0</ele>
      </trkpt>
      <trkpt lat="33.35184" lon="-111.35317">
        <ele>633.0</ele>
      </trkpt>
      <trkpt lat="33.3514" lon="-111.35338">
        <ele>633.0</ele>
      </trkpt>
      <trkpt lat="33.35093" lon="-111.35338">
        <ele>633.0</ele>
      </trkpt>
      <trkpt lat="33.349919" lon="-111.35307">
        <ele>633.0</ele>
      </trkpt>
      <trkpt lat="33.349739" lon="-111.35314">
        <ele>633.0</ele>
      </trkpt>
      <trkpt lat="33.34968" lon="-111.35321">
        <ele>633.0</ele>
      </trkpt>
      <trkpt lat="33.349379" lon="-111.35338">
        <ele>632.8</ele>
      </trkpt>
      <trkpt lat="33.348869" lon="-111.35331">
        <ele>632.8</ele>
      </trkpt>
      <trkpt lat="33.34857" lon="-111.35305">
        <ele>632.8</ele>
      </trkpt>
      <trkpt lat="33.348619" lon="-111.35292">
        <ele>632.8</ele>
      </trkpt>
      <trkpt lat="33.34859" lon="-111.35281">
        <ele>632.8</ele>
      </trkpt>
      <trkpt lat="33.348619" lon="-111.35179">
        <ele>633.0</ele>
      </trkpt>
      <trkpt lat="33.348509" lon="-111.35136">
        <ele>633.0</ele>
      </trkpt>
      <trkpt lat="33.34849" lon="-111.35113">
        <ele>633.0</ele>
      </trkpt>
      <trkpt lat="33.348529" lon="-111.35046">
        <ele>633.2</ele>
      </trkpt>
      <trkpt lat="33.34849" lon="-111.3504">
        <ele>633.6</ele>
      </trkpt>
      <trkpt lat="33.348149" lon="-111.35035">
        <ele>634.0</ele>
      </trkpt>
      <trkpt lat="33.34744" lon="-111.35015">
        <ele>634.4</ele>
      </trkpt>
      <trkpt lat="33.347029" lon="-111.35016">
        <ele>634.6</ele>
      </trkpt>
      <trkpt lat="33.34679" lon="-111.35028">
        <ele>634.6</ele>
      </trkpt>
      <trkpt lat="33.346359" lon="-111.35133">
        <ele>634.4</ele>
      </trkpt>
      <trkpt lat="33.345999" lon="-111.35174">
        <ele>634.4</ele>
      </trkpt>
      <trkpt lat="33.3455" lon="-111.35213">
        <ele>634.4</ele>
      </trkpt>
      <trkpt lat="33.34501" lon="-111.35234">
        <ele>634.6</ele>
      </trkpt>
      <trkpt lat="33.344859" lon="-111.35246">
        <ele>634.8</ele>
      </trkpt>
      <trkpt lat="33.34471" lon="-111.35251">
        <ele>635.0</ele>
      </trkpt>
      <trkpt lat="33.34456" lon="-111.35247">
        <ele>634.6</ele>
      </trkpt>
      <trkpt lat="33.34444" lon="-111.3525">
        <ele>633.8</ele>
      </trkpt>
      <trkpt lat="33.34408" lon="-111.35269">
        <ele>632.6</ele>
      </trkpt>
      <trkpt lat="33.343829" lon="-111.35291">
        <ele>630.8</ele>
      </trkpt>
      <trkpt lat="33.343539" lon="-111.35311">
        <ele>628.4</ele>
      </trkpt>
      <trkpt lat="33.34314" lon="-111.35329">
        <ele>626.2</ele>
      </trkpt>
      <trkpt lat="33.342619" lon="-111.35371">
        <ele>624.4</ele>
      </trkpt>
      <trkpt lat="33.342419" lon="-111.35396">
        <ele>623.0</ele>
      </trkpt>
      <trkpt lat="33.34227" lon="-111.3541">
        <ele>622.0</ele>
      </trkpt>
      <trkpt lat="33.34189" lon="-111.35432">
        <ele>621.6</ele>
      </trkpt>
      <trkpt lat="33.341679" lon="-111.35438">
        <ele>621.6</ele>
      </trkpt>
      <trkpt lat="33.34115" lon="-111.35475">
        <ele>621.6</ele>
      </trkpt>
      <trkpt lat="33.340829" lon="-111.3549">
        <ele>621.6</ele>
      </trkpt>
      <trkpt lat="33.34033" lon="-111.35504">
        <ele>621.8</ele>
      </trkpt>
      <trkpt lat="33.339509" lon="-111.35535">
        <ele>622.0</ele>
      </trkpt>
      <trkpt lat="33.3393" lon="-111.35549">
        <ele>622.0</ele>
      </trkpt>
      <trkpt lat="33.339142" lon="-111.355648">
        <ele>622.0</ele>
      </trkpt>
      <trkpt lat="33.33874" lon="-111.35591">
        <ele>622.0</ele>
      </trkpt>
      <trkpt lat="33.338569" lon="-111.35609">
        <ele>622.0</ele>
      </trkpt>
      <trkpt lat="33.33805" lon="-111.35642">
        <ele>622.0</ele>
      </trkpt>
      <trkpt lat="33.337739" lon="-111.35653">
        <ele>622.0</ele>
      </trkpt>
      <trkpt lat="33.33756" lon="-111.35664">
        <ele>622.0</ele>
      </trkpt>
      <trkpt lat="33.337519" lon="-111.356611">
        <ele>622.0</ele>
      </trkpt>
      <trkpt lat="33.33739" lon="-111.35669">
        <ele>622.0</ele>
      </trkpt>
      <trkpt lat="33.336799" lon="-111.3568">
        <ele>622.0</ele>
      </trkpt>
      <trkpt lat="33.336109" lon="-111.35711">
        <ele>622.0</ele>
      </trkpt>
      <trkpt lat="33.33589" lon="-111.35712">
        <ele>622.0</ele>
      </trkpt>
      <trkpt lat="33.33552" lon="-111.35728">
        <ele>622.0</ele>
      </trkpt>
      <trkpt lat="33.33523" lon="-111.35732">
        <ele>621.8</ele>
      </trkpt>
      <trkpt lat="33.334919" lon="-111.3575">
        <ele>621.2</ele>
      </trkpt>
      <trkpt lat="33.334699" lon="-111.35779">
        <ele>619.8</ele>
      </trkpt>
      <trkpt lat="33.334429" lon="-111.35801">
        <ele>618.0</ele>
      </trkpt>
      <trkpt lat="33.333799" lon="-111.35824">
        <ele>615.6</ele>
      </trkpt>
      <trkpt lat="33.333489" lon="-111.3583">
        <ele>613.4</ele>
      </trkpt>
      <trkpt lat="33.332479" lon="-111.35864">
        <ele>611.6</ele>
      </trkpt>
      <trkpt lat="33.33218" lon="-111.35871">
        <ele>610.4</ele>
      </trkpt>
      <trkpt lat="33.33168" lon="-111.35889">
        <ele>609.6</ele>
      </trkpt>
      <trkpt lat="33.33077" lon="-111.35935">
        <ele>609.4</ele>
      </trkpt>
      <trkpt lat="33.33056" lon="-111.35957">
        <ele>609.2</ele>
      </trkpt>
      <trkpt lat="33.32992" lon="-111.35981">
        <ele>609.0</ele>
      </trkpt>
      <trkpt lat="33.32961" lon="-111.35981">
        <ele>609.6</ele>
      </trkpt>
      <trkpt lat="33.32915" lon="-111.35993">
        <ele>610.4</ele>
      </trkpt>
      <trkpt lat="33.32837" lon="-111.36043">
        <ele>611.4</ele>
      </trkpt>
      <trkpt lat="33.32819" lon="-111.36063">
        <ele>611.8</ele>
      </trkpt>
      <trkpt lat="33.327959" lon="-111.36097">
        <ele>612.0</ele>
      </trkpt>
      <trkpt lat="33.327289" lon="-111.36156">
        <ele>611.6</ele>
      </trkpt>
      <trkpt lat="33.326839" lon="-111.36138">
        <ele>611.0</ele>
      </trkpt>
      <trkpt lat="33.32671" lon="-111.36124">
        <ele>610.0</ele>
      </trkpt>
      <trkpt lat="33.32668" lon="-111.36072">
        <ele>609.4</ele>
      </trkpt>
      <trkpt lat="33.3266" lon="-111.3604">
        <ele>608.8</ele>
      </trkpt>
      <trkpt lat="33.326639" lon="-111.35998">
        <ele>608.2</ele>
      </trkpt>
      <trkpt lat="33.326479" lon="-111.35977">
        <ele>607.2</ele>
      </trkpt>
      <trkpt lat="33.326369" lon="-111.35955">
        <ele>606.2</ele>
      </trkpt>
      <trkpt lat="33.32634" lon="-111.35942">
        <ele>605.4</ele>
      </trkpt>
      <trkpt lat="33.326099" lon="-111.35899">
        <ele>605.0</ele>
      </trkpt>
      <trkpt lat="33.326099" lon="-111.35879">
        <ele>604.6</ele>
      </trkpt>
      <trkpt lat="33.32627" lon="-111.35852">
        <ele>604.4</ele>
      </trkpt>
      <trkpt lat="33.32627" lon="-111.3584">
        <ele>604.0</ele>
      </trkpt>
      <trkpt lat="33.326099" lon="-111.35825">
        <ele>603.2</ele>
      </trkpt>
      <trkpt lat="33.32592" lon="-111.35816">
        <ele>602.0</ele>
      </trkpt>
      <trkpt lat="33.3256" lon="-111.35806">
        <ele>600.6</ele>
      </trkpt>
      <trkpt lat="33.325249" lon="-111.358">
        <ele>599.4</ele>
      </trkpt>
      <trkpt lat="33.3249" lon="-111.35771">
        <ele>598.4</ele>
      </trkpt>
      <trkpt lat="33.32475" lon="-111.35753">
        <ele>597.8</ele>
      </trkpt>
      <trkpt lat="33.32439" lon="-111.35667">
        <ele>597.4</ele>
      </trkpt>
      <trkpt lat="33.32417" lon="-111.35626">
        <ele>597.2</ele>
      </trkpt>
      <trkpt lat="33.32379" lon="-111.35473">
        <ele>597.0</ele>
      </trkpt>
      <trkpt lat="33.32362" lon="-111.35431">
        <ele>597.0</ele>
      </trkpt>
      <trkpt lat="33.323569" lon="-111.3541">
        <ele>597.0</ele>
      </trkpt>
      <trkpt lat="33.32354" lon="-111.35347">
        <ele>597.0</ele>
      </trkpt>
      <trkpt lat="33.323569" lon="-111.35307">
        <ele>597.0</ele>
      </trkpt>
      <trkpt lat="33.323529" lon="-111.35284">
        <ele>597.0</ele>
      </trkpt>
      <trkpt lat="33.32314" lon="-111.35231">
        <ele>597.0</ele>
      </trkpt>
      <trkpt lat="33.32296" lon="-111.35223">
        <ele>597.0</ele>
      </trkpt>
      <trkpt lat="33.322899" lon="-111.35211">
        <ele>597.0</ele>
      </trkpt>
      <trkpt lat="33.32286" lon="-111.35194">
        <ele>597.0</ele>
      </trkpt>
      <trkpt lat="33.32289" lon="-111.35167">
        <ele>597.0</ele>
      </trkpt>
      <trkpt lat="33.323079" lon="-111.35124">
        <ele>597.0</ele>
      </trkpt>
      <trkpt lat="33.323009" lon="-111.35108">
        <ele>597.0</ele>
      </trkpt>
      <trkpt lat="33.32296" lon="-111.35083">
        <ele>597.0</ele>
      </trkpt>
      <trkpt lat="33.322969" lon="-111.35065">
        <ele>597.2</ele>
      </trkpt>
      <trkpt lat="33.323099" lon="-111.35042">
        <ele>597.4</ele>
      </trkpt>
      <trkpt lat="33.323279" lon="-111.35035">
        <ele>597.6</ele>
      </trkpt>
      <trkpt lat="33.32332" lon="-111.3502">
        <ele>598.0</ele>
      </trkpt>
      <trkpt lat="33.32278" lon="-111.34954">
        <ele>598.8</ele>
      </trkpt>
      <trkpt lat="33.322719" lon="-111.34934">
        <ele>599.4</ele>
      </trkpt>
      <trkpt lat="33.32267" lon="-111.34901">
        <ele>600.4</ele>
      </trkpt>
      <trkpt lat="33.32267" lon="-111.34869">
        <ele>602.0</ele>
      </trkpt>
      <trkpt lat="33.322609" lon="-111.34836">
        <ele>603.8</ele>
      </trkpt>
      <trkpt lat="33.32274" lon="-111.34747">
        <ele>605.6</ele>
      </trkpt>
      <trkpt lat="33.32276" lon="-111.3467">
        <ele>607.4</ele>
      </trkpt>
      <trkpt lat="33.322519" lon="-111.34612">
        <ele>609.0</ele>
      </trkpt>
      <trkpt lat="33.32246" lon="-111.34586">
        <ele>610.8</ele>
      </trkpt>
      <trkpt lat="33.32239" lon="-111.34531">
        <ele>612.6</ele>
      </trkpt>
      <trkpt lat="33.32248" lon="-111.34419">
        <ele>614.0</ele>
      </trkpt>
      <trkpt lat="33.322519" lon="-111.34401">
        <ele>615.6</ele>
      </trkpt>
      <trkpt lat="33.322519" lon="-111.34388">
        <ele>617.8</ele>
      </trkpt>
      <trkpt lat="33.3226" lon="-111.34374">
        <ele>619.0</ele>
      </trkpt>
      <trkpt lat="33.322629" lon="-111.34294">
        <ele>619.8</ele>
      </trkpt>
      <trkpt lat="33.322789" lon="-111.34256">
        <ele>620.6</ele>
      </trkpt>
      <trkpt lat="33.322969" lon="-111.34231">
        <ele>621.4</ele>
      </trkpt>
      <trkpt lat="33.323279" lon="-111.342">
        <ele>621.4</ele>
      </trkpt>
      <trkpt lat="33.32368" lon="-111.34149">
        <ele>621.8</ele>
      </trkpt>
      <trkpt lat="33.32372" lon="-111.3414">
        <ele>622.2</ele>
      </trkpt>
      <trkpt lat="33.324129" lon="-111.34117">
        <ele>622.8</ele>
      </trkpt>
      <trkpt lat="33.32435" lon="-111.34111">
        <ele>623.2</ele>
      </trkpt>
      <trkpt lat="33.32464" lon="-111.34093">
        <ele>623.6</ele>
      </trkpt>
      <trkpt lat="33.324759" lon="-111.34077">
        <ele>623.6</ele>
      </trkpt>
      <trkpt lat="33.324759" lon="-111.34064">
        <ele>623.4</ele>
      </trkpt>
      <trkpt lat="33.324669" lon="-111.34053">
        <ele>623.0</ele>
      </trkpt>
      <trkpt lat="33.32444" lon="-111.34035">
        <ele>622.6</ele>
      </trkpt>
      <trkpt lat="33.3243" lon="-111.34013">
        <ele>622.0</ele>
      </trkpt>
      <trkpt lat="33.32408" lon="-111.33965">
        <ele>621.6</ele>
      </trkpt>
      <trkpt lat="33.32395" lon="-111.33948">
        <ele>621.4</ele>
      </trkpt>
      <trkpt lat="33.32387" lon="-111.33931">
        <ele>621.2</ele>
      </trkpt>
      <trkpt lat="33.323749" lon="-111.33929">
        <ele>621.2</ele>
      </trkpt>
      <trkpt lat="33.32251" lon="-111.3397">
        <ele>621.0</ele>
      </trkpt>
      <trkpt lat="33.32136" lon="-111.34021">
        <ele>620.2</ele>
      </trkpt>
      <trkpt lat="33.320749" lon="-111.34064">
        <ele>619.0</ele>
      </trkpt>
      <trkpt lat="33.3203" lon="-111.34103">
        <ele>617.6</ele>
      </trkpt>
      <trkpt lat="33.31987" lon="-111.34131">
        <ele>615.8</ele>
      </trkpt>
      <trkpt lat="33.31967" lon="-111.34135">
        <ele>614.2</ele>
      </trkpt>
      <trkpt lat="33.319319" lon="-111.34149">
        <ele>612.8</ele>
      </trkpt>
      <trkpt lat="33.318959" lon="-111.34169">
        <ele>611.8</ele>
      </trkpt>
      <trkpt lat="33.31828" lon="-111.34219">
        <ele>611.0</ele>
      </trkpt>
      <trkpt lat="33.317909" lon="-111.34227">
        <ele>610.4</ele>
      </trkpt>
      <trkpt lat="33.317749" lon="-111.34236">
        <ele>609.8</ele>
      </trkpt>
      <trkpt lat="33.317349" lon="-111.34267">
        <ele>609.4</ele>
      </trkpt>
      <trkpt lat="33.316719" lon="-111.34295">
        <ele>609.0</ele>
      </trkpt>
      <trkpt lat="33.316409" lon="-111.3429">
        <ele>608.4</ele>
      </trkpt>
      <trkpt lat="33.316139" lon="-111.34277">
        <ele>607.8</ele>
      </trkpt>
      <trkpt lat="33.315399" lon="-111.34258">
        <ele>607.4</ele>
      </trkpt>
      <trkpt lat="33.314819" lon="-111.34239">
        <ele>607.2</ele>
      </trkpt>
      <trkpt lat="33.313879" lon="-111.342">
        <ele>606.6</ele>
      </trkpt>
      <trkpt lat="33.3136" lon="-111.34192">
        <ele>605.6</ele>
      </trkpt>
      <trkpt lat="33.31318" lon="-111.34167">
        <ele>604.8</ele>
      </trkpt>
      <trkpt lat="33.313" lon="-111.34162">
        <ele>604.0</ele>
      </trkpt>
      <trkpt lat="33.31264" lon="-111.34145">
        <ele>603.8</ele>
      </trkpt>
      <trkpt lat="33.31243" lon="-111.3414">
        <ele>604.2</ele>
      </trkpt>
      <trkpt lat="33.31134" lon="-111.34099">
        <ele>605.0</ele>
      </trkpt>
      <trkpt lat="33.31111" lon="-111.34097">
        <ele>605.0</ele>
      </trkpt>
      <trkpt lat="33.31083" lon="-111.341">
        <ele>604.8</ele>
      </trkpt>
      <trkpt lat="33.309469" lon="-111.34166">
        <ele>603.6</ele>
      </trkpt>
      <trkpt lat="33.309089" lon="-111.34177">
        <ele>602.0</ele>
      </trkpt>
      <trkpt lat="33.308799" lon="-111.3418">
        <ele>600.6</ele>
      </trkpt>
      <trkpt lat="33.308529" lon="-111.34174">
        <ele>600.6</ele>
      </trkpt>
      <trkpt lat="33.30816" lon="-111.34173">
        <ele>600.8</ele>
      </trkpt>
      <trkpt lat="33.30708" lon="-111.34146">
        <ele>601.4</ele>
      </trkpt>
      <trkpt lat="33.306449" lon="-111.34117">
        <ele>602.2</ele>
      </trkpt>
      <trkpt lat="33.305639" lon="-111.34093">
        <ele>603.0</ele>
      </trkpt>
      <trkpt lat="33.30534" lon="-111.34081">
        <ele>603.0</ele>
      </trkpt>
      <trkpt lat="33.30485" lon="-111.34077">
        <ele>603.0</ele>
      </trkpt>
      <trkpt lat="33.304589" lon="-111.3408">
        <ele>603.0</ele>
      </trkpt>
      <trkpt lat="33.30446" lon="-111.34086">
        <ele>603.0</ele>
      </trkpt>
      <trkpt lat="33.30425" lon="-111.3409">
        <ele>603.4</ele>
      </trkpt>
      <trkpt lat="33.304009" lon="-111.34088">
        <ele>604.6</ele>
      </trkpt>
      <trkpt lat="33.3038" lon="-111.34081">
        <ele>605.6</ele>
      </trkpt>
      <trkpt lat="33.303489" lon="-111.34062">
        <ele>606.6</ele>
      </trkpt>
      <trkpt lat="33.30313" lon="-111.34017">
        <ele>607.2</ele>
      </trkpt>
      <trkpt lat="33.30276" lon="-111.33957">
        <ele>607.2</ele>
      </trkpt>
      <trkpt lat="33.302549" lon="-111.33935">
        <ele>606.0</ele>
      </trkpt>
      <trkpt lat="33.302259" lon="-111.33918">
        <ele>605.0</ele>
      </trkpt>
      <trkpt lat="33.30194" lon="-111.33905">
        <ele>604.0</ele>
      </trkpt>
      <trkpt lat="33.30107" lon="-111.33862">
        <ele>603.4</ele>
      </trkpt>
      <trkpt lat="33.30072" lon="-111.33837">
        <ele>603.0</ele>
      </trkpt>
      <trkpt lat="33.30013" lon="-111.33818">
        <ele>603.0</ele>
      </trkpt>
      <trkpt lat="33.299799" lon="-111.33814">
        <ele>603.4</ele>
      </trkpt>
      <trkpt lat="33.29948" lon="-111.33817">
        <ele>603.8</ele>
      </trkpt>
      <trkpt lat="33.29921" lon="-111.33827">
        <ele>603.8</ele>
      </trkpt>
      <trkpt lat="33.29894" lon="-111.33833">
        <ele>603.8</ele>
      </trkpt>
      <trkpt lat="33.298009" lon="-111.33836">
        <ele>603.6</ele>
      </trkpt>
      <trkpt lat="33.29778" lon="-111.33831">
        <ele>603.4</ele>
      </trkpt>
      <trkpt lat="33.29688" lon="-111.33825">
        <ele>603.2</ele>
      </trkpt>
      <trkpt lat="33.29641" lon="-111.33628">
        <ele>603.4</ele>
      </trkpt>
      <trkpt lat="33.29639" lon="-111.33591">
        <ele>603.6</ele>
      </trkpt>
      <trkpt lat="33.296419" lon="-111.33572">
        <ele>604.0</ele>
      </trkpt>
      <trkpt lat="33.29641" lon="-111.33551">
        <ele>604.2</ele>
      </trkpt>
      <trkpt lat="33.29632" lon="-111.33517">
        <ele>604.8</ele>
      </trkpt>
      <trkpt lat="33.296169" lon="-111.33435">
        <ele>605.8</ele>
      </trkpt>
      <trkpt lat="33.296259" lon="-111.33365">
        <ele>607.0</ele>
      </trkpt>
      <trkpt lat="33.29629" lon="-111.33238">
        <ele>608.2</ele>
      </trkpt>
      <trkpt lat="33.296239" lon="-111.33211">
        <ele>609.2</ele>
      </trkpt>
      <trkpt lat="33.29623" lon="-111.33157">
        <ele>609.8</ele>
      </trkpt>
      <trkpt lat="33.2963" lon="-111.33079">
        <ele>610.0</ele>
      </trkpt>
      <trkpt lat="33.2963" lon="-111.33042">
        <ele>610.2</ele>
      </trkpt>
      <trkpt lat="33.296259" lon="-111.33006">
        <ele>610.6</ele>
      </trkpt>
      <trkpt lat="33.29629" lon="-111.3296">
        <ele>611.2</ele>
      </trkpt>
      <trkpt lat="33.29622" lon="-111.32836">
        <ele>612.2</ele>
      </trkpt>
      <trkpt lat="33.296239" lon="-111.32785">
        <ele>613.4</ele>
      </trkpt>
      <trkpt lat="33.29632" lon="-111.32733">
        <ele>614.4</ele>
      </trkpt>
      <trkpt lat="33.29637" lon="-111.32678">
        <ele>615.2</ele>
      </trkpt>
      <trkpt lat="33.2963" lon="-111.32599">
        <ele>615.6</ele>
      </trkpt>
      <trkpt lat="33.29622" lon="-111.32582">
        <ele>615.6</ele>
      </trkpt>
      <trkpt lat="33.29599" lon="-111.32553">
        <ele>615.4</ele>
      </trkpt>
      <trkpt lat="33.29565" lon="-111.32503">
        <ele>615.2</ele>
      </trkpt>
      <trkpt lat="33.295589" lon="-111.32499">
        <ele>615.2</ele>
      </trkpt>
      <trkpt lat="33.29555" lon="-111.3249">
        <ele>615.4</ele>
      </trkpt>
      <trkpt lat="33.296239" lon="-111.32378">
        <ele>615.6</ele>
      </trkpt>
      <trkpt lat="33.29641" lon="-111.32345">
        <ele>615.6</ele>
      </trkpt>
      <trkpt lat="33.296529" lon="-111.32306">
        <ele>615.6</ele>
      </trkpt>
      <trkpt lat="33.29649" lon="-111.32267">
        <ele>615.4</ele>
      </trkpt>
      <trkpt lat="33.296439" lon="-111.32256">
        <ele>614.6</ele>
      </trkpt>
      <trkpt lat="33.296169" lon="-111.32222">
        <ele>613.2</ele>
      </trkpt>
      <trkpt lat="33.29507" lon="-111.32136">
        <ele>611.8</ele>
      </trkpt>
      <trkpt lat="33.29442" lon="-111.3208">
        <ele>609.8</ele>
      </trkpt>
      <trkpt lat="33.29433" lon="-111.32069">
        <ele>606.2</ele>
      </trkpt>
      <trkpt lat="33.29422" lon="-111.32038">
        <ele>603.2</ele>
      </trkpt>
      <trkpt lat="33.294151" lon="-111.319641">
        <ele>600.8</ele>
      </trkpt>
      <trkpt lat="33.29378" lon="-111.319072">
        <ele>598.6</ele>
      </trkpt>
      <trkpt lat="33.293819" lon="-111.31867">
        <ele>597.0</ele>
      </trkpt>
      <trkpt lat="33.29414" lon="-111.31796">
        <ele>597.0</ele>
      </trkpt>
      <trkpt lat="33.294449" lon="-111.31755">
        <ele>597.4</ele>
      </trkpt>
      <trkpt lat="33.29473" lon="-111.31738">
        <ele>597.6</ele>
      </trkpt>
      <trkpt lat="33.29514" lon="-111.31723">
        <ele>597.6</ele>
      </trkpt>
      <trkpt lat="33.29529" lon="-111.31707">
        <ele>597.6</ele>
      </trkpt>
      <trkpt lat="33.295409" lon="-111.31671">
        <ele>597.8</ele>
      </trkpt>
      <trkpt lat="33.295569" lon="-111.31643">
        <ele>597.6</ele>
      </trkpt>
      <trkpt lat="33.295879" lon="-111.31601">
        <ele>597.6</ele>
      </trkpt>
      <trkpt lat="33.296329" lon="-111.31523">
        <ele>598.2</ele>
      </trkpt>
      <trkpt lat="33.29659" lon="-111.31504">
        <ele>599.0</ele>
      </trkpt>
      <trkpt lat="33.29755" lon="-111.31482">
        <ele>599.6</ele>
      </trkpt>
      <trkpt lat="33.297739" lon="-111.31465">
        <ele>600.6</ele>
      </trkpt>
      <trkpt lat="33.29781" lon="-111.31454">
        <ele>601.8</ele>
      </trkpt>
      <trkpt lat="33.29791" lon="-111.31421">
        <ele>602.8</ele>
      </trkpt>
      <trkpt lat="33.29788" lon="-111.31396">
        <ele>604.0</ele>
      </trkpt>
      <trkpt lat="33.29758" lon="-111.31313">
        <ele>604.8</ele>
      </trkpt>
      <trkpt lat="33.297469" lon="-111.3127">
        <ele>604.8</ele>
      </trkpt>
      <trkpt lat="33.297379" lon="-111.3119">
        <ele>605.0</ele>
      </trkpt>
      <trkpt lat="33.297089" lon="-111.31114">
        <ele>605.6</ele>
      </trkpt>
      <trkpt lat="33.297089" lon="-111.31081">
        <ele>606.2</ele>
      </trkpt>
      <trkpt lat="33.297289" lon="-111.31033">
        <ele>607.2</ele>
      </trkpt>
      <trkpt lat="33.29883" lon="-111.30866">
        <ele>609.0</ele>
      </trkpt>
      <trkpt lat="33.29905" lon="-111.30837">
        <ele>610.2</ele>
      </trkpt>
      <trkpt lat="33.29959" lon="-111.30664">
        <ele>610.8</ele>
      </trkpt>
      <trkpt lat="33.29975" lon="-111.30591">
        <ele>611.0</ele>
      </trkpt>
      <trkpt lat="33.299799" lon="-111.30545">
        <ele>612.6</ele>
      </trkpt>
      <trkpt lat="33.299909" lon="-111.30301">
        <ele>614.0</ele>
      </trkpt>
      <trkpt lat="33.300179" lon="-111.30132">
        <ele>615.6</ele>
      </trkpt>
      <trkpt lat="33.30062" lon="-111.30015">
        <ele>617.6</ele>
      </trkpt>
      <trkpt lat="33.30097" lon="-111.299">
        <ele>619.4</ele>
      </trkpt>
      <trkpt lat="33.30102" lon="-111.29874">
        <ele>619.8</ele>
      </trkpt>
      <trkpt lat="33.30107" lon="-111.29822">
        <ele>619.8</ele>
      </trkpt>
      <trkpt lat="33.30108" lon="-111.29631">
        <ele>619.6</ele>
      </trkpt>
      <trkpt lat="33.301" lon="-111.29515">
        <ele>619.2</ele>
      </trkpt>
      <trkpt lat="33.30091" lon="-111.29478">
        <ele>619.2</ele>
      </trkpt>
      <trkpt lat="33.3009" lon="-111.29453">
        <ele>619.2</ele>
      </trkpt>
      <trkpt lat="33.300939" lon="-111.29407">
        <ele>619.6</ele>
      </trkpt>
      <trkpt lat="33.300919" lon="-111.29295">
        <ele>620.2</ele>
      </trkpt>
      <trkpt lat="33.30084" lon="-111.29214">
        <ele>620.4</ele>
      </trkpt>
      <trkpt lat="33.300849" lon="-111.29167">
        <ele>620.4</ele>
      </trkpt>
      <trkpt lat="33.30081" lon="-111.2907">
        <ele>619.8</ele>
      </trkpt>
      <trkpt lat="33.300739" lon="-111.29054">
        <ele>619.0</ele>
      </trkpt>
      <trkpt lat="33.30005" lon="-111.29044">
        <ele>618.2</ele>
      </trkpt>
      <trkpt lat="33.299884" lon="-111.290443">
        <ele>617.6</ele>
      </trkpt>
      <trkpt lat="33.299836" lon="-111.290342">
        <ele>617.2</ele>
      </trkpt>
      <trkpt lat="33.299843" lon="-111.290062">
        <ele>617.6</ele>
      </trkpt>
      <trkpt lat="33.29978" lon="-111.28991">
        <ele>618.0</ele>
      </trkpt>
      <trkpt lat="33.299155" lon="-111.289237">
        <ele>618.8</ele>
      </trkpt>
      <trkpt lat="33.299236" lon="-111.289014">
        <ele>619.0</ele>
      </trkpt>
      <trkpt lat="33.299284" lon="-111.28883">
        <ele>619.0</ele>
      </trkpt>
      <trkpt lat="33.29934" lon="-111.288535">
        <ele>619.8</ele>
      </trkpt>
      <trkpt lat="33.299492" lon="-111.287555">
        <ele>620.0</ele>
      </trkpt>
      <trkpt lat="33.299559" lon="-111.287289">
        <ele>620.0</ele>
      </trkpt>
      <trkpt lat="33.299636" lon="-111.287046">
        <ele>620.0</ele>
      </trkpt>
      <trkpt lat="33.299706" lon="-111.286744">
        <ele>620.0</ele>
      </trkpt>
      <trkpt lat="33.299784" lon="-111.286534">
        <ele>620.0</ele>
      </trkpt>
      <trkpt lat="33.299849" lon="-111.28648">
        <ele>620.0</ele>
      </trkpt>
      <trkpt lat="33.30041" lon="-111.28647">
        <ele>619.0</ele>
      </trkpt>
      <trkpt lat="33.300792" lon="-111.28643">
        <ele>619.6</ele>
      </trkpt>
      <trkpt lat="33.301073" lon="-111.286438">
        <ele>620.8</ele>
      </trkpt>
      <trkpt lat="33.301211" lon="-111.286461">
        <ele>621.2</ele>
      </trkpt>
      <trkpt lat="33.30151" lon="-111.286592">
        <ele>621.2</ele>
      </trkpt>
      <trkpt lat="33.301609" lon="-111.286599">
        <ele>621.0</ele>
      </trkpt>
      <trkpt lat="33.301662" lon="-111.286581">
        <ele>621.0</ele>
      </trkpt>
      <trkpt lat="33.301701" lon="-111.286544">
        <ele>621.0</ele>
      </trkpt>
      <trkpt lat="33.30181" lon="-111.286331">
        <ele>621.0</ele>
      </trkpt>
      <trkpt lat="33.301955" lon="-111.285992">
        <ele>621.0</ele>
      </trkpt>
      <trkpt lat="33.301969" lon="-111.285909">
        <ele>621.0</ele>
      </trkpt>
      <trkpt lat="33.301971" lon="-111.285787">
        <ele>621.0</ele>
      </trkpt>
      <trkpt lat="33.30194" lon="-111.285674">
        <ele>621.4</ele>
      </trkpt>
      <trkpt lat="33.301881" lon="-111.285564">
        <ele>622.0</ele>
      </trkpt>
      <trkpt lat="33.301608" lon="-111.285188">
        <ele>624.0</ele>
      </trkpt>
      <trkpt lat="33.301434" lon="-111.284839">
        <ele>625.2</ele>
      </trkpt>
      <trkpt lat="33.301395" lon="-111.284711">
        <ele>626.0</ele>
      </trkpt>
      <trkpt lat="33.301299" lon="-111.284496">
        <ele>626.0</ele>
      </trkpt>
      <trkpt lat="33.301191" lon="-111.284331">
        <ele>625.2</ele>
      </trkpt>
      <trkpt lat="33.30115" lon="-111.284244">
        <ele>624.8</ele>
      </trkpt>
      <trkpt lat="33.301062" lon="-111.283888">
        <ele>624.8</ele>
      </trkpt>
      <trkpt lat="33.301038" lon="-111.283635">
        <ele>624.8</ele>
      </trkpt>
      <trkpt lat="33.301034" lon="-111.283307">
        <ele>625.0</ele>
      </trkpt>
      <trkpt lat="33.301003" lon="-111.283063">
        <ele>624.0</ele>
      </trkpt>
      <trkpt lat="33.300835" lon="-111.282515">
        <ele>623.2</ele>
      </trkpt>
      <trkpt lat="33.300829" lon="-111.282061">
        <ele>623.4</ele>
      </trkpt>
      <trkpt lat="33.300753" lon="-111.281594">
        <ele>625.2</ele>
      </trkpt>
      <trkpt lat="33.300572" lon="-111.28071">
        <ele>627.0</ele>
      </trkpt>
      <trkpt lat="33.300489" lon="-111.280162">
        <ele>627.4</ele>
      </trkpt>
      <trkpt lat="33.300502" lon="-111.279572">
        <ele>628.4</ele>
      </trkpt>
      <trkpt lat="33.300493" lon="-111.279388">
        <ele>629.2</ele>
      </trkpt>
      <trkpt lat="33.300393" lon="-111.278972">
        <ele>629.6</ele>
      </trkpt>
      <trkpt lat="33.300272" lon="-111.27861">
        <ele>630.0</ele>
      </trkpt>
      <trkpt lat="33.300016" lon="-111.277673">
        <ele>629.2</ele>
      </trkpt>
      <trkpt lat="33.299968" lon="-111.277429">
        <ele>627.6</ele>
      </trkpt>
      <trkpt lat="33.299875" lon="-111.277195">
        <ele>631.4</ele>
      </trkpt>
      <trkpt lat="33.299663" lon="-111.276945">
        <ele>629.8</ele>
      </trkpt>
      <trkpt lat="33.299584" lon="-111.276879">
        <ele>628.0</ele>
      </trkpt>
      <trkpt lat="33.299563" lon="-111.276836">
        <ele>628.6</ele>
      </trkpt>
      <trkpt lat="33.299509" lon="-111.276804">
        <ele>628.4</ele>
      </trkpt>
      <trkpt lat="33.299399" lon="-111.276798">
        <ele>627.6</ele>
      </trkpt>
      <trkpt lat="33.299173" lon="-111.276882">
        <ele>628.0</ele>
      </trkpt>
      <trkpt lat="33.299128" lon="-111.27693">
        <ele>628.8</ele>
      </trkpt>
      <trkpt lat="33.2991" lon="-111.276998">
        <ele>628.6</ele>
      </trkpt>
      <trkpt lat="33.299093" lon="-111.277074">
        <ele>628.6</ele>
      </trkpt>
      <trkpt lat="33.299135" lon="-111.277461">
        <ele>628.4</ele>
      </trkpt>
      <trkpt lat="33.299107" lon="-111.277602">
        <ele>629.0</ele>
      </trkpt>
      <trkpt lat="33.299056" lon="-111.277719">
        <ele>629.6</ele>
      </trkpt>
      <trkpt lat="33.298959" lon="-111.277811">
        <ele>630.2</ele>
      </trkpt>
      <trkpt lat="33.298762" lon="-111.277929">
        <ele>631.4</ele>
      </trkpt>
      <trkpt lat="33.298526" lon="-111.278144">
        <ele>633.2</ele>
      </trkpt>
      <trkpt lat="33.298434" lon="-111.27821">
        <ele>633.4</ele>
      </trkpt>
      <trkpt lat="33.298341" lon="-111.278253">
        <ele>633.8</ele>
      </trkpt>
      <trkpt lat="33.29824" lon="-111.278268">
        <ele>634.0</ele>
      </trkpt>
      <trkpt lat="33.297907" lon="-111.278178">
        <ele>634.0</ele>
      </trkpt>
      <trkpt lat="33.297767" lon="-111.278186">
        <ele>634.0</ele>
      </trkpt>
      <trkpt lat="33.297668" lon="-111.278226">
        <ele>634.0</ele>
      </trkpt>
      <trkpt lat="33.297061" lon="-111.278766">
        <ele>634.0</ele>
      </trkpt>
      <trkpt lat="33.296881" lon="-111.278741">
        <ele>634.0</ele>
      </trkpt>
      <trkpt lat="33.296737" lon="-111.27869">
        <ele>634.0</ele>
      </trkpt>
      <trkpt lat="33.296694" lon="-111.278622">
        <ele>634.0</ele>
      </trkpt>
      <trkpt lat="33.296633" lon="-111.278479">
        <ele>634.0</ele>
      </trkpt>
      <trkpt lat="33.296521" lon="-111.278364">
        <ele>634.0</ele>
      </trkpt>
      <trkpt lat="33.296208" lon="-111.278228">
        <ele>634.2</ele>
      </trkpt>
      <trkpt lat="33.296163" lon="-111.278223">
        <ele>634.0</ele>
      </trkpt>
      <trkpt lat="33.29599" lon="-111.278259">
        <ele>634.0</ele>
      </trkpt>
      <trkpt lat="33.295676" lon="-111.278294">
        <ele>634.0</ele>
      </trkpt>
      <trkpt lat="33.295608" lon="-111.27828">
        <ele>634.0</ele>
      </trkpt>
      <trkpt lat="33.295523" lon="-111.27821">
        <ele>634.0</ele>
      </trkpt>
      <trkpt lat="33.295445" lon="-111.278086">
        <ele>634.6</ele>
      </trkpt>
      <trkpt lat="33.295271" lon="-111.277994">
        <ele>635.0</ele>
      </trkpt>
      <trkpt lat="33.295115" lon="-111.277951">
        <ele>635.6</ele>
      </trkpt>
      <trkpt lat="33.295043" lon="-111.27791">
        <ele>636.2</ele>
      </trkpt>
      <trkpt lat="33.294803" lon="-111.277663">
        <ele>638.6</ele>
      </trkpt>
      <trkpt lat="33.294624" lon="-111.277606">
        <ele>639.2</ele>
      </trkpt>
      <trkpt lat="33.294432" lon="-111.277566">
        <ele>640.0</ele>
      </trkpt>
      <trkpt lat="33.294258" lon="-111.277501">
        <ele>640.0</ele>
      </trkpt>
      <trkpt lat="33.294148" lon="-111.277506">
        <ele>640.2</ele>
      </trkpt>
      <trkpt lat="33.293884" lon="-111.27748">
        <ele>641.4</ele>
      </trkpt>
      <trkpt lat="33.293728" lon="-111.27744">
        <ele>642.4</ele>
      </trkpt>
      <trkpt lat="33.29357" lon="-111.27736">
        <ele>643.8</ele>
      </trkpt>
      <trkpt lat="33.293429" lon="-111.277235">
        <ele>644.6</ele>
      </trkpt>
      <trkpt lat="33.293235" lon="-111.277141">
        <ele>645.2</ele>
      </trkpt>
      <trkpt lat="33.293005" lon="-111.277075">
        <ele>646.6</ele>
      </trkpt>
      <trkpt lat="33.29273" lon="-111.276935">
        <ele>647.4</ele>
      </trkpt>
      <trkpt lat="33.292225" lon="-111.276743">
        <ele>649.4</ele>
      </trkpt>
      <trkpt lat="33.292048" lon="-111.276633">
        <ele>650.6</ele>
      </trkpt>
      <trkpt lat="33.291803" lon="-111.27655">
        <ele>651.6</ele>
      </trkpt>
      <trkpt lat="33.291446" lon="-111.276347">
        <ele>654.8</ele>
      </trkpt>
      <trkpt lat="33.291373" lon="-111.276283">
        <ele>655.6</ele>
      </trkpt>
      <trkpt lat="33.291179" lon="-111.276197">
        <ele>656.4</ele>
      </trkpt>
      <trkpt lat="33.290632" lon="-111.276024">
        <ele>655.0</ele>
      </trkpt>
      <trkpt lat="33.289769" lon="-111.275701">
        <ele>657.2</ele>
      </trkpt>
      <trkpt lat="33.289306" lon="-111.275716">
        <ele>657.6</ele>
      </trkpt>
      <trkpt lat="33.289177" lon="-111.27561">
        <ele>658.0</ele>
      </trkpt>
      <trkpt lat="33.288874" lon="-111.275411">
        <ele>658.0</ele>
      </trkpt>
      <trkpt lat="33.288798" lon="-111.275398">
        <ele>658.0</ele>
      </trkpt>
      <trkpt lat="33.28871" lon="-111.275357">
        <ele>658.0</ele>
      </trkpt>
      <trkpt lat="33.288579" lon="-111.275246">
        <ele>658.0</ele>
      </trkpt>
      <trkpt lat="33.288359" lon="-111.275171">
        <ele>658.0</ele>
      </trkpt>
      <trkpt lat="33.288245" lon="-111.27509">
        <ele>658.0</ele>
      </trkpt>
      <trkpt lat="33.287933" lon="-111.27496">
        <ele>659.6</ele>
      </trkpt>
      <trkpt lat="33.287782" lon="-111.274862">
        <ele>661.4</ele>
      </trkpt>
      <trkpt lat="33.287281" lon="-111.274462">
        <ele>664.0</ele>
      </trkpt>
      <trkpt lat="33.2871" lon="-111.274271">
        <ele>664.0</ele>
      </trkpt>
      <trkpt lat="33.286775" lon="-111.273867">
        <ele>663.6</ele>
      </trkpt>
      <trkpt lat="33.286184" lon="-111.273289">
        <ele>660.8</ele>
      </trkpt>
      <trkpt lat="33.285998" lon="-111.273128">
        <ele>660.4</ele>
      </trkpt>
      <trkpt lat="33.285922" lon="-111.273082">
        <ele>660.0</ele>
      </trkpt>
      <trkpt lat="33.285635" lon="-111.272804">
        <ele>659.4</ele>
      </trkpt>
      <trkpt lat="33.285459" lon="-111.272597">
        <ele>659.6</ele>
      </trkpt>
      <trkpt lat="33.285268" lon="-111.272435">
        <ele>660.0</ele>
      </trkpt>
      <trkpt lat="33.28416" lon="-111.271207">
        <ele>663.2</ele>
      </trkpt>
      <trkpt lat="33.283994" lon="-111.271077">
        <ele>663.0</ele>
      </trkpt>
      <trkpt lat="33.283921" lon="-111.270971">
        <ele>663.0</ele>
      </trkpt>
      <trkpt lat="33.283887" lon="-111.270851">
        <ele>663.0</ele>
      </trkpt>
      <trkpt lat="33.283796" lon="-111.270622">
        <ele>661.6</ele>
      </trkpt>
      <trkpt lat="33.28372" lon="-111.270385">
        <ele>660.4</ele>
      </trkpt>
      <trkpt lat="33.283662" lon="-111.270273">
        <ele>660.0</ele>
      </trkpt>
      <trkpt lat="33.283473" lon="-111.270006">
        <ele>658.6</ele>
      </trkpt>
      <trkpt lat="33.283299" lon="-111.269812">
        <ele>658.0</ele>
      </trkpt>
      <trkpt lat="33.283214" lon="-111.269684">
        <ele>658.0</ele>
      </trkpt>
      <trkpt lat="33.283158" lon="-111.269641">
        <ele>658.0</ele>
      </trkpt>
      <trkpt lat="33.283043" lon="-111.269611">
        <ele>658.0</ele>
      </trkpt>
      <trkpt lat="33.282974" lon="-111.269553">
        <ele>658.0</ele>
      </trkpt>
      <trkpt lat="33.282728" lon="-111.269411">
        <ele>657.4</ele>
      </trkpt>
      <trkpt lat="33.282169" lon="-111.269171">
        <ele>657.0</ele>
      </trkpt>
      <trkpt lat="33.281537" lon="-111.269038">
        <ele>654.8</ele>
      </trkpt>
      <trkpt lat="33.281374" lon="-111.269039">
        <ele>653.2</ele>
      </trkpt>
      <trkpt lat="33.281185" lon="-111.269066">
        <ele>649.6</ele>
      </trkpt>
      <trkpt lat="33.280945" lon="-111.269065">
        <ele>647.8</ele>
      </trkpt>
      <trkpt lat="33.280853" lon="-111.26908">
        <ele>646.2</ele>
      </trkpt>
      <trkpt lat="33.280797" lon="-111.269141">
        <ele>646.0</ele>
      </trkpt>
      <trkpt lat="33.280771" lon="-111.269264">
        <ele>646.0</ele>
      </trkpt>
      <trkpt lat="33.280639" lon="-111.269487">
        <ele>646.8</ele>
      </trkpt>
      <trkpt lat="33.280468" lon="-111.269931">
        <ele>648.2</ele>
      </trkpt>
      <trkpt lat="33.28033" lon="-111.270414">
        <ele>648.4</ele>
      </trkpt>
      <trkpt lat="33.280268" lon="-111.270529">
        <ele>648.2</ele>
      </trkpt>
      <trkpt lat="33.280092" lon="-111.270787">
        <ele>646.2</ele>
      </trkpt>
      <trkpt lat="33.279895" lon="-111.270981">
        <ele>646.0</ele>
      </trkpt>
      <trkpt lat="33.279776" lon="-111.271211">
        <ele>646.0</ele>
      </trkpt>
      <trkpt lat="33.279735" lon="-111.271226">
        <ele>646.0</ele>
      </trkpt>
      <trkpt lat="33.279685" lon="-111.271205">
        <ele>646.0</ele>
      </trkpt>
      <trkpt lat="33.279637" lon="-111.271145">
        <ele>646.0</ele>
      </trkpt>
      <trkpt lat="33.279583" lon="-111.27112">
        <ele>646.0</ele>
      </trkpt>
      <trkpt lat="33.279401" lon="-111.27119">
        <ele>646.0</ele>
      </trkpt>
      <trkpt lat="33.279231" lon="-111.271182">
        <ele>646.0</ele>
      </trkpt>
      <trkpt lat="33.279193" lon="-111.271153">
        <ele>646.0</ele>
      </trkpt>
      <trkpt lat="33.279151" lon="-111.271072">
        <ele>646.0</ele>
      </trkpt>
      <trkpt lat="33.279131" lon="-111.270552">
        <ele>646.0</ele>
      </trkpt>
      <trkpt lat="33.27924" lon="-111.27013">
        <ele>646.0</ele>
      </trkpt>
      <trkpt lat="33.27979" lon="-111.2691">
        <ele>646.0</ele>
      </trkpt>
      <trkpt lat="33.279919" lon="-111.26859">
        <ele>646.0</ele>
      </trkpt>
      <trkpt lat="33.280009" lon="-111.26844">
        <ele>646.4</ele>
      </trkpt>
      <trkpt lat="33.28016" lon="-111.26827">
        <ele>647.2</ele>
      </trkpt>
      <trkpt lat="33.28079" lon="-111.26778">
        <ele>648.6</ele>
      </trkpt>
      <trkpt lat="33.28097" lon="-111.26756">
        <ele>650.2</ele>
      </trkpt>
      <trkpt lat="33.28126" lon="-111.26692">
        <ele>652.6</ele>
      </trkpt>
      <trkpt lat="33.281399" lon="-111.26668">
        <ele>654.6</ele>
      </trkpt>
      <trkpt lat="33.283859" lon="-111.26329">
        <ele>656.2</ele>
      </trkpt>
      <trkpt lat="33.284309" lon="-111.26285">
        <ele>658.8</ele>
      </trkpt>
      <trkpt lat="33.28488" lon="-111.26244">
        <ele>661.4</ele>
      </trkpt>
      <trkpt lat="33.286879" lon="-111.26132">
        <ele>663.0</ele>
      </trkpt>
      <trkpt lat="33.287509" lon="-111.26101">
        <ele>663.2</ele>
      </trkpt>
      <trkpt lat="33.288159" lon="-111.26062">
        <ele>663.2</ele>
      </trkpt>
      <trkpt lat="33.289589" lon="-111.26003">
        <ele>661.2</ele>
      </trkpt>
      <trkpt lat="33.290219" lon="-111.25986">
        <ele>658.6</ele>
      </trkpt>
      <trkpt lat="33.29097" lon="-111.25972">
        <ele>655.8</ele>
      </trkpt>
      <trkpt lat="33.291649" lon="-111.25966">
        <ele>654.4</ele>
      </trkpt>
      <trkpt lat="33.29208" lon="-111.25974">
        <ele>653.2</ele>
      </trkpt>
      <trkpt lat="33.29282" lon="-111.2597">
        <ele>652.4</ele>
      </trkpt>
      <trkpt lat="33.293819" lon="-111.25944">
        <ele>652.0</ele>
      </trkpt>
      <trkpt lat="33.29422" lon="-111.25926">
        <ele>652.0</ele>
      </trkpt>
      <trkpt lat="33.294719" lon="-111.25898">
        <ele>652.0</ele>
      </trkpt>
      <trkpt lat="33.29487" lon="-111.25881">
        <ele>652.0</ele>
      </trkpt>
      <trkpt lat="33.295029" lon="-111.25844">
        <ele>652.0</ele>
      </trkpt>
      <trkpt lat="33.29517" lon="-111.258">
        <ele>652.0</ele>
      </trkpt>
      <trkpt lat="33.295229" lon="-111.25765">
        <ele>652.0</ele>
      </trkpt>
      <trkpt lat="33.295229" lon="-111.25725">
        <ele>652.0</ele>
      </trkpt>
      <trkpt lat="33.29527" lon="-111.25695">
        <ele>652.0</ele>
      </trkpt>
      <trkpt lat="33.295589" lon="-111.25605">
        <ele>652.0</ele>
      </trkpt>
      <trkpt lat="33.29574" lon="-111.25579">
        <ele>652.0</ele>
      </trkpt>
      <trkpt lat="33.29594" lon="-111.25553">
        <ele>652.0</ele>
      </trkpt>
      <trkpt lat="33.29621" lon="-111.25528">
        <ele>652.0</ele>
      </trkpt>
      <trkpt lat="33.296689" lon="-111.25499">
        <ele>652.0</ele>
      </trkpt>
      <trkpt lat="33.29687" lon="-111.25475">
        <ele>652.0</ele>
      </trkpt>
      <trkpt lat="33.29708" lon="-111.25432">
        <ele>652.0</ele>
      </trkpt>
      <trkpt lat="33.297179" lon="-111.25391">
        <ele>652.0</ele>
      </trkpt>
      <trkpt lat="33.29723" lon="-111.25352">
        <ele>652.0</ele>
      </trkpt>
      <trkpt lat="33.29722" lon="-111.25315">
        <ele>652.0</ele>
      </trkpt>
      <trkpt lat="33.29717" lon="-111.25287">
        <ele>652.0</ele>
      </trkpt>
      <trkpt lat="33.297089" lon="-111.25263">
        <ele>652.0</ele>
      </trkpt>
      <trkpt lat="33.297089" lon="-111.25232">
        <ele>652.0</ele>
      </trkpt>
      <trkpt lat="33.29732" lon="-111.25188">
        <ele>652.0</ele>
      </trkpt>
      <trkpt lat="33.29735" lon="-111.25098">
        <ele>651.8</ele>
      </trkpt>
      <trkpt lat="33.29743" lon="-111.25067">
        <ele>651.6</ele>
      </trkpt>
      <trkpt lat="33.297539" lon="-111.25044">
        <ele>651.6</ele>
      </trkpt>
      <trkpt lat="33.297649" lon="-111.24969">
        <ele>651.6</ele>
      </trkpt>
      <trkpt lat="33.297739" lon="-111.24932">
        <ele>651.6</ele>
      </trkpt>
      <trkpt lat="33.29793" lon="-111.24895">
        <ele>651.8</ele>
      </trkpt>
      <trkpt lat="33.29811" lon="-111.24867">
        <ele>652.0</ele>
      </trkpt>
      <trkpt lat="33.29874" lon="-111.24798">
        <ele>652.0</ele>
      </trkpt>
      <trkpt lat="33.298969" lon="-111.24762">
        <ele>652.0</ele>
      </trkpt>
      <trkpt lat="33.29914" lon="-111.24723">
        <ele>652.2</ele>
      </trkpt>
      <trkpt lat="33.2993" lon="-111.24676">
        <ele>652.4</ele>
      </trkpt>
      <trkpt lat="33.29949" lon="-111.24647">
        <ele>653.4</ele>
      </trkpt>
      <trkpt lat="33.299999" lon="-111.2459">
        <ele>654.0</ele>
      </trkpt>
      <trkpt lat="33.3008" lon="-111.24451">
        <ele>654.6</ele>
      </trkpt>
      <trkpt lat="33.301209" lon="-111.24497">
        <ele>655.2</ele>
      </trkpt>
      <trkpt lat="33.30147" lon="-111.24519">
        <ele>656.2</ele>
      </trkpt>
      <trkpt lat="33.30192" lon="-111.24531">
        <ele>657.0</ele>
      </trkpt>
      <trkpt lat="33.302329" lon="-111.24579">
        <ele>659.6</ele>
      </trkpt>
      <trkpt lat="33.302889" lon="-111.24621">
        <ele>662.6</ele>
      </trkpt>
      <trkpt lat="33.3038" lon="-111.24643">
        <ele>665.4</ele>
      </trkpt>
      <trkpt lat="33.30435" lon="-111.24634">
        <ele>667.8</ele>
      </trkpt>
      <trkpt lat="33.304589" lon="-111.2464">
        <ele>669.6</ele>
      </trkpt>
      <trkpt lat="33.305149" lon="-111.24628">
        <ele>671.0</ele>
      </trkpt>
      <trkpt lat="33.3055" lon="-111.24642">
        <ele>671.8</ele>
      </trkpt>
      <trkpt lat="33.30654" lon="-111.24657">
        <ele>672.6</ele>
      </trkpt>
      <trkpt lat="33.30719" lon="-111.24654">
        <ele>673.8</ele>
      </trkpt>
      <trkpt lat="33.307789" lon="-111.24656">
        <ele>675.4</ele>
      </trkpt>
      <trkpt lat="33.308259" lon="-111.24652">
        <ele>676.2</ele>
      </trkpt>
      <trkpt lat="33.308729" lon="-111.24628">
        <ele>677.4</ele>
      </trkpt>
      <trkpt lat="33.309019" lon="-111.24605">
        <ele>678.8</ele>
      </trkpt>
      <trkpt lat="33.309469" lon="-111.24585">
        <ele>679.8</ele>
      </trkpt>
      <trkpt lat="33.309939" lon="-111.24548">
        <ele>680.6</ele>
      </trkpt>
      <trkpt lat="33.310119" lon="-111.24523">
        <ele>681.4</ele>
      </trkpt>
      <trkpt lat="33.31056" lon="-111.2444">
        <ele>681.8</ele>
      </trkpt>
      <trkpt lat="33.31095" lon="-111.24373">
        <ele>682.0</ele>
      </trkpt>
      <trkpt lat="33.311169" lon="-111.24326">
        <ele>682.2</ele>
      </trkpt>
      <trkpt lat="33.311549" lon="-111.2431">
        <ele>682.4</ele>
      </trkpt>
      <trkpt lat="33.31175" lon="-111.24307">
        <ele>682.2</ele>
      </trkpt>
      <trkpt lat="33.31198" lon="-111.24299">
        <ele>682.2</ele>
      </trkpt>
      <trkpt lat="33.31207" lon="-111.24292">
        <ele>682.2</ele>
      </trkpt>
      <trkpt lat="33.31216" lon="-111.24274">
        <ele>682.2</ele>
      </trkpt>
      <trkpt lat="33.31216" lon="-111.24262">
        <ele>682.0</ele>
      </trkpt>
      <trkpt lat="33.311909" lon="-111.24181">
        <ele>680.2</ele>
      </trkpt>
      <trkpt lat="33.311799" lon="-111.24159">
        <ele>678.0</ele>
      </trkpt>
      <trkpt lat="33.31186" lon="-111.24053">
        <ele>675.4</ele>
      </trkpt>
      <trkpt lat="33.311999" lon="-111.24007">
        <ele>672.8</ele>
      </trkpt>
      <trkpt lat="33.312399" lon="-111.23975">
        <ele>670.2</ele>
      </trkpt>
      <trkpt lat="33.3128" lon="-111.23975">
        <ele>669.8</ele>
      </trkpt>
      <trkpt lat="33.3131" lon="-111.23969">
        <ele>670.6</ele>
      </trkpt>
      <trkpt lat="33.31349" lon="-111.23972">
        <ele>673.0</ele>
      </trkpt>
      <trkpt lat="33.31402" lon="-111.23961">
        <ele>675.4</ele>
      </trkpt>
      <trkpt lat="33.31524" lon="-111.24003">
        <ele>677.8</ele>
      </trkpt>
      <trkpt lat="33.31557" lon="-111.24006">
        <ele>680.0</ele>
      </trkpt>
      <trkpt lat="33.31583" lon="-111.23995">
        <ele>681.6</ele>
      </trkpt>
      <trkpt lat="33.316139" lon="-111.23972">
        <ele>683.2</ele>
      </trkpt>
      <trkpt lat="33.31645" lon="-111.23981">
        <ele>685.8</ele>
      </trkpt>
      <trkpt lat="33.317059" lon="-111.24051">
        <ele>686.2</ele>
      </trkpt>
      <trkpt lat="33.317549" lon="-111.24058">
        <ele>686.4</ele>
      </trkpt>
      <trkpt lat="33.318489" lon="-111.2401">
        <ele>686.4</ele>
      </trkpt>
      <trkpt lat="33.31983" lon="-111.23933">
        <ele>685.2</ele>
      </trkpt>
      <trkpt lat="33.31966" lon="-111.2392">
        <ele>683.0</ele>
      </trkpt>
      <trkpt lat="33.31929" lon="-111.23899">
        <ele>682.8</ele>
      </trkpt>
      <trkpt lat="33.31901" lon="-111.23877">
        <ele>682.6</ele>
      </trkpt>
      <trkpt lat="33.318579" lon="-111.23862">
        <ele>681.8</ele>
      </trkpt>
      <trkpt lat="33.31805" lon="-111.23833">
        <ele>681.4</ele>
      </trkpt>
      <trkpt lat="33.31772" lon="-111.23794">
        <ele>681.0</ele>
      </trkpt>
      <trkpt lat="33.31806" lon="-111.23746">
        <ele>680.8</ele>
      </trkpt>
      <trkpt lat="33.31857" lon="-111.23709">
        <ele>680.6</ele>
      </trkpt>
      <trkpt lat="33.318849" lon="-111.23693">
        <ele>681.0</ele>
      </trkpt>
      <trkpt lat="33.31947" lon="-111.23676">
        <ele>681.2</ele>
      </trkpt>
      <trkpt lat="33.31989" lon="-111.23651">
        <ele>681.2</ele>
      </trkpt>
      <trkpt lat="33.32022" lon="-111.23624">
        <ele>681.2</ele>
      </trkpt>
      <trkpt lat="33.320619" lon="-111.23576">
        <ele>681.2</ele>
      </trkpt>
      <trkpt lat="33.32143" lon="-111.23524">
        <ele>681.6</ele>
      </trkpt>
      <trkpt lat="33.322049" lon="-111.23476">
        <ele>682.0</ele>
      </trkpt>
      <trkpt lat="33.32312" lon="-111.23415">
        <ele>682.6</ele>
      </trkpt>
      <trkpt lat="33.32352" lon="-111.23387">
        <ele>683.6</ele>
      </trkpt>
      <trkpt lat="33.3236" lon="-111.23357">
        <ele>685.2</ele>
      </trkpt>
      <trkpt lat="33.324019" lon="-111.23307">
        <ele>686.6</ele>
      </trkpt>
      <trkpt lat="33.3248" lon="-111.23257">
        <ele>687.8</ele>
      </trkpt>
      <trkpt lat="33.3251" lon="-111.23223">
        <ele>689.2</ele>
      </trkpt>
      <trkpt lat="33.325449" lon="-111.23214">
        <ele>690.2</ele>
      </trkpt>
      <trkpt lat="33.32536" lon="-111.23184">
        <ele>690.8</ele>
      </trkpt>
      <trkpt lat="33.325139" lon="-111.2316">
        <ele>691.8</ele>
      </trkpt>
      <trkpt lat="33.32477" lon="-111.23152">
        <ele>693.2</ele>
      </trkpt>
      <trkpt lat="33.32419" lon="-111.23107">
        <ele>696.0</ele>
      </trkpt>
      <trkpt lat="33.323459" lon="-111.2304">
        <ele>699.2</ele>
      </trkpt>
      <trkpt lat="33.3233" lon="-111.23002">
        <ele>702.4</ele>
      </trkpt>
      <trkpt lat="33.32323" lon="-111.2295">
        <ele>705.0</ele>
      </trkpt>
      <trkpt lat="33.32276" lon="-111.22902">
        <ele>707.6</ele>
      </trkpt>
      <trkpt lat="33.322806" lon="-111.22888">
        <ele>709.0</ele>
      </trkpt>
      <trkpt lat="33.322902" lon="-111.228697">
        <ele>709.2</ele>
      </trkpt>
      <trkpt lat="33.322955" lon="-111.2284">
        <ele>708.2</ele>
      </trkpt>
      <trkpt lat="33.322885" lon="-111.228097">
        <ele>705.6</ele>
      </trkpt>
      <trkpt lat="33.321669" lon="-111.2279">
        <ele>702.4</ele>
      </trkpt>
      <trkpt lat="33.320459" lon="-111.22728">
        <ele>697.8</ele>
      </trkpt>
      <trkpt lat="33.31956" lon="-111.2269">
        <ele>693.4</ele>
      </trkpt>
      <trkpt lat="33.31913" lon="-111.22629">
        <ele>690.0</ele>
      </trkpt>
      <trkpt lat="33.319049" lon="-111.22575">
        <ele>688.8</ele>
      </trkpt>
      <trkpt lat="33.31913" lon="-111.22535">
        <ele>688.8</ele>
      </trkpt>
      <trkpt lat="33.319429" lon="-111.22501">
        <ele>690.0</ele>
      </trkpt>
      <trkpt lat="33.319809" lon="-111.22324">
        <ele>691.8</ele>
      </trkpt>
      <trkpt lat="33.32016" lon="-111.22199">
        <ele>693.6</ele>
      </trkpt>
      <trkpt lat="33.320749" lon="-111.2206">
        <ele>694.8</ele>
      </trkpt>
      <trkpt lat="33.32077" lon="-111.22035">
        <ele>695.0</ele>
      </trkpt>
      <trkpt lat="33.32059" lon="-111.21985">
        <ele>697.0</ele>
      </trkpt>
      <trkpt lat="33.320259" lon="-111.21928">
        <ele>699.0</ele>
      </trkpt>
      <trkpt lat="33.31976" lon="-111.21826">
        <ele>702.0</ele>
      </trkpt>
      <trkpt lat="33.319409" lon="-111.21732">
        <ele>706.0</ele>
      </trkpt>
      <trkpt lat="33.31942" lon="-111.21632">
        <ele>710.4</ele>
      </trkpt>
      <trkpt lat="33.31936" lon="-111.21562">
        <ele>714.2</ele>
      </trkpt>
      <trkpt lat="33.31939" lon="-111.21506">
        <ele>716.8</ele>
      </trkpt>
      <trkpt lat="33.3196" lon="-111.21436">
        <ele>718.4</ele>
      </trkpt>
      <trkpt lat="33.319519" lon="-111.21365">
        <ele>719.4</ele>
      </trkpt>
      <trkpt lat="33.319519" lon="-111.21317">
        <ele>720.0</ele>
      </trkpt>
      <trkpt lat="33.31968" lon="-111.21282">
        <ele>719.2</ele>
      </trkpt>
      <trkpt lat="33.319629" lon="-111.21242">
        <ele>719.8</ele>
      </trkpt>
      <trkpt lat="33.31951" lon="-111.21196">
        <ele>721.4</ele>
      </trkpt>
      <trkpt lat="33.31931" lon="-111.21138">
        <ele>723.0</ele>
      </trkpt>
      <trkpt lat="33.31875" lon="-111.21076">
        <ele>724.8</ele>
      </trkpt>
      <trkpt lat="33.318689" lon="-111.21047">
        <ele>726.6</ele>
      </trkpt>
      <trkpt lat="33.318689" lon="-111.20993">
        <ele>728.6</ele>
      </trkpt>
      <trkpt lat="33.318489" lon="-111.20937">
        <ele>730.6</ele>
      </trkpt>
      <trkpt lat="33.318241" lon="-111.207168">
        <ele>732.6</ele>
      </trkpt>
      <trkpt lat="33.317197" lon="-111.206467">
        <ele>735.0</ele>
      </trkpt>
      <trkpt lat="33.31703" lon="-111.20614">
        <ele>737.6</ele>
      </trkpt>
      <trkpt lat="33.317126" lon="-111.20541">
        <ele>739.8</ele>
      </trkpt>
      <trkpt lat="33.317189" lon="-111.2051">
        <ele>741.4</ele>
      </trkpt>
      <trkpt lat="33.317104" lon="-111.204893">
        <ele>743.2</ele>
      </trkpt>
      <trkpt lat="33.316409" lon="-111.20408">
        <ele>744.8</ele>
      </trkpt>
      <trkpt lat="33.31637" lon="-111.2037">
        <ele>746.0</ele>
      </trkpt>
      <trkpt lat="33.31651" lon="-111.20329">
        <ele>749.0</ele>
      </trkpt>
      <trkpt lat="33.316789" lon="-111.2027">
        <ele>751.6</ele>
      </trkpt>
      <trkpt lat="33.317059" lon="-111.20246">
        <ele>752.8</ele>
      </trkpt>
      <trkpt lat="33.31705" lon="-111.2023">
        <ele>753.4</ele>
      </trkpt>
      <trkpt lat="33.31698" lon="-111.20216">
        <ele>752.6</ele>
      </trkpt>
      <trkpt lat="33.31693" lon="-111.20216">
        <ele>751.0</ele>
      </trkpt>
      <trkpt lat="33.316305" lon="-111.202618">
        <ele>750.8</ele>
      </trkpt>
      <trkpt lat="33.315717" lon="-111.202641">
        <ele>751.2</ele>
      </trkpt>
      <trkpt lat="33.314805" lon="-111.2026">
        <ele>750.6</ele>
      </trkpt>
      <trkpt lat="33.314766" lon="-111.202234">
        <ele>749.0</ele>
      </trkpt>
      <trkpt lat="33.314886" lon="-111.201856">
        <ele>745.6</ele>
      </trkpt>
      <trkpt lat="33.313699" lon="-111.2011">
        <ele>740.4</ele>
      </trkpt>
      <trkpt lat="33.312939" lon="-111.20037">
        <ele>735.4</ele>
      </trkpt>
      <trkpt lat="33.312728" lon="-111.200065">
        <ele>731.6</ele>
      </trkpt>
      <trkpt lat="33.31302" lon="-111.1995">
        <ele>730.2</ele>
      </trkpt>
      <trkpt lat="33.31304" lon="-111.199119">
        <ele>731.4</ele>
      </trkpt>
      <trkpt lat="33.31206" lon="-111.19952">
        <ele>732.2</ele>
      </trkpt>
      <trkpt lat="33.310676" lon="-111.200002">
        <ele>730.0</ele>
      </trkpt>
      <trkpt lat="33.309945" lon="-111.199353">
        <ele>727.4</ele>
      </trkpt>
      <trkpt lat="33.307237" lon="-111.198863">
        <ele>724.6</ele>
      </trkpt>
      <trkpt lat="33.306572" lon="-111.198446">
        <ele>720.4</ele>
      </trkpt>
      <trkpt lat="33.306012" lon="-111.198294">
        <ele>717.2</ele>
      </trkpt>
      <trkpt lat="33.306131" lon="-111.197762">
        <ele>718.2</ele>
      </trkpt>
      <trkpt lat="33.306285" lon="-111.197426">
        <ele>719.4</ele>
      </trkpt>
      <trkpt lat="33.305014" lon="-111.193869">
        <ele>720.4</ele>
      </trkpt>
      <trkpt lat="33.304026" lon="-111.193675">
        <ele>720.8</ele>
      </trkpt>
      <trkpt lat="33.303486" lon="-111.193689">
        <ele>721.0</ele>
      </trkpt>
      <trkpt lat="33.302722" lon="-111.193788">
        <ele>720.0</ele>
      </trkpt>
      <trkpt lat="33.302391" lon="-111.193984">
        <ele>719.0</ele>
      </trkpt>
      <trkpt lat="33.302123" lon="-111.194062">
        <ele>718.4</ele>
      </trkpt>
      <trkpt lat="33.301685" lon="-111.19408">
        <ele>717.8</ele>
      </trkpt>
      <trkpt lat="33.301397" lon="-111.194156">
        <ele>717.0</ele>
      </trkpt>
      <trkpt lat="33.301122" lon="-111.194083">
        <ele>716.2</ele>
      </trkpt>
      <trkpt lat="33.300759" lon="-111.194178">
        <ele>715.8</ele>
      </trkpt>
      <trkpt lat="33.300376" lon="-111.193759">
        <ele>716.0</ele>
      </trkpt>
      <trkpt lat="33.300033" lon="-111.193301">
        <ele>716.4</ele>
      </trkpt>
      <trkpt lat="33.299397" lon="-111.192347">
        <ele>717.2</ele>
      </trkpt>
      <trkpt lat="33.299221" lon="-111.191946">
        <ele>718.0</ele>
      </trkpt>
      <trkpt lat="33.298988" lon="-111.191612">
        <ele>718.6</ele>
      </trkpt>
      <trkpt lat="33.298834" lon="-111.191532">
        <ele>718.8</ele>
      </trkpt>
      <trkpt lat="33.298763" lon="-111.19138">
        <ele>719.2</ele>
      </trkpt>
      <trkpt lat="33.2986" lon="-111.190866">
        <ele>719.2</ele>
      </trkpt>
      <trkpt lat="33.298243" lon="-111.190378">
        <ele>719.2</ele>
      </trkpt>
      <trkpt lat="33.297694" lon="-111.189332">
        <ele>719.2</ele>
      </trkpt>
      <trkpt lat="33.297258" lon="-111.188632">
        <ele>719.0</ele>
      </trkpt>
      <trkpt lat="33.29685" lon="-111.18853">
        <ele>718.2</ele>
      </trkpt>
      <trkpt lat="33.294739" lon="-111.18872">
        <ele>715.8</ele>
      </trkpt>
      <trkpt lat="33.29432" lon="-111.18914">
        <ele>715.8</ele>
      </trkpt>
      <trkpt lat="33.29252" lon="-111.19159">
        <ele>714.8</ele>
      </trkpt>
      <trkpt lat="33.29105" lon="-111.19309">
        <ele>713.8</ele>
      </trkpt>
      <trkpt lat="33.290239" lon="-111.19335">
        <ele>713.0</ele>
      </trkpt>
      <trkpt lat="33.28993" lon="-111.19387">
        <ele>713.2</ele>
      </trkpt>
      <trkpt lat="33.290059" lon="-111.19557">
        <ele>709.8</ele>
      </trkpt>
      <trkpt lat="33.28972" lon="-111.19672">
        <ele>706.8</ele>
      </trkpt>
      <trkpt lat="33.28938" lon="-111.19698">
        <ele>703.6</ele>
      </trkpt>
      <trkpt lat="33.28926" lon="-111.19698">
        <ele>700.8</ele>
      </trkpt>
      <trkpt lat="33.289189" lon="-111.19655">
        <ele>698.8</ele>
      </trkpt>
      <trkpt lat="33.28926" lon="-111.19505">
        <ele>698.2</ele>
      </trkpt>
      <trkpt lat="33.289209" lon="-111.19402">
        <ele>698.6</ele>
      </trkpt>
      <trkpt lat="33.28916" lon="-111.19354">
        <ele>699.8</ele>
      </trkpt>
      <trkpt lat="33.288939" lon="-111.19261">
        <ele>701.2</ele>
      </trkpt>
      <trkpt lat="33.28879" lon="-111.19227">
        <ele>702.6</ele>
      </trkpt>
      <trkpt lat="33.288559" lon="-111.1919">
        <ele>703.8</ele>
      </trkpt>
      <trkpt lat="33.287909" lon="-111.19099">
        <ele>704.8</ele>
      </trkpt>
      <trkpt lat="33.28774" lon="-111.1907">
        <ele>705.6</ele>
      </trkpt>
      <trkpt lat="33.28766" lon="-111.19044">
        <ele>705.8</ele>
      </trkpt>
      <trkpt lat="33.28766" lon="-111.19013">
        <ele>705.8</ele>
      </trkpt>
      <trkpt lat="33.28805" lon="-111.18826">
        <ele>706.0</ele>
      </trkpt>
      <trkpt lat="33.28806" lon="-111.18782">
        <ele>706.6</ele>
      </trkpt>
      <trkpt lat="33.287999" lon="-111.1874">
        <ele>706.8</ele>
      </trkpt>
      <trkpt lat="33.287619" lon="-111.1861">
        <ele>708.2</ele>
      </trkpt>
      <trkpt lat="33.287439" lon="-111.18514">
        <ele>710.4</ele>
      </trkpt>
      <trkpt lat="33.287239" lon="-111.18448">
        <ele>713.0</ele>
      </trkpt>
      <trkpt lat="33.28723" lon="-111.18427">
        <ele>715.0</ele>
      </trkpt>
      <trkpt lat="33.2873" lon="-111.18384">
        <ele>717.2</ele>
      </trkpt>
      <trkpt lat="33.28726" lon="-111.18356">
        <ele>718.4</ele>
      </trkpt>
      <trkpt lat="33.287149" lon="-111.18332">
        <ele>719.2</ele>
      </trkpt>
      <trkpt lat="33.28694" lon="-111.18309">
        <ele>720.2</ele>
      </trkpt>
      <trkpt lat="33.28645" lon="-111.18264">
        <ele>721.8</ele>
      </trkpt>
      <trkpt lat="33.28609" lon="-111.18221">
        <ele>723.0</ele>
      </trkpt>
      <trkpt lat="33.2858" lon="-111.18173">
        <ele>723.6</ele>
      </trkpt>
      <trkpt lat="33.28561" lon="-111.18148">
        <ele>723.8</ele>
      </trkpt>
      <trkpt lat="33.28457" lon="-111.18038">
        <ele>723.2</ele>
      </trkpt>
      <trkpt lat="33.283679" lon="-111.17954">
        <ele>722.2</ele>
      </trkpt>
      <trkpt lat="33.283299" lon="-111.17914">
        <ele>721.6</ele>
      </trkpt>
      <trkpt lat="33.28288" lon="-111.17855">
        <ele>721.8</ele>
      </trkpt>
      <trkpt lat="33.282719" lon="-111.17821">
        <ele>722.2</ele>
      </trkpt>
      <trkpt lat="33.28261" lon="-111.17785">
        <ele>722.8</ele>
      </trkpt>
      <trkpt lat="33.28258" lon="-111.17753">
        <ele>723.6</ele>
      </trkpt>
      <trkpt lat="33.28259" lon="-111.17704">
        <ele>724.4</ele>
      </trkpt>
      <trkpt lat="33.282618" lon="-111.176854">
        <ele>725.2</ele>
      </trkpt>
      <trkpt lat="33.282722" lon="-111.176578">
        <ele>726.6</ele>
      </trkpt>
      <trkpt lat="33.28284" lon="-111.176394">
        <ele>728.0</ele>
      </trkpt>
      <trkpt lat="33.283316" lon="-111.175996">
        <ele>729.0</ele>
      </trkpt>
      <trkpt lat="33.283701" lon="-111.17582">
        <ele>730.0</ele>
      </trkpt>
      <trkpt lat="33.283944" lon="-111.175587">
        <ele>731.0</ele>
      </trkpt>
      <trkpt lat="33.284041" lon="-111.175361">
        <ele>731.4</ele>
      </trkpt>
      <trkpt lat="33.284121" lon="-111.174805">
        <ele>731.4</ele>
      </trkpt>
      <trkpt lat="33.284097" lon="-111.174546">
        <ele>731.4</ele>
      </trkpt>
      <trkpt lat="33.283724" lon="-111.173515">
        <ele>731.4</ele>
      </trkpt>
      <trkpt lat="33.283684" lon="-111.173225">
        <ele>731.2</ele>
      </trkpt>
      <trkpt lat="33.283665" lon="-111.172922">
        <ele>730.8</ele>
      </trkpt>
      <trkpt lat="33.283594" lon="-111.172342">
        <ele>730.6</ele>
      </trkpt>
      <trkpt lat="33.283461" lon="-111.171761">
        <ele>730.4</ele>
      </trkpt>
      <trkpt lat="33.283216" lon="-111.171236">
        <ele>730.2</ele>
      </trkpt>
      <trkpt lat="33.283109" lon="-111.170737">
        <ele>730.0</ele>
      </trkpt>
      <trkpt lat="33.283084" lon="-111.170268">
        <ele>730.2</ele>
      </trkpt>
      <trkpt lat="33.283016" lon="-111.170074">
        <ele>730.4</ele>
      </trkpt>
      <trkpt lat="33.28304" lon="-111.16967">
        <ele>730.6</ele>
      </trkpt>
      <trkpt lat="33.282925" lon="-111.169292">
        <ele>730.8</ele>
      </trkpt>
      <trkpt lat="33.282795" lon="-111.169153">
        <ele>731.0</ele>
      </trkpt>
      <trkpt lat="33.282815" lon="-111.1689">
        <ele>731.0</ele>
      </trkpt>
      <trkpt lat="33.282752" lon="-111.168605">
        <ele>731.0</ele>
      </trkpt>
      <trkpt lat="33.282831" lon="-111.168335">
        <ele>731.0</ele>
      </trkpt>
      <trkpt lat="33.283042" lon="-111.168034">
        <ele>731.0</ele>
      </trkpt>
      <trkpt lat="33.283074" lon="-111.167827">
        <ele>731.0</ele>
      </trkpt>
      <trkpt lat="33.282935" lon="-111.167325">
        <ele>731.2</ele>
      </trkpt>
      <trkpt lat="33.282981" lon="-111.167108">
        <ele>731.6</ele>
      </trkpt>
      <trkpt lat="33.283299" lon="-111.166392">
        <ele>733.0</ele>
      </trkpt>
      <trkpt lat="33.283392" lon="-111.166083">
        <ele>735.0</ele>
      </trkpt>
      <trkpt lat="33.28342" lon="-111.165426">
        <ele>737.2</ele>
      </trkpt>
      <trkpt lat="33.283527" lon="-111.165043">
        <ele>739.4</ele>
      </trkpt>
      <trkpt lat="33.283645" lon="-111.164737">
        <ele>741.4</ele>
      </trkpt>
      <trkpt lat="33.283814" lon="-111.164496">
        <ele>742.6</ele>
      </trkpt>
      <trkpt lat="33.284028" lon="-111.164341">
        <ele>743.2</ele>
      </trkpt>
      <trkpt lat="33.284287" lon="-111.164245">
        <ele>743.6</ele>
      </trkpt>
      <trkpt lat="33.284582" lon="-111.164174">
        <ele>743.8</ele>
      </trkpt>
      <trkpt lat="33.284798" lon="-111.164036">
        <ele>744.0</ele>
      </trkpt>
      <trkpt lat="33.285183" lon="-111.163549">
        <ele>744.0</ele>
      </trkpt>
      <trkpt lat="33.285736" lon="-111.163156">
        <ele>744.2</ele>
      </trkpt>
      <trkpt lat="33.28616" lon="-111.162675">
        <ele>744.6</ele>
      </trkpt>
      <trkpt lat="33.286506" lon="-111.162717">
        <ele>744.8</ele>
      </trkpt>
      <trkpt lat="33.286921" lon="-111.162197">
        <ele>745.6</ele>
      </trkpt>
      <trkpt lat="33.287734" lon="-111.161517">
        <ele>746.6</ele>
      </trkpt>
      <trkpt lat="33.287869" lon="-111.161341">
        <ele>747.4</ele>
      </trkpt>
      <trkpt lat="33.287947" lon="-111.161139">
        <ele>747.6</ele>
      </trkpt>
      <trkpt lat="33.287984" lon="-111.160896">
        <ele>748.0</ele>
      </trkpt>
      <trkpt lat="33.28801" lon="-111.160413">
        <ele>748.0</ele>
      </trkpt>
      <trkpt lat="33.288058" lon="-111.160204">
        <ele>748.2</ele>
      </trkpt>
      <trkpt lat="33.288176" lon="-111.160036">
        <ele>748.6</ele>
      </trkpt>
      <trkpt lat="33.288449" lon="-111.159829">
        <ele>750.0</ele>
      </trkpt>
      <trkpt lat="33.288632" lon="-111.159616">
        <ele>750.8</ele>
      </trkpt>
      <trkpt lat="33.289278" lon="-111.158447">
        <ele>752.0</ele>
      </trkpt>
      <trkpt lat="33.28963" lon="-111.157679">
        <ele>753.6</ele>
      </trkpt>
      <trkpt lat="33.289988" lon="-111.157267">
        <ele>757.0</ele>
      </trkpt>
      <trkpt lat="33.29016" lon="-111.157002">
        <ele>759.8</ele>
      </trkpt>
      <trkpt lat="33.290869" lon="-111.155136">
        <ele>763.2</ele>
      </trkpt>
      <trkpt lat="33.290908" lon="-111.154622">
        <ele>766.0</ele>
      </trkpt>
      <trkpt lat="33.291067" lon="-111.153917">
        <ele>768.2</ele>
      </trkpt>
      <trkpt lat="33.29117" lon="-111.153769">
        <ele>768.2</ele>
      </trkpt>
      <trkpt lat="33.291558" lon="-111.153377">
        <ele>768.4</ele>
      </trkpt>
      <trkpt lat="33.29188" lon="-111.153129">
        <ele>768.6</ele>
      </trkpt>
      <trkpt lat="33.292014" lon="-111.152956">
        <ele>769.0</ele>
      </trkpt>
      <trkpt lat="33.292153" lon="-111.152643">
        <ele>768.8</ele>
      </trkpt>
      <trkpt lat="33.292358" lon="-111.152426">
        <ele>769.6</ele>
      </trkpt>
      <trkpt lat="33.293374" lon="-111.151518">
        <ele>771.6</ele>
      </trkpt>
      <trkpt lat="33.293984" lon="-111.150758">
        <ele>773.6</ele>
      </trkpt>
      <trkpt lat="33.294421" lon="-111.149882">
        <ele>775.8</ele>
      </trkpt>
      <trkpt lat="33.295141" lon="-111.148878">
        <ele>778.2</ele>
      </trkpt>
      <trkpt lat="33.295513" lon="-111.148492">
        <ele>780.8</ele>
      </trkpt>
      <trkpt lat="33.296595" lon="-111.14682">
        <ele>782.2</ele>
      </trkpt>
      <trkpt lat="33.2967" lon="-111.145912">
        <ele>783.8</ele>
      </trkpt>
      <trkpt lat="33.296849" lon="-111.145586">
        <ele>785.2</ele>
      </trkpt>
      <trkpt lat="33.297053" lon="-111.145273">
        <ele>787.4</ele>
      </trkpt>
      <trkpt lat="33.297444" lon="-111.144915">
        <ele>789.0</ele>
      </trkpt>
      <trkpt lat="33.297624" lon="-111.144589">
        <ele>790.6</ele>
      </trkpt>
      <trkpt lat="33.297728" lon="-111.144259">
        <ele>792.6</ele>
      </trkpt>
      <trkpt lat="33.298116" lon="-111.142052">
        <ele>795.6</ele>
      </trkpt>
      <trkpt lat="33.29815" lon="-111.141664">
        <ele>798.4</ele>
      </trkpt>
      <trkpt lat="33.298155" lon="-111.14118">
        <ele>800.8</ele>
      </trkpt>
      <trkpt lat="33.298353" lon="-111.140425">
        <ele>803.2</ele>
      </trkpt>
      <trkpt lat="33.298361" lon="-111.140229">
        <ele>804.8</ele>
      </trkpt>
      <trkpt lat="33.298203" lon="-111.139514">
        <ele>805.8</ele>
      </trkpt>
      <trkpt lat="33.298139" lon="-111.139104">
        <ele>806.6</ele>
      </trkpt>
      <trkpt lat="33.298082" lon="-111.138105">
        <ele>808.4</ele>
      </trkpt>
      <trkpt lat="33.298022" lon="-111.137753">
        <ele>810.6</ele>
      </trkpt>
      <trkpt lat="33.297508" lon="-111.136188">
        <ele>813.2</ele>
      </trkpt>
      <trkpt lat="33.297249" lon="-111.135287">
        <ele>815.0</ele>
      </trkpt>
      <trkpt lat="33.297187" lon="-111.134915">
        <ele>818.6</ele>
      </trkpt>
      <trkpt lat="33.297286" lon="-111.134047">
        <ele>821.6</ele>
      </trkpt>
      <trkpt lat="33.297358" lon="-111.132706">
        <ele>824.0</ele>
      </trkpt>
      <trkpt lat="33.297423" lon="-111.132043">
        <ele>827.0</ele>
      </trkpt>
      <trkpt lat="33.297432" lon="-111.131579">
        <ele>831.6</ele>
      </trkpt>
      <trkpt lat="33.297555" lon="-111.129926">
        <ele>834.4</ele>
      </trkpt>
      <trkpt lat="33.297801" lon="-111.12875">
        <ele>836.8</ele>
      </trkpt>
      <trkpt lat="33.298066" lon="-111.128377">
        <ele>839.4</ele>
      </trkpt>
      <trkpt lat="33.298063" lon="-111.12806">
        <ele>841.6</ele>
      </trkpt>
      <trkpt lat="33.297328" lon="-111.127497">
        <ele>843.0</ele>
      </trkpt>
      <trkpt lat="33.297159" lon="-111.127306">
        <ele>844.6</ele>
      </trkpt>
      <trkpt lat="33.297072" lon="-111.126831">
        <ele>845.6</ele>
      </trkpt>
      <trkpt lat="33.297055" lon="-111.126029">
        <ele>845.8</ele>
      </trkpt>
      <trkpt lat="33.296916" lon="-111.125707">
        <ele>845.4</ele>
      </trkpt>
      <trkpt lat="33.296864" lon="-111.12528">
        <ele>844.2</ele>
      </trkpt>
      <trkpt lat="33.296799" lon="-111.125092">
        <ele>842.6</ele>
      </trkpt>
      <trkpt lat="33.29666" lon="-111.124427">
        <ele>841.6</ele>
      </trkpt>
      <trkpt lat="33.296566" lon="-111.12432">
        <ele>840.4</ele>
      </trkpt>
      <trkpt lat="33.296408" lon="-111.124275">
        <ele>839.0</ele>
      </trkpt>
      <trkpt lat="33.295189" lon="-111.124243">
        <ele>837.2</ele>
      </trkpt>
      <trkpt lat="33.294904" lon="-111.124305">
        <ele>835.2</ele>
      </trkpt>
      <trkpt lat="33.294662" lon="-111.124307">
        <ele>832.8</ele>
      </trkpt>
      <trkpt lat="33.294328" lon="-111.124151">
        <ele>831.2</ele>
      </trkpt>
      <trkpt lat="33.294047" lon="-111.124221">
        <ele>830.2</ele>
      </trkpt>
      <trkpt lat="33.293926" lon="-111.124156">
        <ele>829.6</ele>
      </trkpt>
      <trkpt lat="33.293804" lon="-111.123955">
        <ele>829.2</ele>
      </trkpt>
      <trkpt lat="33.293644" lon="-111.123795">
        <ele>829.2</ele>
      </trkpt>
      <trkpt lat="33.293446" lon="-111.123807">
        <ele>829.2</ele>
      </trkpt>
      <trkpt lat="33.293183" lon="-111.12389">
        <ele>828.8</ele>
      </trkpt>
      <trkpt lat="33.292946" lon="-111.123884">
        <ele>827.8</ele>
      </trkpt>
      <trkpt lat="33.29213" lon="-111.123738">
        <ele>825.6</ele>
      </trkpt>
      <trkpt lat="33.291415" lon="-111.124182">
        <ele>823.4</ele>
      </trkpt>
      <trkpt lat="33.290894" lon="-111.124745">
        <ele>821.4</ele>
      </trkpt>
      <trkpt lat="33.29074" lon="-111.124781">
        <ele>820.6</ele>
      </trkpt>
      <trkpt lat="33.290657" lon="-111.124632">
        <ele>821.0</ele>
      </trkpt>
      <trkpt lat="33.290798" lon="-111.123982">
        <ele>822.4</ele>
      </trkpt>
      <trkpt lat="33.290768" lon="-111.123737">
        <ele>822.4</ele>
      </trkpt>
      <trkpt lat="33.290618" lon="-111.123636">
        <ele>822.0</ele>
      </trkpt>
      <trkpt lat="33.289353" lon="-111.123381">
        <ele>820.6</ele>
      </trkpt>
      <trkpt lat="33.288398" lon="-111.123073">
        <ele>818.8</ele>
      </trkpt>
      <trkpt lat="33.287809" lon="-111.123028">
        <ele>816.8</ele>
      </trkpt>
      <trkpt lat="33.287537" lon="-111.123125">
        <ele>815.8</ele>
      </trkpt>
      <trkpt lat="33.28573" lon="-111.124176">
        <ele>814.6</ele>
      </trkpt>
      <trkpt lat="33.28524" lon="-111.124376">
        <ele>813.2</ele>
      </trkpt>
      <trkpt lat="33.285007" lon="-111.124338">
        <ele>810.8</ele>
      </trkpt>
      <trkpt lat="33.284734" lon="-111.124156">
        <ele>809.2</ele>
      </trkpt>
      <trkpt lat="33.28528" lon="-111.119598">
        <ele>808.0</ele>
      </trkpt>
      <trkpt lat="33.285604" lon="-111.117177">
        <ele>807.4</ele>
      </trkpt>
      <trkpt lat="33.285694" lon="-111.115475">
        <ele>807.0</ele>
      </trkpt>
      <trkpt lat="33.285359" lon="-111.114799">
        <ele>807.8</ele>
      </trkpt>
      <trkpt lat="33.285201" lon="-111.11478">
        <ele>808.0</ele>
      </trkpt>
      <trkpt lat="33.285088" lon="-111.114632">
        <ele>808.4</ele>
      </trkpt>
      <trkpt lat="33.284702" lon="-111.114524">
        <ele>808.6</ele>
      </trkpt>
      <trkpt lat="33.284595" lon="-111.114462">
        <ele>808.8</ele>
      </trkpt>
      <trkpt lat="33.284447" lon="-111.114469">
        <ele>808.4</ele>
      </trkpt>
      <trkpt lat="33.284354" lon="-111.114429">
        <ele>808.0</ele>
      </trkpt>
      <trkpt lat="33.284488" lon="-111.114803">
        <ele>807.2</ele>
      </trkpt>
      <trkpt lat="33.284595" lon="-111.11498">
        <ele>806.4</ele>
      </trkpt>
      <trkpt lat="33.284681" lon="-111.115176">
        <ele>805.6</ele>
      </trkpt>
      <trkpt lat="33.284677" lon="-111.115322">
        <ele>805.2</ele>
      </trkpt>
      <trkpt lat="33.284532" lon="-111.116006">
        <ele>805.0</ele>
      </trkpt>
      <trkpt lat="33.284429" lon="-111.116221">
        <ele>805.0</ele>
      </trkpt>
      <trkpt lat="33.284186" lon="-111.11663">
        <ele>805.0</ele>
      </trkpt>
      <trkpt lat="33.283883" lon="-111.116884">
        <ele>805.0</ele>
      </trkpt>
      <trkpt lat="33.283823" lon="-111.116995">
        <ele>805.0</ele>
      </trkpt>
      <trkpt lat="33.283808" lon="-111.117097">
        <ele>805.0</ele>
      </trkpt>
      <trkpt lat="33.283822" lon="-111.11719">
        <ele>805.0</ele>
      </trkpt>
      <trkpt lat="33.283991" lon="-111.117267">
        <ele>805.0</ele>
      </trkpt>
      <trkpt lat="33.284084" lon="-111.117344">
        <ele>805.0</ele>
      </trkpt>
      <trkpt lat="33.283913" lon="-111.117837">
        <ele>805.0</ele>
      </trkpt>
      <trkpt lat="33.283907" lon="-111.118015">
        <ele>805.0</ele>
      </trkpt>
      <trkpt lat="33.283927" lon="-111.118211">
        <ele>805.0</ele>
      </trkpt>
      <trkpt lat="33.283914" lon="-111.11829">
        <ele>805.0</ele>
      </trkpt>
      <trkpt lat="33.283848" lon="-111.118334">
        <ele>804.8</ele>
      </trkpt>
      <trkpt lat="33.283833" lon="-111.118369">
        <ele>804.6</ele>
      </trkpt>
      <trkpt lat="33.28387" lon="-111.11888">
        <ele>804.4</ele>
      </trkpt>
      <trkpt lat="33.283762" lon="-111.11947">
        <ele>804.2</ele>
      </trkpt>
      <trkpt lat="33.283768" lon="-111.119618">
        <ele>804.0</ele>
      </trkpt>
      <trkpt lat="33.283672" lon="-111.119732">
        <ele>804.0</ele>
      </trkpt>
      <trkpt lat="33.283682" lon="-111.119804">
        <ele>804.0</ele>
      </trkpt>
      <trkpt lat="33.283645" lon="-111.119925">
        <ele>804.0</ele>
      </trkpt>
      <trkpt lat="33.283574" lon="-111.120028">
        <ele>804.0</ele>
      </trkpt>
      <trkpt lat="33.283591" lon="-111.120204">
        <ele>804.0</ele>
      </trkpt>
      <trkpt lat="33.283501" lon="-111.120486">
        <ele>803.8</ele>
      </trkpt>
      <trkpt lat="33.283479" lon="-111.120636">
        <ele>803.6</ele>
      </trkpt>
      <trkpt lat="33.283423" lon="-111.120803">
        <ele>803.4</ele>
      </trkpt>
      <trkpt lat="33.283392" lon="-111.121041">
        <ele>803.4</ele>
      </trkpt>
      <trkpt lat="33.283406" lon="-111.1212">
        <ele>803.2</ele>
      </trkpt>
      <trkpt lat="33.283353" lon="-111.121413">
        <ele>803.2</ele>
      </trkpt>
      <trkpt lat="33.283282" lon="-111.121571">
        <ele>803.2</ele>
      </trkpt>
      <trkpt lat="33.283299" lon="-111.121792">
        <ele>803.2</ele>
      </trkpt>
      <trkpt lat="33.283279" lon="-111.121908">
        <ele>803.0</ele>
      </trkpt>
      <trkpt lat="33.283161" lon="-111.122002">
        <ele>803.0</ele>
      </trkpt>
      <trkpt lat="33.283119" lon="-111.122217">
        <ele>802.8</ele>
      </trkpt>
      <trkpt lat="33.283054" lon="-111.122328">
        <ele>802.6</ele>
      </trkpt>
      <trkpt lat="33.282808" lon="-111.122514">
        <ele>802.0</ele>
      </trkpt>
      <trkpt lat="33.282614" lon="-111.122609">
        <ele>801.4</ele>
      </trkpt>
      <trkpt lat="33.282401" lon="-111.122634">
        <ele>800.8</ele>
      </trkpt>
      <trkpt lat="33.282325" lon="-111.122675">
        <ele>800.6</ele>
      </trkpt>
      <trkpt lat="33.282328" lon="-111.122718">
        <ele>800.4</ele>
      </trkpt>
      <trkpt lat="33.282466" lon="-111.122866">
        <ele>800.8</ele>
      </trkpt>
      <trkpt lat="33.28259" lon="-111.122899">
        <ele>801.2</ele>
      </trkpt>
      <trkpt lat="33.282688" lon="-111.122896">
        <ele>801.6</ele>
      </trkpt>
      <trkpt lat="33.282691" lon="-111.122938">
        <ele>802.2</ele>
      </trkpt>
      <trkpt lat="33.282707" lon="-111.122929">
        <ele>802.8</ele>
      </trkpt>
      <trkpt lat="33.282933" lon="-111.123059">
        <ele>803.0</ele>
      </trkpt>
      <trkpt lat="33.282964" lon="-111.123213">
        <ele>803.2</ele>
      </trkpt>
      <trkpt lat="33.282676" lon="-111.1236">
        <ele>803.4</ele>
      </trkpt>
      <trkpt lat="33.282595" lon="-111.123684">
        <ele>803.4</ele>
      </trkpt>
      <trkpt lat="33.282547" lon="-111.123934">
        <ele>803.2</ele>
      </trkpt>
      <trkpt lat="33.282513" lon="-111.124024">
        <ele>803.4</ele>
      </trkpt>
      <trkpt lat="33.282351" lon="-111.124251">
        <ele>803.4</ele>
      </trkpt>
      <trkpt lat="33.282361" lon="-111.124437">
        <ele>803.4</ele>
      </trkpt>
      <trkpt lat="33.28232" lon="-111.124566">
        <ele>803.2</ele>
      </trkpt>
      <trkpt lat="33.282168" lon="-111.124652">
        <ele>803.2</ele>
      </trkpt>
      <trkpt lat="33.28206" lon="-111.124793">
        <ele>803.0</ele>
      </trkpt>
      <trkpt lat="33.281979" lon="-111.124935">
        <ele>802.8</ele>
      </trkpt>
      <trkpt lat="33.281674" lon="-111.125058">
        <ele>802.4</ele>
      </trkpt>
      <trkpt lat="33.281306" lon="-111.125601">
        <ele>801.8</ele>
      </trkpt>
      <trkpt lat="33.280994" lon="-111.125944">
        <ele>801.0</ele>
      </trkpt>
      <trkpt lat="33.280892" lon="-111.126164">
        <ele>800.0</ele>
      </trkpt>
      <trkpt lat="33.280883" lon="-111.126491">
        <ele>799.0</ele>
      </trkpt>
      <trkpt lat="33.280755" lon="-111.126925">
        <ele>798.0</ele>
      </trkpt>
      <trkpt lat="33.280706" lon="-111.127305">
        <ele>797.2</ele>
      </trkpt>
      <trkpt lat="33.280616" lon="-111.127634">
        <ele>796.4</ele>
      </trkpt>
      <trkpt lat="33.280529" lon="-111.127747">
        <ele>795.6</ele>
      </trkpt>
      <trkpt lat="33.280412" lon="-111.128067">
        <ele>794.8</ele>
      </trkpt>
      <trkpt lat="33.28011" lon="-111.128441">
        <ele>794.2</ele>
      </trkpt>
      <trkpt lat="33.279998" lon="-111.128681">
        <ele>793.6</ele>
      </trkpt>
      <trkpt lat="33.279975" lon="-111.128835">
        <ele>793.0</ele>
      </trkpt>
      <trkpt lat="33.279822" lon="-111.129061">
        <ele>792.6</ele>
      </trkpt>
      <trkpt lat="33.279656" lon="-111.129571">
        <ele>792.2</ele>
      </trkpt>
      <trkpt lat="33.279592" lon="-111.129907">
        <ele>791.6</ele>
      </trkpt>
      <trkpt lat="33.279411" lon="-111.130325">
        <ele>790.6</ele>
      </trkpt>
      <trkpt lat="33.279429" lon="-111.130517">
        <ele>789.6</ele>
      </trkpt>
      <trkpt lat="33.279382" lon="-111.130924">
        <ele>788.6</ele>
      </trkpt>
      <trkpt lat="33.279215" lon="-111.131077">
        <ele>787.6</ele>
      </trkpt>
      <trkpt lat="33.279062" lon="-111.131079">
        <ele>786.4</ele>
      </trkpt>
      <trkpt lat="33.278916" lon="-111.131129">
        <ele>785.2</ele>
      </trkpt>
      <trkpt lat="33.278768" lon="-111.131364">
        <ele>784.2</ele>
      </trkpt>
      <trkpt lat="33.278613" lon="-111.131828">
        <ele>783.0</ele>
      </trkpt>
      <trkpt lat="33.27866" lon="-111.132017">
        <ele>782.0</ele>
      </trkpt>
      <trkpt lat="33.278564" lon="-111.132362">
        <ele>781.2</ele>
      </trkpt>
      <trkpt lat="33.2785" lon="-111.1325">
        <ele>780.8</ele>
      </trkpt>
      <trkpt lat="33.278382" lon="-111.132878">
        <ele>780.4</ele>
      </trkpt>
      <trkpt lat="33.278402" lon="-111.133031">
        <ele>780.2</ele>
      </trkpt>
      <trkpt lat="33.278352" lon="-111.133243">
        <ele>780.0</ele>
      </trkpt>
      <trkpt lat="33.278323" lon="-111.133562">
        <ele>780.0</ele>
      </trkpt>
      <trkpt lat="33.278134" lon="-111.13361">
        <ele>779.6</ele>
      </trkpt>
      <trkpt lat="33.278053" lon="-111.133714">
        <ele>779.2</ele>
      </trkpt>
      <trkpt lat="33.277861" lon="-111.134093">
        <ele>778.6</ele>
      </trkpt>
      <trkpt lat="33.277752" lon="-111.134199">
        <ele>777.8</ele>
      </trkpt>
      <trkpt lat="33.277606" lon="-111.13425">
        <ele>776.4</ele>
      </trkpt>
      <trkpt lat="33.277475" lon="-111.134184">
        <ele>775.2</ele>
      </trkpt>
      <trkpt lat="33.277199" lon="-111.134471">
        <ele>773.8</ele>
      </trkpt>
      <trkpt lat="33.277214" lon="-111.134659">
        <ele>772.4</ele>
      </trkpt>
      <trkpt lat="33.277279" lon="-111.134832">
        <ele>771.2</ele>
      </trkpt>
      <trkpt lat="33.277264" lon="-111.135147">
        <ele>770.2</ele>
      </trkpt>
      <trkpt lat="33.277161" lon="-111.135394">
        <ele>769.4</ele>
      </trkpt>
      <trkpt lat="33.276972" lon="-111.135522">
        <ele>768.8</ele>
      </trkpt>
      <trkpt lat="33.276924" lon="-111.135647">
        <ele>768.4</ele>
      </trkpt>
      <trkpt lat="33.277133" lon="-111.135877">
        <ele>768.0</ele>
      </trkpt>
      <trkpt lat="33.277003" lon="-111.136133">
        <ele>768.0</ele>
      </trkpt>
      <trkpt lat="33.276956" lon="-111.136375">
        <ele>768.0</ele>
      </trkpt>
      <trkpt lat="33.276936" lon="-111.137016">
        <ele>768.0</ele>
      </trkpt>
      <trkpt lat="33.276908" lon="-111.137162">
        <ele>768.0</ele>
      </trkpt>
      <trkpt lat="33.276809" lon="-111.137231">
        <ele>768.0</ele>
      </trkpt>
      <trkpt lat="33.27669" lon="-111.137253">
        <ele>768.0</ele>
      </trkpt>
      <trkpt lat="33.276598" lon="-111.137498">
        <ele>768.0</ele>
      </trkpt>
      <trkpt lat="33.276471" lon="-111.13763">
        <ele>768.0</ele>
      </trkpt>
      <trkpt lat="33.276322" lon="-111.137712">
        <ele>768.0</ele>
      </trkpt>
      <trkpt lat="33.276164" lon="-111.13784">
        <ele>768.0</ele>
      </trkpt>
      <trkpt lat="33.276038" lon="-111.138143">
        <ele>768.0</ele>
      </trkpt>
      <trkpt lat="33.275941" lon="-111.138239">
        <ele>768.2</ele>
      </trkpt>
      <trkpt lat="33.275833" lon="-111.138253">
        <ele>768.4</ele>
      </trkpt>
      <trkpt lat="33.275722" lon="-111.138189">
        <ele>768.6</ele>
      </trkpt>
      <trkpt lat="33.275653" lon="-111.13832">
        <ele>769.0</ele>
      </trkpt>
      <trkpt lat="33.275838" lon="-111.138521">
        <ele>769.2</ele>
      </trkpt>
      <trkpt lat="33.275852" lon="-111.138708">
        <ele>769.2</ele>
      </trkpt>
      <trkpt lat="33.275909" lon="-111.138732">
        <ele>769.0</ele>
      </trkpt>
      <trkpt lat="33.276024" lon="-111.138833">
        <ele>768.8</ele>
      </trkpt>
      <trkpt lat="33.276203" lon="-111.13885">
        <ele>768.6</ele>
      </trkpt>
      <trkpt lat="33.276314" lon="-111.138906">
        <ele>768.6</ele>
      </trkpt>
      <trkpt lat="33.27639" lon="-111.138973">
        <ele>768.4</ele>
      </trkpt>
      <trkpt lat="33.276491" lon="-111.139136">
        <ele>768.4</ele>
      </trkpt>
      <trkpt lat="33.276713" lon="-111.13916">
        <ele>768.4</ele>
      </trkpt>
      <trkpt lat="33.276786" lon="-111.139195">
        <ele>768.2</ele>
      </trkpt>
      <trkpt lat="33.276966" lon="-111.139407">
        <ele>768.2</ele>
      </trkpt>
      <trkpt lat="33.276878" lon="-111.139432">
        <ele>769.6</ele>
      </trkpt>
      <trkpt lat="33.276727" lon="-111.139401">
        <ele>772.6</ele>
      </trkpt>
      <trkpt lat="33.276344" lon="-111.139446">
        <ele>777.6</ele>
      </trkpt>
      <trkpt lat="33.276003" lon="-111.139439">
        <ele>784.0</ele>
      </trkpt>
      <trkpt lat="33.275354" lon="-111.139575">
        <ele>790.6</ele>
      </trkpt>
      <trkpt lat="33.275067" lon="-111.139578">
        <ele>797.0</ele>
      </trkpt>
      <trkpt lat="33.274889" lon="-111.139503">
        <ele>802.4</ele>
      </trkpt>
      <trkpt lat="33.274684" lon="-111.139332">
        <ele>805.0</ele>
      </trkpt>
      <trkpt lat="33.274428" lon="-111.139194">
        <ele>806.8</ele>
      </trkpt>
      <trkpt lat="33.273947" lon="-111.138789">
        <ele>807.6</ele>
      </trkpt>
      <trkpt lat="33.273294" lon="-111.138668">
        <ele>808.2</ele>
      </trkpt>
      <trkpt lat="33.273131" lon="-111.138698">
        <ele>808.8</ele>
      </trkpt>
      <trkpt lat="33.272748" lon="-111.138836">
        <ele>811.0</ele>
      </trkpt>
      <trkpt lat="33.272385" lon="-111.138818">
        <ele>813.0</ele>
      </trkpt>
      <trkpt lat="33.272108" lon="-111.138871">
        <ele>815.4</ele>
      </trkpt>
      <trkpt lat="33.271647" lon="-111.138807">
        <ele>817.0</ele>
      </trkpt>
      <trkpt lat="33.271523" lon="-111.138718">
        <ele>818.0</ele>
      </trkpt>
      <trkpt lat="33.271448" lon="-111.138709">
        <ele>818.2</ele>
      </trkpt>
      <trkpt lat="33.27142" lon="-111.138655">
        <ele>818.0</ele>
      </trkpt>
      <trkpt lat="33.271355" lon="-111.138617">
        <ele>818.0</ele>
      </trkpt>
      <trkpt lat="33.271278" lon="-111.138684">
        <ele>817.6</ele>
      </trkpt>
      <trkpt lat="33.271016" lon="-111.13874">
        <ele>816.6</ele>
      </trkpt>
      <trkpt lat="33.270933" lon="-111.138805">
        <ele>815.4</ele>
      </trkpt>
      <trkpt lat="33.270795" lon="-111.138752">
        <ele>813.4</ele>
      </trkpt>
      <trkpt lat="33.270755" lon="-111.138771">
        <ele>811.4</ele>
      </trkpt>
      <trkpt lat="33.270637" lon="-111.138699">
        <ele>811.0</ele>
      </trkpt>
      <trkpt lat="33.270654" lon="-111.138669">
        <ele>811.2</ele>
      </trkpt>
      <trkpt lat="33.270719" lon="-111.138708">
        <ele>811.6</ele>
      </trkpt>
      <trkpt lat="33.270941" lon="-111.138602">
        <ele>812.6</ele>
      </trkpt>
      <trkpt lat="33.270986" lon="-111.138479">
        <ele>814.2</ele>
      </trkpt>
      <trkpt lat="33.270924" lon="-111.138343">
        <ele>813.6</ele>
      </trkpt>
      <trkpt lat="33.270859" lon="-111.138295">
        <ele>813.0</ele>
      </trkpt>
      <trkpt lat="33.270812" lon="-111.138337">
        <ele>812.0</ele>
      </trkpt>
      <trkpt lat="33.270842" lon="-111.138448">
        <ele>811.0</ele>
      </trkpt>
      <trkpt lat="33.270791" lon="-111.138527">
        <ele>808.8</ele>
      </trkpt>
      <trkpt lat="33.270749" lon="-111.138525">
        <ele>807.2</ele>
      </trkpt>
      <trkpt lat="33.270538" lon="-111.138365">
        <ele>805.4</ele>
      </trkpt>
      <trkpt lat="33.270358" lon="-111.138374">
        <ele>804.2</ele>
      </trkpt>
      <trkpt lat="33.270316" lon="-111.138428">
        <ele>803.2</ele>
      </trkpt>
      <trkpt lat="33.270333" lon="-111.138479">
        <ele>802.4</ele>
      </trkpt>
      <trkpt lat="33.270311" lon="-111.138537">
        <ele>801.6</ele>
      </trkpt>
      <trkpt lat="33.270215" lon="-111.138553">
        <ele>801.6</ele>
      </trkpt>
      <trkpt lat="33.270102" lon="-111.138419">
        <ele>801.4</ele>
      </trkpt>
      <trkpt lat="33.269922" lon="-111.138058">
        <ele>800.4</ele>
      </trkpt>
      <trkpt lat="33.269823" lon="-111.137999">
        <ele>800.0</ele>
      </trkpt>
      <trkpt lat="33.269616" lon="-111.137978">
        <ele>799.0</ele>
      </trkpt>
      <trkpt lat="33.269455" lon="-111.137882">
        <ele>797.6</ele>
      </trkpt>
      <trkpt lat="33.269228" lon="-111.137819">
        <ele>797.2</ele>
      </trkpt>
      <trkpt lat="33.26916" lon="-111.137764">
        <ele>797.4</ele>
      </trkpt>
      <trkpt lat="33.269153" lon="-111.137642">
        <ele>797.6</ele>
      </trkpt>
      <trkpt lat="33.269081" lon="-111.137483">
        <ele>797.8</ele>
      </trkpt>
      <trkpt lat="33.26888" lon="-111.137315">
        <ele>797.4</ele>
      </trkpt>
      <trkpt lat="33.268712" lon="-111.137325">
        <ele>796.0</ele>
      </trkpt>
      <trkpt lat="33.268653" lon="-111.13742">
        <ele>794.4</ele>
      </trkpt>
      <trkpt lat="33.268785" lon="-111.137571">
        <ele>792.2</ele>
      </trkpt>
      <trkpt lat="33.268797" lon="-111.137691">
        <ele>790.8</ele>
      </trkpt>
      <trkpt lat="33.268729" lon="-111.137764">
        <ele>789.6</ele>
      </trkpt>
      <trkpt lat="33.268576" lon="-111.137789">
        <ele>787.8</ele>
      </trkpt>
      <trkpt lat="33.268521" lon="-111.137911">
        <ele>786.2</ele>
      </trkpt>
      <trkpt lat="33.268558" lon="-111.138134">
        <ele>785.0</ele>
      </trkpt>
      <trkpt lat="33.268549" lon="-111.13826">
        <ele>783.8</ele>
      </trkpt>
      <trkpt lat="33.268492" lon="-111.138348">
        <ele>782.4</ele>
      </trkpt>
      <trkpt lat="33.268405" lon="-111.138408">
        <ele>781.4</ele>
      </trkpt>
      <trkpt lat="33.268265" lon="-111.138608">
        <ele>780.4</ele>
      </trkpt>
      <trkpt lat="33.268196" lon="-111.138824">
        <ele>779.4</ele>
      </trkpt>
      <trkpt lat="33.268219" lon="-111.13891">
        <ele>778.2</ele>
      </trkpt>
      <trkpt lat="33.268134" lon="-111.139178">
        <ele>777.8</ele>
      </trkpt>
      <trkpt lat="33.268008" lon="-111.139445">
        <ele>777.0</ele>
      </trkpt>
      <trkpt lat="33.267812" lon="-111.139568">
        <ele>777.0</ele>
      </trkpt>
      <trkpt lat="33.267626" lon="-111.140009">
        <ele>775.2</ele>
      </trkpt>
      <trkpt lat="33.267369" lon="-111.140259">
        <ele>774.0</ele>
      </trkpt>
      <trkpt lat="33.267286" lon="-111.140642">
        <ele>772.0</ele>
      </trkpt>
      <trkpt lat="33.267291" lon="-111.140723">
        <ele>770.6</ele>
      </trkpt>
      <trkpt lat="33.267449" lon="-111.140828">
        <ele>768.6</ele>
      </trkpt>
      <trkpt lat="33.267522" lon="-111.140725">
        <ele>768.4</ele>
      </trkpt>
      <trkpt lat="33.267713" lon="-111.140903">
        <ele>768.8</ele>
      </trkpt>
      <trkpt lat="33.267764" lon="-111.141015">
        <ele>769.2</ele>
      </trkpt>
      <trkpt lat="33.26797" lon="-111.141212">
        <ele>769.2</ele>
      </trkpt>
      <trkpt lat="33.268195" lon="-111.141532">
        <ele>769.0</ele>
      </trkpt>
      <trkpt lat="33.268234" lon="-111.141665">
        <ele>769.2</ele>
      </trkpt>
      <trkpt lat="33.268374" lon="-111.141828">
        <ele>768.2</ele>
      </trkpt>
      <trkpt lat="33.26845" lon="-111.142027">
        <ele>767.6</ele>
      </trkpt>
      <trkpt lat="33.268527" lon="-111.14212">
        <ele>767.6</ele>
      </trkpt>
      <trkpt lat="33.268535" lon="-111.142181">
        <ele>767.6</ele>
      </trkpt>
      <trkpt lat="33.268453" lon="-111.142229">
        <ele>767.2</ele>
      </trkpt>
      <trkpt lat="33.268424" lon="-111.142301">
        <ele>767.2</ele>
      </trkpt>
      <trkpt lat="33.268442" lon="-111.142373">
        <ele>767.6</ele>
      </trkpt>
      <trkpt lat="33.268428" lon="-111.142472">
        <ele>769.0</ele>
      </trkpt>
      <trkpt lat="33.268451" lon="-111.142613">
        <ele>771.4</ele>
      </trkpt>
      <trkpt lat="33.268498" lon="-111.142724">
        <ele>773.6</ele>
      </trkpt>
      <trkpt lat="33.268504" lon="-111.142828">
        <ele>776.2</ele>
      </trkpt>
      <trkpt lat="33.268442" lon="-111.142967">
        <ele>776.8</ele>
      </trkpt>
      <trkpt lat="33.268473" lon="-111.143232">
        <ele>775.2</ele>
      </trkpt>
      <trkpt lat="33.268594" lon="-111.143258">
        <ele>772.8</ele>
      </trkpt>
      <trkpt lat="33.268667" lon="-111.144002">
        <ele>770.6</ele>
      </trkpt>
      <trkpt lat="33.268745" lon="-111.144072">
        <ele>768.0</ele>
      </trkpt>
      <trkpt lat="33.268766" lon="-111.144297">
        <ele>766.8</ele>
      </trkpt>
      <trkpt lat="33.268862" lon="-111.144628">
        <ele>766.6</ele>
      </trkpt>
      <trkpt lat="33.268864" lon="-111.144816">
        <ele>766.4</ele>
      </trkpt>
      <trkpt lat="33.268832" lon="-111.144989">
        <ele>766.2</ele>
      </trkpt>
      <trkpt lat="33.268845" lon="-111.145143">
        <ele>765.4</ele>
      </trkpt>
      <trkpt lat="33.268769" lon="-111.145327">
        <ele>764.4</ele>
      </trkpt>
      <trkpt lat="33.268804" lon="-111.145778">
        <ele>762.8</ele>
      </trkpt>
      <trkpt lat="33.268801" lon="-111.146078">
        <ele>761.2</ele>
      </trkpt>
      <trkpt lat="33.268707" lon="-111.146433">
        <ele>759.0</ele>
      </trkpt>
      <trkpt lat="33.268628" lon="-111.146584">
        <ele>757.4</ele>
      </trkpt>
      <trkpt lat="33.268521" lon="-111.147228">
        <ele>756.2</ele>
      </trkpt>
      <trkpt lat="33.2685" lon="-111.147504">
        <ele>755.8</ele>
      </trkpt>
      <trkpt lat="33.268541" lon="-111.147784">
        <ele>755.6</ele>
      </trkpt>
      <trkpt lat="33.268552" lon="-111.148121">
        <ele>756.8</ele>
      </trkpt>
      <trkpt lat="33.268514" lon="-111.148205">
        <ele>757.0</ele>
      </trkpt>
      <trkpt lat="33.26849" lon="-111.148446">
        <ele>757.2</ele>
      </trkpt>
      <trkpt lat="33.268704" lon="-111.148802">
        <ele>757.4</ele>
      </trkpt>
      <trkpt lat="33.268763" lon="-111.148965">
        <ele>756.8</ele>
      </trkpt>
      <trkpt lat="33.268771" lon="-111.149348">
        <ele>755.6</ele>
      </trkpt>
      <trkpt lat="33.268945" lon="-111.149816">
        <ele>755.2</ele>
      </trkpt>
      <trkpt lat="33.268974" lon="-111.149984">
        <ele>754.8</ele>
      </trkpt>
      <trkpt lat="33.269146" lon="-111.150406">
        <ele>754.2</ele>
      </trkpt>
      <trkpt lat="33.269194" lon="-111.150406">
        <ele>754.4</ele>
      </trkpt>
      <trkpt lat="33.269219" lon="-111.15037">
        <ele>754.4</ele>
      </trkpt>
      <trkpt lat="33.269326" lon="-111.150357">
        <ele>754.6</ele>
      </trkpt>
      <trkpt lat="33.269469" lon="-111.15055">
        <ele>754.8</ele>
      </trkpt>
      <trkpt lat="33.269561" lon="-111.150617">
        <ele>755.0</ele>
      </trkpt>
      <trkpt lat="33.269664" lon="-111.150781">
        <ele>755.0</ele>
      </trkpt>
      <trkpt lat="33.26981" lon="-111.150907">
        <ele>755.0</ele>
      </trkpt>
      <trkpt lat="33.270043" lon="-111.151174">
        <ele>755.0</ele>
      </trkpt>
      <trkpt lat="33.270001" lon="-111.15137">
        <ele>754.8</ele>
      </trkpt>
      <trkpt lat="33.270012" lon="-111.151486">
        <ele>754.8</ele>
      </trkpt>
      <trkpt lat="33.27021" lon="-111.151618">
        <ele>754.6</ele>
      </trkpt>
      <trkpt lat="33.270377" lon="-111.15194">
        <ele>754.6</ele>
      </trkpt>
      <trkpt lat="33.270418" lon="-111.152192">
        <ele>754.6</ele>
      </trkpt>
      <trkpt lat="33.270484" lon="-111.152393">
        <ele>754.8</ele>
      </trkpt>
      <trkpt lat="33.270507" lon="-111.152583">
        <ele>754.8</ele>
      </trkpt>
      <trkpt lat="33.270587" lon="-111.152697">
        <ele>755.0</ele>
      </trkpt>
      <trkpt lat="33.270767" lon="-111.152821">
        <ele>755.0</ele>
      </trkpt>
      <trkpt lat="33.270877" lon="-111.153144">
        <ele>755.0</ele>
      </trkpt>
      <trkpt lat="33.270874" lon="-111.153262">
        <ele>755.0</ele>
      </trkpt>
      <trkpt lat="33.270952" lon="-111.153349">
        <ele>755.0</ele>
      </trkpt>
      <trkpt lat="33.270958" lon="-111.153758">
        <ele>755.0</ele>
      </trkpt>
      <trkpt lat="33.271042" lon="-111.154245">
        <ele>755.0</ele>
      </trkpt>
      <trkpt lat="33.271268" lon="-111.154397">
        <ele>755.0</ele>
      </trkpt>
      <trkpt lat="33.271543" lon="-111.154441">
        <ele>754.8</ele>
      </trkpt>
      <trkpt lat="33.271787" lon="-111.15483">
        <ele>754.2</ele>
      </trkpt>
      <trkpt lat="33.272086" lon="-111.15503">
        <ele>753.0</ele>
      </trkpt>
      <trkpt lat="33.272353" lon="-111.15536">
        <ele>751.2</ele>
      </trkpt>
      <trkpt lat="33.272725" lon="-111.155499">
        <ele>749.2</ele>
      </trkpt>
      <trkpt lat="33.272894" lon="-111.155688">
        <ele>747.0</ele>
      </trkpt>
      <trkpt lat="33.273378" lon="-111.155975">
        <ele>745.0</ele>
      </trkpt>
      <trkpt lat="33.273421" lon="-111.156203">
        <ele>744.6</ele>
      </trkpt>
      <trkpt lat="33.273736" lon="-111.156571">
        <ele>744.2</ele>
      </trkpt>
      <trkpt lat="33.273688" lon="-111.156837">
        <ele>744.6</ele>
      </trkpt>
      <trkpt lat="33.273788" lon="-111.15727">
        <ele>744.4</ele>
      </trkpt>
      <trkpt lat="33.273812" lon="-111.157635">
        <ele>745.8</ele>
      </trkpt>
      <trkpt lat="33.273925" lon="-111.157892">
        <ele>746.0</ele>
      </trkpt>
      <trkpt lat="33.273995" lon="-111.158314">
        <ele>745.4</ele>
      </trkpt>
      <trkpt lat="33.273987" lon="-111.158478">
        <ele>743.8</ele>
      </trkpt>
      <trkpt lat="33.273881" lon="-111.158927">
        <ele>743.4</ele>
      </trkpt>
      <trkpt lat="33.273763" lon="-111.159122">
        <ele>741.2</ele>
      </trkpt>
      <trkpt lat="33.272948" lon="-111.159819">
        <ele>739.4</ele>
      </trkpt>
      <trkpt lat="33.272939" lon="-111.159966">
        <ele>739.0</ele>
      </trkpt>
      <trkpt lat="33.272792" lon="-111.160141">
        <ele>738.8</ele>
      </trkpt>
      <trkpt lat="33.272512" lon="-111.160371">
        <ele>738.4</ele>
      </trkpt>
      <trkpt lat="33.272492" lon="-111.160504">
        <ele>738.4</ele>
      </trkpt>
      <trkpt lat="33.272601" lon="-111.16056">
        <ele>738.2</ele>
      </trkpt>
      <trkpt lat="33.272672" lon="-111.16054">
        <ele>738.0</ele>
      </trkpt>
      <trkpt lat="33.272696" lon="-111.160586">
        <ele>738.0</ele>
      </trkpt>
      <trkpt lat="33.272665" lon="-111.160719">
        <ele>738.0</ele>
      </trkpt>
      <trkpt lat="33.272727" lon="-111.160913">
        <ele>738.0</ele>
      </trkpt>
      <trkpt lat="33.272681" lon="-111.161096">
        <ele>738.2</ele>
      </trkpt>
      <trkpt lat="33.272534" lon="-111.16145">
        <ele>738.2</ele>
      </trkpt>
      <trkpt lat="33.272484" lon="-111.161654">
        <ele>738.0</ele>
      </trkpt>
      <trkpt lat="33.272536" lon="-111.162201">
        <ele>737.4</ele>
      </trkpt>
      <trkpt lat="33.272531" lon="-111.162363">
        <ele>736.2</ele>
      </trkpt>
      <trkpt lat="33.272478" lon="-111.16257">
        <ele>734.6</ele>
      </trkpt>
      <trkpt lat="33.272489" lon="-111.162806">
        <ele>733.4</ele>
      </trkpt>
      <trkpt lat="33.27256" lon="-111.162965">
        <ele>732.2</ele>
      </trkpt>
      <trkpt lat="33.272678" lon="-111.163038">
        <ele>731.4</ele>
      </trkpt>
      <trkpt lat="33.273017" lon="-111.163416">
        <ele>731.2</ele>
      </trkpt>
      <trkpt lat="33.273356" lon="-111.163905">
        <ele>731.0</ele>
      </trkpt>
      <trkpt lat="33.273522" lon="-111.164086">
        <ele>730.6</ele>
      </trkpt>
      <trkpt lat="33.273546" lon="-111.164236">
        <ele>730.4</ele>
      </trkpt>
      <trkpt lat="33.273652" lon="-111.164389">
        <ele>730.4</ele>
      </trkpt>
      <trkpt lat="33.273649" lon="-111.16458">
        <ele>730.4</ele>
      </trkpt>
      <trkpt lat="33.273398" lon="-111.164971">
        <ele>730.6</ele>
      </trkpt>
      <trkpt lat="33.273401" lon="-111.165138">
        <ele>730.8</ele>
      </trkpt>
      <trkpt lat="33.273358" lon="-111.165308">
        <ele>731.2</ele>
      </trkpt>
      <trkpt lat="33.273244" lon="-111.16546">
        <ele>731.6</ele>
      </trkpt>
      <trkpt lat="33.273196" lon="-111.16586">
        <ele>731.8</ele>
      </trkpt>
      <trkpt lat="33.273238" lon="-111.166261">
        <ele>731.8</ele>
      </trkpt>
      <trkpt lat="33.273297" lon="-111.166359">
        <ele>732.4</ele>
      </trkpt>
      <trkpt lat="33.27329" lon="-111.166576">
        <ele>732.2</ele>
      </trkpt>
      <trkpt lat="33.273187" lon="-111.166877">
        <ele>731.8</ele>
      </trkpt>
      <trkpt lat="33.273223" lon="-111.167302">
        <ele>731.6</ele>
      </trkpt>
      <trkpt lat="33.273199" lon="-111.167463">
        <ele>731.6</ele>
      </trkpt>
      <trkpt lat="33.273099" lon="-111.167663">
        <ele>731.0</ele>
      </trkpt>
      <trkpt lat="33.27304" lon="-111.167873">
        <ele>731.2</ele>
      </trkpt>
      <trkpt lat="33.273021" lon="-111.168052">
        <ele>731.6</ele>
      </trkpt>
      <trkpt lat="33.273035" lon="-111.168572">
        <ele>732.0</ele>
      </trkpt>
      <trkpt lat="33.272956" lon="-111.168758">
        <ele>732.2</ele>
      </trkpt>
      <trkpt lat="33.272799" lon="-111.168884">
        <ele>732.4</ele>
      </trkpt>
      <trkpt lat="33.272737" lon="-111.168973">
        <ele>732.0</ele>
      </trkpt>
      <trkpt lat="33.272604" lon="-111.169075">
        <ele>731.8</ele>
      </trkpt>
      <trkpt lat="33.272159" lon="-111.169679">
        <ele>733.4</ele>
      </trkpt>
      <trkpt lat="33.27162" lon="-111.169831">
        <ele>735.6</ele>
      </trkpt>
      <trkpt lat="33.270966" lon="-111.170155">
        <ele>737.4</ele>
      </trkpt>
      <trkpt lat="33.270823" lon="-111.170175">
        <ele>739.6</ele>
      </trkpt>
      <trkpt lat="33.270707" lon="-111.170316">
        <ele>741.6</ele>
      </trkpt>
      <trkpt lat="33.270646" lon="-111.17085">
        <ele>742.0</ele>
      </trkpt>
      <trkpt lat="33.27057" lon="-111.170821">
        <ele>742.0</ele>
      </trkpt>
      <trkpt lat="33.270574" lon="-111.170527">
        <ele>742.6</ele>
      </trkpt>
      <trkpt lat="33.270432" lon="-111.17047">
        <ele>743.6</ele>
      </trkpt>
      <trkpt lat="33.270348" lon="-111.170508">
        <ele>744.4</ele>
      </trkpt>
      <trkpt lat="33.270176" lon="-111.17077">
        <ele>745.2</ele>
      </trkpt>
      <trkpt lat="33.270024" lon="-111.171209">
        <ele>745.6</ele>
      </trkpt>
      <trkpt lat="33.270038" lon="-111.171289">
        <ele>746.0</ele>
      </trkpt>
      <trkpt lat="33.270152" lon="-111.171343">
        <ele>745.8</ele>
      </trkpt>
      <trkpt lat="33.270207" lon="-111.171326">
        <ele>745.2</ele>
      </trkpt>
      <trkpt lat="33.270252" lon="-111.171408">
        <ele>745.0</ele>
      </trkpt>
      <trkpt lat="33.270161" lon="-111.171647">
        <ele>746.4</ele>
      </trkpt>
      <trkpt lat="33.26992" lon="-111.171892">
        <ele>747.6</ele>
      </trkpt>
      <trkpt lat="33.269751" lon="-111.172265">
        <ele>749.4</ele>
      </trkpt>
      <trkpt lat="33.269668" lon="-111.172313">
        <ele>752.4</ele>
      </trkpt>
      <trkpt lat="33.269359" lon="-111.172666">
        <ele>754.6</ele>
      </trkpt>
      <trkpt lat="33.269441" lon="-111.172913">
        <ele>755.4</ele>
      </trkpt>
      <trkpt lat="33.269438" lon="-111.173049">
        <ele>756.4</ele>
      </trkpt>
      <trkpt lat="33.269577" lon="-111.173309">
        <ele>756.4</ele>
      </trkpt>
      <trkpt lat="33.269734" lon="-111.173404">
        <ele>755.6</ele>
      </trkpt>
      <trkpt lat="33.26983" lon="-111.173532">
        <ele>754.6</ele>
      </trkpt>
      <trkpt lat="33.269927" lon="-111.173596">
        <ele>753.2</ele>
      </trkpt>
      <trkpt lat="33.270077" lon="-111.173794">
        <ele>751.2</ele>
      </trkpt>
      <trkpt lat="33.270102" lon="-111.173898">
        <ele>747.8</ele>
      </trkpt>
      <trkpt lat="33.270336" lon="-111.174123">
        <ele>743.8</ele>
      </trkpt>
      <trkpt lat="33.2704" lon="-111.174325">
        <ele>740.2</ele>
      </trkpt>
      <trkpt lat="33.270508" lon="-111.174479">
        <ele>737.4</ele>
      </trkpt>
      <trkpt lat="33.270277" lon="-111.174401">
        <ele>734.6</ele>
      </trkpt>
      <trkpt lat="33.270229" lon="-111.17434">
        <ele>733.8</ele>
      </trkpt>
      <trkpt lat="33.27012" lon="-111.17436">
        <ele>733.0</ele>
      </trkpt>
      <trkpt lat="33.269979" lon="-111.17429">
        <ele>732.6</ele>
      </trkpt>
      <trkpt lat="33.269699" lon="-111.174321">
        <ele>734.0</ele>
      </trkpt>
      <trkpt lat="33.26953" lon="-111.17417">
        <ele>735.8</ele>
      </trkpt>
      <trkpt lat="33.269364" lon="-111.17379">
        <ele>737.2</ele>
      </trkpt>
      <trkpt lat="33.26924" lon="-111.17387">
        <ele>739.6</ele>
      </trkpt>
      <trkpt lat="33.26919" lon="-111.17402">
        <ele>741.8</ele>
      </trkpt>
      <trkpt lat="33.269019" lon="-111.17426">
        <ele>742.4</ele>
      </trkpt>
      <trkpt lat="33.268929" lon="-111.17431">
        <ele>742.8</ele>
      </trkpt>
      <trkpt lat="33.26865" lon="-111.17425">
        <ele>743.8</ele>
      </trkpt>
      <trkpt lat="33.2686" lon="-111.17418">
        <ele>744.0</ele>
      </trkpt>
      <trkpt lat="33.26859" lon="-111.17404">
        <ele>744.0</ele>
      </trkpt>
      <trkpt lat="33.26852" lon="-111.17395">
        <ele>744.4</ele>
      </trkpt>
      <trkpt lat="33.26842" lon="-111.17397">
        <ele>745.4</ele>
      </trkpt>
      <trkpt lat="33.26833" lon="-111.17392">
        <ele>745.4</ele>
      </trkpt>
      <trkpt lat="33.268259" lon="-111.17394">
        <ele>746.2</ele>
      </trkpt>
      <trkpt lat="33.268104" lon="-111.174192">
        <ele>747.0</ele>
      </trkpt>
      <trkpt lat="33.26777" lon="-111.17422">
        <ele>746.2</ele>
      </trkpt>
      <trkpt lat="33.26758" lon="-111.17417">
        <ele>744.8</ele>
      </trkpt>
      <trkpt lat="33.26741" lon="-111.17426">
        <ele>744.4</ele>
      </trkpt>
      <trkpt lat="33.26715" lon="-111.17429">
        <ele>743.8</ele>
      </trkpt>
      <trkpt lat="33.26703" lon="-111.17417">
        <ele>743.2</ele>
      </trkpt>
      <trkpt lat="33.266987" lon="-111.174074">
        <ele>743.6</ele>
      </trkpt>
      <trkpt lat="33.266889" lon="-111.17399">
        <ele>744.0</ele>
      </trkpt>
      <trkpt lat="33.266779" lon="-111.17402">
        <ele>744.2</ele>
      </trkpt>
      <trkpt lat="33.266689" lon="-111.17413">
        <ele>744.6</ele>
      </trkpt>
      <trkpt lat="33.266579" lon="-111.17421">
        <ele>745.6</ele>
      </trkpt>
      <trkpt lat="33.26646" lon="-111.1742">
        <ele>746.4</ele>
      </trkpt>
      <trkpt lat="33.26625" lon="-111.17408">
        <ele>746.8</ele>
      </trkpt>
      <trkpt lat="33.266019" lon="-111.17415">
        <ele>747.0</ele>
      </trkpt>
      <trkpt lat="33.265949" lon="-111.17431">
        <ele>747.0</ele>
      </trkpt>
      <trkpt lat="33.26586" lon="-111.17435">
        <ele>746.4</ele>
      </trkpt>
      <trkpt lat="33.26569" lon="-111.17425">
        <ele>745.6</ele>
      </trkpt>
      <trkpt lat="33.26536" lon="-111.17412">
        <ele>745.6</ele>
      </trkpt>
      <trkpt lat="33.26536" lon="-111.17419">
        <ele>746.0</ele>
      </trkpt>
      <trkpt lat="33.265479" lon="-111.17455">
        <ele>747.4</ele>
      </trkpt>
      <trkpt lat="33.26543" lon="-111.17466">
        <ele>749.2</ele>
      </trkpt>
      <trkpt lat="33.26516" lon="-111.17476">
        <ele>751.4</ele>
      </trkpt>
      <trkpt lat="33.26506" lon="-111.17474">
        <ele>754.0</ele>
      </trkpt>
      <trkpt lat="33.26496" lon="-111.17468">
        <ele>756.4</ele>
      </trkpt>
      <trkpt lat="33.26451" lon="-111.17485">
        <ele>758.6</ele>
      </trkpt>
      <trkpt lat="33.26442" lon="-111.17479">
        <ele>759.0</ele>
      </trkpt>
      <trkpt lat="33.26431" lon="-111.17447">
        <ele>759.2</ele>
      </trkpt>
      <trkpt lat="33.26422" lon="-111.17435">
        <ele>759.8</ele>
      </trkpt>
      <trkpt lat="33.2642" lon="-111.17408">
        <ele>760.4</ele>
      </trkpt>
      <trkpt lat="33.26393" lon="-111.1738">
        <ele>759.2</ele>
      </trkpt>
      <trkpt lat="33.2639" lon="-111.17385">
        <ele>759.6</ele>
      </trkpt>
      <trkpt lat="33.26395" lon="-111.17402">
        <ele>759.6</ele>
      </trkpt>
      <trkpt lat="33.26389" lon="-111.17422">
        <ele>759.8</ele>
      </trkpt>
      <trkpt lat="33.26382" lon="-111.17432">
        <ele>760.6</ele>
      </trkpt>
      <trkpt lat="33.26377" lon="-111.17449">
        <ele>762.4</ele>
      </trkpt>
      <trkpt lat="33.263689" lon="-111.17457">
        <ele>764.2</ele>
      </trkpt>
      <trkpt lat="33.263599" lon="-111.17452">
        <ele>766.6</ele>
      </trkpt>
      <trkpt lat="33.26356" lon="-111.17446">
        <ele>767.4</ele>
      </trkpt>
      <trkpt lat="33.26344" lon="-111.17439">
        <ele>767.6</ele>
      </trkpt>
      <trkpt lat="33.263199" lon="-111.17465">
        <ele>767.6</ele>
      </trkpt>
      <trkpt lat="33.263039" lon="-111.17464">
        <ele>767.2</ele>
      </trkpt>
      <trkpt lat="33.262949" lon="-111.17471">
        <ele>766.8</ele>
      </trkpt>
      <trkpt lat="33.26278" lon="-111.17501">
        <ele>767.2</ele>
      </trkpt>
      <trkpt lat="33.26252" lon="-111.17525">
        <ele>767.6</ele>
      </trkpt>
      <trkpt lat="33.262459" lon="-111.17514">
        <ele>768.2</ele>
      </trkpt>
      <trkpt lat="33.262459" lon="-111.17471">
        <ele>769.2</ele>
      </trkpt>
      <trkpt lat="33.26243" lon="-111.1745">
        <ele>770.2</ele>
      </trkpt>
      <trkpt lat="33.2623" lon="-111.17437">
        <ele>771.0</ele>
      </trkpt>
      <trkpt lat="33.26225" lon="-111.17428">
        <ele>771.6</ele>
      </trkpt>
      <trkpt lat="33.26194" lon="-111.17396">
        <ele>771.8</ele>
      </trkpt>
      <trkpt lat="33.26185" lon="-111.174">
        <ele>771.8</ele>
      </trkpt>
      <trkpt lat="33.261719" lon="-111.174">
        <ele>771.4</ele>
      </trkpt>
      <trkpt lat="33.26157" lon="-111.17392">
        <ele>771.0</ele>
      </trkpt>
      <trkpt lat="33.26136" lon="-111.17389">
        <ele>770.6</ele>
      </trkpt>
      <trkpt lat="33.26119" lon="-111.17375">
        <ele>771.0</ele>
      </trkpt>
      <trkpt lat="33.261" lon="-111.17375">
        <ele>771.6</ele>
      </trkpt>
      <trkpt lat="33.26082" lon="-111.1734">
        <ele>772.4</ele>
      </trkpt>
      <trkpt lat="33.260579" lon="-111.17331">
        <ele>772.2</ele>
      </trkpt>
      <trkpt lat="33.260559" lon="-111.17333">
        <ele>771.8</ele>
      </trkpt>
      <trkpt lat="33.26055" lon="-111.17349">
        <ele>770.8</ele>
      </trkpt>
      <trkpt lat="33.26044" lon="-111.1739">
        <ele>770.0</ele>
      </trkpt>
      <trkpt lat="33.26037" lon="-111.1739">
        <ele>771.2</ele>
      </trkpt>
      <trkpt lat="33.26027" lon="-111.17371">
        <ele>773.0</ele>
      </trkpt>
      <trkpt lat="33.26027" lon="-111.17323">
        <ele>775.8</ele>
      </trkpt>
      <trkpt lat="33.260019" lon="-111.1733">
        <ele>778.8</ele>
      </trkpt>
      <trkpt lat="33.25992" lon="-111.1732">
        <ele>782.0</ele>
      </trkpt>
      <trkpt lat="33.25989" lon="-111.1731">
        <ele>784.6</ele>
      </trkpt>
      <trkpt lat="33.2598" lon="-111.173">
        <ele>787.6</ele>
      </trkpt>
      <trkpt lat="33.259549" lon="-111.17257">
        <ele>789.8</ele>
      </trkpt>
      <trkpt lat="33.259549" lon="-111.17247">
        <ele>792.2</ele>
      </trkpt>
      <trkpt lat="33.259659" lon="-111.17226">
        <ele>794.4</ele>
      </trkpt>
      <trkpt lat="33.259639" lon="-111.17201">
        <ele>796.6</ele>
      </trkpt>
      <trkpt lat="33.2596" lon="-111.1719">
        <ele>798.8</ele>
      </trkpt>
      <trkpt lat="33.25954" lon="-111.17152">
        <ele>801.4</ele>
      </trkpt>
      <trkpt lat="33.259659" lon="-111.17109">
        <ele>804.0</ele>
      </trkpt>
      <trkpt lat="33.25968" lon="-111.17083">
        <ele>806.8</ele>
      </trkpt>
      <trkpt lat="33.259659" lon="-111.17056">
        <ele>808.0</ele>
      </trkpt>
      <trkpt lat="33.25963" lon="-111.17056">
        <ele>809.0</ele>
      </trkpt>
      <trkpt lat="33.259569" lon="-111.17063">
        <ele>810.0</ele>
      </trkpt>
      <trkpt lat="33.25951" lon="-111.17056">
        <ele>811.2</ele>
      </trkpt>
      <trkpt lat="33.25952" lon="-111.17052">
        <ele>812.0</ele>
      </trkpt>
      <trkpt lat="33.25948" lon="-111.17043">
        <ele>813.6</ele>
      </trkpt>
      <trkpt lat="33.25939" lon="-111.17037">
        <ele>815.0</ele>
      </trkpt>
      <trkpt lat="33.25931" lon="-111.17036">
        <ele>816.2</ele>
      </trkpt>
      <trkpt lat="33.25925" lon="-111.17041">
        <ele>817.0</ele>
      </trkpt>
      <trkpt lat="33.259099" lon="-111.17045">
        <ele>817.0</ele>
      </trkpt>
      <trkpt lat="33.258989" lon="-111.17044">
        <ele>815.8</ele>
      </trkpt>
      <trkpt lat="33.258719" lon="-111.17083">
        <ele>814.6</ele>
      </trkpt>
      <trkpt lat="33.258629" lon="-111.17089">
        <ele>814.2</ele>
      </trkpt>
      <trkpt lat="33.25855" lon="-111.1708">
        <ele>813.2</ele>
      </trkpt>
      <trkpt lat="33.25847" lon="-111.17051">
        <ele>813.2</ele>
      </trkpt>
      <trkpt lat="33.258319" lon="-111.17053">
        <ele>813.8</ele>
      </trkpt>
      <trkpt lat="33.2583" lon="-111.17047">
        <ele>814.8</ele>
      </trkpt>
      <trkpt lat="33.258339" lon="-111.17041">
        <ele>815.2</ele>
      </trkpt>
      <trkpt lat="33.25831" lon="-111.17034">
        <ele>814.4</ele>
      </trkpt>
      <trkpt lat="33.25821" lon="-111.17039">
        <ele>813.6</ele>
      </trkpt>
      <trkpt lat="33.258049" lon="-111.17065">
        <ele>813.4</ele>
      </trkpt>
      <trkpt lat="33.25795" lon="-111.17063">
        <ele>813.2</ele>
      </trkpt>
      <trkpt lat="33.2578" lon="-111.17046">
        <ele>812.8</ele>
      </trkpt>
      <trkpt lat="33.257779" lon="-111.17031">
        <ele>814.2</ele>
      </trkpt>
      <trkpt lat="33.25771" lon="-111.17028">
        <ele>814.4</ele>
      </trkpt>
      <trkpt lat="33.25753" lon="-111.17056">
        <ele>815.0</ele>
      </trkpt>
      <trkpt lat="33.25753" lon="-111.17082">
        <ele>815.4</ele>
      </trkpt>
      <trkpt lat="33.257309" lon="-111.17113">
        <ele>815.6</ele>
      </trkpt>
      <trkpt lat="33.25715" lon="-111.17119">
        <ele>815.4</ele>
      </trkpt>
      <trkpt lat="33.25705" lon="-111.17142">
        <ele>815.8</ele>
      </trkpt>
      <trkpt lat="33.256909" lon="-111.1715">
        <ele>815.4</ele>
      </trkpt>
      <trkpt lat="33.256729" lon="-111.17137">
        <ele>814.6</ele>
      </trkpt>
      <trkpt lat="33.25652" lon="-111.1706">
        <ele>813.2</ele>
      </trkpt>
      <trkpt lat="33.25642" lon="-111.17059">
        <ele>812.4</ele>
      </trkpt>
      <trkpt lat="33.256079" lon="-111.17078">
        <ele>811.6</ele>
      </trkpt>
      <trkpt lat="33.25601" lon="-111.17092">
        <ele>810.8</ele>
      </trkpt>
      <trkpt lat="33.25575" lon="-111.17098">
        <ele>809.6</ele>
      </trkpt>
      <trkpt lat="33.255629" lon="-111.17087">
        <ele>808.6</ele>
      </trkpt>
      <trkpt lat="33.2554" lon="-111.17075">
        <ele>807.4</ele>
      </trkpt>
      <trkpt lat="33.25518" lon="-111.17071">
        <ele>806.0</ele>
      </trkpt>
      <trkpt lat="33.255049" lon="-111.17075">
        <ele>804.6</ele>
      </trkpt>
      <trkpt lat="33.25508" lon="-111.17084">
        <ele>803.8</ele>
      </trkpt>
      <trkpt lat="33.255" lon="-111.17119">
        <ele>803.8</ele>
      </trkpt>
      <trkpt lat="33.25495" lon="-111.17124">
        <ele>803.4</ele>
      </trkpt>
      <trkpt lat="33.254849" lon="-111.1712">
        <ele>802.8</ele>
      </trkpt>
      <trkpt lat="33.25471" lon="-111.17124">
        <ele>802.2</ele>
      </trkpt>
      <trkpt lat="33.25448" lon="-111.17139">
        <ele>801.8</ele>
      </trkpt>
      <trkpt lat="33.25437" lon="-111.17136">
        <ele>800.2</ele>
      </trkpt>
      <trkpt lat="33.254179" lon="-111.1711">
        <ele>798.6</ele>
      </trkpt>
      <trkpt lat="33.254109" lon="-111.17129">
        <ele>797.4</ele>
      </trkpt>
      <trkpt lat="33.254019" lon="-111.17134">
        <ele>796.0</ele>
      </trkpt>
      <trkpt lat="33.253619" lon="-111.17125">
        <ele>794.2</ele>
      </trkpt>
      <trkpt lat="33.2535" lon="-111.17111">
        <ele>793.2</ele>
      </trkpt>
      <trkpt lat="33.25334" lon="-111.17062">
        <ele>792.6</ele>
      </trkpt>
      <trkpt lat="33.253286" lon="-111.170216">
        <ele>792.8</ele>
      </trkpt>
      <trkpt lat="33.253172" lon="-111.170117">
        <ele>793.2</ele>
      </trkpt>
      <trkpt lat="33.252789" lon="-111.16995">
        <ele>794.2</ele>
      </trkpt>
      <trkpt lat="33.252485" lon="-111.169694">
        <ele>795.8</ele>
      </trkpt>
      <trkpt lat="33.25236" lon="-111.169499">
        <ele>796.8</ele>
      </trkpt>
      <trkpt lat="33.25216" lon="-111.1693">
        <ele>797.4</ele>
      </trkpt>
      <trkpt lat="33.251841" lon="-111.169196">
        <ele>798.0</ele>
      </trkpt>
      <trkpt lat="33.251669" lon="-111.16918">
        <ele>798.8</ele>
      </trkpt>
      <trkpt lat="33.25154" lon="-111.16912">
        <ele>799.4</ele>
      </trkpt>
      <trkpt lat="33.25124" lon="-111.16907">
        <ele>800.8</ele>
      </trkpt>
      <trkpt lat="33.251179" lon="-111.16901">
        <ele>802.4</ele>
      </trkpt>
      <trkpt lat="33.250909" lon="-111.16895">
        <ele>803.4</ele>
      </trkpt>
      <trkpt lat="33.250619" lon="-111.16893">
        <ele>804.0</ele>
      </trkpt>
      <trkpt lat="33.2504" lon="-111.16897">
        <ele>804.0</ele>
      </trkpt>
      <trkpt lat="33.250149" lon="-111.16893">
        <ele>804.0</ele>
      </trkpt>
      <trkpt lat="33.25007" lon="-111.169">
        <ele>803.8</ele>
      </trkpt>
      <trkpt lat="33.249685" lon="-111.169146">
        <ele>804.0</ele>
      </trkpt>
      <trkpt lat="33.249468" lon="-111.16915">
        <ele>804.2</ele>
      </trkpt>
      <trkpt lat="33.249398" lon="-111.169089">
        <ele>806.2</ele>
      </trkpt>
      <trkpt lat="33.249409" lon="-111.16895">
        <ele>808.4</ele>
      </trkpt>
      <trkpt lat="33.24925" lon="-111.168393">
        <ele>810.4</ele>
      </trkpt>
      <trkpt lat="33.249113" lon="-111.168199">
        <ele>812.8</ele>
      </trkpt>
      <trkpt lat="33.249083" lon="-111.16809">
        <ele>815.0</ele>
      </trkpt>
      <trkpt lat="33.248865" lon="-111.16784">
        <ele>816.2</ele>
      </trkpt>
      <trkpt lat="33.248728" lon="-111.167561">
        <ele>817.6</ele>
      </trkpt>
      <trkpt lat="33.248506" lon="-111.167322">
        <ele>820.0</ele>
      </trkpt>
      <trkpt lat="33.248337" lon="-111.167224">
        <ele>821.6</ele>
      </trkpt>
      <trkpt lat="33.248251" lon="-111.167136">
        <ele>823.0</ele>
      </trkpt>
      <trkpt lat="33.248686" lon="-111.167024">
        <ele>825.2</ele>
      </trkpt>
      <trkpt lat="33.248741" lon="-111.166966">
        <ele>825.8</ele>
      </trkpt>
      <trkpt lat="33.24881" lon="-111.166749">
        <ele>827.2</ele>
      </trkpt>
      <trkpt lat="33.248719" lon="-111.166243">
        <ele>828.4</ele>
      </trkpt>
      <trkpt lat="33.24828" lon="-111.165994">
        <ele>829.6</ele>
      </trkpt>
      <trkpt lat="33.248083" lon="-111.165572">
        <ele>830.2</ele>
      </trkpt>
      <trkpt lat="33.247894" lon="-111.165443">
        <ele>830.8</ele>
      </trkpt>
      <trkpt lat="33.247723" lon="-111.165171">
        <ele>829.6</ele>
      </trkpt>
      <trkpt lat="33.24774" lon="-111.165075">
        <ele>829.0</ele>
      </trkpt>
      <trkpt lat="33.247698" lon="-111.16492">
        <ele>830.0</ele>
      </trkpt>
      <trkpt lat="33.247614" lon="-111.164756">
        <ele>829.8</ele>
      </trkpt>
      <trkpt lat="33.247377" lon="-111.164496">
        <ele>831.0</ele>
      </trkpt>
      <trkpt lat="33.247532" lon="-111.164438">
        <ele>832.6</ele>
      </trkpt>
      <trkpt lat="33.247577" lon="-111.164344">
        <ele>835.0</ele>
      </trkpt>
      <trkpt lat="33.2475" lon="-111.164191">
        <ele>836.2</ele>
      </trkpt>
      <trkpt lat="33.247433" lon="-111.16377">
        <ele>838.0</ele>
      </trkpt>
      <trkpt lat="33.24731" lon="-111.163598">
        <ele>839.2</ele>
      </trkpt>
      <trkpt lat="33.24723" lon="-111.163369">
        <ele>840.2</ele>
      </trkpt>
      <trkpt lat="33.247233" lon="-111.16306">
        <ele>840.4</ele>
      </trkpt>
      <trkpt lat="33.247103" lon="-111.162835">
        <ele>841.2</ele>
      </trkpt>
      <trkpt lat="33.247087" lon="-111.162701">
        <ele>843.2</ele>
      </trkpt>
      <trkpt lat="33.247028" lon="-111.162495">
        <ele>845.2</ele>
      </trkpt>
      <trkpt lat="33.246702" lon="-111.162351">
        <ele>847.2</ele>
      </trkpt>
      <trkpt lat="33.246642" lon="-111.162293">
        <ele>849.0</ele>
      </trkpt>
      <trkpt lat="33.246688" lon="-111.162277">
        <ele>850.8</ele>
      </trkpt>
      <trkpt lat="33.246854" lon="-111.162311">
        <ele>851.2</ele>
      </trkpt>
      <trkpt lat="33.246741" lon="-111.162182">
        <ele>852.2</ele>
      </trkpt>
      <trkpt lat="33.246564" lon="-111.161811">
        <ele>853.4</ele>
      </trkpt>
      <trkpt lat="33.246656" lon="-111.16167">
        <ele>854.2</ele>
      </trkpt>
      <trkpt lat="33.246626" lon="-111.161383">
        <ele>855.4</ele>
      </trkpt>
      <trkpt lat="33.246543" lon="-111.161291">
        <ele>857.0</ele>
      </trkpt>
      <trkpt lat="33.24647" lon="-111.16094">
        <ele>857.8</ele>
      </trkpt>
      <trkpt lat="33.24648" lon="-111.16081">
        <ele>859.2</ele>
      </trkpt>
      <trkpt lat="33.246409" lon="-111.16038">
        <ele>861.0</ele>
      </trkpt>
      <trkpt lat="33.24645" lon="-111.16024">
        <ele>861.8</ele>
      </trkpt>
      <trkpt lat="33.246519" lon="-111.16013">
        <ele>862.8</ele>
      </trkpt>
      <trkpt lat="33.24657" lon="-111.16011">
        <ele>863.8</ele>
      </trkpt>
      <trkpt lat="33.246589" lon="-111.16004">
        <ele>864.0</ele>
      </trkpt>
      <trkpt lat="33.24648" lon="-111.16001">
        <ele>864.6</ele>
      </trkpt>
      <trkpt lat="33.24646" lon="-111.15995">
        <ele>865.4</ele>
      </trkpt>
      <trkpt lat="33.246499" lon="-111.15983">
        <ele>866.2</ele>
      </trkpt>
      <trkpt lat="33.246319" lon="-111.15921">
        <ele>866.4</ele>
      </trkpt>
      <trkpt lat="33.246319" lon="-111.15893">
        <ele>867.4</ele>
      </trkpt>
      <trkpt lat="33.24629" lon="-111.1588">
        <ele>868.4</ele>
      </trkpt>
      <trkpt lat="33.246319" lon="-111.15866">
        <ele>870.4</ele>
      </trkpt>
      <trkpt lat="33.24631" lon="-111.15852">
        <ele>872.0</ele>
      </trkpt>
      <trkpt lat="33.24646" lon="-111.1579">
        <ele>874.4</ele>
      </trkpt>
      <trkpt lat="33.24638" lon="-111.15771">
        <ele>876.0</ele>
      </trkpt>
      <trkpt lat="33.24638" lon="-111.15761">
        <ele>877.4</ele>
      </trkpt>
      <trkpt lat="33.24629" lon="-111.15755">
        <ele>877.6</ele>
      </trkpt>
      <trkpt lat="33.246" lon="-111.15752">
        <ele>877.8</ele>
      </trkpt>
      <trkpt lat="33.245849" lon="-111.15758">
        <ele>878.0</ele>
      </trkpt>
      <trkpt lat="33.24573" lon="-111.15768">
        <ele>878.0</ele>
      </trkpt>
      <trkpt lat="33.24569" lon="-111.15776">
        <ele>878.0</ele>
      </trkpt>
      <trkpt lat="33.24551" lon="-111.15793">
        <ele>878.0</ele>
      </trkpt>
      <trkpt lat="33.245379" lon="-111.15813">
        <ele>878.8</ele>
      </trkpt>
      <trkpt lat="33.24524" lon="-111.15819">
        <ele>881.0</ele>
      </trkpt>
      <trkpt lat="33.244799" lon="-111.15818">
        <ele>885.0</ele>
      </trkpt>
      <trkpt lat="33.24432" lon="-111.15831">
        <ele>889.2</ele>
      </trkpt>
      <trkpt lat="33.24385" lon="-111.15859">
        <ele>893.4</ele>
      </trkpt>
      <trkpt lat="33.243589" lon="-111.1586">
        <ele>896.8</ele>
      </trkpt>
      <trkpt lat="33.243519" lon="-111.15851">
        <ele>899.0</ele>
      </trkpt>
      <trkpt lat="33.24346" lon="-111.1585">
        <ele>899.6</ele>
      </trkpt>
      <trkpt lat="33.243319" lon="-111.1583">
        <ele>900.2</ele>
      </trkpt>
      <trkpt lat="33.243139" lon="-111.15828">
        <ele>900.8</ele>
      </trkpt>
      <trkpt lat="33.243029" lon="-111.15834">
        <ele>902.0</ele>
      </trkpt>
      <trkpt lat="33.242939" lon="-111.15825">
        <ele>903.2</ele>
      </trkpt>
      <trkpt lat="33.242669" lon="-111.15842">
        <ele>904.6</ele>
      </trkpt>
      <trkpt lat="33.24264" lon="-111.15853">
        <ele>906.0</ele>
      </trkpt>
      <trkpt lat="33.242559" lon="-111.15861">
        <ele>907.8</ele>
      </trkpt>
      <trkpt lat="33.242289" lon="-111.15876">
        <ele>909.0</ele>
      </trkpt>
      <trkpt lat="33.242109" lon="-111.159">
        <ele>909.8</ele>
      </trkpt>
      <trkpt lat="33.24194" lon="-111.159">
        <ele>910.0</ele>
      </trkpt>
      <trkpt lat="33.24159" lon="-111.15866">
        <ele>909.8</ele>
      </trkpt>
      <trkpt lat="33.241439" lon="-111.1586">
        <ele>908.8</ele>
      </trkpt>
      <trkpt lat="33.2412" lon="-111.15864">
        <ele>908.0</ele>
      </trkpt>
      <trkpt lat="33.240949" lon="-111.15889">
        <ele>907.8</ele>
      </trkpt>
      <trkpt lat="33.24096" lon="-111.15897">
        <ele>907.2</ele>
      </trkpt>
      <trkpt lat="33.241059" lon="-111.15908">
        <ele>906.4</ele>
      </trkpt>
      <trkpt lat="33.24087" lon="-111.15919">
        <ele>905.8</ele>
      </trkpt>
      <trkpt lat="33.24075" lon="-111.15914">
        <ele>905.2</ele>
      </trkpt>
      <trkpt lat="33.24072" lon="-111.15921">
        <ele>904.2</ele>
      </trkpt>
      <trkpt lat="33.24075" lon="-111.15933">
        <ele>903.8</ele>
      </trkpt>
      <trkpt lat="33.240699" lon="-111.15939">
        <ele>903.8</ele>
      </trkpt>
      <trkpt lat="33.240589" lon="-111.1594">
        <ele>903.6</ele>
      </trkpt>
      <trkpt lat="33.240519" lon="-111.15936">
        <ele>903.2</ele>
      </trkpt>
      <trkpt lat="33.24044" lon="-111.15921">
        <ele>902.8</ele>
      </trkpt>
      <trkpt lat="33.24038" lon="-111.15889">
        <ele>902.6</ele>
      </trkpt>
      <trkpt lat="33.24027" lon="-111.1588">
        <ele>902.4</ele>
      </trkpt>
      <trkpt lat="33.24016" lon="-111.15883">
        <ele>903.4</ele>
      </trkpt>
      <trkpt lat="33.240139" lon="-111.15898">
        <ele>904.4</ele>
      </trkpt>
      <trkpt lat="33.24018" lon="-111.15933">
        <ele>906.6</ele>
      </trkpt>
      <trkpt lat="33.240139" lon="-111.15947">
        <ele>908.8</ele>
      </trkpt>
      <trkpt lat="33.239939" lon="-111.15979">
        <ele>911.0</ele>
      </trkpt>
      <trkpt lat="33.239919" lon="-111.15993">
        <ele>912.2</ele>
      </trkpt>
      <trkpt lat="33.2398" lon="-111.16001">
        <ele>913.6</ele>
      </trkpt>
      <trkpt lat="33.23973" lon="-111.1602">
        <ele>913.8</ele>
      </trkpt>
      <trkpt lat="33.239539" lon="-111.16031">
        <ele>914.0</ele>
      </trkpt>
      <trkpt lat="33.239199" lon="-111.16015">
        <ele>914.2</ele>
      </trkpt>
      <trkpt lat="33.23881" lon="-111.16017">
        <ele>914.4</ele>
      </trkpt>
      <trkpt lat="33.23846" lon="-111.16023">
        <ele>915.0</ele>
      </trkpt>
      <trkpt lat="33.238329" lon="-111.16033">
        <ele>916.0</ele>
      </trkpt>
      <trkpt lat="33.238059" lon="-111.16072">
        <ele>918.0</ele>
      </trkpt>
      <trkpt lat="33.23792" lon="-111.16075">
        <ele>920.2</ele>
      </trkpt>
      <trkpt lat="33.23766" lon="-111.16071">
        <ele>922.8</ele>
      </trkpt>
      <trkpt lat="33.237499" lon="-111.16065">
        <ele>925.2</ele>
      </trkpt>
      <trkpt lat="33.237319" lon="-111.16044">
        <ele>927.2</ele>
      </trkpt>
      <trkpt lat="33.237229" lon="-111.15996">
        <ele>927.6</ele>
      </trkpt>
      <trkpt lat="33.23725" lon="-111.15975">
        <ele>927.4</ele>
      </trkpt>
      <trkpt lat="33.237209" lon="-111.1595">
        <ele>927.4</ele>
      </trkpt>
      <trkpt lat="33.236939" lon="-111.15927">
        <ele>926.8</ele>
      </trkpt>
      <trkpt lat="33.23651" lon="-111.15935">
        <ele>926.2</ele>
      </trkpt>
      <trkpt lat="33.23637" lon="-111.1593">
        <ele>926.0</ele>
      </trkpt>
      <trkpt lat="33.23637" lon="-111.15917">
        <ele>926.6</ele>
      </trkpt>
      <trkpt lat="33.236199" lon="-111.15912">
        <ele>927.0</ele>
      </trkpt>
      <trkpt lat="33.23614" lon="-111.15903">
        <ele>927.2</ele>
      </trkpt>
      <trkpt lat="33.23623" lon="-111.15898">
        <ele>927.4</ele>
      </trkpt>
      <trkpt lat="33.23634" lon="-111.159">
        <ele>927.6</ele>
      </trkpt>
      <trkpt lat="33.2364" lon="-111.15897">
        <ele>927.6</ele>
      </trkpt>
      <trkpt lat="33.23644" lon="-111.15887">
        <ele>928.2</ele>
      </trkpt>
      <trkpt lat="33.236449" lon="-111.15875">
        <ele>929.8</ele>
      </trkpt>
      <trkpt lat="33.2364" lon="-111.15851">
        <ele>932.2</ele>
      </trkpt>
      <trkpt lat="33.23634" lon="-111.1584">
        <ele>934.6</ele>
      </trkpt>
      <trkpt lat="33.23634" lon="-111.1582">
        <ele>936.4</ele>
      </trkpt>
      <trkpt lat="33.23646" lon="-111.15818">
        <ele>937.4</ele>
      </trkpt>
      <trkpt lat="33.236539" lon="-111.15813">
        <ele>939.2</ele>
      </trkpt>
      <trkpt lat="33.23672" lon="-111.15787">
        <ele>941.2</ele>
      </trkpt>
      <trkpt lat="33.236759" lon="-111.15777">
        <ele>943.8</ele>
      </trkpt>
      <trkpt lat="33.2368" lon="-111.15721">
        <ele>947.2</ele>
      </trkpt>
      <trkpt lat="33.237209" lon="-111.15685">
        <ele>951.0</ele>
      </trkpt>
      <trkpt lat="33.23756" lon="-111.15639">
        <ele>952.8</ele>
      </trkpt>
      <trkpt lat="33.237789" lon="-111.1563">
        <ele>953.8</ele>
      </trkpt>
      <trkpt lat="33.237859" lon="-111.15621">
        <ele>955.4</ele>
      </trkpt>
      <trkpt lat="33.23787" lon="-111.1561">
        <ele>956.8</ele>
      </trkpt>
      <trkpt lat="33.23781" lon="-111.156">
        <ele>957.8</ele>
      </trkpt>
      <trkpt lat="33.23782" lon="-111.15586">
        <ele>959.0</ele>
      </trkpt>
      <trkpt lat="33.237789" lon="-111.15566">
        <ele>961.0</ele>
      </trkpt>
      <trkpt lat="33.237699" lon="-111.15545">
        <ele>961.8</ele>
      </trkpt>
      <trkpt lat="33.237319" lon="-111.15505">
        <ele>962.0</ele>
      </trkpt>
      <trkpt lat="33.23719" lon="-111.155">
        <ele>961.8</ele>
      </trkpt>
      <trkpt lat="33.237139" lon="-111.15491">
        <ele>963.2</ele>
      </trkpt>
      <trkpt lat="33.23671" lon="-111.1545">
        <ele>962.2</ele>
      </trkpt>
      <trkpt lat="33.23652" lon="-111.15442">
        <ele>961.6</ele>
      </trkpt>
      <trkpt lat="33.235999" lon="-111.15407">
        <ele>961.0</ele>
      </trkpt>
      <trkpt lat="33.23595" lon="-111.15398">
        <ele>961.4</ele>
      </trkpt>
      <trkpt lat="33.23587" lon="-111.15393">
        <ele>960.8</ele>
      </trkpt>
      <trkpt lat="33.23578" lon="-111.1538">
        <ele>961.8</ele>
      </trkpt>
      <trkpt lat="33.23537" lon="-111.15352">
        <ele>962.2</ele>
      </trkpt>
      <trkpt lat="33.23502" lon="-111.15341">
        <ele>963.0</ele>
      </trkpt>
      <trkpt lat="33.234879" lon="-111.15333">
        <ele>963.2</ele>
      </trkpt>
      <trkpt lat="33.23467" lon="-111.15334">
        <ele>963.0</ele>
      </trkpt>
      <trkpt lat="33.23462" lon="-111.15337">
        <ele>962.6</ele>
      </trkpt>
      <trkpt lat="33.23437" lon="-111.15313">
        <ele>962.8</ele>
      </trkpt>
      <trkpt lat="33.23426" lon="-111.1531">
        <ele>963.0</ele>
      </trkpt>
      <trkpt lat="33.234099" lon="-111.1532">
        <ele>963.0</ele>
      </trkpt>
      <trkpt lat="33.23405" lon="-111.15317">
        <ele>963.0</ele>
      </trkpt>
      <trkpt lat="33.234009" lon="-111.15307">
        <ele>963.2</ele>
      </trkpt>
      <trkpt lat="33.23396" lon="-111.15303">
        <ele>963.8</ele>
      </trkpt>
      <trkpt lat="33.233849" lon="-111.15302">
        <ele>965.4</ele>
      </trkpt>
      <trkpt lat="33.233649" lon="-111.15291">
        <ele>967.8</ele>
      </trkpt>
      <trkpt lat="33.23333" lon="-111.15297">
        <ele>970.2</ele>
      </trkpt>
      <trkpt lat="33.233069" lon="-111.15316">
        <ele>972.4</ele>
      </trkpt>
      <trkpt lat="33.23299" lon="-111.15312">
        <ele>973.8</ele>
      </trkpt>
      <trkpt lat="33.23295" lon="-111.15306">
        <ele>974.2</ele>
      </trkpt>
      <trkpt lat="33.232979" lon="-111.15299">
        <ele>974.2</ele>
      </trkpt>
      <trkpt lat="33.23296" lon="-111.15289">
        <ele>974.4</ele>
      </trkpt>
      <trkpt lat="33.232889" lon="-111.15282">
        <ele>974.6</ele>
      </trkpt>
      <trkpt lat="33.23267" lon="-111.15296">
        <ele>974.4</ele>
      </trkpt>
      <trkpt lat="33.232439" lon="-111.15304">
        <ele>974.2</ele>
      </trkpt>
      <trkpt lat="33.2323" lon="-111.15318">
        <ele>973.6</ele>
      </trkpt>
      <trkpt lat="33.2322" lon="-111.1532">
        <ele>971.8</ele>
      </trkpt>
      <trkpt lat="33.23218" lon="-111.15312">
        <ele>970.0</ele>
      </trkpt>
      <trkpt lat="33.23199" lon="-111.15281">
        <ele>969.4</ele>
      </trkpt>
      <trkpt lat="33.231699" lon="-111.15278">
        <ele>968.0</ele>
      </trkpt>
      <trkpt lat="33.231409" lon="-111.1529">
        <ele>966.8</ele>
      </trkpt>
      <trkpt lat="33.23116" lon="-111.15268">
        <ele>966.8</ele>
      </trkpt>
      <trkpt lat="33.23087" lon="-111.15265">
        <ele>966.6</ele>
      </trkpt>
      <trkpt lat="33.230749" lon="-111.152734">
        <ele>965.4</ele>
      </trkpt>
      <trkpt lat="33.230669" lon="-111.15262">
        <ele>966.2</ele>
      </trkpt>
      <trkpt lat="33.230573" lon="-111.152626">
        <ele>966.6</ele>
      </trkpt>
      <trkpt lat="33.230454" lon="-111.152934">
        <ele>966.2</ele>
      </trkpt>
      <trkpt lat="33.230359" lon="-111.15275">
        <ele>966.6</ele>
      </trkpt>
      <trkpt lat="33.23034" lon="-111.15235">
        <ele>967.2</ele>
      </trkpt>
      <trkpt lat="33.23021" lon="-111.15223">
        <ele>966.6</ele>
      </trkpt>
      <trkpt lat="33.229999" lon="-111.15226">
        <ele>966.0</ele>
      </trkpt>
      <trkpt lat="33.22993" lon="-111.1522">
        <ele>966.4</ele>
      </trkpt>
      <trkpt lat="33.22975" lon="-111.15193">
        <ele>967.0</ele>
      </trkpt>
      <trkpt lat="33.229619" lon="-111.15196">
        <ele>967.8</ele>
      </trkpt>
      <trkpt lat="33.229329" lon="-111.15233">
        <ele>968.4</ele>
      </trkpt>
      <trkpt lat="33.22923" lon="-111.1524">
        <ele>969.6</ele>
      </trkpt>
      <trkpt lat="33.22911" lon="-111.15232">
        <ele>970.0</ele>
      </trkpt>
      <trkpt lat="33.22874" lon="-111.15178">
        <ele>970.6</ele>
      </trkpt>
      <trkpt lat="33.22865" lon="-111.15171">
        <ele>971.2</ele>
      </trkpt>
      <trkpt lat="33.228479" lon="-111.15168">
        <ele>972.2</ele>
      </trkpt>
      <trkpt lat="33.22834" lon="-111.1517">
        <ele>973.4</ele>
      </trkpt>
      <trkpt lat="33.2282" lon="-111.15183">
        <ele>975.4</ele>
      </trkpt>
      <trkpt lat="33.228209" lon="-111.15191">
        <ele>976.6</ele>
      </trkpt>
      <trkpt lat="33.22829" lon="-111.15204">
        <ele>977.6</ele>
      </trkpt>
      <trkpt lat="33.228288" lon="-111.152141">
        <ele>978.0</ele>
      </trkpt>
      <trkpt lat="33.228101" lon="-111.152125">
        <ele>977.6</ele>
      </trkpt>
      <trkpt lat="33.227939" lon="-111.15202">
        <ele>977.0</ele>
      </trkpt>
      <trkpt lat="33.227849" lon="-111.15205">
        <ele>976.6</ele>
      </trkpt>
      <trkpt lat="33.227739" lon="-111.15215">
        <ele>976.4</ele>
      </trkpt>
      <trkpt lat="33.227567" lon="-111.152605">
        <ele>976.4</ele>
      </trkpt>
      <trkpt lat="33.227451" lon="-111.152693">
        <ele>976.4</ele>
      </trkpt>
      <trkpt lat="33.227297" lon="-111.15274">
        <ele>976.4</ele>
      </trkpt>
      <trkpt lat="33.227016" lon="-111.152718">
        <ele>976.0</ele>
      </trkpt>
      <trkpt lat="33.227018" lon="-111.152654">
        <ele>975.2</ele>
      </trkpt>
      <trkpt lat="33.227052" lon="-111.152611">
        <ele>974.6</ele>
      </trkpt>
      <trkpt lat="33.227165" lon="-111.152603">
        <ele>974.2</ele>
      </trkpt>
      <trkpt lat="33.227252" lon="-111.15255">
        <ele>973.8</ele>
      </trkpt>
      <trkpt lat="33.227404" lon="-111.152317">
        <ele>973.4</ele>
      </trkpt>
      <trkpt lat="33.227375" lon="-111.152271">
        <ele>973.4</ele>
      </trkpt>
      <trkpt lat="33.227278" lon="-111.15234">
        <ele>973.8</ele>
      </trkpt>
      <trkpt lat="33.227171" lon="-111.15233">
        <ele>975.0</ele>
      </trkpt>
      <trkpt lat="33.226958" lon="-111.152087">
        <ele>976.6</ele>
      </trkpt>
      <trkpt lat="33.226601" lon="-111.151997">
        <ele>978.6</ele>
      </trkpt>
      <trkpt lat="33.226398" lon="-111.152002">
        <ele>980.4</ele>
      </trkpt>
      <trkpt lat="33.226349" lon="-111.15206">
        <ele>982.6</ele>
      </trkpt>
      <trkpt lat="33.226529" lon="-111.15227">
        <ele>984.8</ele>
      </trkpt>
      <trkpt lat="33.226239" lon="-111.15221">
        <ele>986.4</ele>
      </trkpt>
      <trkpt lat="33.225796" lon="-111.152206">
        <ele>987.4</ele>
      </trkpt>
      <trkpt lat="33.2257" lon="-111.15211">
        <ele>988.6</ele>
      </trkpt>
      <trkpt lat="33.22567" lon="-111.15201">
        <ele>989.6</ele>
      </trkpt>
      <trkpt lat="33.225569" lon="-111.15187">
        <ele>990.0</ele>
      </trkpt>
      <trkpt lat="33.22518" lon="-111.15147">
        <ele>991.8</ele>
      </trkpt>
      <trkpt lat="33.225099" lon="-111.15143">
        <ele>993.0</ele>
      </trkpt>
      <trkpt lat="33.224829" lon="-111.15138">
        <ele>993.8</ele>
      </trkpt>
      <trkpt lat="33.224829" lon="-111.15117">
        <ele>995.2</ele>
      </trkpt>
      <trkpt lat="33.22488" lon="-111.15104">
        <ele>995.6</ele>
      </trkpt>
      <trkpt lat="33.22469" lon="-111.15032">
        <ele>994.2</ele>
      </trkpt>
      <trkpt lat="33.224269" lon="-111.15022">
        <ele>993.8</ele>
      </trkpt>
      <trkpt lat="33.223909" lon="-111.15019">
        <ele>994.0</ele>
      </trkpt>
      <trkpt lat="33.223909" lon="-111.15023">
        <ele>992.8</ele>
      </trkpt>
      <trkpt lat="33.22395" lon="-111.15026">
        <ele>993.2</ele>
      </trkpt>
      <trkpt lat="33.22404" lon="-111.15043">
        <ele>994.0</ele>
      </trkpt>
      <trkpt lat="33.223999" lon="-111.15068">
        <ele>994.6</ele>
      </trkpt>
      <trkpt lat="33.22411" lon="-111.15122">
        <ele>993.6</ele>
      </trkpt>
      <trkpt lat="33.224069" lon="-111.15135">
        <ele>991.0</ele>
      </trkpt>
      <trkpt lat="33.22379" lon="-111.1515">
        <ele>987.6</ele>
      </trkpt>
      <trkpt lat="33.223599" lon="-111.15186">
        <ele>985.0</ele>
      </trkpt>
      <trkpt lat="33.22355" lon="-111.15206">
        <ele>983.4</ele>
      </trkpt>
      <trkpt lat="33.22357" lon="-111.15216">
        <ele>982.4</ele>
      </trkpt>
      <trkpt lat="33.223329" lon="-111.15235">
        <ele>983.6</ele>
      </trkpt>
      <trkpt lat="33.22327" lon="-111.15234">
        <ele>984.2</ele>
      </trkpt>
      <trkpt lat="33.2231" lon="-111.15222">
        <ele>984.0</ele>
      </trkpt>
      <trkpt lat="33.222969" lon="-111.15192">
        <ele>983.0</ele>
      </trkpt>
      <trkpt lat="33.22285" lon="-111.15182">
        <ele>982.8</ele>
      </trkpt>
      <trkpt lat="33.222679" lon="-111.15188">
        <ele>981.0</ele>
      </trkpt>
      <trkpt lat="33.222569" lon="-111.15206">
        <ele>979.8</ele>
      </trkpt>
      <trkpt lat="33.22218" lon="-111.15238">
        <ele>979.0</ele>
      </trkpt>
      <trkpt lat="33.22207" lon="-111.15254">
        <ele>978.0</ele>
      </trkpt>
      <trkpt lat="33.221989" lon="-111.15309">
        <ele>976.4</ele>
      </trkpt>
      <trkpt lat="33.221927" lon="-111.15315">
        <ele>977.0</ele>
      </trkpt>
      <trkpt lat="33.221912" lon="-111.152888">
        <ele>978.0</ele>
      </trkpt>
      <trkpt lat="33.22188" lon="-111.15305">
        <ele>978.8</ele>
      </trkpt>
      <trkpt lat="33.22186" lon="-111.15306">
        <ele>979.8</ele>
      </trkpt>
      <trkpt lat="33.221829" lon="-111.15282">
        <ele>981.4</ele>
      </trkpt>
      <trkpt lat="33.221809" lon="-111.15282">
        <ele>982.6</ele>
      </trkpt>
      <trkpt lat="33.221809" lon="-111.15295">
        <ele>983.6</ele>
      </trkpt>
      <trkpt lat="33.221719" lon="-111.15315">
        <ele>985.4</ele>
      </trkpt>
      <trkpt lat="33.221739" lon="-111.15291">
        <ele>988.0</ele>
      </trkpt>
      <trkpt lat="33.2217" lon="-111.15215">
        <ele>991.0</ele>
      </trkpt>
      <trkpt lat="33.221559" lon="-111.15191">
        <ele>993.4</ele>
      </trkpt>
      <trkpt lat="33.2215" lon="-111.15171">
        <ele>995.2</ele>
      </trkpt>
      <trkpt lat="33.22153" lon="-111.15149">
        <ele>997.6</ele>
      </trkpt>
      <trkpt lat="33.22162" lon="-111.15123">
        <ele>1000.4</ele>
      </trkpt>
      <trkpt lat="33.22159" lon="-111.15122">
        <ele>1002.8</ele>
      </trkpt>
      <trkpt lat="33.22104" lon="-111.15172">
        <ele>1004.4</ele>
      </trkpt>
      <trkpt lat="33.220709" lon="-111.15186">
        <ele>1006.4</ele>
      </trkpt>
      <trkpt lat="33.22046" lon="-111.15186">
        <ele>1007.4</ele>
      </trkpt>
      <trkpt lat="33.22001" lon="-111.15216">
        <ele>1008.2</ele>
      </trkpt>
      <trkpt lat="33.21991" lon="-111.15228">
        <ele>1008.2</ele>
      </trkpt>
      <trkpt lat="33.21989" lon="-111.15236">
        <ele>1008.2</ele>
      </trkpt>
      <trkpt lat="33.219839" lon="-111.15234">
        <ele>1008.2</ele>
      </trkpt>
      <trkpt lat="33.219749" lon="-111.15212">
        <ele>1008.4</ele>
      </trkpt>
      <trkpt lat="33.21961" lon="-111.15193">
        <ele>1007.4</ele>
      </trkpt>
      <trkpt lat="33.219299" lon="-111.1517">
        <ele>1006.8</ele>
      </trkpt>
      <trkpt lat="33.219189" lon="-111.15168">
        <ele>1008.2</ele>
      </trkpt>
      <trkpt lat="33.21908" lon="-111.15175">
        <ele>1009.0</ele>
      </trkpt>
      <trkpt lat="33.219029" lon="-111.15194">
        <ele>1008.0</ele>
      </trkpt>
      <trkpt lat="33.219" lon="-111.15227">
        <ele>1006.0</ele>
      </trkpt>
      <trkpt lat="33.21888" lon="-111.15278">
        <ele>1005.8</ele>
      </trkpt>
      <trkpt lat="33.218719" lon="-111.15328">
        <ele>1004.0</ele>
      </trkpt>
      <trkpt lat="33.218629" lon="-111.15339">
        <ele>1002.2</ele>
      </trkpt>
      <trkpt lat="33.21848" lon="-111.15343">
        <ele>1002.0</ele>
      </trkpt>
      <trkpt lat="33.218249" lon="-111.15356">
        <ele>1004.4</ele>
      </trkpt>
      <trkpt lat="33.2182" lon="-111.15368">
        <ele>1003.6</ele>
      </trkpt>
      <trkpt lat="33.218179" lon="-111.15389">
        <ele>1004.6</ele>
      </trkpt>
      <trkpt lat="33.21813" lon="-111.15407">
        <ele>1006.0</ele>
      </trkpt>
      <trkpt lat="33.218159" lon="-111.15422">
        <ele>1007.2</ele>
      </trkpt>
      <trkpt lat="33.218269" lon="-111.15436">
        <ele>1007.2</ele>
      </trkpt>
      <trkpt lat="33.218249" lon="-111.15446">
        <ele>1008.0</ele>
      </trkpt>
      <trkpt lat="33.218179" lon="-111.15441">
        <ele>1008.4</ele>
      </trkpt>
      <trkpt lat="33.218089" lon="-111.1544">
        <ele>1009.0</ele>
      </trkpt>
      <trkpt lat="33.21786" lon="-111.15452">
        <ele>1007.8</ele>
      </trkpt>
      <trkpt lat="33.21782" lon="-111.1545">
        <ele>1006.2</ele>
      </trkpt>
      <trkpt lat="33.21777" lon="-111.15409">
        <ele>1006.0</ele>
      </trkpt>
      <trkpt lat="33.21768" lon="-111.15398">
        <ele>1005.0</ele>
      </trkpt>
      <trkpt lat="33.21759" lon="-111.15411">
        <ele>1004.8</ele>
      </trkpt>
      <trkpt lat="33.217529" lon="-111.15414">
        <ele>1006.4</ele>
      </trkpt>
      <trkpt lat="33.217509" lon="-111.1543">
        <ele>1007.6</ele>
      </trkpt>
      <trkpt lat="33.21746" lon="-111.15434">
        <ele>1008.4</ele>
      </trkpt>
      <trkpt lat="33.21727" lon="-111.15422">
        <ele>1008.6</ele>
      </trkpt>
      <trkpt lat="33.21709" lon="-111.15421">
        <ele>1007.0</ele>
      </trkpt>
      <trkpt lat="33.2169" lon="-111.154">
        <ele>1005.8</ele>
      </trkpt>
      <trkpt lat="33.216769" lon="-111.15377">
        <ele>1004.4</ele>
      </trkpt>
      <trkpt lat="33.21651" lon="-111.15373">
        <ele>1003.0</ele>
      </trkpt>
      <trkpt lat="33.21645" lon="-111.15369">
        <ele>1002.4</ele>
      </trkpt>
      <trkpt lat="33.21645" lon="-111.15358">
        <ele>1002.8</ele>
      </trkpt>
      <trkpt lat="33.21652" lon="-111.15356">
        <ele>1003.2</ele>
      </trkpt>
      <trkpt lat="33.216569" lon="-111.1535">
        <ele>1003.8</ele>
      </trkpt>
      <trkpt lat="33.216549" lon="-111.15336">
        <ele>1005.8</ele>
      </trkpt>
      <trkpt lat="33.21681" lon="-111.15322">
        <ele>1006.8</ele>
      </trkpt>
      <trkpt lat="33.217" lon="-111.153">
        <ele>1008.2</ele>
      </trkpt>
      <trkpt lat="33.217059" lon="-111.15287">
        <ele>1009.0</ele>
      </trkpt>
      <trkpt lat="33.217031" lon="-111.152617">
        <ele>1010.2</ele>
      </trkpt>
      <trkpt lat="33.216941" lon="-111.152561">
        <ele>1009.8</ele>
      </trkpt>
      <trkpt lat="33.216963" lon="-111.15253">
        <ele>1009.8</ele>
      </trkpt>
      <trkpt lat="33.217086" lon="-111.152483">
        <ele>1008.4</ele>
      </trkpt>
      <trkpt lat="33.217233" lon="-111.152341">
        <ele>1005.4</ele>
      </trkpt>
      <trkpt lat="33.217219" lon="-111.15204">
        <ele>1001.6</ele>
      </trkpt>
      <trkpt lat="33.21745" lon="-111.15133">
        <ele>998.0</ele>
      </trkpt>
      <trkpt lat="33.217574" lon="-111.15124">
        <ele>994.2</ele>
      </trkpt>
      <trkpt lat="33.21774" lon="-111.151197">
        <ele>991.0</ele>
      </trkpt>
      <trkpt lat="33.217609" lon="-111.151122">
        <ele>988.8</ele>
      </trkpt>
      <trkpt lat="33.217715" lon="-111.150995">
        <ele>987.0</ele>
      </trkpt>
      <trkpt lat="33.217869" lon="-111.15093">
        <ele>984.6</ele>
      </trkpt>
      <trkpt lat="33.218052" lon="-111.150977">
        <ele>982.4</ele>
      </trkpt>
      <trkpt lat="33.218038" lon="-111.150814">
        <ele>980.4</ele>
      </trkpt>
      <trkpt lat="33.218094" lon="-111.150786">
        <ele>979.0</ele>
      </trkpt>
      <trkpt lat="33.21811" lon="-111.15055">
        <ele>978.0</ele>
      </trkpt>
      <trkpt lat="33.218029" lon="-111.150444">
        <ele>977.2</ele>
      </trkpt>
      <trkpt lat="33.217892" lon="-111.150315">
        <ele>976.6</ele>
      </trkpt>
      <trkpt lat="33.217751" lon="-111.150084">
        <ele>976.6</ele>
      </trkpt>
      <trkpt lat="33.217654" lon="-111.150196">
        <ele>976.4</ele>
      </trkpt>
      <trkpt lat="33.217548" lon="-111.150186">
        <ele>976.0</ele>
      </trkpt>
      <trkpt lat="33.217419" lon="-111.14987">
        <ele>976.2</ele>
      </trkpt>
      <trkpt lat="33.217309" lon="-111.1498">
        <ele>976.4</ele>
      </trkpt>
      <trkpt lat="33.217239" lon="-111.14969">
        <ele>976.4</ele>
      </trkpt>
      <trkpt lat="33.21721" lon="-111.14955">
        <ele>976.2</ele>
      </trkpt>
      <trkpt lat="33.217239" lon="-111.14947">
        <ele>976.2</ele>
      </trkpt>
      <trkpt lat="33.21735" lon="-111.14941">
        <ele>975.8</ele>
      </trkpt>
      <trkpt lat="33.21759" lon="-111.14906">
        <ele>975.2</ele>
      </trkpt>
      <trkpt lat="33.21766" lon="-111.14891">
        <ele>973.8</ele>
      </trkpt>
      <trkpt lat="33.217709" lon="-111.14858">
        <ele>972.2</ele>
      </trkpt>
      <trkpt lat="33.21764" lon="-111.14831">
        <ele>971.4</ele>
      </trkpt>
      <trkpt lat="33.21747" lon="-111.147946">
        <ele>970.6</ele>
      </trkpt>
      <trkpt lat="33.217228" lon="-111.147827">
        <ele>968.8</ele>
      </trkpt>
      <trkpt lat="33.217239" lon="-111.14764">
        <ele>967.8</ele>
      </trkpt>
      <trkpt lat="33.21759" lon="-111.14735">
        <ele>968.8</ele>
      </trkpt>
      <trkpt lat="33.21767" lon="-111.14716">
        <ele>969.2</ele>
      </trkpt>
      <trkpt lat="33.217689" lon="-111.14699">
        <ele>969.8</ele>
      </trkpt>
      <trkpt lat="33.21793" lon="-111.14651">
        <ele>971.6</ele>
      </trkpt>
      <trkpt lat="33.218089" lon="-111.14556">
        <ele>973.4</ele>
      </trkpt>
      <trkpt lat="33.218049" lon="-111.14544">
        <ele>973.8</ele>
      </trkpt>
      <trkpt lat="33.21775" lon="-111.14522">
        <ele>974.2</ele>
      </trkpt>
      <trkpt lat="33.217529" lon="-111.14497">
        <ele>974.4</ele>
      </trkpt>
      <trkpt lat="33.2173" lon="-111.14478">
        <ele>974.8</ele>
      </trkpt>
      <trkpt lat="33.21708" lon="-111.14467">
        <ele>975.2</ele>
      </trkpt>
      <trkpt lat="33.21694" lon="-111.14452">
        <ele>976.4</ele>
      </trkpt>
      <trkpt lat="33.216929" lon="-111.14443">
        <ele>976.8</ele>
      </trkpt>
      <trkpt lat="33.216859" lon="-111.14428">
        <ele>976.8</ele>
      </trkpt>
      <trkpt lat="33.216839" lon="-111.14412">
        <ele>976.8</ele>
      </trkpt>
      <trkpt lat="33.216749" lon="-111.14405">
        <ele>977.0</ele>
      </trkpt>
      <trkpt lat="33.21633" lon="-111.14403">
        <ele>976.2</ele>
      </trkpt>
      <trkpt lat="33.21626" lon="-111.14406">
        <ele>976.2</ele>
      </trkpt>
      <trkpt lat="33.216209" lon="-111.14402">
        <ele>976.2</ele>
      </trkpt>
      <trkpt lat="33.216079" lon="-111.144">
        <ele>976.4</ele>
      </trkpt>
      <trkpt lat="33.215919" lon="-111.14376">
        <ele>978.0</ele>
      </trkpt>
      <trkpt lat="33.21586" lon="-111.14359">
        <ele>979.8</ele>
      </trkpt>
      <trkpt lat="33.21553" lon="-111.14336">
        <ele>981.6</ele>
      </trkpt>
      <trkpt lat="33.215359" lon="-111.1433">
        <ele>984.0</ele>
      </trkpt>
      <trkpt lat="33.215179" lon="-111.14303">
        <ele>986.2</ele>
      </trkpt>
      <trkpt lat="33.215179" lon="-111.14294">
        <ele>986.8</ele>
      </trkpt>
      <trkpt lat="33.215089" lon="-111.14276">
        <ele>987.6</ele>
      </trkpt>
      <trkpt lat="33.215089" lon="-111.1426">
        <ele>988.2</ele>
      </trkpt>
      <trkpt lat="33.21521" lon="-111.14237">
        <ele>988.4</ele>
      </trkpt>
      <trkpt lat="33.21522" lon="-111.14228">
        <ele>988.2</ele>
      </trkpt>
      <trkpt lat="33.215139" lon="-111.14204">
        <ele>988.0</ele>
      </trkpt>
      <trkpt lat="33.214979" lon="-111.14222">
        <ele>987.6</ele>
      </trkpt>
      <trkpt lat="33.21493" lon="-111.14224">
        <ele>987.2</ele>
      </trkpt>
      <trkpt lat="33.21488" lon="-111.14222">
        <ele>987.2</ele>
      </trkpt>
      <trkpt lat="33.21483" lon="-111.14209">
        <ele>987.4</ele>
      </trkpt>
      <trkpt lat="33.21475" lon="-111.142">
        <ele>987.8</ele>
      </trkpt>
      <trkpt lat="33.214619" lon="-111.14193">
        <ele>988.4</ele>
      </trkpt>
      <trkpt lat="33.2145" lon="-111.14177">
        <ele>989.0</ele>
      </trkpt>
      <trkpt lat="33.21446" lon="-111.14166">
        <ele>989.0</ele>
      </trkpt>
      <trkpt lat="33.21436" lon="-111.14155">
        <ele>989.4</ele>
      </trkpt>
      <trkpt lat="33.214239" lon="-111.1415">
        <ele>989.8</ele>
      </trkpt>
      <trkpt lat="33.214219" lon="-111.14122">
        <ele>989.4</ele>
      </trkpt>
      <trkpt lat="33.21417" lon="-111.14111">
        <ele>988.8</ele>
      </trkpt>
      <trkpt lat="33.213859" lon="-111.14109">
        <ele>989.4</ele>
      </trkpt>
      <trkpt lat="33.21373" lon="-111.14094">
        <ele>990.6</ele>
      </trkpt>
      <trkpt lat="33.21327" lon="-111.14077">
        <ele>991.8</ele>
      </trkpt>
      <trkpt lat="33.212829" lon="-111.14044">
        <ele>993.8</ele>
      </trkpt>
      <trkpt lat="33.21259" lon="-111.14044">
        <ele>996.0</ele>
      </trkpt>
      <trkpt lat="33.21248" lon="-111.14051">
        <ele>997.6</ele>
      </trkpt>
      <trkpt lat="33.21242" lon="-111.14042">
        <ele>998.4</ele>
      </trkpt>
      <trkpt lat="33.21222" lon="-111.14032">
        <ele>999.0</ele>
      </trkpt>
      <trkpt lat="33.21212" lon="-111.14031">
        <ele>999.4</ele>
      </trkpt>
      <trkpt lat="33.21202" lon="-111.14035">
        <ele>999.8</ele>
      </trkpt>
      <trkpt lat="33.211889" lon="-111.14048">
        <ele>1000.6</ele>
      </trkpt>
      <trkpt lat="33.21174" lon="-111.14048">
        <ele>1001.4</ele>
      </trkpt>
      <trkpt lat="33.211419" lon="-111.14059">
        <ele>1002.4</ele>
      </trkpt>
      <trkpt lat="33.21138" lon="-111.14066">
        <ele>1003.4</ele>
      </trkpt>
      <trkpt lat="33.211219" lon="-111.14072">
        <ele>1004.0</ele>
      </trkpt>
      <trkpt lat="33.211129" lon="-111.14071">
        <ele>1004.4</ele>
      </trkpt>
      <trkpt lat="33.211129" lon="-111.14054">
        <ele>1005.0</ele>
      </trkpt>
      <trkpt lat="33.211039" lon="-111.14053">
        <ele>1005.8</ele>
      </trkpt>
      <trkpt lat="33.210929" lon="-111.14062">
        <ele>1006.8</ele>
      </trkpt>
      <trkpt lat="33.210859" lon="-111.14074">
        <ele>1008.0</ele>
      </trkpt>
      <trkpt lat="33.210769" lon="-111.14081">
        <ele>1009.4</ele>
      </trkpt>
      <trkpt lat="33.21063" lon="-111.14062">
        <ele>1010.4</ele>
      </trkpt>
      <trkpt lat="33.210389" lon="-111.14097">
        <ele>1011.0</ele>
      </trkpt>
      <trkpt lat="33.21035" lon="-111.14098">
        <ele>1011.4</ele>
      </trkpt>
      <trkpt lat="33.210299" lon="-111.14091">
        <ele>1012.0</ele>
      </trkpt>
      <trkpt lat="33.210299" lon="-111.14076">
        <ele>1012.0</ele>
      </trkpt>
      <trkpt lat="33.21027" lon="-111.14068">
        <ele>1012.4</ele>
      </trkpt>
      <trkpt lat="33.21016" lon="-111.14065">
        <ele>1012.8</ele>
      </trkpt>
      <trkpt lat="33.20976" lon="-111.1408">
        <ele>1013.6</ele>
      </trkpt>
      <trkpt lat="33.20959" lon="-111.14074">
        <ele>1014.8</ele>
      </trkpt>
      <trkpt lat="33.209449" lon="-111.14082">
        <ele>1016.0</ele>
      </trkpt>
      <trkpt lat="33.2094" lon="-111.14091">
        <ele>1015.8</ele>
      </trkpt>
      <trkpt lat="33.209229" lon="-111.14093">
        <ele>1015.6</ele>
      </trkpt>
      <trkpt lat="33.209049" lon="-111.14071">
        <ele>1015.4</ele>
      </trkpt>
      <trkpt lat="33.20894" lon="-111.14065">
        <ele>1014.4</ele>
      </trkpt>
      <trkpt lat="33.20875" lon="-111.1408">
        <ele>1013.8</ele>
      </trkpt>
      <trkpt lat="33.208509" lon="-111.14075">
        <ele>1013.8</ele>
      </trkpt>
      <trkpt lat="33.208273" lon="-111.140927">
        <ele>1013.4</ele>
      </trkpt>
      <trkpt lat="33.20801" lon="-111.14085">
        <ele>1012.8</ele>
      </trkpt>
      <trkpt lat="33.207853" lon="-111.140674">
        <ele>1012.6</ele>
      </trkpt>
      <trkpt lat="33.20769" lon="-111.14063">
        <ele>1012.2</ele>
      </trkpt>
      <trkpt lat="33.207675" lon="-111.140499">
        <ele>1013.0</ele>
      </trkpt>
      <trkpt lat="33.20771" lon="-111.14021">
        <ele>1014.4</ele>
      </trkpt>
      <trkpt lat="33.207835" lon="-111.140014">
        <ele>1016.2</ele>
      </trkpt>
      <trkpt lat="33.207749" lon="-111.13986">
        <ele>1018.0</ele>
      </trkpt>
      <trkpt lat="33.207408" lon="-111.13977">
        <ele>1020.0</ele>
      </trkpt>
      <trkpt lat="33.207257" lon="-111.139837">
        <ele>1021.4</ele>
      </trkpt>
      <trkpt lat="33.207115" lon="-111.139739">
        <ele>1022.8</ele>
      </trkpt>
      <trkpt lat="33.206986" lon="-111.139592">
        <ele>1023.4</ele>
      </trkpt>
      <trkpt lat="33.206898" lon="-111.13945">
        <ele>1024.0</ele>
      </trkpt>
      <trkpt lat="33.206788" lon="-111.139572">
        <ele>1025.0</ele>
      </trkpt>
      <trkpt lat="33.206552" lon="-111.139496">
        <ele>1025.8</ele>
      </trkpt>
      <trkpt lat="33.206491" lon="-111.139275">
        <ele>1026.4</ele>
      </trkpt>
      <trkpt lat="33.206356" lon="-111.13934">
        <ele>1027.0</ele>
      </trkpt>
      <trkpt lat="33.20582" lon="-111.13934">
        <ele>1027.4</ele>
      </trkpt>
      <trkpt lat="33.20562" lon="-111.13925">
        <ele>1028.2</ele>
      </trkpt>
      <trkpt lat="33.20516" lon="-111.13913">
        <ele>1029.0</ele>
      </trkpt>
      <trkpt lat="33.204786" lon="-111.138787">
        <ele>1030.4</ele>
      </trkpt>
      <trkpt lat="33.20461" lon="-111.13878">
        <ele>1032.2</ele>
      </trkpt>
      <trkpt lat="33.204468" lon="-111.138607">
        <ele>1034.4</ele>
      </trkpt>
      <trkpt lat="33.20427" lon="-111.13853">
        <ele>1035.8</ele>
      </trkpt>
      <trkpt lat="33.20413" lon="-111.13824">
        <ele>1037.6</ele>
      </trkpt>
      <trkpt lat="33.20404" lon="-111.13823">
        <ele>1039.2</ele>
      </trkpt>
      <trkpt lat="33.20386" lon="-111.13835">
        <ele>1040.4</ele>
      </trkpt>
      <trkpt lat="33.203789" lon="-111.13847">
        <ele>1041.2</ele>
      </trkpt>
      <trkpt lat="33.20371" lon="-111.13846">
        <ele>1041.6</ele>
      </trkpt>
      <trkpt lat="33.203606" lon="-111.138602">
        <ele>1042.4</ele>
      </trkpt>
      <trkpt lat="33.203549" lon="-111.138589">
        <ele>1042.6</ele>
      </trkpt>
      <trkpt lat="33.203525" lon="-111.138437">
        <ele>1044.0</ele>
      </trkpt>
      <trkpt lat="33.203421" lon="-111.138493">
        <ele>1046.0</ele>
      </trkpt>
      <trkpt lat="33.203274" lon="-111.138319">
        <ele>1048.2</ele>
      </trkpt>
      <trkpt lat="33.202945" lon="-111.138083">
        <ele>1050.8</ele>
      </trkpt>
      <trkpt lat="33.202854" lon="-111.137929">
        <ele>1053.2</ele>
      </trkpt>
      <trkpt lat="33.202807" lon="-111.137647">
        <ele>1055.6</ele>
      </trkpt>
      <trkpt lat="33.20271" lon="-111.137667">
        <ele>1056.8</ele>
      </trkpt>
      <trkpt lat="33.202638" lon="-111.137584">
        <ele>1059.4</ele>
      </trkpt>
      <trkpt lat="33.202523" lon="-111.137644">
        <ele>1060.8</ele>
      </trkpt>
      <trkpt lat="33.202337" lon="-111.137517">
        <ele>1063.0</ele>
      </trkpt>
      <trkpt lat="33.202156" lon="-111.137527">
        <ele>1063.2</ele>
      </trkpt>
      <trkpt lat="33.201805" lon="-111.13767">
        <ele>1064.8</ele>
      </trkpt>
      <trkpt lat="33.20183" lon="-111.137899">
        <ele>1064.8</ele>
      </trkpt>
      <trkpt lat="33.201757" lon="-111.137959">
        <ele>1065.2</ele>
      </trkpt>
      <trkpt lat="33.201676" lon="-111.137902">
        <ele>1065.4</ele>
      </trkpt>
      <trkpt lat="33.201571" lon="-111.137967">
        <ele>1066.2</ele>
      </trkpt>
      <trkpt lat="33.201466" lon="-111.137951">
        <ele>1066.4</ele>
      </trkpt>
      <trkpt lat="33.201411" lon="-111.138065">
        <ele>1067.0</ele>
      </trkpt>
      <trkpt lat="33.20131" lon="-111.138095">
        <ele>1067.4</ele>
      </trkpt>
      <trkpt lat="33.20127" lon="-111.138006">
        <ele>1067.4</ele>
      </trkpt>
      <trkpt lat="33.201129" lon="-111.138076">
        <ele>1067.8</ele>
      </trkpt>
      <trkpt lat="33.20087" lon="-111.13832">
        <ele>1068.6</ele>
      </trkpt>
      <trkpt lat="33.20075" lon="-111.138358">
        <ele>1068.6</ele>
      </trkpt>
      <trkpt lat="33.20062" lon="-111.138293">
        <ele>1069.2</ele>
      </trkpt>
      <trkpt lat="33.200511" lon="-111.138349">
        <ele>1070.0</ele>
      </trkpt>
      <trkpt lat="33.200364" lon="-111.13816">
        <ele>1070.0</ele>
      </trkpt>
      <trkpt lat="33.200294" lon="-111.1382">
        <ele>1069.6</ele>
      </trkpt>
      <trkpt lat="33.200221" lon="-111.13851">
        <ele>1070.0</ele>
      </trkpt>
      <trkpt lat="33.200102" lon="-111.138655">
        <ele>1069.8</ele>
      </trkpt>
      <trkpt lat="33.19999" lon="-111.138673">
        <ele>1069.8</ele>
      </trkpt>
      <trkpt lat="33.199891" lon="-111.138608">
        <ele>1071.0</ele>
      </trkpt>
      <trkpt lat="33.199706" lon="-111.138275">
        <ele>1072.0</ele>
      </trkpt>
      <trkpt lat="33.199671" lon="-111.138136">
        <ele>1073.0</ele>
      </trkpt>
      <trkpt lat="33.199499" lon="-111.138122">
        <ele>1074.2</ele>
      </trkpt>
      <trkpt lat="33.199419" lon="-111.137983">
        <ele>1074.8</ele>
      </trkpt>
      <trkpt lat="33.199395" lon="-111.137791">
        <ele>1076.4</ele>
      </trkpt>
      <trkpt lat="33.19927" lon="-111.13774">
        <ele>1078.6</ele>
      </trkpt>
      <trkpt lat="33.19927" lon="-111.13761">
        <ele>1080.6</ele>
      </trkpt>
      <trkpt lat="33.199109" lon="-111.13752">
        <ele>1082.2</ele>
      </trkpt>
      <trkpt lat="33.199039" lon="-111.13736">
        <ele>1084.8</ele>
      </trkpt>
      <trkpt lat="33.19897" lon="-111.13733">
        <ele>1085.6</ele>
      </trkpt>
      <trkpt lat="33.19895" lon="-111.13723">
        <ele>1086.0</ele>
      </trkpt>
      <trkpt lat="33.198874" lon="-111.137282">
        <ele>1086.2</ele>
      </trkpt>
      <trkpt lat="33.1988" lon="-111.137209">
        <ele>1086.2</ele>
      </trkpt>
      <trkpt lat="33.198636" lon="-111.137221">
        <ele>1085.8</ele>
      </trkpt>
      <trkpt lat="33.198605" lon="-111.137397">
        <ele>1086.6</ele>
      </trkpt>
      <trkpt lat="33.198731" lon="-111.137677">
        <ele>1088.2</ele>
      </trkpt>
      <trkpt lat="33.198614" lon="-111.137949">
        <ele>1090.4</ele>
      </trkpt>
      <trkpt lat="33.19845" lon="-111.13808">
        <ele>1092.8</ele>
      </trkpt>
      <trkpt lat="33.198259" lon="-111.13811">
        <ele>1095.6</ele>
      </trkpt>
      <trkpt lat="33.198061" lon="-111.138009">
        <ele>1098.2</ele>
      </trkpt>
      <trkpt lat="33.19774" lon="-111.1379">
        <ele>1100.2</ele>
      </trkpt>
      <trkpt lat="33.197628" lon="-111.137961">
        <ele>1101.4</ele>
      </trkpt>
      <trkpt lat="33.197518" lon="-111.137914">
        <ele>1101.8</ele>
      </trkpt>
      <trkpt lat="33.197495" lon="-111.13774">
        <ele>1103.0</ele>
      </trkpt>
      <trkpt lat="33.197511" lon="-111.137657">
        <ele>1104.4</ele>
      </trkpt>
      <trkpt lat="33.197242" lon="-111.137516">
        <ele>1104.8</ele>
      </trkpt>
      <trkpt lat="33.197127" lon="-111.137534">
        <ele>1106.6</ele>
      </trkpt>
      <trkpt lat="33.197052" lon="-111.137317">
        <ele>1109.2</ele>
      </trkpt>
      <trkpt lat="33.196832" lon="-111.137115">
        <ele>1110.8</ele>
      </trkpt>
      <trkpt lat="33.196835" lon="-111.136936">
        <ele>1111.4</ele>
      </trkpt>
      <trkpt lat="33.196756" lon="-111.136886">
        <ele>1112.8</ele>
      </trkpt>
      <trkpt lat="33.196781" lon="-111.136742">
        <ele>1114.8</ele>
      </trkpt>
      <trkpt lat="33.19666" lon="-111.136511">
        <ele>1115.4</ele>
      </trkpt>
      <trkpt lat="33.196416" lon="-111.136401">
        <ele>1117.2</ele>
      </trkpt>
      <trkpt lat="33.19635" lon="-111.13623">
        <ele>1119.2</ele>
      </trkpt>
      <trkpt lat="33.196233" lon="-111.136167">
        <ele>1121.8</ele>
      </trkpt>
      <trkpt lat="33.196053" lon="-111.13603">
        <ele>1122.8</ele>
      </trkpt>
      <trkpt lat="33.195909" lon="-111.13598">
        <ele>1125.2</ele>
      </trkpt>
      <trkpt lat="33.195819" lon="-111.13586">
        <ele>1128.0</ele>
      </trkpt>
      <trkpt lat="33.19578" lon="-111.13575">
        <ele>1130.2</ele>
      </trkpt>
      <trkpt lat="33.19571" lon="-111.1357">
        <ele>1132.6</ele>
      </trkpt>
      <trkpt lat="33.195639" lon="-111.13535">
        <ele>1134.4</ele>
      </trkpt>
      <trkpt lat="33.195559" lon="-111.135254">
        <ele>1136.4</ele>
      </trkpt>
      <trkpt lat="33.19489" lon="-111.13482">
        <ele>1137.6</ele>
      </trkpt>
      <trkpt lat="33.194789" lon="-111.13478">
        <ele>1138.2</ele>
      </trkpt>
      <trkpt lat="33.19456" lon="-111.13456">
        <ele>1138.4</ele>
      </trkpt>
      <trkpt lat="33.194457" lon="-111.134325">
        <ele>1139.0</ele>
      </trkpt>
      <trkpt lat="33.194339" lon="-111.134258">
        <ele>1139.2</ele>
      </trkpt>
      <trkpt lat="33.194259" lon="-111.134372">
        <ele>1137.0</ele>
      </trkpt>
      <trkpt lat="33.194153" lon="-111.134786">
        <ele>1134.6</ele>
      </trkpt>
      <trkpt lat="33.194076" lon="-111.135235">
        <ele>1129.8</ele>
      </trkpt>
      <trkpt lat="33.194077" lon="-111.136022">
        <ele>1124.6</ele>
      </trkpt>
      <trkpt lat="33.194057" lon="-111.136534">
        <ele>1119.6</ele>
      </trkpt>
      <trkpt lat="33.193948" lon="-111.136554">
        <ele>1115.6</ele>
      </trkpt>
      <trkpt lat="33.193888" lon="-111.136276">
        <ele>1112.6</ele>
      </trkpt>
      <trkpt lat="33.193798" lon="-111.136211">
        <ele>1109.8</ele>
      </trkpt>
      <trkpt lat="33.193635" lon="-111.135706">
        <ele>1107.2</ele>
      </trkpt>
      <trkpt lat="33.193491" lon="-111.135662">
        <ele>1103.4</ele>
      </trkpt>
      <trkpt lat="33.193336" lon="-111.135446">
        <ele>1099.2</ele>
      </trkpt>
      <trkpt lat="33.193213" lon="-111.135753">
        <ele>1094.8</ele>
      </trkpt>
      <trkpt lat="33.193105" lon="-111.135821">
        <ele>1091.6</ele>
      </trkpt>
      <trkpt lat="33.192897" lon="-111.135702">
        <ele>1088.8</ele>
      </trkpt>
      <trkpt lat="33.192844" lon="-111.135723">
        <ele>1086.2</ele>
      </trkpt>
      <trkpt lat="33.192791" lon="-111.135829">
        <ele>1083.6</ele>
      </trkpt>
      <trkpt lat="33.19232" lon="-111.13591">
        <ele>1080.2</ele>
      </trkpt>
      <trkpt lat="33.192189" lon="-111.13599">
        <ele>1076.8</ele>
      </trkpt>
      <trkpt lat="33.191519" lon="-111.136">
        <ele>1073.2</ele>
      </trkpt>
      <trkpt lat="33.191319" lon="-111.13595">
        <ele>1069.6</ele>
      </trkpt>
      <trkpt lat="33.191229" lon="-111.13583">
        <ele>1066.6</ele>
      </trkpt>
      <trkpt lat="33.190939" lon="-111.13575">
        <ele>1064.4</ele>
      </trkpt>
      <trkpt lat="33.19075" lon="-111.13555">
        <ele>1062.8</ele>
      </trkpt>
      <trkpt lat="33.19055" lon="-111.13559">
        <ele>1061.2</ele>
      </trkpt>
      <trkpt lat="33.190441" lon="-111.135588">
        <ele>1060.4</ele>
      </trkpt>
      <trkpt lat="33.190403" lon="-111.13542">
        <ele>1058.2</ele>
      </trkpt>
      <trkpt lat="33.190232" lon="-111.135396">
        <ele>1056.6</ele>
      </trkpt>
      <trkpt lat="33.189819" lon="-111.13501">
        <ele>1055.0</ele>
      </trkpt>
      <trkpt lat="33.189819" lon="-111.13486">
        <ele>1053.2</ele>
      </trkpt>
      <trkpt lat="33.1899" lon="-111.13471">
        <ele>1051.0</ele>
      </trkpt>
      <trkpt lat="33.189839" lon="-111.13469">
        <ele>1050.4</ele>
      </trkpt>
      <trkpt lat="33.18968" lon="-111.13475">
        <ele>1049.8</ele>
      </trkpt>
      <trkpt lat="33.18963" lon="-111.13489">
        <ele>1049.0</ele>
      </trkpt>
      <trkpt lat="33.189639" lon="-111.13499">
        <ele>1048.6</ele>
      </trkpt>
      <trkpt lat="33.18959" lon="-111.13507">
        <ele>1048.8</ele>
      </trkpt>
      <trkpt lat="33.1894" lon="-111.135">
        <ele>1049.2</ele>
      </trkpt>
      <trkpt lat="33.189169" lon="-111.13473">
        <ele>1050.4</ele>
      </trkpt>
      <trkpt lat="33.18907" lon="-111.13482">
        <ele>1053.0</ele>
      </trkpt>
      <trkpt lat="33.188969" lon="-111.13498">
        <ele>1055.4</ele>
      </trkpt>
      <trkpt lat="33.188879" lon="-111.13539">
        <ele>1057.6</ele>
      </trkpt>
      <trkpt lat="33.188789" lon="-111.13554">
        <ele>1059.4</ele>
      </trkpt>
      <trkpt lat="33.18867" lon="-111.13551">
        <ele>1060.6</ele>
      </trkpt>
      <trkpt lat="33.188609" lon="-111.13558">
        <ele>1060.4</ele>
      </trkpt>
      <trkpt lat="33.188589" lon="-111.13574">
        <ele>1060.2</ele>
      </trkpt>
      <trkpt lat="33.188519" lon="-111.13579">
        <ele>1060.2</ele>
      </trkpt>
      <trkpt lat="33.18831" lon="-111.13562">
        <ele>1060.2</ele>
      </trkpt>
      <trkpt lat="33.188139" lon="-111.1356">
        <ele>1060.2</ele>
      </trkpt>
      <trkpt lat="33.18772" lon="-111.13612">
        <ele>1061.4</ele>
      </trkpt>
      <trkpt lat="33.187669" lon="-111.13623">
        <ele>1063.2</ele>
      </trkpt>
      <trkpt lat="33.18769" lon="-111.13661">
        <ele>1065.6</ele>
      </trkpt>
      <trkpt lat="33.187649" lon="-111.13674">
        <ele>1068.0</ele>
      </trkpt>
      <trkpt lat="33.187489" lon="-111.13684">
        <ele>1070.2</ele>
      </trkpt>
      <trkpt lat="33.18728" lon="-111.13682">
        <ele>1071.6</ele>
      </trkpt>
      <trkpt lat="33.18717" lon="-111.1367">
        <ele>1073.2</ele>
      </trkpt>
      <trkpt lat="33.18704" lon="-111.13676">
        <ele>1074.6</ele>
      </trkpt>
      <trkpt lat="33.1869" lon="-111.13699">
        <ele>1076.6</ele>
      </trkpt>
      <trkpt lat="33.18672" lon="-111.137">
        <ele>1079.2</ele>
      </trkpt>
      <trkpt lat="33.186549" lon="-111.13716">
        <ele>1082.0</ele>
      </trkpt>
      <trkpt lat="33.186529" lon="-111.13742">
        <ele>1084.0</ele>
      </trkpt>
      <trkpt lat="33.18658" lon="-111.13804">
        <ele>1086.0</ele>
      </trkpt>
      <trkpt lat="33.18657" lon="-111.13815">
        <ele>1087.8</ele>
      </trkpt>
      <trkpt lat="33.18648" lon="-111.13824">
        <ele>1090.0</ele>
      </trkpt>
      <trkpt lat="33.18642" lon="-111.13855">
        <ele>1092.0</ele>
      </trkpt>
      <trkpt lat="33.186459" lon="-111.13872">
        <ele>1094.2</ele>
      </trkpt>
      <trkpt lat="33.186259" lon="-111.13968">
        <ele>1096.4</ele>
      </trkpt>
      <trkpt lat="33.18621" lon="-111.1398">
        <ele>1098.4</ele>
      </trkpt>
      <trkpt lat="33.18613" lon="-111.1399">
        <ele>1100.8</ele>
      </trkpt>
      <trkpt lat="33.18613" lon="-111.14004">
        <ele>1102.8</ele>
      </trkpt>
      <trkpt lat="33.1861" lon="-111.14015">
        <ele>1105.2</ele>
      </trkpt>
      <trkpt lat="33.185989" lon="-111.1403">
        <ele>1108.4</ele>
      </trkpt>
      <trkpt lat="33.185879" lon="-111.14037">
        <ele>1111.2</ele>
      </trkpt>
      <trkpt lat="33.185789" lon="-111.14031">
        <ele>1112.6</ele>
      </trkpt>
      <trkpt lat="33.18576" lon="-111.14024">
        <ele>1115.6</ele>
      </trkpt>
      <trkpt lat="33.185679" lon="-111.14016">
        <ele>1117.8</ele>
      </trkpt>
      <trkpt lat="33.185339" lon="-111.14029">
        <ele>1119.2</ele>
      </trkpt>
      <trkpt lat="33.18519" lon="-111.14025">
        <ele>1121.0</ele>
      </trkpt>
      <trkpt lat="33.185119" lon="-111.14032">
        <ele>1122.4</ele>
      </trkpt>
      <trkpt lat="33.18497" lon="-111.140302">
        <ele>1122.4</ele>
      </trkpt>
      <trkpt lat="33.184942" lon="-111.140124">
        <ele>1123.6</ele>
      </trkpt>
      <trkpt lat="33.184891" lon="-111.140034">
        <ele>1125.4</ele>
      </trkpt>
      <trkpt lat="33.18452" lon="-111.14007">
        <ele>1126.4</ele>
      </trkpt>
      <trkpt lat="33.184305" lon="-111.14042">
        <ele>1128.8</ele>
      </trkpt>
      <trkpt lat="33.183929" lon="-111.14053">
        <ele>1131.2</ele>
      </trkpt>
      <trkpt lat="33.18369" lon="-111.14076">
        <ele>1132.8</ele>
      </trkpt>
      <trkpt lat="33.18363" lon="-111.14073">
        <ele>1133.8</ele>
      </trkpt>
      <trkpt lat="33.183459" lon="-111.14073">
        <ele>1135.2</ele>
      </trkpt>
      <trkpt lat="33.18341" lon="-111.14076">
        <ele>1135.2</ele>
      </trkpt>
      <trkpt lat="33.18331" lon="-111.14067">
        <ele>1134.8</ele>
      </trkpt>
      <trkpt lat="33.183161" lon="-111.140366">
        <ele>1133.2</ele>
      </trkpt>
      <trkpt lat="33.18322" lon="-111.13967">
        <ele>1132.2</ele>
      </trkpt>
      <trkpt lat="33.183149" lon="-111.13949">
        <ele>1131.6</ele>
      </trkpt>
      <trkpt lat="33.183059" lon="-111.1394">
        <ele>1132.6</ele>
      </trkpt>
      <trkpt lat="33.182969" lon="-111.13919">
        <ele>1133.8</ele>
      </trkpt>
      <trkpt lat="33.18273" lon="-111.1389">
        <ele>1135.4</ele>
      </trkpt>
      <trkpt lat="33.182589" lon="-111.13889">
        <ele>1136.0</ele>
      </trkpt>
      <trkpt lat="33.18247" lon="-111.13894">
        <ele>1135.4</ele>
      </trkpt>
      <trkpt lat="33.182389" lon="-111.13891">
        <ele>1134.6</ele>
      </trkpt>
      <trkpt lat="33.182229" lon="-111.13876">
        <ele>1132.6</ele>
      </trkpt>
      <trkpt lat="33.18225" lon="-111.13867">
        <ele>1132.2</ele>
      </trkpt>
      <trkpt lat="33.1821" lon="-111.13849">
        <ele>1130.6</ele>
      </trkpt>
      <trkpt lat="33.182119" lon="-111.13831">
        <ele>1130.0</ele>
      </trkpt>
      <trkpt lat="33.18209" lon="-111.13814">
        <ele>1127.4</ele>
      </trkpt>
      <trkpt lat="33.181959" lon="-111.13791">
        <ele>1125.8</ele>
      </trkpt>
      <trkpt lat="33.181759" lon="-111.1377">
        <ele>1123.4</ele>
      </trkpt>
      <trkpt lat="33.181579" lon="-111.13763">
        <ele>1121.8</ele>
      </trkpt>
      <trkpt lat="33.181379" lon="-111.13746">
        <ele>1123.2</ele>
      </trkpt>
      <trkpt lat="33.181109" lon="-111.13715">
        <ele>1125.4</ele>
      </trkpt>
      <trkpt lat="33.18023" lon="-111.13691">
        <ele>1126.8</ele>
      </trkpt>
      <trkpt lat="33.180092" lon="-111.136682">
        <ele>1128.0</ele>
      </trkpt>
      <trkpt lat="33.17965" lon="-111.136175">
        <ele>1129.6</ele>
      </trkpt>
      <trkpt lat="33.179473" lon="-111.136089">
        <ele>1129.4</ele>
      </trkpt>
      <trkpt lat="33.179644" lon="-111.136188">
        <ele>1129.6</ele>
      </trkpt>
      <trkpt lat="33.180079" lon="-111.13668">
        <ele>1129.2</ele>
      </trkpt>
      <trkpt lat="33.180228" lon="-111.136906">
        <ele>1128.8</ele>
      </trkpt>
      <trkpt lat="33.180895" lon="-111.137116">
        <ele>1128.4</ele>
      </trkpt>
      <trkpt lat="33.180996" lon="-111.137167">
        <ele>1127.0</ele>
      </trkpt>
      <trkpt lat="33.180976" lon="-111.137221">
        <ele>1126.8</ele>
      </trkpt>
      <trkpt lat="33.180832" lon="-111.137258">
        <ele>1128.2</ele>
      </trkpt>
      <trkpt lat="33.180627" lon="-111.137199">
        <ele>1129.2</ele>
      </trkpt>
      <trkpt lat="33.180518" lon="-111.137235">
        <ele>1129.8</ele>
      </trkpt>
      <trkpt lat="33.180434" lon="-111.137309">
        <ele>1130.2</ele>
      </trkpt>
      <trkpt lat="33.18037" lon="-111.137425">
        <ele>1127.0</ele>
      </trkpt>
      <trkpt lat="33.180106" lon="-111.137531">
        <ele>1123.8</ele>
      </trkpt>
      <trkpt lat="33.179693" lon="-111.137859">
        <ele>1120.4</ele>
      </trkpt>
      <trkpt lat="33.179537" lon="-111.137846">
        <ele>1117.8</ele>
      </trkpt>
      <trkpt lat="33.179377" lon="-111.137724">
        <ele>1115.0</ele>
      </trkpt>
      <trkpt lat="33.17933" lon="-111.137655">
        <ele>1113.4</ele>
      </trkpt>
      <trkpt lat="33.179246" lon="-111.137672">
        <ele>1111.6</ele>
      </trkpt>
      <trkpt lat="33.179223" lon="-111.137735">
        <ele>1110.0</ele>
      </trkpt>
      <trkpt lat="33.179229" lon="-111.137956">
        <ele>1108.2</ele>
      </trkpt>
      <trkpt lat="33.17917" lon="-111.13807">
        <ele>1107.0</ele>
      </trkpt>
      <trkpt lat="33.17909" lon="-111.13809">
        <ele>1105.4</ele>
      </trkpt>
      <trkpt lat="33.178959" lon="-111.13804">
        <ele>1106.0</ele>
      </trkpt>
      <trkpt lat="33.178919" lon="-111.13799">
        <ele>1105.6</ele>
      </trkpt>
      <trkpt lat="33.17888" lon="-111.13761">
        <ele>1104.6</ele>
      </trkpt>
      <trkpt lat="33.178759" lon="-111.13751">
        <ele>1103.4</ele>
      </trkpt>
      <trkpt lat="33.178559" lon="-111.13744">
        <ele>1101.4</ele>
      </trkpt>
      <trkpt lat="33.17835" lon="-111.13719">
        <ele>1097.4</ele>
      </trkpt>
      <trkpt lat="33.177925" lon="-111.13734">
        <ele>1096.0</ele>
      </trkpt>
      <trkpt lat="33.177762" lon="-111.137306">
        <ele>1093.0</ele>
      </trkpt>
      <trkpt lat="33.17767" lon="-111.137127">
        <ele>1090.8</ele>
      </trkpt>
      <trkpt lat="33.177715" lon="-111.136808">
        <ele>1090.8</ele>
      </trkpt>
      <trkpt lat="33.177836" lon="-111.136607">
        <ele>1088.8</ele>
      </trkpt>
      <trkpt lat="33.177827" lon="-111.136499">
        <ele>1086.6</ele>
      </trkpt>
      <trkpt lat="33.177742" lon="-111.136435">
        <ele>1084.6</ele>
      </trkpt>
      <trkpt lat="33.17768" lon="-111.136241">
        <ele>1081.2</ele>
      </trkpt>
      <trkpt lat="33.17759" lon="-111.13611">
        <ele>1077.4</ele>
      </trkpt>
      <trkpt lat="33.177464" lon="-111.135789">
        <ele>1075.6</ele>
      </trkpt>
      <trkpt lat="33.17736" lon="-111.136088">
        <ele>1072.8</ele>
      </trkpt>
      <trkpt lat="33.177307" lon="-111.136042">
        <ele>1071.8</ele>
      </trkpt>
      <trkpt lat="33.177306" lon="-111.13562">
        <ele>1071.2</ele>
      </trkpt>
      <trkpt lat="33.177239" lon="-111.13551">
        <ele>1071.0</ele>
      </trkpt>
      <trkpt lat="33.177259" lon="-111.13543">
        <ele>1071.2</ele>
      </trkpt>
      <trkpt lat="33.177239" lon="-111.13542">
        <ele>1072.6</ele>
      </trkpt>
      <trkpt lat="33.176969" lon="-111.13558">
        <ele>1074.2</ele>
      </trkpt>
      <trkpt lat="33.176699" lon="-111.13564">
        <ele>1076.2</ele>
      </trkpt>
      <trkpt lat="33.176249" lon="-111.135583">
        <ele>1077.6</ele>
      </trkpt>
      <trkpt lat="33.176009" lon="-111.13525">
        <ele>1076.8</ele>
      </trkpt>
      <trkpt lat="33.175919" lon="-111.13529">
        <ele>1073.8</ele>
      </trkpt>
      <trkpt lat="33.175433" lon="-111.135743">
        <ele>1070.6</ele>
      </trkpt>
      <trkpt lat="33.175128" lon="-111.135826">
        <ele>1067.8</ele>
      </trkpt>
      <trkpt lat="33.17503" lon="-111.135695">
        <ele>1063.6</ele>
      </trkpt>
      <trkpt lat="33.175058" lon="-111.135537">
        <ele>1061.8</ele>
      </trkpt>
      <trkpt lat="33.174774" lon="-111.135582">
        <ele>1060.2</ele>
      </trkpt>
      <trkpt lat="33.17469" lon="-111.13541">
        <ele>1058.8</ele>
      </trkpt>
      <trkpt lat="33.174525" lon="-111.135432">
        <ele>1056.8</ele>
      </trkpt>
      <trkpt lat="33.174388" lon="-111.135375">
        <ele>1057.0</ele>
      </trkpt>
      <trkpt lat="33.174331" lon="-111.135314">
        <ele>1055.8</ele>
      </trkpt>
      <trkpt lat="33.174186" lon="-111.135279">
        <ele>1056.2</ele>
      </trkpt>
      <trkpt lat="33.174066" lon="-111.13541">
        <ele>1056.2</ele>
      </trkpt>
      <trkpt lat="33.173961" lon="-111.13527">
        <ele>1055.0</ele>
      </trkpt>
      <trkpt lat="33.1739" lon="-111.13528">
        <ele>1054.2</ele>
      </trkpt>
      <trkpt lat="33.173822" lon="-111.135423">
        <ele>1053.4</ele>
      </trkpt>
      <trkpt lat="33.17356" lon="-111.13542">
        <ele>1052.2</ele>
      </trkpt>
      <trkpt lat="33.17337" lon="-111.135552">
        <ele>1050.4</ele>
      </trkpt>
      <trkpt lat="33.173102" lon="-111.135587">
        <ele>1049.4</ele>
      </trkpt>
      <trkpt lat="33.173023" lon="-111.135708">
        <ele>1047.8</ele>
      </trkpt>
      <trkpt lat="33.172935" lon="-111.135795">
        <ele>1047.0</ele>
      </trkpt>
      <trkpt lat="33.172697" lon="-111.135858">
        <ele>1048.0</ele>
      </trkpt>
      <trkpt lat="33.172404" lon="-111.135659">
        <ele>1047.2</ele>
      </trkpt>
      <trkpt lat="33.172235" lon="-111.135483">
        <ele>1047.2</ele>
      </trkpt>
      <trkpt lat="33.172089" lon="-111.13566">
        <ele>1047.0</ele>
      </trkpt>
      <trkpt lat="33.17193" lon="-111.13568">
        <ele>1046.6</ele>
      </trkpt>
      <trkpt lat="33.17186" lon="-111.13584">
        <ele>1043.4</ele>
      </trkpt>
      <trkpt lat="33.17159" lon="-111.1361">
        <ele>1043.0</ele>
      </trkpt>
      <trkpt lat="33.171509" lon="-111.13626">
        <ele>1040.4</ele>
      </trkpt>
      <trkpt lat="33.17137" lon="-111.13637">
        <ele>1038.0</ele>
      </trkpt>
      <trkpt lat="33.17131" lon="-111.1367">
        <ele>1037.2</ele>
      </trkpt>
      <trkpt lat="33.170698" lon="-111.13684">
        <ele>1036.2</ele>
      </trkpt>
      <trkpt lat="33.17062" lon="-111.13677">
        <ele>1033.8</ele>
      </trkpt>
      <trkpt lat="33.17053" lon="-111.13681">
        <ele>1033.2</ele>
      </trkpt>
      <trkpt lat="33.17054" lon="-111.13699">
        <ele>1032.8</ele>
      </trkpt>
      <trkpt lat="33.170479" lon="-111.13711">
        <ele>1031.4</ele>
      </trkpt>
      <trkpt lat="33.17044" lon="-111.13736">
        <ele>1031.8</ele>
      </trkpt>
      <trkpt lat="33.170395" lon="-111.137467">
        <ele>1032.8</ele>
      </trkpt>
      <trkpt lat="33.170309" lon="-111.137511">
        <ele>1033.6</ele>
      </trkpt>
      <trkpt lat="33.17029" lon="-111.137477">
        <ele>1034.4</ele>
      </trkpt>
      <trkpt lat="33.170335" lon="-111.137359">
        <ele>1035.4</ele>
      </trkpt>
      <trkpt lat="33.17033" lon="-111.13725">
        <ele>1037.2</ele>
      </trkpt>
      <trkpt lat="33.170268" lon="-111.137332">
        <ele>1039.4</ele>
      </trkpt>
      <trkpt lat="33.170167" lon="-111.137407">
        <ele>1042.4</ele>
      </trkpt>
      <trkpt lat="33.169891" lon="-111.13748">
        <ele>1045.8</ele>
      </trkpt>
      <trkpt lat="33.169717" lon="-111.137466">
        <ele>1049.4</ele>
      </trkpt>
      <trkpt lat="33.169584" lon="-111.137399">
        <ele>1050.8</ele>
      </trkpt>
      <trkpt lat="33.169839" lon="-111.137378">
        <ele>1053.8</ele>
      </trkpt>
      <trkpt lat="33.169936" lon="-111.137313">
        <ele>1055.2</ele>
      </trkpt>
      <trkpt lat="33.170023" lon="-111.137223">
        <ele>1057.8</ele>
      </trkpt>
      <trkpt lat="33.169894" lon="-111.137263">
        <ele>1060.4</ele>
      </trkpt>
      <trkpt lat="33.169714" lon="-111.137214">
        <ele>1064.8</ele>
      </trkpt>
      <trkpt lat="33.169573" lon="-111.137106">
        <ele>1068.2</ele>
      </trkpt>
      <trkpt lat="33.169482" lon="-111.136943">
        <ele>1071.6</ele>
      </trkpt>
      <trkpt lat="33.16951" lon="-111.136887">
        <ele>1073.0</ele>
      </trkpt>
      <trkpt lat="33.169618" lon="-111.137003">
        <ele>1075.0</ele>
      </trkpt>
      <trkpt lat="33.169722" lon="-111.137038">
        <ele>1076.0</ele>
      </trkpt>
      <trkpt lat="33.16955" lon="-111.136816">
        <ele>1077.0</ele>
      </trkpt>
      <trkpt lat="33.169517" lon="-111.136659">
        <ele>1077.4</ele>
      </trkpt>
      <trkpt lat="33.169418" lon="-111.136442">
        <ele>1079.0</ele>
      </trkpt>
      <trkpt lat="33.169109" lon="-111.136368">
        <ele>1079.0</ele>
      </trkpt>
      <trkpt lat="33.169015" lon="-111.136245">
        <ele>1077.6</ele>
      </trkpt>
      <trkpt lat="33.168807" lon="-111.136227">
        <ele>1075.6</ele>
      </trkpt>
      <trkpt lat="33.168642" lon="-111.136333">
        <ele>1075.0</ele>
      </trkpt>
      <trkpt lat="33.168511" lon="-111.136322">
        <ele>1074.2</ele>
      </trkpt>
      <trkpt lat="33.168311" lon="-111.13621">
        <ele>1073.6</ele>
      </trkpt>
      <trkpt lat="33.168259" lon="-111.13608">
        <ele>1073.0</ele>
      </trkpt>
      <trkpt lat="33.16819" lon="-111.1361">
        <ele>1071.6</ele>
      </trkpt>
      <trkpt lat="33.16811" lon="-111.13627">
        <ele>1069.4</ele>
      </trkpt>
      <trkpt lat="33.168129" lon="-111.13644">
        <ele>1067.4</ele>
      </trkpt>
      <trkpt lat="33.16811" lon="-111.13672">
        <ele>1065.2</ele>
      </trkpt>
      <trkpt lat="33.168" lon="-111.1368">
        <ele>1064.2</ele>
      </trkpt>
      <trkpt lat="33.16791" lon="-111.13718">
        <ele>1064.6</ele>
      </trkpt>
      <trkpt lat="33.1679" lon="-111.13741">
        <ele>1066.2</ele>
      </trkpt>
      <trkpt lat="33.16782" lon="-111.13755">
        <ele>1066.2</ele>
      </trkpt>
      <trkpt lat="33.16776" lon="-111.13757">
        <ele>1066.6</ele>
      </trkpt>
      <trkpt lat="33.16771" lon="-111.13799">
        <ele>1069.6</ele>
      </trkpt>
      <trkpt lat="33.16764" lon="-111.13817">
        <ele>1068.8</ele>
      </trkpt>
      <trkpt lat="33.16756" lon="-111.13825">
        <ele>1068.2</ele>
      </trkpt>
      <trkpt lat="33.16754" lon="-111.13839">
        <ele>1067.8</ele>
      </trkpt>
      <trkpt lat="33.167479" lon="-111.13848">
        <ele>1067.4</ele>
      </trkpt>
      <trkpt lat="33.16745" lon="-111.13864">
        <ele>1066.0</ele>
      </trkpt>
      <trkpt lat="33.16735" lon="-111.13882">
        <ele>1067.8</ele>
      </trkpt>
      <trkpt lat="33.16725" lon="-111.13892">
        <ele>1069.2</ele>
      </trkpt>
      <trkpt lat="33.16708" lon="-111.13926">
        <ele>1070.6</ele>
      </trkpt>
      <trkpt lat="33.166939" lon="-111.13941">
        <ele>1071.8</ele>
      </trkpt>
      <trkpt lat="33.166919" lon="-111.13947">
        <ele>1070.8</ele>
      </trkpt>
      <trkpt lat="33.16682" lon="-111.13958">
        <ele>1069.4</ele>
      </trkpt>
      <trkpt lat="33.1668" lon="-111.13964">
        <ele>1067.8</ele>
      </trkpt>
      <trkpt lat="33.166649" lon="-111.1398">
        <ele>1066.4</ele>
      </trkpt>
      <trkpt lat="33.16651" lon="-111.13988">
        <ele>1066.4</ele>
      </trkpt>
      <trkpt lat="33.16641" lon="-111.13985">
        <ele>1066.8</ele>
      </trkpt>
      <trkpt lat="33.16631" lon="-111.13973">
        <ele>1068.0</ele>
      </trkpt>
      <trkpt lat="33.16605" lon="-111.13881">
        <ele>1067.6</ele>
      </trkpt>
      <trkpt lat="33.16602" lon="-111.13877">
        <ele>1067.4</ele>
      </trkpt>
      <trkpt lat="33.16584" lon="-111.13892">
        <ele>1066.8</ele>
      </trkpt>
      <trkpt lat="33.165779" lon="-111.13893">
        <ele>1065.8</ele>
      </trkpt>
      <trkpt lat="33.16559" lon="-111.13881">
        <ele>1063.2</ele>
      </trkpt>
      <trkpt lat="33.165529" lon="-111.13881">
        <ele>1062.4</ele>
      </trkpt>
      <trkpt lat="33.165425" lon="-111.13899">
        <ele>1062.0</ele>
      </trkpt>
      <trkpt lat="33.165328" lon="-111.139037">
        <ele>1061.4</ele>
      </trkpt>
      <trkpt lat="33.16502" lon="-111.13903">
        <ele>1060.8</ele>
      </trkpt>
      <trkpt lat="33.16499" lon="-111.13915">
        <ele>1060.0</ele>
      </trkpt>
      <trkpt lat="33.16499" lon="-111.1393">
        <ele>1057.6</ele>
      </trkpt>
      <trkpt lat="33.16479" lon="-111.13979">
        <ele>1054.4</ele>
      </trkpt>
      <trkpt lat="33.164659" lon="-111.14035">
        <ele>1050.0</ele>
      </trkpt>
      <trkpt lat="33.16454" lon="-111.14055">
        <ele>1046.2</ele>
      </trkpt>
      <trkpt lat="33.164499" lon="-111.14074">
        <ele>1044.2</ele>
      </trkpt>
      <trkpt lat="33.164679" lon="-111.14126">
        <ele>1044.0</ele>
      </trkpt>
      <trkpt lat="33.164679" lon="-111.14146">
        <ele>1045.0</ele>
      </trkpt>
      <trkpt lat="33.16452" lon="-111.14156">
        <ele>1045.8</ele>
      </trkpt>
      <trkpt lat="33.16452" lon="-111.1414">
        <ele>1048.0</ele>
      </trkpt>
      <trkpt lat="33.16445" lon="-111.14148">
        <ele>1050.0</ele>
      </trkpt>
      <trkpt lat="33.164389" lon="-111.14147">
        <ele>1052.8</ele>
      </trkpt>
      <trkpt lat="33.164409" lon="-111.14136">
        <ele>1054.4</ele>
      </trkpt>
      <trkpt lat="33.164099" lon="-111.14152">
        <ele>1055.8</ele>
      </trkpt>
      <trkpt lat="33.164" lon="-111.14162">
        <ele>1055.8</ele>
      </trkpt>
      <trkpt lat="33.16387" lon="-111.14188">
        <ele>1058.8</ele>
      </trkpt>
      <trkpt lat="33.16377" lon="-111.142">
        <ele>1060.2</ele>
      </trkpt>
      <trkpt lat="33.1635" lon="-111.14249">
        <ele>1062.0</ele>
      </trkpt>
      <trkpt lat="33.163539" lon="-111.14253">
        <ele>1064.6</ele>
      </trkpt>
      <trkpt lat="33.16344" lon="-111.14266">
        <ele>1066.4</ele>
      </trkpt>
      <trkpt lat="33.16335" lon="-111.14269">
        <ele>1065.0</ele>
      </trkpt>
      <trkpt lat="33.16343" lon="-111.14277">
        <ele>1063.6</ele>
      </trkpt>
      <trkpt lat="33.163539" lon="-111.1428">
        <ele>1062.0</ele>
      </trkpt>
      <trkpt lat="33.163539" lon="-111.14297">
        <ele>1061.2</ele>
      </trkpt>
      <trkpt lat="33.1636" lon="-111.14332">
        <ele>1061.2</ele>
      </trkpt>
      <trkpt lat="33.1638" lon="-111.14381">
        <ele>1061.8</ele>
      </trkpt>
      <trkpt lat="33.16378" lon="-111.14393">
        <ele>1062.8</ele>
      </trkpt>
      <trkpt lat="33.163649" lon="-111.14418">
        <ele>1063.4</ele>
      </trkpt>
      <trkpt lat="33.163539" lon="-111.14432">
        <ele>1063.6</ele>
      </trkpt>
      <trkpt lat="33.16351" lon="-111.14447">
        <ele>1063.0</ele>
      </trkpt>
      <trkpt lat="33.163348" lon="-111.144565">
        <ele>1062.0</ele>
      </trkpt>
      <trkpt lat="33.16332" lon="-111.1453">
        <ele>1063.2</ele>
      </trkpt>
      <trkpt lat="33.163359" lon="-111.14545">
        <ele>1064.0</ele>
      </trkpt>
      <trkpt lat="33.163269" lon="-111.14597">
        <ele>1065.0</ele>
      </trkpt>
      <trkpt lat="33.163339" lon="-111.14622">
        <ele>1066.4</ele>
      </trkpt>
      <trkpt lat="33.16351" lon="-111.14644">
        <ele>1067.0</ele>
      </trkpt>
      <trkpt lat="33.163649" lon="-111.14669">
        <ele>1066.6</ele>
      </trkpt>
      <trkpt lat="33.16371" lon="-111.14694">
        <ele>1066.6</ele>
      </trkpt>
      <trkpt lat="33.16378" lon="-111.14706">
        <ele>1067.0</ele>
      </trkpt>
      <trkpt lat="33.163919" lon="-111.14714">
        <ele>1068.6</ele>
      </trkpt>
      <trkpt lat="33.164029" lon="-111.14726">
        <ele>1070.0</ele>
      </trkpt>
      <trkpt lat="33.16415" lon="-111.14752">
        <ele>1072.6</ele>
      </trkpt>
      <trkpt lat="33.16429" lon="-111.14767">
        <ele>1076.4</ele>
      </trkpt>
      <trkpt lat="33.16436" lon="-111.14791">
        <ele>1078.2</ele>
      </trkpt>
      <trkpt lat="33.164499" lon="-111.14812">
        <ele>1078.8</ele>
      </trkpt>
      <trkpt lat="33.16463" lon="-111.14824">
        <ele>1079.8</ele>
      </trkpt>
      <trkpt lat="33.16493" lon="-111.14869">
        <ele>1079.8</ele>
      </trkpt>
      <trkpt lat="33.16493" lon="-111.14879">
        <ele>1078.0</ele>
      </trkpt>
      <trkpt lat="33.16483" lon="-111.14898">
        <ele>1078.2</ele>
      </trkpt>
      <trkpt lat="33.16472" lon="-111.14902">
        <ele>1075.4</ele>
      </trkpt>
      <trkpt lat="33.164679" lon="-111.14911">
        <ele>1074.4</ele>
      </trkpt>
      <trkpt lat="33.164409" lon="-111.14937">
        <ele>1072.2</ele>
      </trkpt>
      <trkpt lat="33.16417" lon="-111.1495">
        <ele>1071.6</ele>
      </trkpt>
      <trkpt lat="33.16406" lon="-111.1496">
        <ele>1069.6</ele>
      </trkpt>
      <trkpt lat="33.16389" lon="-111.14946">
        <ele>1070.2</ele>
      </trkpt>
      <trkpt lat="33.16379" lon="-111.14952">
        <ele>1069.6</ele>
      </trkpt>
      <trkpt lat="33.163649" lon="-111.14944">
        <ele>1069.6</ele>
      </trkpt>
      <trkpt lat="33.16342" lon="-111.14952">
        <ele>1068.8</ele>
      </trkpt>
      <trkpt lat="33.16343" lon="-111.14958">
        <ele>1068.2</ele>
      </trkpt>
      <trkpt lat="33.1632" lon="-111.14971">
        <ele>1066.6</ele>
      </trkpt>
      <trkpt lat="33.163089" lon="-111.14971">
        <ele>1064.2</ele>
      </trkpt>
      <trkpt lat="33.16286" lon="-111.1495">
        <ele>1060.8</ele>
      </trkpt>
      <trkpt lat="33.162439" lon="-111.14929">
        <ele>1057.8</ele>
      </trkpt>
      <trkpt lat="33.162419" lon="-111.14918">
        <ele>1055.2</ele>
      </trkpt>
      <trkpt lat="33.16246" lon="-111.14908">
        <ele>1054.0</ele>
      </trkpt>
      <trkpt lat="33.16246" lon="-111.14876">
        <ele>1053.0</ele>
      </trkpt>
      <trkpt lat="33.16249" lon="-111.14871">
        <ele>1050.6</ele>
      </trkpt>
      <trkpt lat="33.16258" lon="-111.14873">
        <ele>1048.2</ele>
      </trkpt>
      <trkpt lat="33.162889" lon="-111.14895">
        <ele>1045.0</ele>
      </trkpt>
      <trkpt lat="33.162999" lon="-111.14895">
        <ele>1042.4</ele>
      </trkpt>
      <trkpt lat="33.163089" lon="-111.14876">
        <ele>1040.8</ele>
      </trkpt>
      <trkpt lat="33.16323" lon="-111.14866">
        <ele>1041.0</ele>
      </trkpt>
      <trkpt lat="33.16329" lon="-111.1485">
        <ele>1041.4</ele>
      </trkpt>
      <trkpt lat="33.163179" lon="-111.14812">
        <ele>1042.4</ele>
      </trkpt>
      <trkpt lat="33.162999" lon="-111.14771">
        <ele>1041.6</ele>
      </trkpt>
      <trkpt lat="33.162869" lon="-111.14754">
        <ele>1037.6</ele>
      </trkpt>
      <trkpt lat="33.16257" lon="-111.14726">
        <ele>1032.2</ele>
      </trkpt>
      <trkpt lat="33.1621" lon="-111.14675">
        <ele>1027.6</ele>
      </trkpt>
      <trkpt lat="33.16183" lon="-111.14654">
        <ele>1020.8</ele>
      </trkpt>
      <trkpt lat="33.161859" lon="-111.14668">
        <ele>1014.4</ele>
      </trkpt>
      <trkpt lat="33.16165" lon="-111.14651">
        <ele>1010.8</ele>
      </trkpt>
      <trkpt lat="33.16136" lon="-111.14612">
        <ele>1007.6</ele>
      </trkpt>
      <trkpt lat="33.161275" lon="-111.145969">
        <ele>1002.8</ele>
      </trkpt>
      <trkpt lat="33.160939" lon="-111.1459">
        <ele>1000.4</ele>
      </trkpt>
      <trkpt lat="33.160559" lon="-111.146">
        <ele>998.6</ele>
      </trkpt>
      <trkpt lat="33.160469" lon="-111.146">
        <ele>996.4</ele>
      </trkpt>
      <trkpt lat="33.16032" lon="-111.14607">
        <ele>994.0</ele>
      </trkpt>
      <trkpt lat="33.160159" lon="-111.14627">
        <ele>991.8</ele>
      </trkpt>
      <trkpt lat="33.15991" lon="-111.1465">
        <ele>989.2</ele>
      </trkpt>
      <trkpt lat="33.15993" lon="-111.1466">
        <ele>986.4</ele>
      </trkpt>
      <trkpt lat="33.15991" lon="-111.14668">
        <ele>983.8</ele>
      </trkpt>
      <trkpt lat="33.15966" lon="-111.14667">
        <ele>982.0</ele>
      </trkpt>
      <trkpt lat="33.159329" lon="-111.14643">
        <ele>980.6</ele>
      </trkpt>
      <trkpt lat="33.159149" lon="-111.1464">
        <ele>979.4</ele>
      </trkpt>
      <trkpt lat="33.159129" lon="-111.1463">
        <ele>978.6</ele>
      </trkpt>
      <trkpt lat="33.15917" lon="-111.14617">
        <ele>976.8</ele>
      </trkpt>
      <trkpt lat="33.159129" lon="-111.14603">
        <ele>975.4</ele>
      </trkpt>
      <trkpt lat="33.15917" lon="-111.14587">
        <ele>975.0</ele>
      </trkpt>
      <trkpt lat="33.159239" lon="-111.14583">
        <ele>974.4</ele>
      </trkpt>
      <trkpt lat="33.15926" lon="-111.14585">
        <ele>974.0</ele>
      </trkpt>
      <trkpt lat="33.15932" lon="-111.14583">
        <ele>974.0</ele>
      </trkpt>
      <trkpt lat="33.15946" lon="-111.14571">
        <ele>974.0</ele>
      </trkpt>
      <trkpt lat="33.159509" lon="-111.14559">
        <ele>973.0</ele>
      </trkpt>
      <trkpt lat="33.15957" lon="-111.14556">
        <ele>972.4</ele>
      </trkpt>
      <trkpt lat="33.15965" lon="-111.14522">
        <ele>972.0</ele>
      </trkpt>
      <trkpt lat="33.159599" lon="-111.14504">
        <ele>970.0</ele>
      </trkpt>
      <trkpt lat="33.15959" lon="-111.14486">
        <ele>967.4</ele>
      </trkpt>
      <trkpt lat="33.159529" lon="-111.14496">
        <ele>967.0</ele>
      </trkpt>
      <trkpt lat="33.1595" lon="-111.14494">
        <ele>965.8</ele>
      </trkpt>
      <trkpt lat="33.15948" lon="-111.14479">
        <ele>963.6</ele>
      </trkpt>
      <trkpt lat="33.159419" lon="-111.14462">
        <ele>962.2</ele>
      </trkpt>
      <trkpt lat="33.15948" lon="-111.14437">
        <ele>961.4</ele>
      </trkpt>
      <trkpt lat="33.15958" lon="-111.14426">
        <ele>957.2</ele>
      </trkpt>
      <trkpt lat="33.15988" lon="-111.14442">
        <ele>954.2</ele>
      </trkpt>
      <trkpt lat="33.159979" lon="-111.14453">
        <ele>951.0</ele>
      </trkpt>
      <trkpt lat="33.1602" lon="-111.14469">
        <ele>949.2</ele>
      </trkpt>
      <trkpt lat="33.160598" lon="-111.144741">
        <ele>946.6</ele>
      </trkpt>
      <trkpt lat="33.16062" lon="-111.1447">
        <ele>944.6</ele>
      </trkpt>
      <trkpt lat="33.160559" lon="-111.14463">
        <ele>942.8</ele>
      </trkpt>
      <trkpt lat="33.16057" lon="-111.144561">
        <ele>942.0</ele>
      </trkpt>
      <trkpt lat="33.160691" lon="-111.144631">
        <ele>941.0</ele>
      </trkpt>
      <trkpt lat="33.16078" lon="-111.14459">
        <ele>941.4</ele>
      </trkpt>
      <trkpt lat="33.16097" lon="-111.14426">
        <ele>941.6</ele>
      </trkpt>
      <trkpt lat="33.161009" lon="-111.144">
        <ele>942.2</ele>
      </trkpt>
      <trkpt lat="33.16106" lon="-111.14387">
        <ele>941.8</ele>
      </trkpt>
      <trkpt lat="33.161029" lon="-111.14376">
        <ele>941.2</ele>
      </trkpt>
      <trkpt lat="33.160899" lon="-111.14372">
        <ele>940.0</ele>
      </trkpt>
      <trkpt lat="33.16061" lon="-111.14347">
        <ele>938.8</ele>
      </trkpt>
      <trkpt lat="33.16061" lon="-111.14332">
        <ele>935.8</ele>
      </trkpt>
      <trkpt lat="33.160179" lon="-111.14285">
        <ele>935.4</ele>
      </trkpt>
      <trkpt lat="33.160069" lon="-111.14278">
        <ele>934.0</ele>
      </trkpt>
      <trkpt lat="33.159979" lon="-111.14261">
        <ele>932.4</ele>
      </trkpt>
      <trkpt lat="33.159889" lon="-111.14257">
        <ele>930.0</ele>
      </trkpt>
      <trkpt lat="33.15974" lon="-111.14231">
        <ele>929.8</ele>
      </trkpt>
      <trkpt lat="33.15968" lon="-111.14209">
        <ele>925.4</ele>
      </trkpt>
      <trkpt lat="33.15957" lon="-111.14192">
        <ele>922.0</ele>
      </trkpt>
      <trkpt lat="33.15903" lon="-111.14149">
        <ele>918.8</ele>
      </trkpt>
      <trkpt lat="33.15899" lon="-111.14155">
        <ele>915.8</ele>
      </trkpt>
      <trkpt lat="33.15926" lon="-111.14201">
        <ele>912.2</ele>
      </trkpt>
      <trkpt lat="33.159329" lon="-111.14221">
        <ele>910.2</ele>
      </trkpt>
      <trkpt lat="33.159419" lon="-111.14273">
        <ele>907.8</ele>
      </trkpt>
      <trkpt lat="33.159419" lon="-111.14304">
        <ele>905.2</ele>
      </trkpt>
      <trkpt lat="33.159529" lon="-111.14326">
        <ele>903.8</ele>
      </trkpt>
      <trkpt lat="33.159509" lon="-111.14335">
        <ele>900.2</ele>
      </trkpt>
      <trkpt lat="33.15917" lon="-111.14337">
        <ele>898.4</ele>
      </trkpt>
      <trkpt lat="33.158836" lon="-111.143326">
        <ele>895.6</ele>
      </trkpt>
      <trkpt lat="33.158692" lon="-111.143505">
        <ele>892.6</ele>
      </trkpt>
      <trkpt lat="33.158282" lon="-111.143357">
        <ele>889.6</ele>
      </trkpt>
      <trkpt lat="33.158147" lon="-111.143379">
        <ele>887.2</ele>
      </trkpt>
      <trkpt lat="33.157974" lon="-111.143533">
        <ele>883.6</ele>
      </trkpt>
      <trkpt lat="33.15795" lon="-111.14392">
        <ele>883.2</ele>
      </trkpt>
      <trkpt lat="33.157789" lon="-111.143961">
        <ele>882.8</ele>
      </trkpt>
      <trkpt lat="33.15778" lon="-111.14417">
        <ele>885.0</ele>
      </trkpt>
      <trkpt lat="33.157643" lon="-111.144187">
        <ele>888.0</ele>
      </trkpt>
      <trkpt lat="33.15742" lon="-111.14446">
        <ele>892.0</ele>
      </trkpt>
      <trkpt lat="33.15722" lon="-111.14483">
        <ele>895.4</ele>
      </trkpt>
      <trkpt lat="33.15703" lon="-111.14509">
        <ele>898.0</ele>
      </trkpt>
      <trkpt lat="33.15692" lon="-111.14511">
        <ele>897.0</ele>
      </trkpt>
      <trkpt lat="33.15686" lon="-111.14508">
        <ele>894.8</ele>
      </trkpt>
      <trkpt lat="33.156779" lon="-111.14492">
        <ele>894.2</ele>
      </trkpt>
      <trkpt lat="33.156689" lon="-111.14487">
        <ele>893.0</ele>
      </trkpt>
      <trkpt lat="33.15647" lon="-111.14489">
        <ele>892.2</ele>
      </trkpt>
      <trkpt lat="33.15641" lon="-111.14486">
        <ele>892.4</ele>
      </trkpt>
      <trkpt lat="33.15626" lon="-111.1446">
        <ele>894.2</ele>
      </trkpt>
      <trkpt lat="33.156149" lon="-111.14432">
        <ele>895.0</ele>
      </trkpt>
      <trkpt lat="33.15585" lon="-111.14397">
        <ele>894.4</ele>
      </trkpt>
      <trkpt lat="33.155769" lon="-111.14383">
        <ele>893.8</ele>
      </trkpt>
      <trkpt lat="33.155659" lon="-111.14339">
        <ele>893.6</ele>
      </trkpt>
      <trkpt lat="33.15545" lon="-111.14319">
        <ele>893.8</ele>
      </trkpt>
      <trkpt lat="33.155299" lon="-111.14318">
        <ele>891.8</ele>
      </trkpt>
      <trkpt lat="33.155209" lon="-111.14313">
        <ele>890.0</ele>
      </trkpt>
      <trkpt lat="33.15506" lon="-111.14273">
        <ele>889.0</ele>
      </trkpt>
      <trkpt lat="33.155009" lon="-111.14269">
        <ele>887.8</ele>
      </trkpt>
      <trkpt lat="33.154989" lon="-111.1426">
        <ele>884.8</ele>
      </trkpt>
      <trkpt lat="33.155009" lon="-111.14242">
        <ele>884.0</ele>
      </trkpt>
      <trkpt lat="33.15514" lon="-111.14206">
        <ele>883.2</ele>
      </trkpt>
      <trkpt lat="33.155079" lon="-111.14184">
        <ele>882.8</ele>
      </trkpt>
      <trkpt lat="33.15497" lon="-111.1417">
        <ele>882.6</ele>
      </trkpt>
      <trkpt lat="33.154739" lon="-111.1416">
        <ele>882.8</ele>
      </trkpt>
      <trkpt lat="33.154629" lon="-111.14163">
        <ele>880.4</ele>
      </trkpt>
      <trkpt lat="33.154339" lon="-111.14164">
        <ele>879.6</ele>
      </trkpt>
      <trkpt lat="33.15413" lon="-111.14139">
        <ele>877.8</ele>
      </trkpt>
      <trkpt lat="33.154" lon="-111.14128">
        <ele>876.4</ele>
      </trkpt>
      <trkpt lat="33.15392" lon="-111.14128">
        <ele>875.4</ele>
      </trkpt>
      <trkpt lat="33.15377" lon="-111.14136">
        <ele>875.6</ele>
      </trkpt>
      <trkpt lat="33.15365" lon="-111.14134">
        <ele>876.0</ele>
      </trkpt>
      <trkpt lat="33.15354" lon="-111.14124">
        <ele>876.6</ele>
      </trkpt>
      <trkpt lat="33.153129" lon="-111.14114">
        <ele>876.6</ele>
      </trkpt>
      <trkpt lat="33.152929" lon="-111.14118">
        <ele>876.2</ele>
      </trkpt>
      <trkpt lat="33.152659" lon="-111.14145">
        <ele>876.0</ele>
      </trkpt>
      <trkpt lat="33.15244" lon="-111.14161">
        <ele>874.6</ele>
      </trkpt>
      <trkpt lat="33.152369" lon="-111.14176">
        <ele>873.4</ele>
      </trkpt>
      <trkpt lat="33.15245" lon="-111.14199">
        <ele>871.2</ele>
      </trkpt>
      <trkpt lat="33.152" lon="-111.14214">
        <ele>869.4</ele>
      </trkpt>
      <trkpt lat="33.15159" lon="-111.14209">
        <ele>867.6</ele>
      </trkpt>
      <trkpt lat="33.151249" lon="-111.14221">
        <ele>866.2</ele>
      </trkpt>
      <trkpt lat="33.15109" lon="-111.14233">
        <ele>865.6</ele>
      </trkpt>
      <trkpt lat="33.15109" lon="-111.14249">
        <ele>865.8</ele>
      </trkpt>
      <trkpt lat="33.15151" lon="-111.14277">
        <ele>864.8</ele>
      </trkpt>
      <trkpt lat="33.151539" lon="-111.14284">
        <ele>863.2</ele>
      </trkpt>
      <trkpt lat="33.15148" lon="-111.143013">
        <ele>861.6</ele>
      </trkpt>
      <trkpt lat="33.151335" lon="-111.14323">
        <ele>860.2</ele>
      </trkpt>
      <trkpt lat="33.151263" lon="-111.143517">
        <ele>857.4</ele>
      </trkpt>
      <trkpt lat="33.151234" lon="-111.143492">
        <ele>855.6</ele>
      </trkpt>
      <trkpt lat="33.151169" lon="-111.142878">
        <ele>854.6</ele>
      </trkpt>
      <trkpt lat="33.150889" lon="-111.14276">
        <ele>854.0</ele>
      </trkpt>
      <trkpt lat="33.150799" lon="-111.14264">
        <ele>852.2</ele>
      </trkpt>
      <trkpt lat="33.150709" lon="-111.14239">
        <ele>851.4</ele>
      </trkpt>
      <trkpt lat="33.150689" lon="-111.1421">
        <ele>850.6</ele>
      </trkpt>
      <trkpt lat="33.150709" lon="-111.14193">
        <ele>848.4</ele>
      </trkpt>
      <trkpt lat="33.150889" lon="-111.14185">
        <ele>845.4</ele>
      </trkpt>
      <trkpt lat="33.151359" lon="-111.14147">
        <ele>842.6</ele>
      </trkpt>
      <trkpt lat="33.15151" lon="-111.14127">
        <ele>840.8</ele>
      </trkpt>
      <trkpt lat="33.151649" lon="-111.14115">
        <ele>839.4</ele>
      </trkpt>
      <trkpt lat="33.151739" lon="-111.14112">
        <ele>839.0</ele>
      </trkpt>
      <trkpt lat="33.151899" lon="-111.14082">
        <ele>837.6</ele>
      </trkpt>
      <trkpt lat="33.151809" lon="-111.14074">
        <ele>837.4</ele>
      </trkpt>
      <trkpt lat="33.15162" lon="-111.14066">
        <ele>835.8</ele>
      </trkpt>
      <trkpt lat="33.15153" lon="-111.1405">
        <ele>833.6</ele>
      </trkpt>
      <trkpt lat="33.151269" lon="-111.14027">
        <ele>830.8</ele>
      </trkpt>
      <trkpt lat="33.151049" lon="-111.14013">
        <ele>829.8</ele>
      </trkpt>
      <trkpt lat="33.15091" lon="-111.13996">
        <ele>827.0</ele>
      </trkpt>
      <trkpt lat="33.150689" lon="-111.13983">
        <ele>824.6</ele>
      </trkpt>
      <trkpt lat="33.150399" lon="-111.13984">
        <ele>822.4</ele>
      </trkpt>
      <trkpt lat="33.14981" lon="-111.13976">
        <ele>820.8</ele>
      </trkpt>
      <trkpt lat="33.1495" lon="-111.13965">
        <ele>817.8</ele>
      </trkpt>
      <trkpt lat="33.14936" lon="-111.13945">
        <ele>814.8</ele>
      </trkpt>
      <trkpt lat="33.149" lon="-111.1393">
        <ele>812.6</ele>
      </trkpt>
      <trkpt lat="33.14886" lon="-111.13915">
        <ele>810.0</ele>
      </trkpt>
      <trkpt lat="33.14862" lon="-111.13902">
        <ele>807.2</ele>
      </trkpt>
      <trkpt lat="33.14856" lon="-111.13878">
        <ele>806.0</ele>
      </trkpt>
      <trkpt lat="33.1486" lon="-111.13862">
        <ele>804.4</ele>
      </trkpt>
      <trkpt lat="33.148829" lon="-111.13828">
        <ele>803.2</ele>
      </trkpt>
      <trkpt lat="33.14887" lon="-111.138144">
        <ele>801.0</ele>
      </trkpt>
      <trkpt lat="33.148798" lon="-111.137923">
        <ele>799.2</ele>
      </trkpt>
      <trkpt lat="33.148863" lon="-111.137609">
        <ele>796.6</ele>
      </trkpt>
      <trkpt lat="33.149" lon="-111.13748">
        <ele>794.6</ele>
      </trkpt>
      <trkpt lat="33.1495" lon="-111.13744">
        <ele>790.6</ele>
      </trkpt>
      <trkpt lat="33.149639" lon="-111.13734">
        <ele>788.0</ele>
      </trkpt>
      <trkpt lat="33.14998" lon="-111.13717">
        <ele>785.2</ele>
      </trkpt>
      <trkpt lat="33.1499" lon="-111.13691">
        <ele>782.8</ele>
      </trkpt>
      <trkpt lat="33.149769" lon="-111.13675">
        <ele>779.0</ele>
      </trkpt>
      <trkpt lat="33.149569" lon="-111.13665">
        <ele>776.0</ele>
      </trkpt>
      <trkpt lat="33.14867" lon="-111.13631">
        <ele>773.4</ele>
      </trkpt>
      <trkpt lat="33.148429" lon="-111.13617">
        <ele>771.0</ele>
      </trkpt>
      <trkpt lat="33.148249" lon="-111.13619">
        <ele>768.6</ele>
      </trkpt>
      <trkpt lat="33.14822" lon="-111.13616">
        <ele>768.0</ele>
      </trkpt>
      <trkpt lat="33.148214" lon="-111.135992">
        <ele>768.0</ele>
      </trkpt>
      <trkpt lat="33.148083" lon="-111.135877">
        <ele>767.8</ele>
      </trkpt>
      <trkpt lat="33.147678" lon="-111.136003">
        <ele>767.6</ele>
      </trkpt>
      <trkpt lat="33.14744" lon="-111.13619">
        <ele>767.4</ele>
      </trkpt>
      <trkpt lat="33.14727" lon="-111.13635">
        <ele>766.8</ele>
      </trkpt>
      <trkpt lat="33.147019" lon="-111.13677">
        <ele>766.0</ele>
      </trkpt>
      <trkpt lat="33.146549" lon="-111.13721">
        <ele>765.4</ele>
      </trkpt>
      <trkpt lat="33.146051" lon="-111.137372">
        <ele>765.2</ele>
      </trkpt>
      <trkpt lat="33.145837" lon="-111.137362">
        <ele>764.8</ele>
      </trkpt>
      <trkpt lat="33.145668" lon="-111.137278">
        <ele>765.6</ele>
      </trkpt>
      <trkpt lat="33.1455" lon="-111.13744">
        <ele>766.4</ele>
      </trkpt>
      <trkpt lat="33.144669" lon="-111.13795">
        <ele>767.6</ele>
      </trkpt>
      <trkpt lat="33.144579" lon="-111.13792">
        <ele>769.2</ele>
      </trkpt>
      <trkpt lat="33.144489" lon="-111.13778">
        <ele>770.8</ele>
      </trkpt>
      <trkpt lat="33.14447" lon="-111.13766">
        <ele>773.0</ele>
      </trkpt>
      <trkpt lat="33.14437" lon="-111.13762">
        <ele>775.0</ele>
      </trkpt>
      <trkpt lat="33.144202" lon="-111.137274">
        <ele>776.2</ele>
      </trkpt>
      <trkpt lat="33.14412" lon="-111.1373">
        <ele>775.4</ele>
      </trkpt>
      <trkpt lat="33.144088" lon="-111.137422">
        <ele>774.4</ele>
      </trkpt>
      <trkpt lat="33.144126" lon="-111.137881">
        <ele>773.2</ele>
      </trkpt>
      <trkpt lat="33.144033" lon="-111.137923">
        <ele>773.0</ele>
      </trkpt>
      <trkpt lat="33.14392" lon="-111.137899">
        <ele>774.2</ele>
      </trkpt>
      <trkpt lat="33.143841" lon="-111.137805">
        <ele>775.4</ele>
      </trkpt>
      <trkpt lat="33.14367" lon="-111.137816">
        <ele>777.0</ele>
      </trkpt>
      <trkpt lat="33.14374" lon="-111.138022">
        <ele>778.4</ele>
      </trkpt>
      <trkpt lat="33.143732" lon="-111.138279">
        <ele>778.2</ele>
      </trkpt>
      <trkpt lat="33.143695" lon="-111.138468">
        <ele>777.8</ele>
      </trkpt>
      <trkpt lat="33.143639" lon="-111.13853">
        <ele>778.6</ele>
      </trkpt>
      <trkpt lat="33.143172" lon="-111.138798">
        <ele>779.8</ele>
      </trkpt>
      <trkpt lat="33.143061" lon="-111.13901">
        <ele>779.8</ele>
      </trkpt>
      <trkpt lat="33.142881" lon="-111.139101">
        <ele>780.8</ele>
      </trkpt>
      <trkpt lat="33.142508" lon="-111.139115">
        <ele>781.8</ele>
      </trkpt>
      <trkpt lat="33.142429" lon="-111.13905">
        <ele>783.4</ele>
      </trkpt>
      <trkpt lat="33.142324" lon="-111.138638">
        <ele>784.4</ele>
      </trkpt>
      <trkpt lat="33.14233" lon="-111.138497">
        <ele>785.0</ele>
      </trkpt>
      <trkpt lat="33.142279" lon="-111.138474">
        <ele>786.4</ele>
      </trkpt>
      <trkpt lat="33.142131" lon="-111.138472">
        <ele>787.6</ele>
      </trkpt>
      <trkpt lat="33.14209" lon="-111.138224">
        <ele>788.4</ele>
      </trkpt>
      <trkpt lat="33.142155" lon="-111.138131">
        <ele>789.0</ele>
      </trkpt>
      <trkpt lat="33.142139" lon="-111.138084">
        <ele>790.8</ele>
      </trkpt>
      <trkpt lat="33.141987" lon="-111.138035">
        <ele>791.6</ele>
      </trkpt>
      <trkpt lat="33.141916" lon="-111.137812">
        <ele>790.0</ele>
      </trkpt>
      <trkpt lat="33.141849" lon="-111.137797">
        <ele>787.8</ele>
      </trkpt>
      <trkpt lat="33.141768" lon="-111.138277">
        <ele>785.0</ele>
      </trkpt>
      <trkpt lat="33.14182" lon="-111.13867">
        <ele>781.8</ele>
      </trkpt>
      <trkpt lat="33.14175" lon="-111.13887">
        <ele>778.4</ele>
      </trkpt>
      <trkpt lat="33.141475" lon="-111.138866">
        <ele>775.4</ele>
      </trkpt>
      <trkpt lat="33.141146" lon="-111.138774">
        <ele>772.6</ele>
      </trkpt>
      <trkpt lat="33.141109" lon="-111.13927">
        <ele>771.4</ele>
      </trkpt>
      <trkpt lat="33.14108" lon="-111.1394">
        <ele>769.4</ele>
      </trkpt>
      <trkpt lat="33.140949" lon="-111.13954">
        <ele>767.8</ele>
      </trkpt>
      <trkpt lat="33.14081" lon="-111.13962">
        <ele>768.0</ele>
      </trkpt>
      <trkpt lat="33.1406" lon="-111.13963">
        <ele>767.8</ele>
      </trkpt>
      <trkpt lat="33.140345" lon="-111.139523">
        <ele>767.2</ele>
      </trkpt>
      <trkpt lat="33.140205" lon="-111.139581">
        <ele>768.6</ele>
      </trkpt>
      <trkpt lat="33.140061" lon="-111.13954">
        <ele>767.8</ele>
      </trkpt>
      <trkpt lat="33.139989" lon="-111.13969">
        <ele>768.0</ele>
      </trkpt>
      <trkpt lat="33.140076" lon="-111.139846">
        <ele>769.0</ele>
      </trkpt>
      <trkpt lat="33.140137" lon="-111.14003">
        <ele>770.4</ele>
      </trkpt>
      <trkpt lat="33.140116" lon="-111.140201">
        <ele>769.6</ele>
      </trkpt>
      <trkpt lat="33.139919" lon="-111.14091">
        <ele>770.2</ele>
      </trkpt>
      <trkpt lat="33.13983" lon="-111.14116">
        <ele>768.8</ele>
      </trkpt>
      <trkpt lat="33.13966" lon="-111.14139">
        <ele>766.6</ele>
      </trkpt>
      <trkpt lat="33.13936" lon="-111.14152">
        <ele>763.4</ele>
      </trkpt>
      <trkpt lat="33.139139" lon="-111.14168">
        <ele>760.4</ele>
      </trkpt>
      <trkpt lat="33.138703" lon="-111.141803">
        <ele>758.0</ele>
      </trkpt>
      <trkpt lat="33.138613" lon="-111.142317">
        <ele>755.2</ele>
      </trkpt>
      <trkpt lat="33.138558" lon="-111.142447">
        <ele>752.2</ele>
      </trkpt>
      <trkpt lat="33.138392" lon="-111.142523">
        <ele>750.2</ele>
      </trkpt>
      <trkpt lat="33.137974" lon="-111.142344">
        <ele>749.4</ele>
      </trkpt>
      <trkpt lat="33.1379" lon="-111.14257">
        <ele>747.6</ele>
      </trkpt>
      <trkpt lat="33.137749" lon="-111.14279">
        <ele>747.2</ele>
      </trkpt>
      <trkpt lat="33.1376" lon="-111.14316">
        <ele>747.6</ele>
      </trkpt>
      <trkpt lat="33.137515" lon="-111.143287">
        <ele>746.8</ele>
      </trkpt>
      <trkpt lat="33.137296" lon="-111.143279">
        <ele>745.4</ele>
      </trkpt>
      <trkpt lat="33.136522" lon="-111.143449">
        <ele>743.2</ele>
      </trkpt>
      <trkpt lat="33.136192" lon="-111.143723">
        <ele>740.4</ele>
      </trkpt>
      <trkpt lat="33.135922" lon="-111.144021">
        <ele>734.8</ele>
      </trkpt>
      <trkpt lat="33.135851" lon="-111.144006">
        <ele>728.2</ele>
      </trkpt>
      <trkpt lat="33.135489" lon="-111.14349">
        <ele>722.6</ele>
      </trkpt>
      <trkpt lat="33.135379" lon="-111.14304">
        <ele>715.0</ele>
      </trkpt>
      <trkpt lat="33.13528" lon="-111.14289">
        <ele>706.2</ele>
      </trkpt>
      <trkpt lat="33.134749" lon="-111.14232">
        <ele>699.2</ele>
      </trkpt>
      <trkpt lat="33.134549" lon="-111.14189">
        <ele>693.6</ele>
      </trkpt>
      <trkpt lat="33.134439" lon="-111.14178">
        <ele>687.0</ele>
      </trkpt>
      <trkpt lat="33.134059" lon="-111.14182">
        <ele>684.2</ele>
      </trkpt>
      <trkpt lat="33.13395" lon="-111.14173">
        <ele>682.6</ele>
      </trkpt>
      <trkpt lat="33.13354" lon="-111.14122">
        <ele>682.0</ele>
      </trkpt>
      <trkpt lat="33.133519" lon="-111.14108">
        <ele>681.8</ele>
      </trkpt>
      <trkpt lat="33.13357" lon="-111.14095">
        <ele>682.0</ele>
      </trkpt>
      <trkpt lat="33.1336" lon="-111.14069">
        <ele>683.4</ele>
      </trkpt>
      <trkpt lat="33.133589" lon="-111.14044">
        <ele>686.2</ele>
      </trkpt>
      <trkpt lat="33.13347" lon="-111.14034">
        <ele>689.4</ele>
      </trkpt>
      <trkpt lat="33.13348" lon="-111.14011">
        <ele>693.0</ele>
      </trkpt>
      <trkpt lat="33.133429" lon="-111.14009">
        <ele>697.8</ele>
      </trkpt>
      <trkpt lat="33.133339" lon="-111.14016">
        <ele>699.0</ele>
      </trkpt>
      <trkpt lat="33.133229" lon="-111.1404">
        <ele>699.2</ele>
      </trkpt>
      <trkpt lat="33.13322" lon="-111.14053">
        <ele>700.0</ele>
      </trkpt>
      <trkpt lat="33.133139" lon="-111.14057">
        <ele>701.2</ele>
      </trkpt>
      <trkpt lat="33.13272" lon="-111.14064">
        <ele>701.0</ele>
      </trkpt>
      <trkpt lat="33.13252" lon="-111.14056">
        <ele>703.4</ele>
      </trkpt>
      <trkpt lat="33.13233" lon="-111.14055">
        <ele>706.2</ele>
      </trkpt>
      <trkpt lat="33.13215" lon="-111.14059">
        <ele>707.2</ele>
      </trkpt>
      <trkpt lat="33.131839" lon="-111.14056">
        <ele>707.2</ele>
      </trkpt>
      <trkpt lat="33.13143" lon="-111.14065">
        <ele>707.2</ele>
      </trkpt>
      <trkpt lat="33.13134" lon="-111.14053">
        <ele>706.8</ele>
      </trkpt>
      <trkpt lat="33.131259" lon="-111.14052">
        <ele>705.6</ele>
      </trkpt>
      <trkpt lat="33.131169" lon="-111.14063">
        <ele>705.8</ele>
      </trkpt>
      <trkpt lat="33.130989" lon="-111.14065">
        <ele>706.2</ele>
      </trkpt>
      <trkpt lat="33.13094" lon="-111.14057">
        <ele>705.6</ele>
      </trkpt>
      <trkpt lat="33.13087" lon="-111.14057">
        <ele>704.6</ele>
      </trkpt>
      <trkpt lat="33.13078" lon="-111.14069">
        <ele>703.6</ele>
      </trkpt>
      <trkpt lat="33.1306" lon="-111.14083">
        <ele>701.8</ele>
      </trkpt>
      <trkpt lat="33.13055" lon="-111.14083">
        <ele>699.2</ele>
      </trkpt>
      <trkpt lat="33.13054" lon="-111.14088">
        <ele>697.2</ele>
      </trkpt>
      <trkpt lat="33.13074" lon="-111.14097">
        <ele>695.8</ele>
      </trkpt>
      <trkpt lat="33.13084" lon="-111.14098">
        <ele>694.4</ele>
      </trkpt>
      <trkpt lat="33.13085" lon="-111.14101">
        <ele>693.2</ele>
      </trkpt>
      <trkpt lat="33.130719" lon="-111.14108">
        <ele>692.4</ele>
      </trkpt>
      <trkpt lat="33.13056" lon="-111.14107">
        <ele>691.8</ele>
      </trkpt>
      <trkpt lat="33.1304" lon="-111.141">
        <ele>691.2</ele>
      </trkpt>
      <trkpt lat="33.13027" lon="-111.14089">
        <ele>690.0</ele>
      </trkpt>
      <trkpt lat="33.1302" lon="-111.14079">
        <ele>690.0</ele>
      </trkpt>
      <trkpt lat="33.13004" lon="-111.14079">
        <ele>690.0</ele>
      </trkpt>
      <trkpt lat="33.12995" lon="-111.1407">
        <ele>689.6</ele>
      </trkpt>
      <trkpt lat="33.129849" lon="-111.14047">
        <ele>688.2</ele>
      </trkpt>
      <trkpt lat="33.12972" lon="-111.1405">
        <ele>687.2</ele>
      </trkpt>
      <trkpt lat="33.1296" lon="-111.14075">
        <ele>684.8</ele>
      </trkpt>
      <trkpt lat="33.12953" lon="-111.14081">
        <ele>683.2</ele>
      </trkpt>
      <trkpt lat="33.129199" lon="-111.14079">
        <ele>681.8</ele>
      </trkpt>
      <trkpt lat="33.12905" lon="-111.14068">
        <ele>681.2</ele>
      </trkpt>
      <trkpt lat="33.12886" lon="-111.14076">
        <ele>680.8</ele>
      </trkpt>
      <trkpt lat="33.128639" lon="-111.1409">
        <ele>680.8</ele>
      </trkpt>
      <trkpt lat="33.1285" lon="-111.14092">
        <ele>678.2</ele>
      </trkpt>
      <trkpt lat="33.128239" lon="-111.14084">
        <ele>675.6</ele>
      </trkpt>
      <trkpt lat="33.12794" lon="-111.1407">
        <ele>673.4</ele>
      </trkpt>
      <trkpt lat="33.12803" lon="-111.14094">
        <ele>671.2</ele>
      </trkpt>
      <trkpt lat="33.12813" lon="-111.14111">
        <ele>668.4</ele>
      </trkpt>
      <trkpt lat="33.128059" lon="-111.14123">
        <ele>667.4</ele>
      </trkpt>
      <trkpt lat="33.127989" lon="-111.14119">
        <ele>666.6</ele>
      </trkpt>
      <trkpt lat="33.127969" lon="-111.1411">
        <ele>666.6</ele>
      </trkpt>
      <trkpt lat="33.127899" lon="-111.14102">
        <ele>667.0</ele>
      </trkpt>
      <trkpt lat="33.12778" lon="-111.14063">
        <ele>667.6</ele>
      </trkpt>
      <trkpt lat="33.127679" lon="-111.14064">
        <ele>668.0</ele>
      </trkpt>
      <trkpt lat="33.127589" lon="-111.14082">
        <ele>669.4</ele>
      </trkpt>
      <trkpt lat="33.12751" lon="-111.14083">
        <ele>669.4</ele>
      </trkpt>
      <trkpt lat="33.126939" lon="-111.14058">
        <ele>669.0</ele>
      </trkpt>
      <trkpt lat="33.1268" lon="-111.14063">
        <ele>669.0</ele>
      </trkpt>
      <trkpt lat="33.12672" lon="-111.14062">
        <ele>670.2</ele>
      </trkpt>
      <trkpt lat="33.12671" lon="-111.14059">
        <ele>670.8</ele>
      </trkpt>
      <trkpt lat="33.12681" lon="-111.14051">
        <ele>671.6</ele>
      </trkpt>
      <trkpt lat="33.1268" lon="-111.14046">
        <ele>673.4</ele>
      </trkpt>
      <trkpt lat="33.126739" lon="-111.14047">
        <ele>676.0</ele>
      </trkpt>
      <trkpt lat="33.126559" lon="-111.14028">
        <ele>677.6</ele>
      </trkpt>
      <trkpt lat="33.12622" lon="-111.1401">
        <ele>676.8</ele>
      </trkpt>
      <trkpt lat="33.12616" lon="-111.14014">
        <ele>676.2</ele>
      </trkpt>
      <trkpt lat="33.125929" lon="-111.14057">
        <ele>673.8</ele>
      </trkpt>
      <trkpt lat="33.125749" lon="-111.14081">
        <ele>667.8</ele>
      </trkpt>
      <trkpt lat="33.125349" lon="-111.14106">
        <ele>660.2</ele>
      </trkpt>
      <trkpt lat="33.124989" lon="-111.14152">
        <ele>654.2</ele>
      </trkpt>
      <trkpt lat="33.12476" lon="-111.14176">
        <ele>648.2</ele>
      </trkpt>
      <trkpt lat="33.12473" lon="-111.14183">
        <ele>642.8</ele>
      </trkpt>
      <trkpt lat="33.124589" lon="-111.14193">
        <ele>639.6</ele>
      </trkpt>
      <trkpt lat="33.12449" lon="-111.14206">
        <ele>638.2</ele>
      </trkpt>
      <trkpt lat="33.12392" lon="-111.14245">
        <ele>636.6</ele>
      </trkpt>
      <trkpt lat="33.12389" lon="-111.1426">
        <ele>635.4</ele>
      </trkpt>
      <trkpt lat="33.123779" lon="-111.14283">
        <ele>633.4</ele>
      </trkpt>
      <trkpt lat="33.12373" lon="-111.14305">
        <ele>631.4</ele>
      </trkpt>
      <trkpt lat="33.123669" lon="-111.14355">
        <ele>629.4</ele>
      </trkpt>
      <trkpt lat="33.123579" lon="-111.14371">
        <ele>627.4</ele>
      </trkpt>
      <trkpt lat="33.12351" lon="-111.14361">
        <ele>625.2</ele>
      </trkpt>
      <trkpt lat="33.12334" lon="-111.14351">
        <ele>623.6</ele>
      </trkpt>
      <trkpt lat="33.123199" lon="-111.14336">
        <ele>623.2</ele>
      </trkpt>
      <trkpt lat="33.12317" lon="-111.14312">
        <ele>620.8</ele>
      </trkpt>
      <trkpt lat="33.123199" lon="-111.14285">
        <ele>619.0</ele>
      </trkpt>
      <trkpt lat="33.123309" lon="-111.14247">
        <ele>617.6</ele>
      </trkpt>
      <trkpt lat="33.123289" lon="-111.1424">
        <ele>615.8</ele>
      </trkpt>
      <trkpt lat="33.123199" lon="-111.14242">
        <ele>612.4</ele>
      </trkpt>
      <trkpt lat="33.12316" lon="-111.14251">
        <ele>612.4</ele>
      </trkpt>
      <trkpt lat="33.12314" lon="-111.14231">
        <ele>611.4</ele>
      </trkpt>
      <trkpt lat="33.12322" lon="-111.14221">
        <ele>609.6</ele>
      </trkpt>
      <trkpt lat="33.123669" lon="-111.14193">
        <ele>608.4</ele>
      </trkpt>
      <trkpt lat="33.12369" lon="-111.14182">
        <ele>607.8</ele>
      </trkpt>
      <trkpt lat="33.123489" lon="-111.14174">
        <ele>606.0</ele>
      </trkpt>
      <trkpt lat="33.123379" lon="-111.14162">
        <ele>604.4</ele>
      </trkpt>
      <trkpt lat="33.123399" lon="-111.14147">
        <ele>603.2</ele>
      </trkpt>
      <trkpt lat="33.12344" lon="-111.1414">
        <ele>602.4</ele>
      </trkpt>
      <trkpt lat="33.12345" lon="-111.1412">
        <ele>602.2</ele>
      </trkpt>
      <trkpt lat="33.123309" lon="-111.14115">
        <ele>602.0</ele>
      </trkpt>
      <trkpt lat="33.12328" lon="-111.14105">
        <ele>602.0</ele>
      </trkpt>
      <trkpt lat="33.12317" lon="-111.14107">
        <ele>601.8</ele>
      </trkpt>
      <trkpt lat="33.12307" lon="-111.14121">
        <ele>601.6</ele>
      </trkpt>
      <trkpt lat="33.12289" lon="-111.14135">
        <ele>601.4</ele>
      </trkpt>
      <trkpt lat="33.122839" lon="-111.14151">
        <ele>599.8</ele>
      </trkpt>
      <trkpt lat="33.12258" lon="-111.14186">
        <ele>599.4</ele>
      </trkpt>
      <trkpt lat="33.12248" lon="-111.14214">
        <ele>598.8</ele>
      </trkpt>
      <trkpt lat="33.12212" lon="-111.1424">
        <ele>597.8</ele>
      </trkpt>
      <trkpt lat="33.12211" lon="-111.14261">
        <ele>596.8</ele>
      </trkpt>
      <trkpt lat="33.12202" lon="-111.14275">
        <ele>596.8</ele>
      </trkpt>
      <trkpt lat="33.121899" lon="-111.14284">
        <ele>596.0</ele>
      </trkpt>
      <trkpt lat="33.12176" lon="-111.14306">
        <ele>596.2</ele>
      </trkpt>
      <trkpt lat="33.121679" lon="-111.14312">
        <ele>596.6</ele>
      </trkpt>
      <trkpt lat="33.12146" lon="-111.14307">
        <ele>596.6</ele>
      </trkpt>
      <trkpt lat="33.121389" lon="-111.14318">
        <ele>597.2</ele>
      </trkpt>
      <trkpt lat="33.121339" lon="-111.14316">
        <ele>596.4</ele>
      </trkpt>
      <trkpt lat="33.12113" lon="-111.14331">
        <ele>594.8</ele>
      </trkpt>
      <trkpt lat="33.12082" lon="-111.14383">
        <ele>593.2</ele>
      </trkpt>
      <trkpt lat="33.120849" lon="-111.14392">
        <ele>591.2</ele>
      </trkpt>
      <trkpt lat="33.120759" lon="-111.144">
        <ele>588.8</ele>
      </trkpt>
      <trkpt lat="33.12073" lon="-111.14409">
        <ele>588.2</ele>
      </trkpt>
      <trkpt lat="33.12066" lon="-111.14414">
        <ele>588.4</ele>
      </trkpt>
      <trkpt lat="33.12016" lon="-111.14386">
        <ele>588.4</ele>
      </trkpt>
      <trkpt lat="33.120089" lon="-111.14389">
        <ele>588.4</ele>
      </trkpt>
      <trkpt lat="33.120109" lon="-111.14401">
        <ele>588.2</ele>
      </trkpt>
      <trkpt lat="33.12008" lon="-111.1442">
        <ele>587.6</ele>
      </trkpt>
      <trkpt lat="33.11999" lon="-111.14432">
        <ele>586.4</ele>
      </trkpt>
      <trkpt lat="33.1199" lon="-111.14437">
        <ele>585.4</ele>
      </trkpt>
      <trkpt lat="33.11978" lon="-111.14434">
        <ele>584.0</ele>
      </trkpt>
      <trkpt lat="33.119729" lon="-111.14428">
        <ele>581.8</ele>
      </trkpt>
      <trkpt lat="33.119549" lon="-111.14422">
        <ele>580.0</ele>
      </trkpt>
      <trkpt lat="33.119239" lon="-111.14426">
        <ele>577.6</ele>
      </trkpt>
      <trkpt lat="33.119079" lon="-111.14419">
        <ele>574.8</ele>
      </trkpt>
      <trkpt lat="33.11873" lon="-111.14412">
        <ele>572.0</ele>
      </trkpt>
      <trkpt lat="33.11838" lon="-111.14412">
        <ele>570.2</ele>
      </trkpt>
      <trkpt lat="33.11819" lon="-111.14416">
        <ele>567.2</ele>
      </trkpt>
      <trkpt lat="33.11807" lon="-111.14407">
        <ele>564.6</ele>
      </trkpt>
      <trkpt lat="33.11779" lon="-111.14364">
        <ele>562.4</ele>
      </trkpt>
      <trkpt lat="33.11763" lon="-111.14362">
        <ele>561.2</ele>
      </trkpt>
      <trkpt lat="33.11723" lon="-111.14337">
        <ele>560.2</ele>
      </trkpt>
      <trkpt lat="33.11717" lon="-111.14321">
        <ele>559.4</ele>
      </trkpt>
      <trkpt lat="33.11722" lon="-111.14289">
        <ele>558.8</ele>
      </trkpt>
      <trkpt lat="33.11713" lon="-111.14285">
        <ele>557.8</ele>
      </trkpt>
      <trkpt lat="33.116999" lon="-111.14288">
        <ele>556.6</ele>
      </trkpt>
      <trkpt lat="33.11679" lon="-111.14298">
        <ele>554.8</ele>
      </trkpt>
      <trkpt lat="33.11666" lon="-111.14299">
        <ele>553.6</ele>
      </trkpt>
      <trkpt lat="33.1164" lon="-111.14312">
        <ele>551.8</ele>
      </trkpt>
      <trkpt lat="33.116149" lon="-111.14317">
        <ele>549.2</ele>
      </trkpt>
      <trkpt lat="33.11602" lon="-111.14333">
        <ele>545.8</ele>
      </trkpt>
      <trkpt lat="33.11566" lon="-111.14354">
        <ele>542.0</ele>
      </trkpt>
      <trkpt lat="33.11534" lon="-111.14354">
        <ele>536.8</ele>
      </trkpt>
      <trkpt lat="33.115119" lon="-111.14364">
        <ele>532.2</ele>
      </trkpt>
      <trkpt lat="33.114359" lon="-111.1438">
        <ele>528.4</ele>
      </trkpt>
      <trkpt lat="33.11414" lon="-111.1439">
        <ele>523.2</ele>
      </trkpt>
      <trkpt lat="33.113619" lon="-111.14402">
        <ele>516.8</ele>
      </trkpt>
      <trkpt lat="33.11296" lon="-111.14437">
        <ele>511.0</ele>
      </trkpt>
      <trkpt lat="33.11225" lon="-111.14516">
        <ele>505.6</ele>
      </trkpt>
      <trkpt lat="33.11216" lon="-111.1453">
        <ele>501.4</ele>
      </trkpt>
      <trkpt lat="33.112209" lon="-111.14566">
        <ele>499.6</ele>
      </trkpt>
      <trkpt lat="33.1122" lon="-111.14589">
        <ele>499.2</ele>
      </trkpt>
      <trkpt lat="33.11209" lon="-111.14645">
        <ele>499.4</ele>
      </trkpt>
      <trkpt lat="33.112029" lon="-111.14657">
        <ele>499.0</ele>
      </trkpt>
      <trkpt lat="33.11206" lon="-111.14691">
        <ele>498.0</ele>
      </trkpt>
      <trkpt lat="33.11199" lon="-111.14692">
        <ele>496.8</ele>
      </trkpt>
      <trkpt lat="33.111939" lon="-111.14689">
        <ele>496.2</ele>
      </trkpt>
      <trkpt lat="33.11193" lon="-111.14692">
        <ele>496.2</ele>
      </trkpt>
      <trkpt lat="33.11193" lon="-111.1469">
        <ele>497.0</ele>
      </trkpt>
      <trkpt lat="33.11206" lon="-111.14693">
        <ele>498.2</ele>
      </trkpt>
      <trkpt lat="33.11205" lon="-111.14653">
        <ele>499.0</ele>
      </trkpt>
      <trkpt lat="33.112099" lon="-111.14643">
        <ele>499.2</ele>
      </trkpt>
      <trkpt lat="33.112229" lon="-111.14578">
        <ele>499.0</ele>
      </trkpt>
      <trkpt lat="33.112209" lon="-111.14558">
        <ele>498.2</ele>
      </trkpt>
      <trkpt lat="33.11216" lon="-111.14541">
        <ele>498.0</ele>
      </trkpt>
      <trkpt lat="33.112175" lon="-111.145171">
        <ele>498.2</ele>
      </trkpt>
      <trkpt lat="33.112589" lon="-111.144695">
        <ele>499.0</ele>
      </trkpt>
      <trkpt lat="33.112589" lon="-111.14464">
        <ele>499.4</ele>
      </trkpt>
      <trkpt lat="33.11254" lon="-111.14458">
        <ele>500.6</ele>
      </trkpt>
      <trkpt lat="33.11252" lon="-111.14442">
        <ele>500.2</ele>
      </trkpt>
      <trkpt lat="33.112569" lon="-111.14399">
        <ele>499.6</ele>
      </trkpt>
      <trkpt lat="33.112569" lon="-111.14367">
        <ele>499.2</ele>
      </trkpt>
      <trkpt lat="33.112679" lon="-111.14354">
        <ele>499.4</ele>
      </trkpt>
      <trkpt lat="33.11265" lon="-111.14332">
        <ele>499.6</ele>
      </trkpt>
      <trkpt lat="33.11267" lon="-111.14321">
        <ele>500.8</ele>
      </trkpt>
      <trkpt lat="33.112769" lon="-111.14306">
        <ele>501.8</ele>
      </trkpt>
      <trkpt lat="33.11274" lon="-111.14297">
        <ele>503.4</ele>
      </trkpt>
      <trkpt lat="33.11264" lon="-111.14286">
        <ele>504.8</ele>
      </trkpt>
      <trkpt lat="33.1122" lon="-111.14152">
        <ele>505.8</ele>
      </trkpt>
      <trkpt lat="33.112119" lon="-111.14139">
        <ele>506.4</ele>
      </trkpt>
      <trkpt lat="33.112119" lon="-111.14097">
        <ele>507.0</ele>
      </trkpt>
      <trkpt lat="33.11209" lon="-111.14093">
        <ele>507.4</ele>
      </trkpt>
      <trkpt lat="33.11198" lon="-111.14097">
        <ele>508.6</ele>
      </trkpt>
      <trkpt lat="33.11188" lon="-111.1407">
        <ele>508.2</ele>
      </trkpt>
      <trkpt lat="33.11188" lon="-111.14054">
        <ele>508.2</ele>
      </trkpt>
      <trkpt lat="33.11181" lon="-111.14049">
        <ele>509.0</ele>
      </trkpt>
      <trkpt lat="33.11172" lon="-111.14049">
        <ele>509.0</ele>
      </trkpt>
      <trkpt lat="33.1116" lon="-111.14018">
        <ele>507.6</ele>
      </trkpt>
      <trkpt lat="33.11132" lon="-111.139872">
        <ele>507.6</ele>
      </trkpt>
      <trkpt lat="33.11123" lon="-111.13948">
        <ele>507.6</ele>
      </trkpt>
      <trkpt lat="33.11126" lon="-111.13925">
        <ele>507.4</ele>
      </trkpt>
      <trkpt lat="33.11134" lon="-111.13911">
        <ele>507.8</ele>
      </trkpt>
      <trkpt lat="33.111469" lon="-111.13902">
        <ele>507.8</ele>
      </trkpt>
      <trkpt lat="33.11153" lon="-111.13883">
        <ele>507.8</ele>
      </trkpt>
      <trkpt lat="33.11126" lon="-111.13825">
        <ele>506.6</ele>
      </trkpt>
      <trkpt lat="33.11116" lon="-111.13827">
        <ele>505.2</ele>
      </trkpt>
      <trkpt lat="33.11108" lon="-111.13848">
        <ele>503.8</ele>
      </trkpt>
      <trkpt lat="33.110999" lon="-111.13847">
        <ele>505.0</ele>
      </trkpt>
      <trkpt lat="33.11092" lon="-111.138329">
        <ele>506.4</ele>
      </trkpt>
      <trkpt lat="33.110854" lon="-111.13808">
        <ele>507.4</ele>
      </trkpt>
      <trkpt lat="33.110829" lon="-111.137815">
        <ele>508.0</ele>
      </trkpt>
      <trkpt lat="33.110619" lon="-111.13781">
        <ele>508.0</ele>
      </trkpt>
      <trkpt lat="33.11038" lon="-111.13769">
        <ele>507.2</ele>
      </trkpt>
      <trkpt lat="33.110428" lon="-111.137369">
        <ele>506.4</ele>
      </trkpt>
      <trkpt lat="33.110407" lon="-111.1372">
        <ele>507.0</ele>
      </trkpt>
      <trkpt lat="33.110239" lon="-111.13708">
        <ele>508.0</ele>
      </trkpt>
      <trkpt lat="33.110149" lon="-111.13697">
        <ele>509.4</ele>
      </trkpt>
      <trkpt lat="33.11001" lon="-111.13693">
        <ele>509.4</ele>
      </trkpt>
      <trkpt lat="33.10998" lon="-111.136701">
        <ele>508.8</ele>
      </trkpt>
      <trkpt lat="33.109659" lon="-111.13649">
        <ele>507.8</ele>
      </trkpt>
      <trkpt lat="33.1092" lon="-111.13642">
        <ele>506.8</ele>
      </trkpt>
      <trkpt lat="33.10905" lon="-111.13631">
        <ele>506.2</ele>
      </trkpt>
      <trkpt lat="33.10878" lon="-111.13624">
        <ele>506.2</ele>
      </trkpt>
      <trkpt lat="33.10852" lon="-111.13607">
        <ele>506.0</ele>
      </trkpt>
      <trkpt lat="33.108379" lon="-111.13602">
        <ele>506.0</ele>
      </trkpt>
      <trkpt lat="33.10814" lon="-111.13584">
        <ele>506.0</ele>
      </trkpt>
      <trkpt lat="33.10808" lon="-111.13575">
        <ele>505.2</ele>
      </trkpt>
      <trkpt lat="33.107819" lon="-111.13553">
        <ele>504.4</ele>
      </trkpt>
      <trkpt lat="33.107619" lon="-111.13551">
        <ele>504.2</ele>
      </trkpt>
      <trkpt lat="33.107329" lon="-111.13525">
        <ele>504.4</ele>
      </trkpt>
      <trkpt lat="33.107239" lon="-111.13511">
        <ele>504.6</ele>
      </trkpt>
      <trkpt lat="33.10723" lon="-111.13492">
        <ele>505.4</ele>
      </trkpt>
      <trkpt lat="33.10729" lon="-111.13477">
        <ele>506.8</ele>
      </trkpt>
      <trkpt lat="33.10756" lon="-111.13452">
        <ele>508.2</ele>
      </trkpt>
      <trkpt lat="33.10779" lon="-111.13416">
        <ele>509.0</ele>
      </trkpt>
      <trkpt lat="33.107799" lon="-111.13398">
        <ele>510.0</ele>
      </trkpt>
      <trkpt lat="33.107709" lon="-111.13387">
        <ele>510.6</ele>
      </trkpt>
      <trkpt lat="33.10767" lon="-111.13374">
        <ele>511.0</ele>
      </trkpt>
      <trkpt lat="33.107619" lon="-111.13327">
        <ele>510.8</ele>
      </trkpt>
      <trkpt lat="33.10756" lon="-111.13308">
        <ele>511.0</ele>
      </trkpt>
      <trkpt lat="33.10748" lon="-111.13293">
        <ele>511.6</ele>
      </trkpt>
      <trkpt lat="33.10749" lon="-111.13223">
        <ele>512.2</ele>
      </trkpt>
      <trkpt lat="33.10757" lon="-111.13198">
        <ele>512.2</ele>
      </trkpt>
      <trkpt lat="33.107529" lon="-111.13182">
        <ele>513.0</ele>
      </trkpt>
      <trkpt lat="33.1075" lon="-111.13097">
        <ele>513.2</ele>
      </trkpt>
      <trkpt lat="33.107439" lon="-111.13072">
        <ele>513.0</ele>
      </trkpt>
      <trkpt lat="33.1075" lon="-111.12999">
        <ele>512.6</ele>
      </trkpt>
      <trkpt lat="33.10741" lon="-111.12983">
        <ele>513.2</ele>
      </trkpt>
      <trkpt lat="33.1072" lon="-111.12966">
        <ele>512.8</ele>
      </trkpt>
      <trkpt lat="33.1071" lon="-111.12943">
        <ele>512.8</ele>
      </trkpt>
      <trkpt lat="33.10705" lon="-111.12914">
        <ele>512.6</ele>
      </trkpt>
      <trkpt lat="33.106969" lon="-111.1289">
        <ele>512.6</ele>
      </trkpt>
      <trkpt lat="33.10701" lon="-111.12873">
        <ele>512.0</ele>
      </trkpt>
      <trkpt lat="33.107" lon="-111.1286">
        <ele>512.0</ele>
      </trkpt>
      <trkpt lat="33.106789" lon="-111.12819">
        <ele>512.0</ele>
      </trkpt>
      <trkpt lat="33.106699" lon="-111.12811">
        <ele>512.0</ele>
      </trkpt>
      <trkpt lat="33.106679" lon="-111.12777">
        <ele>512.0</ele>
      </trkpt>
      <trkpt lat="33.10673" lon="-111.12759">
        <ele>511.8</ele>
      </trkpt>
      <trkpt lat="33.106859" lon="-111.12737">
        <ele>511.8</ele>
      </trkpt>
      <trkpt lat="33.106859" lon="-111.12718">
        <ele>511.6</ele>
      </trkpt>
      <trkpt lat="33.10683" lon="-111.12703">
        <ele>511.4</ele>
      </trkpt>
      <trkpt lat="33.10667" lon="-111.12693">
        <ele>511.2</ele>
      </trkpt>
      <trkpt lat="33.10658" lon="-111.12682">
        <ele>511.2</ele>
      </trkpt>
      <trkpt lat="33.106499" lon="-111.12662">
        <ele>511.0</ele>
      </trkpt>
      <trkpt lat="33.106409" lon="-111.12654">
        <ele>510.6</ele>
      </trkpt>
      <trkpt lat="33.10627" lon="-111.12649">
        <ele>510.0</ele>
      </trkpt>
      <trkpt lat="33.106029" lon="-111.12605">
        <ele>509.2</ele>
      </trkpt>
      <trkpt lat="33.10597" lon="-111.12573">
        <ele>508.4</ele>
      </trkpt>
      <trkpt lat="33.10587" lon="-111.12553">
        <ele>508.0</ele>
      </trkpt>
      <trkpt lat="33.10579" lon="-111.12516">
        <ele>507.4</ele>
      </trkpt>
      <trkpt lat="33.10582" lon="-111.12492">
        <ele>507.0</ele>
      </trkpt>
      <trkpt lat="33.105759" lon="-111.1247">
        <ele>506.6</ele>
      </trkpt>
      <trkpt lat="33.10568" lon="-111.12402">
        <ele>506.4</ele>
      </trkpt>
      <trkpt lat="33.10569" lon="-111.12381">
        <ele>506.4</ele>
      </trkpt>
      <trkpt lat="33.10564" lon="-111.12363">
        <ele>507.2</ele>
      </trkpt>
      <trkpt lat="33.10558" lon="-111.12352">
        <ele>508.4</ele>
      </trkpt>
      <trkpt lat="33.1055" lon="-111.12349">
        <ele>509.2</ele>
      </trkpt>
      <trkpt lat="33.10541" lon="-111.12334">
        <ele>510.0</ele>
      </trkpt>
      <trkpt lat="33.10532" lon="-111.1231">
        <ele>510.2</ele>
      </trkpt>
      <trkpt lat="33.105289" lon="-111.1229">
        <ele>510.2</ele>
      </trkpt>
      <trkpt lat="33.10517" lon="-111.12262">
        <ele>509.8</ele>
      </trkpt>
      <trkpt lat="33.10511" lon="-111.1223">
        <ele>509.8</ele>
      </trkpt>
      <trkpt lat="33.10513" lon="-111.12209">
        <ele>510.8</ele>
      </trkpt>
      <trkpt lat="33.10496" lon="-111.12134">
        <ele>512.4</ele>
      </trkpt>
      <trkpt lat="33.105359" lon="-111.1209">
        <ele>514.0</ele>
      </trkpt>
      <trkpt lat="33.105662" lon="-111.120303">
        <ele>515.6</ele>
      </trkpt>
      <trkpt lat="33.105741" lon="-111.120273">
        <ele>517.4</ele>
      </trkpt>
      <trkpt lat="33.105732" lon="-111.120225">
        <ele>517.6</ele>
      </trkpt>
      <trkpt lat="33.105659" lon="-111.120199">
        <ele>516.4</ele>
      </trkpt>
      <trkpt lat="33.105483" lon="-111.119938">
        <ele>515.2</ele>
      </trkpt>
      <trkpt lat="33.105269" lon="-111.11957">
        <ele>514.2</ele>
      </trkpt>
      <trkpt lat="33.10515" lon="-111.11955">
        <ele>513.2</ele>
      </trkpt>
      <trkpt lat="33.10508" lon="-111.11941">
        <ele>512.6</ele>
      </trkpt>
      <trkpt lat="33.10502" lon="-111.11935">
        <ele>512.8</ele>
      </trkpt>
      <trkpt lat="33.10494" lon="-111.11938">
        <ele>512.8</ele>
      </trkpt>
      <trkpt lat="33.104889" lon="-111.11944">
        <ele>513.0</ele>
      </trkpt>
      <trkpt lat="33.104819" lon="-111.11946">
        <ele>513.4</ele>
      </trkpt>
      <trkpt lat="33.104689" lon="-111.11923">
        <ele>514.2</ele>
      </trkpt>
      <trkpt lat="33.1047" lon="-111.11916">
        <ele>515.2</ele>
      </trkpt>
      <trkpt lat="33.10479" lon="-111.11898">
        <ele>516.6</ele>
      </trkpt>
      <trkpt lat="33.10487" lon="-111.1189">
        <ele>517.8</ele>
      </trkpt>
      <trkpt lat="33.104979" lon="-111.11886">
        <ele>518.6</ele>
      </trkpt>
      <trkpt lat="33.105179" lon="-111.11868">
        <ele>519.4</ele>
      </trkpt>
      <trkpt lat="33.105289" lon="-111.1184">
        <ele>519.6</ele>
      </trkpt>
      <trkpt lat="33.10553" lon="-111.11836">
        <ele>519.2</ele>
      </trkpt>
      <trkpt lat="33.105719" lon="-111.11823">
        <ele>518.6</ele>
      </trkpt>
      <trkpt lat="33.106099" lon="-111.11816">
        <ele>518.6</ele>
      </trkpt>
      <trkpt lat="33.10625" lon="-111.11798">
        <ele>518.2</ele>
      </trkpt>
      <trkpt lat="33.10605" lon="-111.1179">
        <ele>518.4</ele>
      </trkpt>
      <trkpt lat="33.106009" lon="-111.11784">
        <ele>519.2</ele>
      </trkpt>
      <trkpt lat="33.10599" lon="-111.11772">
        <ele>520.0</ele>
      </trkpt>
      <trkpt lat="33.106009" lon="-111.11761">
        <ele>519.8</ele>
      </trkpt>
      <trkpt lat="33.10597" lon="-111.11742">
        <ele>518.6</ele>
      </trkpt>
      <trkpt lat="33.10579" lon="-111.11736">
        <ele>518.2</ele>
      </trkpt>
      <trkpt lat="33.105759" lon="-111.11728">
        <ele>517.6</ele>
      </trkpt>
      <trkpt lat="33.105849" lon="-111.11715">
        <ele>517.2</ele>
      </trkpt>
      <trkpt lat="33.10599" lon="-111.11714">
        <ele>517.4</ele>
      </trkpt>
      <trkpt lat="33.10611" lon="-111.11707">
        <ele>518.6</ele>
      </trkpt>
      <trkpt lat="33.106119" lon="-111.1169">
        <ele>518.8</ele>
      </trkpt>
      <trkpt lat="33.106029" lon="-111.11682">
        <ele>518.8</ele>
      </trkpt>
      <trkpt lat="33.10598" lon="-111.11681">
        <ele>519.0</ele>
      </trkpt>
      <trkpt lat="33.105919" lon="-111.11673">
        <ele>519.2</ele>
      </trkpt>
      <trkpt lat="33.10598" lon="-111.11656">
        <ele>519.2</ele>
      </trkpt>
      <trkpt lat="33.105919" lon="-111.11651">
        <ele>519.6</ele>
      </trkpt>
      <trkpt lat="33.10588" lon="-111.11653">
        <ele>520.8</ele>
      </trkpt>
      <trkpt lat="33.105649" lon="-111.11631">
        <ele>522.2</ele>
      </trkpt>
      <trkpt lat="33.105649" lon="-111.1161">
        <ele>523.2</ele>
      </trkpt>
      <trkpt lat="33.10559" lon="-111.11609">
        <ele>524.2</ele>
      </trkpt>
      <trkpt lat="33.10549" lon="-111.11613">
        <ele>525.4</ele>
      </trkpt>
      <trkpt lat="33.105289" lon="-111.11605">
        <ele>525.4</ele>
      </trkpt>
      <trkpt lat="33.10522" lon="-111.11592">
        <ele>524.6</ele>
      </trkpt>
      <trkpt lat="33.10535" lon="-111.11559">
        <ele>524.6</ele>
      </trkpt>
      <trkpt lat="33.105469" lon="-111.11553">
        <ele>524.6</ele>
      </trkpt>
      <trkpt lat="33.10551" lon="-111.11554">
        <ele>523.8</ele>
      </trkpt>
      <trkpt lat="33.10558" lon="-111.11543">
        <ele>523.4</ele>
      </trkpt>
      <trkpt lat="33.105559" lon="-111.11532">
        <ele>523.6</ele>
      </trkpt>
      <trkpt lat="33.10562" lon="-111.11529">
        <ele>523.4</ele>
      </trkpt>
      <trkpt lat="33.105829" lon="-111.11541">
        <ele>523.4</ele>
      </trkpt>
      <trkpt lat="33.10597" lon="-111.11534">
        <ele>523.4</ele>
      </trkpt>
      <trkpt lat="33.10598" lon="-111.11526">
        <ele>523.4</ele>
      </trkpt>
      <trkpt lat="33.10589" lon="-111.11516">
        <ele>523.0</ele>
      </trkpt>
      <trkpt lat="33.10582" lon="-111.11493">
        <ele>522.8</ele>
      </trkpt>
      <trkpt lat="33.105849" lon="-111.11487">
        <ele>522.6</ele>
      </trkpt>
      <trkpt lat="33.106029" lon="-111.11478">
        <ele>522.6</ele>
      </trkpt>
      <trkpt lat="33.10618" lon="-111.11452">
        <ele>522.2</ele>
      </trkpt>
      <trkpt lat="33.10618" lon="-111.11446">
        <ele>520.6</ele>
      </trkpt>
      <trkpt lat="33.105939" lon="-111.11435">
        <ele>519.2</ele>
      </trkpt>
      <trkpt lat="33.10614" lon="-111.11398">
        <ele>517.6</ele>
      </trkpt>
      <trkpt lat="33.10627" lon="-111.11391">
        <ele>516.2</ele>
      </trkpt>
      <trkpt lat="33.106319" lon="-111.11384">
        <ele>514.8</ele>
      </trkpt>
      <trkpt lat="33.10636" lon="-111.11363">
        <ele>514.6</ele>
      </trkpt>
      <trkpt lat="33.10662" lon="-111.11346">
        <ele>514.2</ele>
      </trkpt>
      <trkpt lat="33.106769" lon="-111.11315">
        <ele>515.2</ele>
      </trkpt>
      <trkpt lat="33.106879" lon="-111.1131">
        <ele>514.6</ele>
      </trkpt>
      <trkpt lat="33.10711" lon="-111.11292">
        <ele>515.2</ele>
      </trkpt>
      <trkpt lat="33.10732" lon="-111.11254">
        <ele>516.2</ele>
      </trkpt>
      <trkpt lat="33.10739" lon="-111.11247">
        <ele>517.4</ele>
      </trkpt>
      <trkpt lat="33.107509" lon="-111.11247">
        <ele>517.4</ele>
      </trkpt>
      <trkpt lat="33.10761" lon="-111.11228">
        <ele>519.2</ele>
      </trkpt>
      <trkpt lat="33.10757" lon="-111.11199">
        <ele>520.2</ele>
      </trkpt>
      <trkpt lat="33.10765" lon="-111.11186">
        <ele>520.4</ele>
      </trkpt>
      <trkpt lat="33.107619" lon="-111.11177">
        <ele>520.2</ele>
      </trkpt>
      <trkpt lat="33.10767" lon="-111.11162">
        <ele>520.4</ele>
      </trkpt>
      <trkpt lat="33.10785" lon="-111.11143">
        <ele>520.2</ele>
      </trkpt>
      <trkpt lat="33.10799" lon="-111.11146">
        <ele>520.0</ele>
      </trkpt>
      <trkpt lat="33.10806" lon="-111.11139">
        <ele>520.2</ele>
      </trkpt>
      <trkpt lat="33.10817" lon="-111.11113">
        <ele>520.0</ele>
      </trkpt>
      <trkpt lat="33.108089" lon="-111.11097">
        <ele>519.2</ele>
      </trkpt>
      <trkpt lat="33.108159" lon="-111.11086">
        <ele>518.6</ele>
      </trkpt>
      <trkpt lat="33.10849" lon="-111.1107">
        <ele>518.2</ele>
      </trkpt>
      <trkpt lat="33.10864" lon="-111.11056">
        <ele>517.8</ele>
      </trkpt>
      <trkpt lat="33.108739" lon="-111.11052">
        <ele>517.8</ele>
      </trkpt>
      <trkpt lat="33.108849" lon="-111.1106">
        <ele>518.4</ele>
      </trkpt>
      <trkpt lat="33.108921" lon="-111.110545">
        <ele>518.2</ele>
      </trkpt>
      <trkpt lat="33.10888" lon="-111.110332">
        <ele>518.2</ele>
      </trkpt>
      <trkpt lat="33.108629" lon="-111.11025">
        <ele>517.4</ele>
      </trkpt>
      <trkpt lat="33.108598" lon="-111.110076">
        <ele>516.2</ele>
      </trkpt>
      <trkpt lat="33.108379" lon="-111.11007">
        <ele>514.8</ele>
      </trkpt>
      <trkpt lat="33.108342" lon="-111.109774">
        <ele>514.0</ele>
      </trkpt>
      <trkpt lat="33.10824" lon="-111.10959">
        <ele>513.0</ele>
      </trkpt>
      <trkpt lat="33.108179" lon="-111.10962">
        <ele>512.2</ele>
      </trkpt>
      <trkpt lat="33.10813" lon="-111.1097">
        <ele>512.2</ele>
      </trkpt>
      <trkpt lat="33.10804" lon="-111.10971">
        <ele>511.2</ele>
      </trkpt>
      <trkpt lat="33.10796" lon="-111.10961">
        <ele>510.8</ele>
      </trkpt>
      <trkpt lat="33.107909" lon="-111.10949">
        <ele>509.8</ele>
      </trkpt>
      <trkpt lat="33.10794" lon="-111.10908">
        <ele>509.8</ele>
      </trkpt>
      <trkpt lat="33.107999" lon="-111.10892">
        <ele>509.2</ele>
      </trkpt>
      <trkpt lat="33.10814" lon="-111.10883">
        <ele>509.4</ele>
      </trkpt>
      <trkpt lat="33.10822" lon="-111.10866">
        <ele>509.2</ele>
      </trkpt>
      <trkpt lat="33.10822" lon="-111.1086">
        <ele>509.2</ele>
      </trkpt>
      <trkpt lat="33.10815" lon="-111.10842">
        <ele>509.2</ele>
      </trkpt>
      <trkpt lat="33.10817" lon="-111.10833">
        <ele>509.0</ele>
      </trkpt>
      <trkpt lat="33.108289" lon="-111.10811">
        <ele>509.0</ele>
      </trkpt>
      <trkpt lat="33.10833" lon="-111.10786">
        <ele>508.4</ele>
      </trkpt>
      <trkpt lat="33.108289" lon="-111.10774">
        <ele>508.6</ele>
      </trkpt>
      <trkpt lat="33.10833" lon="-111.10748">
        <ele>508.2</ele>
      </trkpt>
      <trkpt lat="33.108379" lon="-111.10736">
        <ele>508.4</ele>
      </trkpt>
      <trkpt lat="33.10846" lon="-111.10726">
        <ele>508.6</ele>
      </trkpt>
      <trkpt lat="33.108559" lon="-111.10719">
        <ele>509.2</ele>
      </trkpt>
      <trkpt lat="33.108649" lon="-111.10705">
        <ele>509.2</ele>
      </trkpt>
      <trkpt lat="33.108649" lon="-111.10685">
        <ele>509.4</ele>
      </trkpt>
      <trkpt lat="33.108559" lon="-111.10656">
        <ele>509.2</ele>
      </trkpt>
      <trkpt lat="33.10861" lon="-111.10635">
        <ele>509.0</ele>
      </trkpt>
      <trkpt lat="33.108759" lon="-111.10602">
        <ele>508.8</ele>
      </trkpt>
      <trkpt lat="33.10891" lon="-111.10585">
        <ele>509.4</ele>
      </trkpt>
      <trkpt lat="33.10889" lon="-111.10569">
        <ele>509.0</ele>
      </trkpt>
      <trkpt lat="33.108829" lon="-111.10559">
        <ele>509.4</ele>
      </trkpt>
      <trkpt lat="33.10893" lon="-111.105">
        <ele>509.8</ele>
      </trkpt>
      <trkpt lat="33.10917" lon="-111.10389">
        <ele>510.0</ele>
      </trkpt>
      <trkpt lat="33.109409" lon="-111.10351">
        <ele>509.6</ele>
      </trkpt>
      <trkpt lat="33.10944" lon="-111.10339">
        <ele>510.6</ele>
      </trkpt>
      <trkpt lat="33.109479" lon="-111.10334">
        <ele>511.2</ele>
      </trkpt>
      <trkpt lat="33.10955" lon="-111.10335">
        <ele>512.2</ele>
      </trkpt>
      <trkpt lat="33.10962" lon="-111.10332">
        <ele>514.2</ele>
      </trkpt>
      <trkpt lat="33.109679" lon="-111.10336">
        <ele>516.4</ele>
      </trkpt>
      <trkpt lat="33.109789" lon="-111.10353">
        <ele>517.8</ele>
      </trkpt>
      <trkpt lat="33.10982" lon="-111.10354">
        <ele>519.0</ele>
      </trkpt>
      <trkpt lat="33.109879" lon="-111.10346">
        <ele>520.2</ele>
      </trkpt>
      <trkpt lat="33.11012" lon="-111.10336">
        <ele>520.6</ele>
      </trkpt>
      <trkpt lat="33.11029" lon="-111.10342">
        <ele>520.6</ele>
      </trkpt>
      <trkpt lat="33.110329" lon="-111.10336">
        <ele>521.2</ele>
      </trkpt>
      <trkpt lat="33.1103" lon="-111.10319">
        <ele>522.0</ele>
      </trkpt>
      <trkpt lat="33.11037" lon="-111.10314">
        <ele>521.8</ele>
      </trkpt>
      <trkpt lat="33.11057" lon="-111.10316">
        <ele>522.0</ele>
      </trkpt>
      <trkpt lat="33.110709" lon="-111.10309">
        <ele>522.6</ele>
      </trkpt>
      <trkpt lat="33.111089" lon="-111.1031">
        <ele>522.8</ele>
      </trkpt>
      <trkpt lat="33.11131" lon="-111.1032">
        <ele>523.6</ele>
      </trkpt>
      <trkpt lat="33.11146" lon="-111.10311">
        <ele>524.8</ele>
      </trkpt>
      <trkpt lat="33.111669" lon="-111.1033">
        <ele>526.2</ele>
      </trkpt>
      <trkpt lat="33.1118" lon="-111.1033">
        <ele>527.6</ele>
      </trkpt>
      <trkpt lat="33.111849" lon="-111.1031">
        <ele>529.4</ele>
      </trkpt>
      <trkpt lat="33.11202" lon="-111.10304">
        <ele>530.2</ele>
      </trkpt>
      <trkpt lat="33.11211" lon="-111.10304">
        <ele>531.4</ele>
      </trkpt>
      <trkpt lat="33.11216" lon="-111.10294">
        <ele>532.2</ele>
      </trkpt>
      <trkpt lat="33.112229" lon="-111.10257">
        <ele>532.8</ele>
      </trkpt>
      <trkpt lat="33.112299" lon="-111.10246">
        <ele>533.6</ele>
      </trkpt>
      <trkpt lat="33.11228" lon="-111.10242">
        <ele>535.4</ele>
      </trkpt>
      <trkpt lat="33.11216" lon="-111.10238">
        <ele>537.0</ele>
      </trkpt>
      <trkpt lat="33.111939" lon="-111.10217">
        <ele>538.4</ele>
      </trkpt>
      <trkpt lat="33.111759" lon="-111.10212">
        <ele>539.8</ele>
      </trkpt>
      <trkpt lat="33.111739" lon="-111.10201">
        <ele>540.2</ele>
      </trkpt>
      <trkpt lat="33.111649" lon="-111.10202">
        <ele>539.8</ele>
      </trkpt>
      <trkpt lat="33.111469" lon="-111.10187">
        <ele>538.6</ele>
      </trkpt>
      <trkpt lat="33.11141" lon="-111.10176">
        <ele>536.0</ele>
      </trkpt>
      <trkpt lat="33.11146" lon="-111.10168">
        <ele>532.8</ele>
      </trkpt>
      <trkpt lat="33.111629" lon="-111.10154">
        <ele>529.4</ele>
      </trkpt>
      <trkpt lat="33.111649" lon="-111.10149">
        <ele>525.8</ele>
      </trkpt>
      <trkpt lat="33.11181" lon="-111.10138">
        <ele>522.6</ele>
      </trkpt>
      <trkpt lat="33.1119" lon="-111.10128">
        <ele>521.0</ele>
      </trkpt>
      <trkpt lat="33.112" lon="-111.10123">
        <ele>519.6</ele>
      </trkpt>
      <trkpt lat="33.11206" lon="-111.10124">
        <ele>518.6</ele>
      </trkpt>
      <trkpt lat="33.11218" lon="-111.1012">
        <ele>516.8</ele>
      </trkpt>
      <trkpt lat="33.112209" lon="-111.10114">
        <ele>515.0</ele>
      </trkpt>
      <trkpt lat="33.112499" lon="-111.10085">
        <ele>512.6</ele>
      </trkpt>
      <trkpt lat="33.11263" lon="-111.10076">
        <ele>511.2</ele>
      </trkpt>
      <trkpt lat="33.11281" lon="-111.1004">
        <ele>510.2</ele>
      </trkpt>
      <trkpt lat="33.112949" lon="-111.10033">
        <ele>510.4</ele>
      </trkpt>
      <trkpt lat="33.11301" lon="-111.10033">
        <ele>510.6</ele>
      </trkpt>
      <trkpt lat="33.11296" lon="-111.09996">
        <ele>511.0</ele>
      </trkpt>
      <trkpt lat="33.11303" lon="-111.09965">
        <ele>511.4</ele>
      </trkpt>
      <trkpt lat="33.113149" lon="-111.09943">
        <ele>511.8</ele>
      </trkpt>
      <trkpt lat="33.1133" lon="-111.09926">
        <ele>511.8</ele>
      </trkpt>
      <trkpt lat="33.11357" lon="-111.0991">
        <ele>511.8</ele>
      </trkpt>
      <trkpt lat="33.11369" lon="-111.09898">
        <ele>511.8</ele>
      </trkpt>
      <trkpt lat="33.113889" lon="-111.09885">
        <ele>511.2</ele>
      </trkpt>
      <trkpt lat="33.11404" lon="-111.09867">
        <ele>510.6</ele>
      </trkpt>
      <trkpt lat="33.114089" lon="-111.09855">
        <ele>510.6</ele>
      </trkpt>
      <trkpt lat="33.113999" lon="-111.09841">
        <ele>510.8</ele>
      </trkpt>
      <trkpt lat="33.11379" lon="-111.0982">
        <ele>511.4</ele>
      </trkpt>
      <trkpt lat="33.11376" lon="-111.09812">
        <ele>512.0</ele>
      </trkpt>
      <trkpt lat="33.11381" lon="-111.09804">
        <ele>512.8</ele>
      </trkpt>
      <trkpt lat="33.113819" lon="-111.09795">
        <ele>512.8</ele>
      </trkpt>
      <trkpt lat="33.11378" lon="-111.09772">
        <ele>512.4</ele>
      </trkpt>
      <trkpt lat="33.11358" lon="-111.09758">
        <ele>512.2</ele>
      </trkpt>
      <trkpt lat="33.11348" lon="-111.0974">
        <ele>511.6</ele>
      </trkpt>
      <trkpt lat="33.113439" lon="-111.09724">
        <ele>511.0</ele>
      </trkpt>
      <trkpt lat="33.11343" lon="-111.09674">
        <ele>510.6</ele>
      </trkpt>
      <trkpt lat="33.11346" lon="-111.09659">
        <ele>511.0</ele>
      </trkpt>
      <trkpt lat="33.113509" lon="-111.09652">
        <ele>510.6</ele>
      </trkpt>
      <trkpt lat="33.11347" lon="-111.0964">
        <ele>510.6</ele>
      </trkpt>
      <trkpt lat="33.11352" lon="-111.09619">
        <ele>510.8</ele>
      </trkpt>
      <trkpt lat="33.11352" lon="-111.09597">
        <ele>511.2</ele>
      </trkpt>
      <trkpt lat="33.113549" lon="-111.09587">
        <ele>510.8</ele>
      </trkpt>
      <trkpt lat="33.1137" lon="-111.09571">
        <ele>510.6</ele>
      </trkpt>
      <trkpt lat="33.11375" lon="-111.09546">
        <ele>510.8</ele>
      </trkpt>
      <trkpt lat="33.11368" lon="-111.09521">
        <ele>510.6</ele>
      </trkpt>
      <trkpt lat="33.113709" lon="-111.09509">
        <ele>510.2</ele>
      </trkpt>
      <trkpt lat="33.11368" lon="-111.0948">
        <ele>510.2</ele>
      </trkpt>
      <trkpt lat="33.11369" lon="-111.09454">
        <ele>510.4</ele>
      </trkpt>
      <trkpt lat="33.113799" lon="-111.09431">
        <ele>510.4</ele>
      </trkpt>
      <trkpt lat="33.11378" lon="-111.09415">
        <ele>510.6</ele>
      </trkpt>
      <trkpt lat="33.11387" lon="-111.09405">
        <ele>511.4</ele>
      </trkpt>
      <trkpt lat="33.11395" lon="-111.09386">
        <ele>512.4</ele>
      </trkpt>
      <trkpt lat="33.11434" lon="-111.09341">
        <ele>513.6</ele>
      </trkpt>
      <trkpt lat="33.114469" lon="-111.09302">
        <ele>514.4</ele>
      </trkpt>
      <trkpt lat="33.114759" lon="-111.09265">
        <ele>514.8</ele>
      </trkpt>
      <trkpt lat="33.11482" lon="-111.0925">
        <ele>514.6</ele>
      </trkpt>
      <trkpt lat="33.11498" lon="-111.09228">
        <ele>514.4</ele>
      </trkpt>
      <trkpt lat="33.11507" lon="-111.092">
        <ele>514.4</ele>
      </trkpt>
      <trkpt lat="33.115209" lon="-111.09188">
        <ele>514.6</ele>
      </trkpt>
      <trkpt lat="33.115319" lon="-111.09162">
        <ele>514.8</ele>
      </trkpt>
      <trkpt lat="33.11558" lon="-111.09117">
        <ele>515.0</ele>
      </trkpt>
      <trkpt lat="33.115679" lon="-111.0909">
        <ele>515.2</ele>
      </trkpt>
      <trkpt lat="33.115679" lon="-111.09081">
        <ele>515.4</ele>
      </trkpt>
      <trkpt lat="33.115769" lon="-111.09065">
        <ele>515.0</ele>
      </trkpt>
      <trkpt lat="33.115879" lon="-111.09053">
        <ele>514.8</ele>
      </trkpt>
      <trkpt lat="33.11623" lon="-111.08977">
        <ele>514.8</ele>
      </trkpt>
      <trkpt lat="33.11625" lon="-111.08959">
        <ele>514.4</ele>
      </trkpt>
      <trkpt lat="33.116425" lon="-111.089358">
        <ele>513.8</ele>
      </trkpt>
      <trkpt lat="33.116415" lon="-111.089192">
        <ele>514.0</ele>
      </trkpt>
      <trkpt lat="33.116456" lon="-111.088965">
        <ele>514.2</ele>
      </trkpt>
      <trkpt lat="33.11638" lon="-111.08884">
        <ele>514.4</ele>
      </trkpt>
      <trkpt lat="33.116411" lon="-111.088637">
        <ele>515.2</ele>
      </trkpt>
      <trkpt lat="33.116242" lon="-111.088526">
        <ele>515.8</ele>
      </trkpt>
      <trkpt lat="33.116165" lon="-111.088208">
        <ele>516.2</ele>
      </trkpt>
      <trkpt lat="33.116191" lon="-111.088042">
        <ele>516.8</ele>
      </trkpt>
      <trkpt lat="33.116256" lon="-111.08791">
        <ele>517.4</ele>
      </trkpt>
      <trkpt lat="33.116653" lon="-111.087753">
        <ele>517.8</ele>
      </trkpt>
      <trkpt lat="33.116833" lon="-111.087607">
        <ele>518.8</ele>
      </trkpt>
      <trkpt lat="33.116963" lon="-111.087427">
        <ele>519.8</ele>
      </trkpt>
      <trkpt lat="33.11701" lon="-111.087256">
        <ele>520.2</ele>
      </trkpt>
      <trkpt lat="33.117005" lon="-111.087054">
        <ele>520.6</ele>
      </trkpt>
      <trkpt lat="33.117103" lon="-111.0864">
        <ele>520.8</ele>
      </trkpt>
      <trkpt lat="33.117218" lon="-111.085943">
        <ele>520.2</ele>
      </trkpt>
      <trkpt lat="33.117314" lon="-111.085717">
        <ele>520.4</ele>
      </trkpt>
      <trkpt lat="33.117784" lon="-111.085131">
        <ele>521.0</ele>
      </trkpt>
      <trkpt lat="33.118107" lon="-111.083917">
        <ele>521.6</ele>
      </trkpt>
      <trkpt lat="33.118353" lon="-111.083479">
        <ele>522.4</ele>
      </trkpt>
      <trkpt lat="33.11842" lon="-111.083267">
        <ele>523.4</ele>
      </trkpt>
      <trkpt lat="33.118474" lon="-111.082923">
        <ele>523.8</ele>
      </trkpt>
      <trkpt lat="33.118481" lon="-111.082608">
        <ele>524.0</ele>
      </trkpt>
      <trkpt lat="33.118446" lon="-111.082156">
        <ele>524.0</ele>
      </trkpt>
      <trkpt lat="33.11858" lon="-111.08171">
        <ele>524.0</ele>
      </trkpt>
      <trkpt lat="33.118841" lon="-111.0815">
        <ele>523.8</ele>
      </trkpt>
      <trkpt lat="33.118789" lon="-111.08113">
        <ele>522.4</ele>
      </trkpt>
      <trkpt lat="33.11898" lon="-111.0808">
        <ele>521.0</ele>
      </trkpt>
      <trkpt lat="33.118844" lon="-111.080513">
        <ele>520.8</ele>
      </trkpt>
      <trkpt lat="33.118859" lon="-111.080314">
        <ele>520.6</ele>
      </trkpt>
      <trkpt lat="33.119008" lon="-111.079922">
        <ele>520.8</ele>
      </trkpt>
      <trkpt lat="33.118995" lon="-111.079721">
        <ele>522.2</ele>
      </trkpt>
      <trkpt lat="33.118881" lon="-111.079553">
        <ele>523.6</ele>
      </trkpt>
      <trkpt lat="33.118843" lon="-111.079235">
        <ele>523.8</ele>
      </trkpt>
      <trkpt lat="33.118851" lon="-111.079">
        <ele>524.2</ele>
      </trkpt>
      <trkpt lat="33.118968" lon="-111.078765">
        <ele>524.6</ele>
      </trkpt>
      <trkpt lat="33.119065" lon="-111.078297">
        <ele>524.6</ele>
      </trkpt>
      <trkpt lat="33.119081" lon="-111.077898">
        <ele>525.4</ele>
      </trkpt>
      <trkpt lat="33.119349" lon="-111.077715">
        <ele>526.4</ele>
      </trkpt>
      <trkpt lat="33.119479" lon="-111.07753">
        <ele>527.0</ele>
      </trkpt>
      <trkpt lat="33.119538" lon="-111.077292">
        <ele>526.8</ele>
      </trkpt>
      <trkpt lat="33.11949" lon="-111.07712">
        <ele>526.6</ele>
      </trkpt>
      <trkpt lat="33.119228" lon="-111.076949">
        <ele>525.6</ele>
      </trkpt>
      <trkpt lat="33.119159" lon="-111.07683">
        <ele>523.4</ele>
      </trkpt>
      <trkpt lat="33.119205" lon="-111.076718">
        <ele>521.2</ele>
      </trkpt>
      <trkpt lat="33.119649" lon="-111.076597">
        <ele>520.0</ele>
      </trkpt>
      <trkpt lat="33.11967" lon="-111.07651">
        <ele>518.8</ele>
      </trkpt>
      <trkpt lat="33.119646" lon="-111.076456">
        <ele>517.4</ele>
      </trkpt>
      <trkpt lat="33.119104" lon="-111.07594">
        <ele>517.2</ele>
      </trkpt>
      <trkpt lat="33.119058" lon="-111.075733">
        <ele>517.0</ele>
      </trkpt>
      <trkpt lat="33.119126" lon="-111.075596">
        <ele>516.2</ele>
      </trkpt>
      <trkpt lat="33.11905" lon="-111.07507">
        <ele>515.8</ele>
      </trkpt>
      <trkpt lat="33.119078" lon="-111.074615">
        <ele>515.8</ele>
      </trkpt>
      <trkpt lat="33.119241" lon="-111.074215">
        <ele>515.8</ele>
      </trkpt>
      <trkpt lat="33.1191" lon="-111.07314">
        <ele>516.2</ele>
      </trkpt>
      <trkpt lat="33.11914" lon="-111.07273">
        <ele>516.6</ele>
      </trkpt>
      <trkpt lat="33.119079" lon="-111.07242">
        <ele>516.8</ele>
      </trkpt>
      <trkpt lat="33.11876" lon="-111.07175">
        <ele>517.4</ele>
      </trkpt>
      <trkpt lat="33.11872" lon="-111.07157">
        <ele>518.2</ele>
      </trkpt>
      <trkpt lat="33.11876" lon="-111.07123">
        <ele>518.4</ele>
      </trkpt>
      <trkpt lat="33.118899" lon="-111.07107">
        <ele>518.4</ele>
      </trkpt>
      <trkpt lat="33.11893" lon="-111.07092">
        <ele>518.2</ele>
      </trkpt>
      <trkpt lat="33.11876" lon="-111.07064">
        <ele>517.8</ele>
      </trkpt>
      <trkpt lat="33.11867" lon="-111.07054">
        <ele>517.2</ele>
      </trkpt>
      <trkpt lat="33.118499" lon="-111.07021">
        <ele>517.2</ele>
      </trkpt>
      <trkpt lat="33.11829" lon="-111.07008">
        <ele>517.6</ele>
      </trkpt>
      <trkpt lat="33.11822" lon="-111.06986">
        <ele>517.8</ele>
      </trkpt>
      <trkpt lat="33.11808" lon="-111.06974">
        <ele>517.6</ele>
      </trkpt>
      <trkpt lat="33.11781" lon="-111.06929">
        <ele>517.8</ele>
      </trkpt>
      <trkpt lat="33.117489" lon="-111.06846">
        <ele>518.0</ele>
      </trkpt>
      <trkpt lat="33.116729" lon="-111.06706">
        <ele>518.6</ele>
      </trkpt>
      <trkpt lat="33.116639" lon="-111.06665">
        <ele>519.6</ele>
      </trkpt>
      <trkpt lat="33.11681" lon="-111.06651">
        <ele>521.0</ele>
      </trkpt>
      <trkpt lat="33.116979" lon="-111.0662">
        <ele>522.2</ele>
      </trkpt>
      <trkpt lat="33.117089" lon="-111.06613">
        <ele>523.0</ele>
      </trkpt>
      <trkpt lat="33.11717" lon="-111.06587">
        <ele>523.2</ele>
      </trkpt>
      <trkpt lat="33.117179" lon="-111.06569">
        <ele>523.6</ele>
      </trkpt>
      <trkpt lat="33.117089" lon="-111.06535">
        <ele>524.8</ele>
      </trkpt>
      <trkpt lat="33.117089" lon="-111.06508">
        <ele>526.0</ele>
      </trkpt>
      <trkpt lat="33.11687" lon="-111.06461">
        <ele>527.2</ele>
      </trkpt>
      <trkpt lat="33.116709" lon="-111.06453">
        <ele>529.0</ele>
      </trkpt>
      <trkpt lat="33.11661" lon="-111.06428">
        <ele>531.4</ele>
      </trkpt>
      <trkpt lat="33.11669" lon="-111.06411">
        <ele>533.0</ele>
      </trkpt>
      <trkpt lat="33.11676" lon="-111.06387">
        <ele>534.0</ele>
      </trkpt>
      <trkpt lat="33.11676" lon="-111.06373">
        <ele>535.0</ele>
      </trkpt>
      <trkpt lat="33.11657" lon="-111.06357">
        <ele>535.4</ele>
      </trkpt>
      <trkpt lat="33.116459" lon="-111.06336">
        <ele>534.8</ele>
      </trkpt>
      <trkpt lat="33.116459" lon="-111.06322">
        <ele>534.8</ele>
      </trkpt>
      <trkpt lat="33.116619" lon="-111.06286">
        <ele>535.4</ele>
      </trkpt>
      <trkpt lat="33.116729" lon="-111.06274">
        <ele>536.0</ele>
      </trkpt>
      <trkpt lat="33.11688" lon="-111.06274">
        <ele>537.6</ele>
      </trkpt>
      <trkpt lat="33.11693" lon="-111.06271">
        <ele>539.4</ele>
      </trkpt>
      <trkpt lat="33.11686" lon="-111.06261">
        <ele>539.4</ele>
      </trkpt>
      <trkpt lat="33.11657" lon="-111.06248">
        <ele>539.4</ele>
      </trkpt>
      <trkpt lat="33.11641" lon="-111.0623">
        <ele>539.2</ele>
      </trkpt>
      <trkpt lat="33.11632" lon="-111.06207">
        <ele>538.6</ele>
      </trkpt>
      <trkpt lat="33.11632" lon="-111.0619">
        <ele>537.2</ele>
      </trkpt>
      <trkpt lat="33.11639" lon="-111.06182">
        <ele>538.0</ele>
      </trkpt>
      <trkpt lat="33.1164" lon="-111.06173">
        <ele>538.8</ele>
      </trkpt>
      <trkpt lat="33.116459" lon="-111.06161">
        <ele>539.2</ele>
      </trkpt>
      <trkpt lat="33.11634" lon="-111.06122">
        <ele>539.0</ele>
      </trkpt>
      <trkpt lat="33.11612" lon="-111.06113">
        <ele>540.8</ele>
      </trkpt>
      <trkpt lat="33.11613" lon="-111.06103">
        <ele>540.8</ele>
      </trkpt>
      <trkpt lat="33.1162" lon="-111.06091">
        <ele>541.8</ele>
      </trkpt>
      <trkpt lat="33.11625" lon="-111.06071">
        <ele>542.8</ele>
      </trkpt>
      <trkpt lat="33.11614" lon="-111.06042">
        <ele>545.0</ele>
      </trkpt>
      <trkpt lat="33.11612" lon="-111.0603">
        <ele>546.6</ele>
      </trkpt>
      <trkpt lat="33.11619" lon="-111.06018">
        <ele>549.2</ele>
      </trkpt>
      <trkpt lat="33.11622" lon="-111.05997">
        <ele>550.6</ele>
      </trkpt>
      <trkpt lat="33.11629" lon="-111.05984">
        <ele>552.8</ele>
      </trkpt>
      <trkpt lat="33.11634" lon="-111.05958">
        <ele>554.2</ele>
      </trkpt>
      <trkpt lat="33.11631" lon="-111.0593">
        <ele>555.6</ele>
      </trkpt>
      <trkpt lat="33.11641" lon="-111.05918">
        <ele>556.6</ele>
      </trkpt>
      <trkpt lat="33.11641" lon="-111.05902">
        <ele>558.0</ele>
      </trkpt>
      <trkpt lat="33.11619" lon="-111.059">
        <ele>559.4</ele>
      </trkpt>
      <trkpt lat="33.11614" lon="-111.0589">
        <ele>560.6</ele>
      </trkpt>
      <trkpt lat="33.11614" lon="-111.05877">
        <ele>561.2</ele>
      </trkpt>
      <trkpt lat="33.11623" lon="-111.05855">
        <ele>562.0</ele>
      </trkpt>
      <trkpt lat="33.11629" lon="-111.05827">
        <ele>562.4</ele>
      </trkpt>
      <trkpt lat="33.116459" lon="-111.05805">
        <ele>562.4</ele>
      </trkpt>
      <trkpt lat="33.11648" lon="-111.05794">
        <ele>563.2</ele>
      </trkpt>
      <trkpt lat="33.11643" lon="-111.05781">
        <ele>562.8</ele>
      </trkpt>
      <trkpt lat="33.116549" lon="-111.05771">
        <ele>562.4</ele>
      </trkpt>
      <trkpt lat="33.116459" lon="-111.05726">
        <ele>561.4</ele>
      </trkpt>
      <trkpt lat="33.116529" lon="-111.05718">
        <ele>560.6</ele>
      </trkpt>
      <trkpt lat="33.11648" lon="-111.05706">
        <ele>558.6</ele>
      </trkpt>
      <trkpt lat="33.11648" lon="-111.05685">
        <ele>558.0</ele>
      </trkpt>
      <trkpt lat="33.11652" lon="-111.05657">
        <ele>557.2</ele>
      </trkpt>
      <trkpt lat="33.116619" lon="-111.05631">
        <ele>556.8</ele>
      </trkpt>
      <trkpt lat="33.11659" lon="-111.05615">
        <ele>556.4</ele>
      </trkpt>
      <trkpt lat="33.11657" lon="-111.05618">
        <ele>554.2</ele>
      </trkpt>
      <trkpt lat="33.11658" lon="-111.05633">
        <ele>552.8</ele>
      </trkpt>
      <trkpt lat="33.11623" lon="-111.05658">
        <ele>550.8</ele>
      </trkpt>
      <trkpt lat="33.11622" lon="-111.0567">
        <ele>548.2</ele>
      </trkpt>
      <trkpt lat="33.116149" lon="-111.05662">
        <ele>544.6</ele>
      </trkpt>
      <trkpt lat="33.115989" lon="-111.05652">
        <ele>543.6</ele>
      </trkpt>
      <trkpt lat="33.11592" lon="-111.05651">
        <ele>542.2</ele>
      </trkpt>
      <trkpt lat="33.11587" lon="-111.05646">
        <ele>541.2</ele>
      </trkpt>
      <trkpt lat="33.11603" lon="-111.05634">
        <ele>540.4</ele>
      </trkpt>
      <trkpt lat="33.115989" lon="-111.05628">
        <ele>539.6</ele>
      </trkpt>
      <trkpt lat="33.115879" lon="-111.05624">
        <ele>538.0</ele>
      </trkpt>
      <trkpt lat="33.11575" lon="-111.05611">
        <ele>535.4</ele>
      </trkpt>
      <trkpt lat="33.115679" lon="-111.05608">
        <ele>532.4</ele>
      </trkpt>
      <trkpt lat="33.11558" lon="-111.05596">
        <ele>530.0</ele>
      </trkpt>
      <trkpt lat="33.115609" lon="-111.0559">
        <ele>528.6</ele>
      </trkpt>
      <trkpt lat="33.115699" lon="-111.05589">
        <ele>527.6</ele>
      </trkpt>
      <trkpt lat="33.11592" lon="-111.05595">
        <ele>528.4</ele>
      </trkpt>
      <trkpt lat="33.116079" lon="-111.0559">
        <ele>528.6</ele>
      </trkpt>
      <trkpt lat="33.116149" lon="-111.05573">
        <ele>528.4</ele>
      </trkpt>
      <trkpt lat="33.116149" lon="-111.05559">
        <ele>527.8</ele>
      </trkpt>
      <trkpt lat="33.11612" lon="-111.05556">
        <ele>527.2</ele>
      </trkpt>
      <trkpt lat="33.116059" lon="-111.05561">
        <ele>526.0</ele>
      </trkpt>
      <trkpt lat="33.115969" lon="-111.05557">
        <ele>526.4</ele>
      </trkpt>
      <trkpt lat="33.11591" lon="-111.05539">
        <ele>527.0</ele>
      </trkpt>
      <trkpt lat="33.11574" lon="-111.05525">
        <ele>528.2</ele>
      </trkpt>
      <trkpt lat="33.115519" lon="-111.05518">
        <ele>529.4</ele>
      </trkpt>
      <trkpt lat="33.11549" lon="-111.05512">
        <ele>528.6</ele>
      </trkpt>
      <trkpt lat="33.11549" lon="-111.05484">
        <ele>528.6</ele>
      </trkpt>
      <trkpt lat="33.11554" lon="-111.05474">
        <ele>527.8</ele>
      </trkpt>
      <trkpt lat="33.115499" lon="-111.05464">
        <ele>528.8</ele>
      </trkpt>
      <trkpt lat="33.11555" lon="-111.05459">
        <ele>529.6</ele>
      </trkpt>
      <trkpt lat="33.11565" lon="-111.05476">
        <ele>531.6</ele>
      </trkpt>
      <trkpt lat="33.115609" lon="-111.05498">
        <ele>534.0</ele>
      </trkpt>
      <trkpt lat="33.11565" lon="-111.055">
        <ele>536.8</ele>
      </trkpt>
      <trkpt lat="33.11587" lon="-111.05482">
        <ele>538.2</ele>
      </trkpt>
      <trkpt lat="33.11592" lon="-111.05469">
        <ele>539.4</ele>
      </trkpt>
      <trkpt lat="33.11603" lon="-111.05463">
        <ele>540.8</ele>
      </trkpt>
      <trkpt lat="33.116079" lon="-111.05455">
        <ele>541.6</ele>
      </trkpt>
      <trkpt lat="33.11612" lon="-111.05458">
        <ele>543.2</ele>
      </trkpt>
      <trkpt lat="33.11614" lon="-111.05482">
        <ele>544.6</ele>
      </trkpt>
      <trkpt lat="33.116169" lon="-111.05488">
        <ele>546.8</ele>
      </trkpt>
      <trkpt lat="33.116349" lon="-111.05474">
        <ele>548.8</ele>
      </trkpt>
      <trkpt lat="33.116459" lon="-111.05444">
        <ele>551.0</ele>
      </trkpt>
      <trkpt lat="33.11648" lon="-111.05424">
        <ele>553.2</ele>
      </trkpt>
      <trkpt lat="33.1166" lon="-111.05405">
        <ele>555.6</ele>
      </trkpt>
      <trkpt lat="33.1166" lon="-111.054">
        <ele>557.6</ele>
      </trkpt>
      <trkpt lat="33.11637" lon="-111.05382">
        <ele>561.4</ele>
      </trkpt>
      <trkpt lat="33.116079" lon="-111.05334">
        <ele>562.4</ele>
      </trkpt>
      <trkpt lat="33.11614" lon="-111.05326">
        <ele>565.8</ele>
      </trkpt>
      <trkpt lat="33.1161" lon="-111.05273">
        <ele>568.8</ele>
      </trkpt>
      <trkpt lat="33.11601" lon="-111.05229">
        <ele>571.6</ele>
      </trkpt>
      <trkpt lat="33.11604" lon="-111.05213">
        <ele>572.0</ele>
      </trkpt>
      <trkpt lat="33.1163" lon="-111.05179">
        <ele>574.8</ele>
      </trkpt>
      <trkpt lat="33.116419" lon="-111.05145">
        <ele>575.2</ele>
      </trkpt>
      <trkpt lat="33.116419" lon="-111.05128">
        <ele>575.6</ele>
      </trkpt>
      <trkpt lat="33.11631" lon="-111.05106">
        <ele>577.0</ele>
      </trkpt>
      <trkpt lat="33.1162" lon="-111.05092">
        <ele>578.8</ele>
      </trkpt>
      <trkpt lat="33.11604" lon="-111.05059">
        <ele>578.4</ele>
      </trkpt>
      <trkpt lat="33.115989" lon="-111.05034">
        <ele>577.4</ele>
      </trkpt>
      <trkpt lat="33.116079" lon="-111.05018">
        <ele>577.4</ele>
      </trkpt>
      <trkpt lat="33.11679" lon="-111.04986">
        <ele>577.2</ele>
      </trkpt>
      <trkpt lat="33.11686" lon="-111.04975">
        <ele>576.0</ele>
      </trkpt>
      <trkpt lat="33.116729" lon="-111.04959">
        <ele>576.6</ele>
      </trkpt>
      <trkpt lat="33.116619" lon="-111.04954">
        <ele>577.6</ele>
      </trkpt>
      <trkpt lat="33.116529" lon="-111.04942">
        <ele>577.4</ele>
      </trkpt>
      <trkpt lat="33.11639" lon="-111.04932">
        <ele>577.4</ele>
      </trkpt>
      <trkpt lat="33.11604" lon="-111.04893">
        <ele>577.0</ele>
      </trkpt>
      <trkpt lat="33.11602" lon="-111.04868">
        <ele>577.0</ele>
      </trkpt>
      <trkpt lat="33.115969" lon="-111.04853">
        <ele>577.0</ele>
      </trkpt>
      <trkpt lat="33.115969" lon="-111.04788">
        <ele>577.4</ele>
      </trkpt>
      <trkpt lat="33.11594" lon="-111.04759">
        <ele>576.2</ele>
      </trkpt>
      <trkpt lat="33.115969" lon="-111.04736">
        <ele>577.0</ele>
      </trkpt>
      <trkpt lat="33.11594" lon="-111.04705">
        <ele>576.6</ele>
      </trkpt>
      <trkpt lat="33.115989" lon="-111.04684">
        <ele>575.6</ele>
      </trkpt>
      <trkpt lat="33.116149" lon="-111.04653">
        <ele>574.6</ele>
      </trkpt>
      <trkpt lat="33.11613" lon="-111.04645">
        <ele>574.0</ele>
      </trkpt>
      <trkpt lat="33.11604" lon="-111.04634">
        <ele>572.2</ele>
      </trkpt>
      <trkpt lat="33.11603" lon="-111.04615">
        <ele>570.8</ele>
      </trkpt>
      <trkpt lat="33.1161" lon="-111.04604">
        <ele>571.2</ele>
      </trkpt>
      <trkpt lat="33.116079" lon="-111.04594">
        <ele>569.6</ele>
      </trkpt>
      <trkpt lat="33.115989" lon="-111.0458">
        <ele>569.6</ele>
      </trkpt>
      <trkpt lat="33.1159" lon="-111.04558">
        <ele>569.0</ele>
      </trkpt>
      <trkpt lat="33.115879" lon="-111.04546">
        <ele>568.8</ele>
      </trkpt>
      <trkpt lat="33.115969" lon="-111.04524">
        <ele>569.0</ele>
      </trkpt>
      <trkpt lat="33.116079" lon="-111.04516">
        <ele>571.4</ele>
      </trkpt>
      <trkpt lat="33.11621" lon="-111.04515">
        <ele>571.8</ele>
      </trkpt>
      <trkpt lat="33.11621" lon="-111.04497">
        <ele>575.4</ele>
      </trkpt>
      <trkpt lat="33.11612" lon="-111.04488">
        <ele>577.8</ele>
      </trkpt>
      <trkpt lat="33.115989" lon="-111.04467">
        <ele>580.6</ele>
      </trkpt>
      <trkpt lat="33.11593" lon="-111.04448">
        <ele>582.6</ele>
      </trkpt>
      <trkpt lat="33.115879" lon="-111.04417">
        <ele>584.4</ele>
      </trkpt>
      <trkpt lat="33.11587" lon="-111.04388">
        <ele>584.8</ele>
      </trkpt>
      <trkpt lat="33.11591" lon="-111.04367">
        <ele>585.8</ele>
      </trkpt>
      <trkpt lat="33.116059" lon="-111.04354">
        <ele>585.0</ele>
      </trkpt>
      <trkpt lat="33.116079" lon="-111.04343">
        <ele>586.0</ele>
      </trkpt>
      <trkpt lat="33.11612" lon="-111.04344">
        <ele>588.6</ele>
      </trkpt>
      <trkpt lat="33.11605" lon="-111.04373">
        <ele>589.4</ele>
      </trkpt>
      <trkpt lat="33.11604" lon="-111.04395">
        <ele>590.6</ele>
      </trkpt>
      <trkpt lat="33.116059" lon="-111.04395">
        <ele>593.4</ele>
      </trkpt>
      <trkpt lat="33.11612" lon="-111.04377">
        <ele>593.0</ele>
      </trkpt>
      <trkpt lat="33.11619" lon="-111.04367">
        <ele>593.0</ele>
      </trkpt>
      <trkpt lat="33.11625" lon="-111.04351">
        <ele>595.2</ele>
      </trkpt>
      <trkpt lat="33.116439" lon="-111.04332">
        <ele>597.0</ele>
      </trkpt>
      <trkpt lat="33.11657" lon="-111.04335">
        <ele>597.4</ele>
      </trkpt>
      <trkpt lat="33.11676" lon="-111.04329">
        <ele>599.4</ele>
      </trkpt>
      <trkpt lat="33.117179" lon="-111.04333">
        <ele>600.0</ele>
      </trkpt>
      <trkpt lat="33.117379" lon="-111.04324">
        <ele>599.8</ele>
      </trkpt>
      <trkpt lat="33.11741" lon="-111.0431">
        <ele>600.4</ele>
      </trkpt>
      <trkpt lat="33.117359" lon="-111.043">
        <ele>600.8</ele>
      </trkpt>
      <trkpt lat="33.11746" lon="-111.04281">
        <ele>601.2</ele>
      </trkpt>
      <trkpt lat="33.117379" lon="-111.04272">
        <ele>601.8</ele>
      </trkpt>
      <trkpt lat="33.11725" lon="-111.04269">
        <ele>602.4</ele>
      </trkpt>
      <trkpt lat="33.117199" lon="-111.04272">
        <ele>602.2</ele>
      </trkpt>
      <trkpt lat="33.11714" lon="-111.0427">
        <ele>601.0</ele>
      </trkpt>
      <trkpt lat="33.116999" lon="-111.04256">
        <ele>599.0</ele>
      </trkpt>
      <trkpt lat="33.116999" lon="-111.04239">
        <ele>598.8</ele>
      </trkpt>
      <trkpt lat="33.117109" lon="-111.04227">
        <ele>598.8</ele>
      </trkpt>
      <trkpt lat="33.11722" lon="-111.04209">
        <ele>597.8</ele>
      </trkpt>
      <trkpt lat="33.117179" lon="-111.04203">
        <ele>598.4</ele>
      </trkpt>
      <trkpt lat="33.117109" lon="-111.04204">
        <ele>600.4</ele>
      </trkpt>
      <trkpt lat="33.117019" lon="-111.04197">
        <ele>600.6</ele>
      </trkpt>
      <trkpt lat="33.116999" lon="-111.04188">
        <ele>600.0</ele>
      </trkpt>
      <trkpt lat="33.116909" lon="-111.04185">
        <ele>600.4</ele>
      </trkpt>
      <trkpt lat="33.1167" lon="-111.0415">
        <ele>600.0</ele>
      </trkpt>
      <trkpt lat="33.11666" lon="-111.04121">
        <ele>599.4</ele>
      </trkpt>
      <trkpt lat="33.11668" lon="-111.04097">
        <ele>599.4</ele>
      </trkpt>
      <trkpt lat="33.11675" lon="-111.0409">
        <ele>601.0</ele>
      </trkpt>
      <trkpt lat="33.11675" lon="-111.04081">
        <ele>601.0</ele>
      </trkpt>
      <trkpt lat="33.116709" lon="-111.04077">
        <ele>600.0</ele>
      </trkpt>
      <trkpt lat="33.11623" lon="-111.04085">
        <ele>598.2</ele>
      </trkpt>
      <trkpt lat="33.11603" lon="-111.04115">
        <ele>595.8</ele>
      </trkpt>
      <trkpt lat="33.11581" lon="-111.04126">
        <ele>592.4</ele>
      </trkpt>
      <trkpt lat="33.115769" lon="-111.04122">
        <ele>590.6</ele>
      </trkpt>
      <trkpt lat="33.115833" lon="-111.041051">
        <ele>590.2</ele>
      </trkpt>
      <trkpt lat="33.115788" lon="-111.040959">
        <ele>588.8</ele>
      </trkpt>
      <trkpt lat="33.11571" lon="-111.041102">
        <ele>587.2</ele>
      </trkpt>
      <trkpt lat="33.115456" lon="-111.04126">
        <ele>585.4</ele>
      </trkpt>
      <trkpt lat="33.115423" lon="-111.041069">
        <ele>583.8</ele>
      </trkpt>
      <trkpt lat="33.11535" lon="-111.04113">
        <ele>581.4</ele>
      </trkpt>
      <trkpt lat="33.11531" lon="-111.04128">
        <ele>580.0</ele>
      </trkpt>
      <trkpt lat="33.11519" lon="-111.04149">
        <ele>578.0</ele>
      </trkpt>
      <trkpt lat="33.115" lon="-111.04164">
        <ele>576.0</ele>
      </trkpt>
      <trkpt lat="33.11487" lon="-111.04183">
        <ele>573.8</ele>
      </trkpt>
      <trkpt lat="33.11481" lon="-111.0418">
        <ele>571.6</ele>
      </trkpt>
      <trkpt lat="33.114829" lon="-111.0416">
        <ele>570.6</ele>
      </trkpt>
      <trkpt lat="33.11478" lon="-111.04146">
        <ele>570.8</ele>
      </trkpt>
      <trkpt lat="33.11482" lon="-111.04118">
        <ele>570.2</ele>
      </trkpt>
      <trkpt lat="33.11473" lon="-111.04115">
        <ele>570.6</ele>
      </trkpt>
      <trkpt lat="33.11435" lon="-111.04124">
        <ele>570.6</ele>
      </trkpt>
      <trkpt lat="33.11416" lon="-111.0411">
        <ele>569.8</ele>
      </trkpt>
      <trkpt lat="33.11397" lon="-111.04104">
        <ele>569.0</ele>
      </trkpt>
      <trkpt lat="33.1139" lon="-111.04091">
        <ele>568.8</ele>
      </trkpt>
      <trkpt lat="33.11384" lon="-111.04043">
        <ele>567.6</ele>
      </trkpt>
      <trkpt lat="33.1139" lon="-111.03994">
        <ele>567.2</ele>
      </trkpt>
      <trkpt lat="33.113889" lon="-111.03972">
        <ele>567.8</ele>
      </trkpt>
      <trkpt lat="33.11396" lon="-111.03917">
        <ele>568.6</ele>
      </trkpt>
      <trkpt lat="33.114269" lon="-111.03885">
        <ele>569.8</ele>
      </trkpt>
      <trkpt lat="33.114579" lon="-111.03866">
        <ele>572.4</ele>
      </trkpt>
      <trkpt lat="33.11472" lon="-111.03848">
        <ele>575.4</ele>
      </trkpt>
      <trkpt lat="33.114939" lon="-111.03839">
        <ele>576.8</ele>
      </trkpt>
      <trkpt lat="33.11498" lon="-111.03833">
        <ele>577.8</ele>
      </trkpt>
      <trkpt lat="33.114759" lon="-111.03818">
        <ele>578.8</ele>
      </trkpt>
      <trkpt lat="33.1147" lon="-111.03808">
        <ele>578.8</ele>
      </trkpt>
      <trkpt lat="33.11462" lon="-111.03802">
        <ele>579.0</ele>
      </trkpt>
      <trkpt lat="33.1146" lon="-111.03783">
        <ele>579.6</ele>
      </trkpt>
      <trkpt lat="33.11462" lon="-111.03756">
        <ele>580.4</ele>
      </trkpt>
      <trkpt lat="33.114579" lon="-111.03747">
        <ele>581.6</ele>
      </trkpt>
      <trkpt lat="33.114579" lon="-111.03736">
        <ele>582.4</ele>
      </trkpt>
      <trkpt lat="33.114649" lon="-111.03721">
        <ele>582.8</ele>
      </trkpt>
      <trkpt lat="33.1146" lon="-111.03707">
        <ele>583.4</ele>
      </trkpt>
      <trkpt lat="33.11462" lon="-111.03698">
        <ele>584.6</ele>
      </trkpt>
      <trkpt lat="33.11452" lon="-111.03661">
        <ele>585.2</ele>
      </trkpt>
      <trkpt lat="33.114449" lon="-111.03656">
        <ele>586.2</ele>
      </trkpt>
      <trkpt lat="33.114559" lon="-111.03622">
        <ele>587.4</ele>
      </trkpt>
      <trkpt lat="33.11473" lon="-111.036">
        <ele>589.0</ele>
      </trkpt>
      <trkpt lat="33.1148" lon="-111.03596">
        <ele>590.4</ele>
      </trkpt>
      <trkpt lat="33.114829" lon="-111.03585">
        <ele>591.2</ele>
      </trkpt>
      <trkpt lat="33.11481" lon="-111.03575">
        <ele>591.6</ele>
      </trkpt>
      <trkpt lat="33.11461" lon="-111.03554">
        <ele>591.0</ele>
      </trkpt>
      <trkpt lat="33.11455" lon="-111.03531">
        <ele>590.2</ele>
      </trkpt>
      <trkpt lat="33.11455" lon="-111.03485">
        <ele>589.4</ele>
      </trkpt>
      <trkpt lat="33.114759" lon="-111.03447">
        <ele>589.0</ele>
      </trkpt>
      <trkpt lat="33.11473" lon="-111.03426">
        <ele>588.4</ele>
      </trkpt>
      <trkpt lat="33.11462" lon="-111.03415">
        <ele>588.2</ele>
      </trkpt>
      <trkpt lat="33.11455" lon="-111.03403">
        <ele>587.2</ele>
      </trkpt>
      <trkpt lat="33.11444" lon="-111.03347">
        <ele>583.8</ele>
      </trkpt>
      <trkpt lat="33.11441" lon="-111.03306">
        <ele>581.4</ele>
      </trkpt>
      <trkpt lat="33.11452" lon="-111.03267">
        <ele>577.8</ele>
      </trkpt>
      <trkpt lat="33.11449" lon="-111.03248">
        <ele>575.0</ele>
      </trkpt>
      <trkpt lat="33.11453" lon="-111.03224">
        <ele>573.8</ele>
      </trkpt>
      <trkpt lat="33.114669" lon="-111.03202">
        <ele>573.0</ele>
      </trkpt>
      <trkpt lat="33.11484" lon="-111.03187">
        <ele>570.8</ele>
      </trkpt>
      <trkpt lat="33.11487" lon="-111.03173">
        <ele>571.2</ele>
      </trkpt>
      <trkpt lat="33.115049" lon="-111.03146">
        <ele>570.4</ele>
      </trkpt>
      <trkpt lat="33.115139" lon="-111.03144">
        <ele>567.6</ele>
      </trkpt>
      <trkpt lat="33.115319" lon="-111.03132">
        <ele>567.0</ele>
      </trkpt>
      <trkpt lat="33.115479" lon="-111.03117">
        <ele>566.2</ele>
      </trkpt>
      <trkpt lat="33.11555" lon="-111.03128">
        <ele>564.6</ele>
      </trkpt>
      <trkpt lat="33.11567" lon="-111.03115">
        <ele>563.2</ele>
      </trkpt>
      <trkpt lat="33.11575" lon="-111.03115">
        <ele>562.8</ele>
      </trkpt>
      <trkpt lat="33.1159" lon="-111.03108">
        <ele>561.2</ele>
      </trkpt>
      <trkpt lat="33.11614" lon="-111.03087">
        <ele>560.2</ele>
      </trkpt>
      <trkpt lat="33.11613" lon="-111.03082">
        <ele>558.6</ele>
      </trkpt>
      <trkpt lat="33.11593" lon="-111.03084">
        <ele>556.8</ele>
      </trkpt>
      <trkpt lat="33.115769" lon="-111.03078">
        <ele>554.8</ele>
      </trkpt>
      <trkpt lat="33.115609" lon="-111.03063">
        <ele>553.4</ele>
      </trkpt>
      <trkpt lat="33.115519" lon="-111.03062">
        <ele>552.4</ele>
      </trkpt>
      <trkpt lat="33.11549" lon="-111.03065">
        <ele>551.0</ele>
      </trkpt>
      <trkpt lat="33.11537" lon="-111.03065">
        <ele>550.0</ele>
      </trkpt>
      <trkpt lat="33.1152" lon="-111.0305">
        <ele>549.2</ele>
      </trkpt>
      <trkpt lat="33.115229" lon="-111.03044">
        <ele>548.2</ele>
      </trkpt>
      <trkpt lat="33.115319" lon="-111.0304">
        <ele>546.8</ele>
      </trkpt>
      <trkpt lat="33.11529" lon="-111.03036">
        <ele>546.2</ele>
      </trkpt>
      <trkpt lat="33.11508" lon="-111.03032">
        <ele>545.6</ele>
      </trkpt>
      <trkpt lat="33.115049" lon="-111.03026">
        <ele>545.0</ele>
      </trkpt>
      <trkpt lat="33.11518" lon="-111.03022">
        <ele>545.0</ele>
      </trkpt>
      <trkpt lat="33.11527" lon="-111.03012">
        <ele>544.6</ele>
      </trkpt>
      <trkpt lat="33.11519" lon="-111.0296">
        <ele>545.0</ele>
      </trkpt>
      <trkpt lat="33.11489" lon="-111.02923">
        <ele>545.0</ele>
      </trkpt>
      <trkpt lat="33.114849" lon="-111.02908">
        <ele>545.0</ele>
      </trkpt>
      <trkpt lat="33.1149" lon="-111.02894">
        <ele>545.0</ele>
      </trkpt>
      <trkpt lat="33.114919" lon="-111.02873">
        <ele>545.0</ele>
      </trkpt>
      <trkpt lat="33.114849" lon="-111.02863">
        <ele>544.0</ele>
      </trkpt>
      <trkpt lat="33.114829" lon="-111.02849">
        <ele>543.4</ele>
      </trkpt>
      <trkpt lat="33.1149" lon="-111.02832">
        <ele>543.2</ele>
      </trkpt>
      <trkpt lat="33.11488" lon="-111.02816">
        <ele>541.6</ele>
      </trkpt>
      <trkpt lat="33.115" lon="-111.02774">
        <ele>540.8</ele>
      </trkpt>
      <trkpt lat="33.11493" lon="-111.02749">
        <ele>540.4</ele>
      </trkpt>
      <trkpt lat="33.114939" lon="-111.02735">
        <ele>540.6</ele>
      </trkpt>
      <trkpt lat="33.115029" lon="-111.02715">
        <ele>540.2</ele>
      </trkpt>
      <trkpt lat="33.115209" lon="-111.02699">
        <ele>541.4</ele>
      </trkpt>
      <trkpt lat="33.11525" lon="-111.02686">
        <ele>542.4</ele>
      </trkpt>
      <trkpt lat="33.11544" lon="-111.02669">
        <ele>542.4</ele>
      </trkpt>
      <trkpt lat="33.11554" lon="-111.02666">
        <ele>542.0</ele>
      </trkpt>
      <trkpt lat="33.11538" lon="-111.0263">
        <ele>542.6</ele>
      </trkpt>
      <trkpt lat="33.115409" lon="-111.02619">
        <ele>542.6</ele>
      </trkpt>
      <trkpt lat="33.11549" lon="-111.0261">
        <ele>543.0</ele>
      </trkpt>
      <trkpt lat="33.11558" lon="-111.0261">
        <ele>543.6</ele>
      </trkpt>
      <trkpt lat="33.115609" lon="-111.02603">
        <ele>544.0</ele>
      </trkpt>
      <trkpt lat="33.11556" lon="-111.02581">
        <ele>543.8</ele>
      </trkpt>
      <trkpt lat="33.11557" lon="-111.02571">
        <ele>545.2</ele>
      </trkpt>
      <trkpt lat="33.115679" lon="-111.02566">
        <ele>546.8</ele>
      </trkpt>
      <trkpt lat="33.115859" lon="-111.02564">
        <ele>548.2</ele>
      </trkpt>
      <trkpt lat="33.115879" lon="-111.02558">
        <ele>549.0</ele>
      </trkpt>
      <trkpt lat="33.11583" lon="-111.02539">
        <ele>549.2</ele>
      </trkpt>
      <trkpt lat="33.115699" lon="-111.02522">
        <ele>548.6</ele>
      </trkpt>
      <trkpt lat="33.115699" lon="-111.02512">
        <ele>549.6</ele>
      </trkpt>
      <trkpt lat="33.1159" lon="-111.02482">
        <ele>550.4</ele>
      </trkpt>
      <trkpt lat="33.115989" lon="-111.0248">
        <ele>553.2</ele>
      </trkpt>
      <trkpt lat="33.116059" lon="-111.0247">
        <ele>557.2</ele>
      </trkpt>
      <trkpt lat="33.11603" lon="-111.02458">
        <ele>558.2</ele>
      </trkpt>
      <trkpt lat="33.116149" lon="-111.0244">
        <ele>557.4</ele>
      </trkpt>
      <trkpt lat="33.116079" lon="-111.02424">
        <ele>558.8</ele>
      </trkpt>
      <trkpt lat="33.11613" lon="-111.02418">
        <ele>558.6</ele>
      </trkpt>
      <trkpt lat="33.11622" lon="-111.02416">
        <ele>556.4</ele>
      </trkpt>
      <trkpt lat="33.1163" lon="-111.02401">
        <ele>558.0</ele>
      </trkpt>
      <trkpt lat="33.11641" lon="-111.0239">
        <ele>559.8</ele>
      </trkpt>
      <trkpt lat="33.11658" lon="-111.0239">
        <ele>560.4</ele>
      </trkpt>
      <trkpt lat="33.1167" lon="-111.02381">
        <ele>561.0</ele>
      </trkpt>
      <trkpt lat="33.1167" lon="-111.02375">
        <ele>563.0</ele>
      </trkpt>
      <trkpt lat="33.116639" lon="-111.02373">
        <ele>563.8</ele>
      </trkpt>
      <trkpt lat="33.11658" lon="-111.02364">
        <ele>565.4</ele>
      </trkpt>
      <trkpt lat="33.116549" lon="-111.02353">
        <ele>567.2</ele>
      </trkpt>
      <trkpt lat="33.11648" lon="-111.02281">
        <ele>571.4</ele>
      </trkpt>
      <trkpt lat="33.11652" lon="-111.02272">
        <ele>575.6</ele>
      </trkpt>
      <trkpt lat="33.116709" lon="-111.02263">
        <ele>578.8</ele>
      </trkpt>
      <trkpt lat="33.116709" lon="-111.02257">
        <ele>580.8</ele>
      </trkpt>
      <trkpt lat="33.116619" lon="-111.02235">
        <ele>583.4</ele>
      </trkpt>
      <trkpt lat="33.116549" lon="-111.02208">
        <ele>583.8</ele>
      </trkpt>
      <trkpt lat="33.116529" lon="-111.02177">
        <ele>584.8</ele>
      </trkpt>
      <trkpt lat="33.11648" lon="-111.02169">
        <ele>585.0</ele>
      </trkpt>
      <trkpt lat="33.116419" lon="-111.02143">
        <ele>586.2</ele>
      </trkpt>
      <trkpt lat="33.11625" lon="-111.02134">
        <ele>585.2</ele>
      </trkpt>
      <trkpt lat="33.11621" lon="-111.02126">
        <ele>586.0</ele>
      </trkpt>
      <trkpt lat="33.11623" lon="-111.02091">
        <ele>585.6</ele>
      </trkpt>
      <trkpt lat="33.11637" lon="-111.02066">
        <ele>586.8</ele>
      </trkpt>
      <trkpt lat="33.116509" lon="-111.02056">
        <ele>588.4</ele>
      </trkpt>
      <trkpt lat="33.116639" lon="-111.02063">
        <ele>591.8</ele>
      </trkpt>
      <trkpt lat="33.11685" lon="-111.0206">
        <ele>592.8</ele>
      </trkpt>
      <trkpt lat="33.1169" lon="-111.02062">
        <ele>595.2</ele>
      </trkpt>
      <trkpt lat="33.11696" lon="-111.02058">
        <ele>597.2</ele>
      </trkpt>
      <trkpt lat="33.116909" lon="-111.02043">
        <ele>597.2</ele>
      </trkpt>
      <trkpt lat="33.1169" lon="-111.02031">
        <ele>597.0</ele>
      </trkpt>
      <trkpt lat="33.11696" lon="-111.02019">
        <ele>597.4</ele>
      </trkpt>
      <trkpt lat="33.11679" lon="-111.01973">
        <ele>597.2</ele>
      </trkpt>
      <trkpt lat="33.11679" lon="-111.01961">
        <ele>597.0</ele>
      </trkpt>
      <trkpt lat="33.11694" lon="-111.01944">
        <ele>598.2</ele>
      </trkpt>
      <trkpt lat="33.11707" lon="-111.01924">
        <ele>599.8</ele>
      </trkpt>
      <trkpt lat="33.11734" lon="-111.01909">
        <ele>601.2</ele>
      </trkpt>
      <trkpt lat="33.117345" lon="-111.018979">
        <ele>601.8</ele>
      </trkpt>
      <trkpt lat="33.117084" lon="-111.018924">
        <ele>603.0</ele>
      </trkpt>
      <trkpt lat="33.116977" lon="-111.018872">
        <ele>604.0</ele>
      </trkpt>
      <trkpt lat="33.116953" lon="-111.018806">
        <ele>603.8</ele>
      </trkpt>
      <trkpt lat="33.116909" lon="-111.01877">
        <ele>604.8</ele>
      </trkpt>
      <trkpt lat="33.11677" lon="-111.0188">
        <ele>605.6</ele>
      </trkpt>
      <trkpt lat="33.11667" lon="-111.01872">
        <ele>605.6</ele>
      </trkpt>
      <trkpt lat="33.11649" lon="-111.01877">
        <ele>604.4</ele>
      </trkpt>
      <trkpt lat="33.116169" lon="-111.01878">
        <ele>603.2</ele>
      </trkpt>
      <trkpt lat="33.116079" lon="-111.01873">
        <ele>601.0</ele>
      </trkpt>
      <trkpt lat="33.115727" lon="-111.018117">
        <ele>599.0</ele>
      </trkpt>
      <trkpt lat="33.115716" lon="-111.01791">
        <ele>597.0</ele>
      </trkpt>
      <trkpt lat="33.115924" lon="-111.017657">
        <ele>595.0</ele>
      </trkpt>
      <trkpt lat="33.116034" lon="-111.017304">
        <ele>594.2</ele>
      </trkpt>
      <trkpt lat="33.116259" lon="-111.01716">
        <ele>593.4</ele>
      </trkpt>
      <trkpt lat="33.116349" lon="-111.01714">
        <ele>592.8</ele>
      </trkpt>
      <trkpt lat="33.116363" lon="-111.017048">
        <ele>591.6</ele>
      </trkpt>
      <trkpt lat="33.116352" lon="-111.016829">
        <ele>591.6</ele>
      </trkpt>
      <trkpt lat="33.116262" lon="-111.016724">
        <ele>590.6</ele>
      </trkpt>
      <trkpt lat="33.116218" lon="-111.016529">
        <ele>589.8</ele>
      </trkpt>
      <trkpt lat="33.116269" lon="-111.016087">
        <ele>589.6</ele>
      </trkpt>
      <trkpt lat="33.116342" lon="-111.016035">
        <ele>590.4</ele>
      </trkpt>
      <trkpt lat="33.116442" lon="-111.01622">
        <ele>590.4</ele>
      </trkpt>
      <trkpt lat="33.116749" lon="-111.016225">
        <ele>591.4</ele>
      </trkpt>
      <trkpt lat="33.116804" lon="-111.016088">
        <ele>592.2</ele>
      </trkpt>
      <trkpt lat="33.116889" lon="-111.016087">
        <ele>592.6</ele>
      </trkpt>
      <trkpt lat="33.116947" lon="-111.016181">
        <ele>593.4</ele>
      </trkpt>
      <trkpt lat="33.116982" lon="-111.016123">
        <ele>593.4</ele>
      </trkpt>
      <trkpt lat="33.116918" lon="-111.015716">
        <ele>593.0</ele>
      </trkpt>
      <trkpt lat="33.11713" lon="-111.01534">
        <ele>592.6</ele>
      </trkpt>
      <trkpt lat="33.11705" lon="-111.01518">
        <ele>591.8</ele>
      </trkpt>
      <trkpt lat="33.11704" lon="-111.01506">
        <ele>590.0</ele>
      </trkpt>
      <trkpt lat="33.11699" lon="-111.015">
        <ele>589.2</ele>
      </trkpt>
      <trkpt lat="33.11699" lon="-111.01488">
        <ele>588.4</ele>
      </trkpt>
      <trkpt lat="33.11705" lon="-111.01475">
        <ele>588.2</ele>
      </trkpt>
      <trkpt lat="33.11715" lon="-111.01467">
        <ele>588.8</ele>
      </trkpt>
      <trkpt lat="33.11722" lon="-111.0147">
        <ele>589.4</ele>
      </trkpt>
      <trkpt lat="33.11734" lon="-111.01466">
        <ele>589.6</ele>
      </trkpt>
      <trkpt lat="33.11731" lon="-111.01453">
        <ele>589.8</ele>
      </trkpt>
      <trkpt lat="33.11732" lon="-111.01436">
        <ele>589.6</ele>
      </trkpt>
      <trkpt lat="33.1174" lon="-111.01408">
        <ele>589.0</ele>
      </trkpt>
      <trkpt lat="33.11737" lon="-111.01402">
        <ele>589.2</ele>
      </trkpt>
      <trkpt lat="33.117199" lon="-111.01407">
        <ele>589.4</ele>
      </trkpt>
      <trkpt lat="33.1169" lon="-111.0141">
        <ele>589.8</ele>
      </trkpt>
      <trkpt lat="33.116729" lon="-111.01421">
        <ele>590.4</ele>
      </trkpt>
      <trkpt lat="33.116509" lon="-111.01422">
        <ele>590.8</ele>
      </trkpt>
      <trkpt lat="33.1164" lon="-111.01418">
        <ele>590.6</ele>
      </trkpt>
      <trkpt lat="33.11634" lon="-111.01422">
        <ele>591.8</ele>
      </trkpt>
      <trkpt lat="33.11625" lon="-111.01419">
        <ele>592.6</ele>
      </trkpt>
      <trkpt lat="33.11622" lon="-111.01401">
        <ele>592.4</ele>
      </trkpt>
      <trkpt lat="33.11614" lon="-111.01396">
        <ele>592.6</ele>
      </trkpt>
      <trkpt lat="33.116079" lon="-111.01388">
        <ele>592.8</ele>
      </trkpt>
      <trkpt lat="33.116059" lon="-111.01377">
        <ele>592.2</ele>
      </trkpt>
      <trkpt lat="33.1159" lon="-111.01356">
        <ele>591.2</ele>
      </trkpt>
      <trkpt lat="33.115879" lon="-111.0134">
        <ele>591.0</ele>
      </trkpt>
      <trkpt lat="33.115949" lon="-111.01333">
        <ele>590.2</ele>
      </trkpt>
      <trkpt lat="33.115969" lon="-111.01322">
        <ele>589.6</ele>
      </trkpt>
      <trkpt lat="33.11594" lon="-111.01309">
        <ele>589.8</ele>
      </trkpt>
      <trkpt lat="33.115969" lon="-111.01298">
        <ele>589.6</ele>
      </trkpt>
      <trkpt lat="33.11602" lon="-111.01295">
        <ele>589.6</ele>
      </trkpt>
      <trkpt lat="33.11612" lon="-111.01265">
        <ele>590.0</ele>
      </trkpt>
      <trkpt lat="33.11613" lon="-111.01253">
        <ele>590.6</ele>
      </trkpt>
      <trkpt lat="33.11582" lon="-111.01239">
        <ele>590.8</ele>
      </trkpt>
      <trkpt lat="33.11587" lon="-111.01204">
        <ele>591.8</ele>
      </trkpt>
      <trkpt lat="33.115679" lon="-111.01187">
        <ele>592.2</ele>
      </trkpt>
      <trkpt lat="33.11556" lon="-111.01185">
        <ele>592.2</ele>
      </trkpt>
      <trkpt lat="33.115409" lon="-111.01189">
        <ele>592.0</ele>
      </trkpt>
      <trkpt lat="33.11526" lon="-111.01175">
        <ele>591.4</ele>
      </trkpt>
      <trkpt lat="33.115229" lon="-111.0116">
        <ele>591.0</ele>
      </trkpt>
      <trkpt lat="33.11527" lon="-111.01142">
        <ele>591.0</ele>
      </trkpt>
      <trkpt lat="33.11526" lon="-111.01132">
        <ele>591.2</ele>
      </trkpt>
      <trkpt lat="33.115209" lon="-111.01131">
        <ele>591.6</ele>
      </trkpt>
      <trkpt lat="33.115139" lon="-111.01143">
        <ele>591.4</ele>
      </trkpt>
      <trkpt lat="33.115029" lon="-111.01149">
        <ele>591.2</ele>
      </trkpt>
      <trkpt lat="33.11496" lon="-111.01163">
        <ele>590.6</ele>
      </trkpt>
      <trkpt lat="33.114669" lon="-111.01173">
        <ele>589.6</ele>
      </trkpt>
      <trkpt lat="33.11451" lon="-111.01193">
        <ele>588.0</ele>
      </trkpt>
      <trkpt lat="33.11423" lon="-111.01208">
        <ele>587.0</ele>
      </trkpt>
      <trkpt lat="33.114019" lon="-111.01174">
        <ele>585.6</ele>
      </trkpt>
      <trkpt lat="33.11385" lon="-111.01166">
        <ele>584.8</ele>
      </trkpt>
      <trkpt lat="33.11368" lon="-111.01149">
        <ele>584.4</ele>
      </trkpt>
      <trkpt lat="33.11359" lon="-111.01153">
        <ele>584.2</ele>
      </trkpt>
      <trkpt lat="33.113549" lon="-111.01144">
        <ele>583.8</ele>
      </trkpt>
      <trkpt lat="33.113549" lon="-111.0112">
        <ele>583.8</ele>
      </trkpt>
      <trkpt lat="33.1136" lon="-111.01102">
        <ele>584.0</ele>
      </trkpt>
      <trkpt lat="33.1136" lon="-111.01082">
        <ele>584.2</ele>
      </trkpt>
      <trkpt lat="33.11352" lon="-111.01077">
        <ele>584.6</ele>
      </trkpt>
      <trkpt lat="33.11334" lon="-111.01091">
        <ele>584.2</ele>
      </trkpt>
      <trkpt lat="33.11319" lon="-111.01091">
        <ele>583.4</ele>
      </trkpt>
      <trkpt lat="33.112769" lon="-111.01107">
        <ele>582.0</ele>
      </trkpt>
      <trkpt lat="33.112609" lon="-111.01106">
        <ele>580.6</ele>
      </trkpt>
      <trkpt lat="33.11244" lon="-111.01086">
        <ele>579.4</ele>
      </trkpt>
      <trkpt lat="33.11198" lon="-111.01061">
        <ele>578.8</ele>
      </trkpt>
      <trkpt lat="33.11202" lon="-111.01042">
        <ele>578.6</ele>
      </trkpt>
      <trkpt lat="33.111849" lon="-111.01018">
        <ele>578.8</ele>
      </trkpt>
      <trkpt lat="33.11173" lon="-111.00985">
        <ele>579.0</ele>
      </trkpt>
      <trkpt lat="33.111739" lon="-111.00974">
        <ele>579.2</ele>
      </trkpt>
      <trkpt lat="33.1116" lon="-111.00955">
        <ele>579.6</ele>
      </trkpt>
      <trkpt lat="33.1116" lon="-111.00944">
        <ele>579.6</ele>
      </trkpt>
      <trkpt lat="33.111669" lon="-111.00928">
        <ele>579.2</ele>
      </trkpt>
      <trkpt lat="33.111629" lon="-111.00923">
        <ele>578.8</ele>
      </trkpt>
      <trkpt lat="33.111469" lon="-111.00916">
        <ele>577.6</ele>
      </trkpt>
      <trkpt lat="33.11133" lon="-111.00918">
        <ele>576.4</ele>
      </trkpt>
      <trkpt lat="33.11079" lon="-111.00898">
        <ele>575.4</ele>
      </trkpt>
      <trkpt lat="33.110729" lon="-111.0089">
        <ele>574.2</ele>
      </trkpt>
      <trkpt lat="33.110709" lon="-111.00876">
        <ele>573.4</ele>
      </trkpt>
      <trkpt lat="33.11047" lon="-111.00852">
        <ele>573.2</ele>
      </trkpt>
      <trkpt lat="33.10984" lon="-111.00833">
        <ele>573.2</ele>
      </trkpt>
      <trkpt lat="33.109699" lon="-111.00832">
        <ele>573.0</ele>
      </trkpt>
      <trkpt lat="33.109589" lon="-111.0082">
        <ele>572.8</ele>
      </trkpt>
      <trkpt lat="33.10947" lon="-111.00814">
        <ele>572.0</ele>
      </trkpt>
      <trkpt lat="33.10917" lon="-111.00816">
        <ele>571.2</ele>
      </trkpt>
      <trkpt lat="33.109029" lon="-111.00809">
        <ele>570.2</ele>
      </trkpt>
      <trkpt lat="33.10891" lon="-111.00798">
        <ele>569.0</ele>
      </trkpt>
      <trkpt lat="33.108649" lon="-111.00789">
        <ele>568.0</ele>
      </trkpt>
      <trkpt lat="33.10842" lon="-111.00798">
        <ele>567.2</ele>
      </trkpt>
      <trkpt lat="33.10832" lon="-111.00791">
        <ele>566.0</ele>
      </trkpt>
      <trkpt lat="33.10826" lon="-111.00797">
        <ele>564.4</ele>
      </trkpt>
      <trkpt lat="33.108379" lon="-111.00829">
        <ele>563.0</ele>
      </trkpt>
      <trkpt lat="33.10835" lon="-111.00844">
        <ele>561.8</ele>
      </trkpt>
      <trkpt lat="33.10824" lon="-111.00848">
        <ele>560.0</ele>
      </trkpt>
      <trkpt lat="33.108089" lon="-111.00838">
        <ele>559.2</ele>
      </trkpt>
      <trkpt lat="33.107889" lon="-111.00838">
        <ele>558.2</ele>
      </trkpt>
      <trkpt lat="33.107799" lon="-111.00822">
        <ele>557.2</ele>
      </trkpt>
      <trkpt lat="33.1077" lon="-111.00826">
        <ele>555.4</ele>
      </trkpt>
      <trkpt lat="33.10757" lon="-111.00825">
        <ele>554.8</ele>
      </trkpt>
      <trkpt lat="33.10732" lon="-111.00806">
        <ele>553.0</ele>
      </trkpt>
      <trkpt lat="33.107239" lon="-111.00803">
        <ele>550.8</ele>
      </trkpt>
      <trkpt lat="33.10709" lon="-111.00806">
        <ele>548.0</ele>
      </trkpt>
      <trkpt lat="33.10676" lon="-111.0079">
        <ele>546.2</ele>
      </trkpt>
      <trkpt lat="33.10656" lon="-111.00743">
        <ele>543.4</ele>
      </trkpt>
      <trkpt lat="33.10661" lon="-111.00717">
        <ele>542.0</ele>
      </trkpt>
      <trkpt lat="33.10649" lon="-111.00702">
        <ele>541.4</ele>
      </trkpt>
      <trkpt lat="33.10654" lon="-111.00685">
        <ele>541.8</ele>
      </trkpt>
      <trkpt lat="33.10617" lon="-111.00667">
        <ele>542.4</ele>
      </trkpt>
      <trkpt lat="33.10617" lon="-111.00658">
        <ele>542.6</ele>
      </trkpt>
      <trkpt lat="33.10609" lon="-111.00656">
        <ele>541.8</ele>
      </trkpt>
      <trkpt lat="33.10596" lon="-111.00659">
        <ele>540.8</ele>
      </trkpt>
      <trkpt lat="33.105849" lon="-111.00656">
        <ele>539.6</ele>
      </trkpt>
      <trkpt lat="33.10578" lon="-111.00643">
        <ele>537.8</ele>
      </trkpt>
      <trkpt lat="33.1058" lon="-111.00628">
        <ele>536.8</ele>
      </trkpt>
      <trkpt lat="33.105919" lon="-111.00594">
        <ele>536.0</ele>
      </trkpt>
      <trkpt lat="33.1059" lon="-111.00585">
        <ele>536.6</ele>
      </trkpt>
      <trkpt lat="33.10617" lon="-111.00538">
        <ele>537.4</ele>
      </trkpt>
      <trkpt lat="33.106229" lon="-111.00536">
        <ele>539.4</ele>
      </trkpt>
      <trkpt lat="33.10637" lon="-111.00524">
        <ele>541.8</ele>
      </trkpt>
      <trkpt lat="33.10654" lon="-111.00515">
        <ele>543.6</ele>
      </trkpt>
      <trkpt lat="33.10654" lon="-111.00507">
        <ele>544.2</ele>
      </trkpt>
      <trkpt lat="33.10643" lon="-111.00494">
        <ele>543.4</ele>
      </trkpt>
      <trkpt lat="33.106409" lon="-111.00486">
        <ele>542.6</ele>
      </trkpt>
      <trkpt lat="33.10645" lon="-111.0048">
        <ele>542.0</ele>
      </trkpt>
      <trkpt lat="33.106409" lon="-111.00457">
        <ele>542.0</ele>
      </trkpt>
      <trkpt lat="33.10652" lon="-111.00436">
        <ele>540.0</ele>
      </trkpt>
      <trkpt lat="33.10656" lon="-111.00413">
        <ele>538.6</ele>
      </trkpt>
      <trkpt lat="33.10635" lon="-111.00348">
        <ele>536.2</ele>
      </trkpt>
      <trkpt lat="33.10629" lon="-111.00343">
        <ele>535.0</ele>
      </trkpt>
      <trkpt lat="33.106209" lon="-111.00271">
        <ele>532.6</ele>
      </trkpt>
      <trkpt lat="33.106229" lon="-111.00247">
        <ele>533.2</ele>
      </trkpt>
      <trkpt lat="33.10615" lon="-111.0023">
        <ele>533.8</ele>
      </trkpt>
      <trkpt lat="33.10608" lon="-111.00201">
        <ele>534.4</ele>
      </trkpt>
      <trkpt lat="33.1059" lon="-111.00159">
        <ele>533.8</ele>
      </trkpt>
      <trkpt lat="33.10591" lon="-111.00156">
        <ele>534.2</ele>
      </trkpt>
      <trkpt lat="33.105829" lon="-111.00136">
        <ele>534.2</ele>
      </trkpt>
      <trkpt lat="33.10573" lon="-111.00122">
        <ele>534.8</ele>
      </trkpt>
      <trkpt lat="33.105719" lon="-111.00093">
        <ele>536.4</ele>
      </trkpt>
      <trkpt lat="33.105649" lon="-111.00079">
        <ele>537.4</ele>
      </trkpt>
      <trkpt lat="33.10558" lon="-111.00046">
        <ele>538.8</ele>
      </trkpt>
      <trkpt lat="33.105449" lon="-111.00028">
        <ele>540.0</ele>
      </trkpt>
      <trkpt lat="33.105379" lon="-111.00025">
        <ele>541.6</ele>
      </trkpt>
      <trkpt lat="33.105359" lon="-111.00019">
        <ele>541.8</ele>
      </trkpt>
      <trkpt lat="33.10544" lon="-111.00009">
        <ele>542.2</ele>
      </trkpt>
      <trkpt lat="33.105269" lon="-111.00016">
        <ele>543.6</ele>
      </trkpt>
      <trkpt lat="33.1052" lon="-111.00011">
        <ele>545.6</ele>
      </trkpt>
      <trkpt lat="33.105089" lon="-110.99986">
        <ele>546.4</ele>
      </trkpt>
      <trkpt lat="33.10505" lon="-110.99962">
        <ele>548.6</ele>
      </trkpt>
      <trkpt lat="33.10496" lon="-110.99951">
        <ele>550.6</ele>
      </trkpt>
      <trkpt lat="33.10493" lon="-110.99915">
        <ele>551.4</ele>
      </trkpt>
      <trkpt lat="33.104889" lon="-110.9991">
        <ele>552.0</ele>
      </trkpt>
      <trkpt lat="33.10487" lon="-110.99897">
        <ele>554.4</ele>
      </trkpt>
      <trkpt lat="33.104979" lon="-110.99869">
        <ele>555.8</ele>
      </trkpt>
      <trkpt lat="33.10496" lon="-110.9984">
        <ele>556.6</ele>
      </trkpt>
      <trkpt lat="33.10488" lon="-110.9983">
        <ele>558.2</ele>
      </trkpt>
      <trkpt lat="33.10477" lon="-110.99822">
        <ele>559.2</ele>
      </trkpt>
      <trkpt lat="33.10479" lon="-110.99818">
        <ele>559.2</ele>
      </trkpt>
      <trkpt lat="33.104779" lon="-110.99799">
        <ele>561.2</ele>
      </trkpt>
      <trkpt lat="33.104819" lon="-110.99788">
        <ele>564.2</ele>
      </trkpt>
      <trkpt lat="33.10506" lon="-110.99807">
        <ele>566.4</ele>
      </trkpt>
      <trkpt lat="33.105249" lon="-110.99807">
        <ele>568.0</ele>
      </trkpt>
      <trkpt lat="33.105289" lon="-110.99814">
        <ele>571.0</ele>
      </trkpt>
      <trkpt lat="33.10531" lon="-110.99854">
        <ele>571.2</ele>
      </trkpt>
      <trkpt lat="33.105379" lon="-110.99888">
        <ele>571.8</ele>
      </trkpt>
      <trkpt lat="33.10544" lon="-110.99898">
        <ele>572.6</ele>
      </trkpt>
      <trkpt lat="33.10544" lon="-110.9986">
        <ele>576.8</ele>
      </trkpt>
      <trkpt lat="33.105469" lon="-110.99834">
        <ele>580.2</ele>
      </trkpt>
      <trkpt lat="33.105539" lon="-110.99811">
        <ele>584.8</ele>
      </trkpt>
      <trkpt lat="33.10551" lon="-110.99747">
        <ele>587.8</ele>
      </trkpt>
      <trkpt lat="33.105559" lon="-110.99709">
        <ele>592.6</ele>
      </trkpt>
      <trkpt lat="33.10562" lon="-110.997">
        <ele>595.6</ele>
      </trkpt>
      <trkpt lat="33.10568" lon="-110.9965">
        <ele>598.2</ele>
      </trkpt>
      <trkpt lat="33.10568" lon="-110.99628">
        <ele>600.0</ele>
      </trkpt>
      <trkpt lat="33.105559" lon="-110.99624">
        <ele>603.0</ele>
      </trkpt>
      <trkpt lat="33.10531" lon="-110.99653">
        <ele>604.6</ele>
      </trkpt>
      <trkpt lat="33.105249" lon="-110.99654">
        <ele>604.4</ele>
      </trkpt>
      <trkpt lat="33.10517" lon="-110.99644">
        <ele>604.0</ele>
      </trkpt>
      <trkpt lat="33.10495" lon="-110.99634">
        <ele>605.2</ele>
      </trkpt>
      <trkpt lat="33.10496" lon="-110.99626">
        <ele>606.8</ele>
      </trkpt>
      <trkpt lat="33.10513" lon="-110.99624">
        <ele>608.6</ele>
      </trkpt>
      <trkpt lat="33.105269" lon="-110.99617">
        <ele>612.4</ele>
      </trkpt>
      <trkpt lat="33.10564" lon="-110.99571">
        <ele>616.2</ele>
      </trkpt>
      <trkpt lat="33.105649" lon="-110.99549">
        <ele>618.8</ele>
      </trkpt>
      <trkpt lat="33.10579" lon="-110.9955">
        <ele>621.6</ele>
      </trkpt>
      <trkpt lat="33.10599" lon="-110.99569">
        <ele>624.2</ele>
      </trkpt>
      <trkpt lat="33.10615" lon="-110.99578">
        <ele>625.6</ele>
      </trkpt>
      <trkpt lat="33.106029" lon="-110.9955">
        <ele>627.6</ele>
      </trkpt>
      <trkpt lat="33.10598" lon="-110.99544">
        <ele>631.0</ele>
      </trkpt>
      <trkpt lat="33.105939" lon="-110.99532">
        <ele>632.8</ele>
      </trkpt>
      <trkpt lat="33.10581" lon="-110.99511">
        <ele>634.4</ele>
      </trkpt>
      <trkpt lat="33.1056" lon="-110.99511">
        <ele>636.4</ele>
      </trkpt>
      <trkpt lat="33.10559" lon="-110.99503">
        <ele>638.8</ele>
      </trkpt>
      <trkpt lat="33.10562" lon="-110.99491">
        <ele>640.2</ele>
      </trkpt>
      <trkpt lat="33.105739" lon="-110.99494">
        <ele>643.6</ele>
      </trkpt>
      <trkpt lat="33.10582" lon="-110.99491">
        <ele>646.0</ele>
      </trkpt>
      <trkpt lat="33.10608" lon="-110.99502">
        <ele>648.0</ele>
      </trkpt>
      <trkpt lat="33.10599" lon="-110.9949">
        <ele>649.4</ele>
      </trkpt>
      <trkpt lat="33.105849" lon="-110.9948">
        <ele>650.6</ele>
      </trkpt>
      <trkpt lat="33.1058" lon="-110.99465">
        <ele>650.4</ele>
      </trkpt>
      <trkpt lat="33.10582" lon="-110.99443">
        <ele>651.2</ele>
      </trkpt>
      <trkpt lat="33.105919" lon="-110.9943">
        <ele>653.6</ele>
      </trkpt>
      <trkpt lat="33.106009" lon="-110.99425">
        <ele>653.4</ele>
      </trkpt>
      <trkpt lat="33.10608" lon="-110.99411">
        <ele>653.0</ele>
      </trkpt>
      <trkpt lat="33.106189" lon="-110.99376">
        <ele>653.6</ele>
      </trkpt>
      <trkpt lat="33.10635" lon="-110.9936">
        <ele>653.0</ele>
      </trkpt>
      <trkpt lat="33.10643" lon="-110.99329">
        <ele>651.4</ele>
      </trkpt>
      <trkpt lat="33.10658" lon="-110.99294">
        <ele>650.8</ele>
      </trkpt>
      <trkpt lat="33.106699" lon="-110.99283">
        <ele>649.4</ele>
      </trkpt>
      <trkpt lat="33.106679" lon="-110.99242">
        <ele>648.6</ele>
      </trkpt>
      <trkpt lat="33.106789" lon="-110.99226">
        <ele>647.0</ele>
      </trkpt>
      <trkpt lat="33.10694" lon="-110.99216">
        <ele>645.4</ele>
      </trkpt>
      <trkpt lat="33.10701" lon="-110.992">
        <ele>645.4</ele>
      </trkpt>
      <trkpt lat="33.10705" lon="-110.99177">
        <ele>646.4</ele>
      </trkpt>
      <trkpt lat="33.107039" lon="-110.99168">
        <ele>645.0</ele>
      </trkpt>
      <trkpt lat="33.106969" lon="-110.99152">
        <ele>645.0</ele>
      </trkpt>
      <trkpt lat="33.10658" lon="-110.99108">
        <ele>644.0</ele>
      </trkpt>
      <trkpt lat="33.106659" lon="-110.99089">
        <ele>641.6</ele>
      </trkpt>
      <trkpt lat="33.106679" lon="-110.99065">
        <ele>639.2</ele>
      </trkpt>
      <trkpt lat="33.106589" lon="-110.9901">
        <ele>637.2</ele>
      </trkpt>
      <trkpt lat="33.10665" lon="-110.98958">
        <ele>634.6</ele>
      </trkpt>
      <trkpt lat="33.10658" lon="-110.98935">
        <ele>631.2</ele>
      </trkpt>
      <trkpt lat="33.10656" lon="-110.98915">
        <ele>628.8</ele>
      </trkpt>
      <trkpt lat="33.10663" lon="-110.98896">
        <ele>625.2</ele>
      </trkpt>
      <trkpt lat="33.106879" lon="-110.9889">
        <ele>621.6</ele>
      </trkpt>
      <trkpt lat="33.107039" lon="-110.98865">
        <ele>619.6</ele>
      </trkpt>
      <trkpt lat="33.107259" lon="-110.98856">
        <ele>618.4</ele>
      </trkpt>
      <trkpt lat="33.107349" lon="-110.98868">
        <ele>616.8</ele>
      </trkpt>
      <trkpt lat="33.107509" lon="-110.98913">
        <ele>615.2</ele>
      </trkpt>
      <trkpt lat="33.10766" lon="-110.98914">
        <ele>613.8</ele>
      </trkpt>
      <trkpt lat="33.10841" lon="-110.98835">
        <ele>611.2</ele>
      </trkpt>
      <trkpt lat="33.10862" lon="-110.98796">
        <ele>607.8</ele>
      </trkpt>
      <trkpt lat="33.10864" lon="-110.98778">
        <ele>604.4</ele>
      </trkpt>
      <trkpt lat="33.10896" lon="-110.98758">
        <ele>602.2</ele>
      </trkpt>
      <trkpt lat="33.10917" lon="-110.98761">
        <ele>601.0</ele>
      </trkpt>
      <trkpt lat="33.10925" lon="-110.98767">
        <ele>601.0</ele>
      </trkpt>
      <trkpt lat="33.10928" lon="-110.98779">
        <ele>604.0</ele>
      </trkpt>
      <trkpt lat="33.10936" lon="-110.98789">
        <ele>605.6</ele>
      </trkpt>
      <trkpt lat="33.10953" lon="-110.9878">
        <ele>607.0</ele>
      </trkpt>
      <trkpt lat="33.10954" lon="-110.98746">
        <ele>607.4</ele>
      </trkpt>
      <trkpt lat="33.109499" lon="-110.98737">
        <ele>607.4</ele>
      </trkpt>
      <trkpt lat="33.10938" lon="-110.98723">
        <ele>604.6</ele>
      </trkpt>
      <trkpt lat="33.109389" lon="-110.98677">
        <ele>602.8</ele>
      </trkpt>
      <trkpt lat="33.109319" lon="-110.98651">
        <ele>600.6</ele>
      </trkpt>
      <trkpt lat="33.10962" lon="-110.98619">
        <ele>598.6</ele>
      </trkpt>
      <trkpt lat="33.109699" lon="-110.98605">
        <ele>596.6</ele>
      </trkpt>
      <trkpt lat="33.109789" lon="-110.98601">
        <ele>596.2</ele>
      </trkpt>
      <trkpt lat="33.110059" lon="-110.98615">
        <ele>596.2</ele>
      </trkpt>
      <trkpt lat="33.110349" lon="-110.98618">
        <ele>596.6</ele>
      </trkpt>
      <trkpt lat="33.11046" lon="-110.98612">
        <ele>598.8</ele>
      </trkpt>
      <trkpt lat="33.11067" lon="-110.98607">
        <ele>601.2</ele>
      </trkpt>
      <trkpt lat="33.110999" lon="-110.98629">
        <ele>603.0</ele>
      </trkpt>
      <trkpt lat="33.111179" lon="-110.98632">
        <ele>605.2</ele>
      </trkpt>
      <trkpt lat="33.111179" lon="-110.98635">
        <ele>607.6</ele>
      </trkpt>
      <trkpt lat="33.11124" lon="-110.98632">
        <ele>608.6</ele>
      </trkpt>
      <trkpt lat="33.111289" lon="-110.98623">
        <ele>609.0</ele>
      </trkpt>
      <trkpt lat="33.11142" lon="-110.986123">
        <ele>610.2</ele>
      </trkpt>
      <trkpt lat="33.111649" lon="-110.98623">
        <ele>612.2</ele>
      </trkpt>
      <trkpt lat="33.11188" lon="-110.98621">
        <ele>614.8</ele>
      </trkpt>
      <trkpt lat="33.11247" lon="-110.98602">
        <ele>617.2</ele>
      </trkpt>
      <trkpt lat="33.112699" lon="-110.98598">
        <ele>619.6</ele>
      </trkpt>
      <trkpt lat="33.112859" lon="-110.9859">
        <ele>621.2</ele>
      </trkpt>
      <trkpt lat="33.112969" lon="-110.98572">
        <ele>622.2</ele>
      </trkpt>
      <trkpt lat="33.112879" lon="-110.98551">
        <ele>622.6</ele>
      </trkpt>
      <trkpt lat="33.112859" lon="-110.98532">
        <ele>622.6</ele>
      </trkpt>
      <trkpt lat="33.112769" lon="-110.98518">
        <ele>622.2</ele>
      </trkpt>
      <trkpt lat="33.11243" lon="-110.98517">
        <ele>621.6</ele>
      </trkpt>
      <trkpt lat="33.112119" lon="-110.98494">
        <ele>620.4</ele>
      </trkpt>
      <trkpt lat="33.111919" lon="-110.9847">
        <ele>618.2</ele>
      </trkpt>
      <trkpt lat="33.111469" lon="-110.98458">
        <ele>615.8</ele>
      </trkpt>
      <trkpt lat="33.111199" lon="-110.98443">
        <ele>613.0</ele>
      </trkpt>
      <trkpt lat="33.111179" lon="-110.9843">
        <ele>610.0</ele>
      </trkpt>
      <trkpt lat="33.11123" lon="-110.98406">
        <ele>606.8</ele>
      </trkpt>
      <trkpt lat="33.111296" lon="-110.983879">
        <ele>605.6</ele>
      </trkpt>
      <trkpt lat="33.111237" lon="-110.983829">
        <ele>602.4</ele>
      </trkpt>
      <trkpt lat="33.11106" lon="-110.98428">
        <ele>598.2</ele>
      </trkpt>
      <trkpt lat="33.110349" lon="-110.98414">
        <ele>594.0</ele>
      </trkpt>
      <trkpt lat="33.10963" lon="-110.98405">
        <ele>590.6</ele>
      </trkpt>
      <trkpt lat="33.10961" lon="-110.98395">
        <ele>585.8</ele>
      </trkpt>
      <trkpt lat="33.10974" lon="-110.98385">
        <ele>583.6</ele>
      </trkpt>
      <trkpt lat="33.11005" lon="-110.98383">
        <ele>582.8</ele>
      </trkpt>
      <trkpt lat="33.11019" lon="-110.98379">
        <ele>582.8</ele>
      </trkpt>
      <trkpt lat="33.11043" lon="-110.98358">
        <ele>582.6</ele>
      </trkpt>
      <trkpt lat="33.11058" lon="-110.98367">
        <ele>582.0</ele>
      </trkpt>
      <trkpt lat="33.110614" lon="-110.983658">
        <ele>580.2</ele>
      </trkpt>
      <trkpt lat="33.11057" lon="-110.98343">
        <ele>578.6</ele>
      </trkpt>
      <trkpt lat="33.11058" lon="-110.98294">
        <ele>576.4</ele>
      </trkpt>
      <trkpt lat="33.11068" lon="-110.98277">
        <ele>574.2</ele>
      </trkpt>
      <trkpt lat="33.11076" lon="-110.9827">
        <ele>573.0</ele>
      </trkpt>
      <trkpt lat="33.11123" lon="-110.98259">
        <ele>573.6</ele>
      </trkpt>
      <trkpt lat="33.111269" lon="-110.98245">
        <ele>573.8</ele>
      </trkpt>
      <trkpt lat="33.111199" lon="-110.98222">
        <ele>574.0</ele>
      </trkpt>
      <trkpt lat="33.11104" lon="-110.98222">
        <ele>574.0</ele>
      </trkpt>
      <trkpt lat="33.11079" lon="-110.9823">
        <ele>573.2</ele>
      </trkpt>
      <trkpt lat="33.110529" lon="-110.98234">
        <ele>571.6</ele>
      </trkpt>
      <trkpt lat="33.110439" lon="-110.98224">
        <ele>570.2</ele>
      </trkpt>
      <trkpt lat="33.11041" lon="-110.98205">
        <ele>568.6</ele>
      </trkpt>
      <trkpt lat="33.1103" lon="-110.98211">
        <ele>567.8</ele>
      </trkpt>
      <trkpt lat="33.11021" lon="-110.98207">
        <ele>567.0</ele>
      </trkpt>
      <trkpt lat="33.110169" lon="-110.98193">
        <ele>566.2</ele>
      </trkpt>
      <trkpt lat="33.110059" lon="-110.98181">
        <ele>565.2</ele>
      </trkpt>
      <trkpt lat="33.109789" lon="-110.98186">
        <ele>564.8</ele>
      </trkpt>
      <trkpt lat="33.109659" lon="-110.98201">
        <ele>563.2</ele>
      </trkpt>
      <trkpt lat="33.10947" lon="-110.98206">
        <ele>561.8</ele>
      </trkpt>
      <trkpt lat="33.109189" lon="-110.98222">
        <ele>561.0</ele>
      </trkpt>
      <trkpt lat="33.1089" lon="-110.98227">
        <ele>558.6</ele>
      </trkpt>
      <trkpt lat="33.10851" lon="-110.98244">
        <ele>555.4</ele>
      </trkpt>
      <trkpt lat="33.108289" lon="-110.98281">
        <ele>552.8</ele>
      </trkpt>
      <trkpt lat="33.10814" lon="-110.98301">
        <ele>550.8</ele>
      </trkpt>
      <trkpt lat="33.10797" lon="-110.98305">
        <ele>547.8</ele>
      </trkpt>
      <trkpt lat="33.10785" lon="-110.98295">
        <ele>546.4</ele>
      </trkpt>
      <trkpt lat="33.107599" lon="-110.98286">
        <ele>547.0</ele>
      </trkpt>
      <trkpt lat="33.107419" lon="-110.98275">
        <ele>547.2</ele>
      </trkpt>
      <trkpt lat="33.10739" lon="-110.98188">
        <ele>546.8</ele>
      </trkpt>
      <trkpt lat="33.10741" lon="-110.98112">
        <ele>546.8</ele>
      </trkpt>
      <trkpt lat="33.10737" lon="-110.98069">
        <ele>548.0</ele>
      </trkpt>
      <trkpt lat="33.10749" lon="-110.98012">
        <ele>547.8</ele>
      </trkpt>
      <trkpt lat="33.107529" lon="-110.97963">
        <ele>548.2</ele>
      </trkpt>
      <trkpt lat="33.10752" lon="-110.97934">
        <ele>549.0</ele>
      </trkpt>
      <trkpt lat="33.10746" lon="-110.97908">
        <ele>549.4</ele>
      </trkpt>
      <trkpt lat="33.107256" lon="-110.978887">
        <ele>549.2</ele>
      </trkpt>
      <trkpt lat="33.10674" lon="-110.97863">
        <ele>549.0</ele>
      </trkpt>
      <trkpt lat="33.106479" lon="-110.97827">
        <ele>549.6</ele>
      </trkpt>
      <trkpt lat="33.105829" lon="-110.97799">
        <ele>549.6</ele>
      </trkpt>
      <trkpt lat="33.105649" lon="-110.97784">
        <ele>551.4</ele>
      </trkpt>
      <trkpt lat="33.105469" lon="-110.97744">
        <ele>552.8</ele>
      </trkpt>
      <trkpt lat="33.105379" lon="-110.97689">
        <ele>553.2</ele>
      </trkpt>
      <trkpt lat="33.10526" lon="-110.97655">
        <ele>552.0</ele>
      </trkpt>
      <trkpt lat="33.10496" lon="-110.97613">
        <ele>550.8</ele>
      </trkpt>
      <trkpt lat="33.104979" lon="-110.97588">
        <ele>547.8</ele>
      </trkpt>
      <trkpt lat="33.105069" lon="-110.97572">
        <ele>544.8</ele>
      </trkpt>
      <trkpt lat="33.10535" lon="-110.97548">
        <ele>542.4</ele>
      </trkpt>
      <trkpt lat="33.10552" lon="-110.97538">
        <ele>540.4</ele>
      </trkpt>
      <trkpt lat="33.1055" lon="-110.97523">
        <ele>538.6</ele>
      </trkpt>
      <trkpt lat="33.10533" lon="-110.97502">
        <ele>539.0</ele>
      </trkpt>
      <trkpt lat="33.10494" lon="-110.97475">
        <ele>540.0</ele>
      </trkpt>
      <trkpt lat="33.10477" lon="-110.97456">
        <ele>540.6</ele>
      </trkpt>
      <trkpt lat="33.10461" lon="-110.97456">
        <ele>541.2</ele>
      </trkpt>
      <trkpt lat="33.10412" lon="-110.97469">
        <ele>542.2</ele>
      </trkpt>
      <trkpt lat="33.10394" lon="-110.97471">
        <ele>541.6</ele>
      </trkpt>
      <trkpt lat="33.10381" lon="-110.97462">
        <ele>541.6</ele>
      </trkpt>
      <trkpt lat="33.10376" lon="-110.97444">
        <ele>544.6</ele>
      </trkpt>
      <trkpt lat="33.10382" lon="-110.97432">
        <ele>547.6</ele>
      </trkpt>
      <trkpt lat="33.104965" lon="-110.974217">
        <ele>550.2</ele>
      </trkpt>
      <trkpt lat="33.10573" lon="-110.97397">
        <ele>553.0</ele>
      </trkpt>
      <trkpt lat="33.105939" lon="-110.97402">
        <ele>555.2</ele>
      </trkpt>
      <trkpt lat="33.105952" lon="-110.973951">
        <ele>555.2</ele>
      </trkpt>
      <trkpt lat="33.105874" lon="-110.97392">
        <ele>553.2</ele>
      </trkpt>
      <trkpt lat="33.104958" lon="-110.974208">
        <ele>549.6</ele>
      </trkpt>
      <trkpt lat="33.103793" lon="-110.974323">
        <ele>546.2</ele>
      </trkpt>
      <trkpt lat="33.10329" lon="-110.9744">
        <ele>543.0</ele>
      </trkpt>
      <trkpt lat="33.10222" lon="-110.97487">
        <ele>540.0</ele>
      </trkpt>
      <trkpt lat="33.10222" lon="-110.97497">
        <ele>539.2</ele>
      </trkpt>
      <trkpt lat="33.102449" lon="-110.97535">
        <ele>541.0</ele>
      </trkpt>
      <trkpt lat="33.102539" lon="-110.97566">
        <ele>544.6</ele>
      </trkpt>
      <trkpt lat="33.102449" lon="-110.97586">
        <ele>547.4</ele>
      </trkpt>
      <trkpt lat="33.102179" lon="-110.97602">
        <ele>549.4</ele>
      </trkpt>
      <trkpt lat="33.10211" lon="-110.97602">
        <ele>553.0</ele>
      </trkpt>
      <trkpt lat="33.102069" lon="-110.976142">
        <ele>555.4</ele>
      </trkpt>
      <trkpt lat="33.101985" lon="-110.975997">
        <ele>556.4</ele>
      </trkpt>
      <trkpt lat="33.101998" lon="-110.976132">
        <ele>557.8</ele>
      </trkpt>
      <trkpt lat="33.10179" lon="-110.97581">
        <ele>559.8</ele>
      </trkpt>
      <trkpt lat="33.10185" lon="-110.97571">
        <ele>560.0</ele>
      </trkpt>
      <trkpt lat="33.10174" lon="-110.97571">
        <ele>560.8</ele>
      </trkpt>
      <trkpt lat="33.10166" lon="-110.97566">
        <ele>560.6</ele>
      </trkpt>
      <trkpt lat="33.10161" lon="-110.97578">
        <ele>560.8</ele>
      </trkpt>
      <trkpt lat="33.101509" lon="-110.97578">
        <ele>561.4</ele>
      </trkpt>
      <trkpt lat="33.10157" lon="-110.97596">
        <ele>562.6</ele>
      </trkpt>
      <trkpt lat="33.10155" lon="-110.97614">
        <ele>564.6</ele>
      </trkpt>
      <trkpt lat="33.10147" lon="-110.97619">
        <ele>566.4</ele>
      </trkpt>
      <trkpt lat="33.10132" lon="-110.97621">
        <ele>568.4</ele>
      </trkpt>
      <trkpt lat="33.10114" lon="-110.97612">
        <ele>570.2</ele>
      </trkpt>
      <trkpt lat="33.10108" lon="-110.97623">
        <ele>571.8</ele>
      </trkpt>
      <trkpt lat="33.100949" lon="-110.97634">
        <ele>572.6</ele>
      </trkpt>
      <trkpt lat="33.100949" lon="-110.97661">
        <ele>574.0</ele>
      </trkpt>
      <trkpt lat="33.10099" lon="-110.97658">
        <ele>574.8</ele>
      </trkpt>
      <trkpt lat="33.101039" lon="-110.97644">
        <ele>576.4</ele>
      </trkpt>
      <trkpt lat="33.10109" lon="-110.97643">
        <ele>577.0</ele>
      </trkpt>
      <trkpt lat="33.101059" lon="-110.97667">
        <ele>577.8</ele>
      </trkpt>
      <trkpt lat="33.101129" lon="-110.97654">
        <ele>579.4</ele>
      </trkpt>
      <trkpt lat="33.1012" lon="-110.97663">
        <ele>581.2</ele>
      </trkpt>
      <trkpt lat="33.10118" lon="-110.97685">
        <ele>582.4</ele>
      </trkpt>
      <trkpt lat="33.10127" lon="-110.97696">
        <ele>584.6</ele>
      </trkpt>
      <trkpt lat="33.10132" lon="-110.97732">
        <ele>587.0</ele>
      </trkpt>
      <trkpt lat="33.101309" lon="-110.97739">
        <ele>589.2</ele>
      </trkpt>
      <trkpt lat="33.10119" lon="-110.97748">
        <ele>591.4</ele>
      </trkpt>
      <trkpt lat="33.1012" lon="-110.97768">
        <ele>593.6</ele>
      </trkpt>
      <trkpt lat="33.1013" lon="-110.97805">
        <ele>595.6</ele>
      </trkpt>
      <trkpt lat="33.10137" lon="-110.9782">
        <ele>595.4</ele>
      </trkpt>
      <trkpt lat="33.101329" lon="-110.97833">
        <ele>593.6</ele>
      </trkpt>
      <trkpt lat="33.101129" lon="-110.97834">
        <ele>590.0</ele>
      </trkpt>
      <trkpt lat="33.100949" lon="-110.97855">
        <ele>586.8</ele>
      </trkpt>
      <trkpt lat="33.100679" lon="-110.97929">
        <ele>583.4</ele>
      </trkpt>
      <trkpt lat="33.100859" lon="-110.97923">
        <ele>581.6</ele>
      </trkpt>
      <trkpt lat="33.100949" lon="-110.9793">
        <ele>579.6</ele>
      </trkpt>
      <trkpt lat="33.100969" lon="-110.97935">
        <ele>578.6</ele>
      </trkpt>
      <trkpt lat="33.100949" lon="-110.97967">
        <ele>576.6</ele>
      </trkpt>
      <trkpt lat="33.100969" lon="-110.97999">
        <ele>574.8</ele>
      </trkpt>
      <trkpt lat="33.100949" lon="-110.98026">
        <ele>573.2</ele>
      </trkpt>
      <trkpt lat="33.100969" lon="-110.98034">
        <ele>573.4</ele>
      </trkpt>
      <trkpt lat="33.101146" lon="-110.980381">
        <ele>573.2</ele>
      </trkpt>
      <trkpt lat="33.101249" lon="-110.980503">
        <ele>573.2</ele>
      </trkpt>
      <trkpt lat="33.10117" lon="-110.98058">
        <ele>573.2</ele>
      </trkpt>
      <trkpt lat="33.101089" lon="-110.98061">
        <ele>572.6</ele>
      </trkpt>
      <trkpt lat="33.101179" lon="-110.980742">
        <ele>571.4</ele>
      </trkpt>
      <trkpt lat="33.10112" lon="-110.98081">
        <ele>570.6</ele>
      </trkpt>
      <trkpt lat="33.101" lon="-110.98073">
        <ele>570.2</ele>
      </trkpt>
      <trkpt lat="33.101112" lon="-110.981015">
        <ele>569.8</ele>
      </trkpt>
      <trkpt lat="33.101021" lon="-110.981111">
        <ele>569.6</ele>
      </trkpt>
      <trkpt lat="33.100969" lon="-110.981299">
        <ele>568.4</ele>
      </trkpt>
      <trkpt lat="33.10101" lon="-110.98158">
        <ele>567.8</ele>
      </trkpt>
      <trkpt lat="33.10109" lon="-110.98169">
        <ele>567.8</ele>
      </trkpt>
      <trkpt lat="33.10109" lon="-110.98174">
        <ele>567.6</ele>
      </trkpt>
      <trkpt lat="33.101" lon="-110.98187">
        <ele>568.4</ele>
      </trkpt>
      <trkpt lat="33.10093" lon="-110.98206">
        <ele>570.0</ele>
      </trkpt>
      <trkpt lat="33.100769" lon="-110.98222">
        <ele>571.6</ele>
      </trkpt>
      <trkpt lat="33.10055" lon="-110.98226">
        <ele>572.2</ele>
      </trkpt>
      <trkpt lat="33.100397" lon="-110.98244">
        <ele>573.0</ele>
      </trkpt>
      <trkpt lat="33.100386" lon="-110.982566">
        <ele>573.2</ele>
      </trkpt>
      <trkpt lat="33.10031" lon="-110.982669">
        <ele>573.6</ele>
      </trkpt>
      <trkpt lat="33.100009" lon="-110.98255">
        <ele>575.4</ele>
      </trkpt>
      <trkpt lat="33.099933" lon="-110.98271">
        <ele>575.8</ele>
      </trkpt>
      <trkpt lat="33.09958" lon="-110.98292">
        <ele>576.4</ele>
      </trkpt>
      <trkpt lat="33.099413" lon="-110.983155">
        <ele>577.6</ele>
      </trkpt>
      <trkpt lat="33.09933" lon="-110.98312">
        <ele>578.2</ele>
      </trkpt>
      <trkpt lat="33.09923" lon="-110.98302">
        <ele>576.8</ele>
      </trkpt>
      <trkpt lat="33.099145" lon="-110.982988">
        <ele>576.6</ele>
      </trkpt>
      <trkpt lat="33.098669" lon="-110.983143">
        <ele>577.0</ele>
      </trkpt>
      <trkpt lat="33.098529" lon="-110.98327">
        <ele>577.8</ele>
      </trkpt>
      <trkpt lat="33.09839" lon="-110.98333">
        <ele>579.0</ele>
      </trkpt>
      <trkpt lat="33.09799" lon="-110.98325">
        <ele>581.0</ele>
      </trkpt>
      <trkpt lat="33.09791" lon="-110.98333">
        <ele>583.2</ele>
      </trkpt>
      <trkpt lat="33.09785" lon="-110.98334">
        <ele>584.8</ele>
      </trkpt>
      <trkpt lat="33.09776" lon="-110.98328">
        <ele>585.0</ele>
      </trkpt>
      <trkpt lat="33.097569" lon="-110.98322">
        <ele>586.0</ele>
      </trkpt>
      <trkpt lat="33.09744" lon="-110.98312">
        <ele>587.2</ele>
      </trkpt>
      <trkpt lat="33.09708" lon="-110.98304">
        <ele>588.8</ele>
      </trkpt>
      <trkpt lat="33.097026" lon="-110.983149">
        <ele>591.0</ele>
      </trkpt>
      <trkpt lat="33.096891" lon="-110.983144">
        <ele>593.4</ele>
      </trkpt>
      <trkpt lat="33.09667" lon="-110.9831">
        <ele>596.2</ele>
      </trkpt>
      <trkpt lat="33.096572" lon="-110.98299">
        <ele>598.6</ele>
      </trkpt>
      <trkpt lat="33.095886" lon="-110.983099">
        <ele>600.4</ele>
      </trkpt>
      <trkpt lat="33.095865" lon="-110.983072">
        <ele>601.2</ele>
      </trkpt>
      <trkpt lat="33.095866" lon="-110.982994">
        <ele>601.6</ele>
      </trkpt>
      <trkpt lat="33.095762" lon="-110.982919">
        <ele>600.6</ele>
      </trkpt>
      <trkpt lat="33.095751" lon="-110.982758">
        <ele>599.8</ele>
      </trkpt>
      <trkpt lat="33.095697" lon="-110.982677">
        <ele>599.4</ele>
      </trkpt>
      <trkpt lat="33.095627" lon="-110.982735">
        <ele>600.2</ele>
      </trkpt>
      <trkpt lat="33.095506" lon="-110.982723">
        <ele>602.0</ele>
      </trkpt>
      <trkpt lat="33.095373" lon="-110.98298">
        <ele>604.0</ele>
      </trkpt>
      <trkpt lat="33.095343" lon="-110.983146">
        <ele>605.6</ele>
      </trkpt>
      <trkpt lat="33.095287" lon="-110.983163">
        <ele>606.6</ele>
      </trkpt>
      <trkpt lat="33.095112" lon="-110.983002">
        <ele>606.8</ele>
      </trkpt>
      <trkpt lat="33.09508" lon="-110.982927">
        <ele>606.8</ele>
      </trkpt>
      <trkpt lat="33.095014" lon="-110.982957">
        <ele>607.0</ele>
      </trkpt>
      <trkpt lat="33.094929" lon="-110.98317">
        <ele>607.6</ele>
      </trkpt>
      <trkpt lat="33.094735" lon="-110.983244">
        <ele>609.0</ele>
      </trkpt>
      <trkpt lat="33.09469" lon="-110.983376">
        <ele>610.0</ele>
      </trkpt>
      <trkpt lat="33.094523" lon="-110.983403">
        <ele>611.6</ele>
      </trkpt>
      <trkpt lat="33.094572" lon="-110.983489">
        <ele>612.8</ele>
      </trkpt>
      <trkpt lat="33.094509" lon="-110.983593">
        <ele>614.4</ele>
      </trkpt>
      <trkpt lat="33.094425" lon="-110.983587">
        <ele>615.6</ele>
      </trkpt>
      <trkpt lat="33.094395" lon="-110.983632">
        <ele>617.8</ele>
      </trkpt>
      <trkpt lat="33.094423" lon="-110.983763">
        <ele>620.4</ele>
      </trkpt>
      <trkpt lat="33.09409" lon="-110.98372">
        <ele>623.8</ele>
      </trkpt>
      <trkpt lat="33.093781" lon="-110.983969">
        <ele>627.4</ele>
      </trkpt>
      <trkpt lat="33.093573" lon="-110.984319">
        <ele>631.4</ele>
      </trkpt>
      <trkpt lat="33.093567" lon="-110.984466">
        <ele>635.2</ele>
      </trkpt>
      <trkpt lat="33.093333" lon="-110.984686">
        <ele>637.4</ele>
      </trkpt>
      <trkpt lat="33.093305" lon="-110.984803">
        <ele>639.2</ele>
      </trkpt>
      <trkpt lat="33.093127" lon="-110.984894">
        <ele>640.6</ele>
      </trkpt>
      <trkpt lat="33.093077" lon="-110.98501">
        <ele>639.6</ele>
      </trkpt>
      <trkpt lat="33.092979" lon="-110.985036">
        <ele>638.0</ele>
      </trkpt>
      <trkpt lat="33.092843" lon="-110.98483">
        <ele>636.6</ele>
      </trkpt>
      <trkpt lat="33.092529" lon="-110.98484">
        <ele>635.2</ele>
      </trkpt>
      <trkpt lat="33.092399" lon="-110.98489">
        <ele>634.4</ele>
      </trkpt>
      <trkpt lat="33.0922" lon="-110.9849">
        <ele>636.0</ele>
      </trkpt>
      <trkpt lat="33.091712" lon="-110.985277">
        <ele>637.8</ele>
      </trkpt>
      <trkpt lat="33.091659" lon="-110.985426">
        <ele>640.0</ele>
      </trkpt>
      <trkpt lat="33.091656" lon="-110.985642">
        <ele>641.6</ele>
      </trkpt>
      <trkpt lat="33.091727" lon="-110.985759">
        <ele>641.8</ele>
      </trkpt>
      <trkpt lat="33.091665" lon="-110.98584">
        <ele>642.0</ele>
      </trkpt>
      <trkpt lat="33.091642" lon="-110.986013">
        <ele>642.4</ele>
      </trkpt>
      <trkpt lat="33.091667" lon="-110.986176">
        <ele>642.6</ele>
      </trkpt>
      <trkpt lat="33.09173" lon="-110.98629">
        <ele>643.4</ele>
      </trkpt>
      <trkpt lat="33.091859" lon="-110.98662">
        <ele>644.2</ele>
      </trkpt>
      <trkpt lat="33.091839" lon="-110.98664">
        <ele>644.8</ele>
      </trkpt>
      <trkpt lat="33.091552" lon="-110.98655">
        <ele>645.4</ele>
      </trkpt>
      <trkpt lat="33.091482" lon="-110.986607">
        <ele>646.4</ele>
      </trkpt>
      <trkpt lat="33.091448" lon="-110.986737">
        <ele>647.6</ele>
      </trkpt>
      <trkpt lat="33.091437" lon="-110.987051">
        <ele>648.8</ele>
      </trkpt>
      <trkpt lat="33.0914" lon="-110.987199">
        <ele>649.8</ele>
      </trkpt>
      <trkpt lat="33.09126" lon="-110.98732">
        <ele>651.0</ele>
      </trkpt>
      <trkpt lat="33.091299" lon="-110.98748">
        <ele>650.8</ele>
      </trkpt>
      <trkpt lat="33.09144" lon="-110.98772">
        <ele>649.8</ele>
      </trkpt>
      <trkpt lat="33.091279" lon="-110.9877">
        <ele>649.2</ele>
      </trkpt>
      <trkpt lat="33.09105" lon="-110.98787">
        <ele>649.4</ele>
      </trkpt>
      <trkpt lat="33.09103" lon="-110.988">
        <ele>648.8</ele>
      </trkpt>
      <trkpt lat="33.09106" lon="-110.98854">
        <ele>648.8</ele>
      </trkpt>
      <trkpt lat="33.090919" lon="-110.98866">
        <ele>649.6</ele>
      </trkpt>
      <trkpt lat="33.090829" lon="-110.9888">
        <ele>649.8</ele>
      </trkpt>
      <trkpt lat="33.090778" lon="-110.989264">
        <ele>649.2</ele>
      </trkpt>
      <trkpt lat="33.090629" lon="-110.98923">
        <ele>649.4</ele>
      </trkpt>
      <trkpt lat="33.09058" lon="-110.98934">
        <ele>649.2</ele>
      </trkpt>
      <trkpt lat="33.09057" lon="-110.98966">
        <ele>648.0</ele>
      </trkpt>
      <trkpt lat="33.09047" lon="-110.9897">
        <ele>647.2</ele>
      </trkpt>
      <trkpt lat="33.09031" lon="-110.9897">
        <ele>646.6</ele>
      </trkpt>
      <trkpt lat="33.09006" lon="-110.98993">
        <ele>645.4</ele>
      </trkpt>
      <trkpt lat="33.08995" lon="-110.99031">
        <ele>644.8</ele>
      </trkpt>
      <trkpt lat="33.089709" lon="-110.99055">
        <ele>645.0</ele>
      </trkpt>
      <trkpt lat="33.090449" lon="-110.99205">
        <ele>645.4</ele>
      </trkpt>
      <trkpt lat="33.0906" lon="-110.99227">
        <ele>647.4</ele>
      </trkpt>
      <trkpt lat="33.09078" lon="-110.9924">
        <ele>649.2</ele>
      </trkpt>
      <trkpt lat="33.091279" lon="-110.99257">
        <ele>651.6</ele>
      </trkpt>
      <trkpt lat="33.09151" lon="-110.9928">
        <ele>653.8</ele>
      </trkpt>
      <trkpt lat="33.09191" lon="-110.99304">
        <ele>655.2</ele>
      </trkpt>
      <trkpt lat="33.09199" lon="-110.99315">
        <ele>654.2</ele>
      </trkpt>
      <trkpt lat="33.0921" lon="-110.99344">
        <ele>653.4</ele>
      </trkpt>
      <trkpt lat="33.092329" lon="-110.99431">
        <ele>653.0</ele>
      </trkpt>
      <trkpt lat="33.09255" lon="-110.99484">
        <ele>652.2</ele>
      </trkpt>
      <trkpt lat="33.09277" lon="-110.99556">
        <ele>652.8</ele>
      </trkpt>
      <trkpt lat="33.092889" lon="-110.99578">
        <ele>653.6</ele>
      </trkpt>
      <trkpt lat="33.09302" lon="-110.99595">
        <ele>653.4</ele>
      </trkpt>
      <trkpt lat="33.0932" lon="-110.99611">
        <ele>651.6</ele>
      </trkpt>
      <trkpt lat="33.09341" lon="-110.99636">
        <ele>649.4</ele>
      </trkpt>
      <trkpt lat="33.09387" lon="-110.99705">
        <ele>645.0</ele>
      </trkpt>
      <trkpt lat="33.094189" lon="-110.99761">
        <ele>641.0</ele>
      </trkpt>
      <trkpt lat="33.09423" lon="-110.99797">
        <ele>635.6</ele>
      </trkpt>
      <trkpt lat="33.09417" lon="-110.99816">
        <ele>628.2</ele>
      </trkpt>
      <trkpt lat="33.09385" lon="-110.99887">
        <ele>620.8</ele>
      </trkpt>
      <trkpt lat="33.09338" lon="-111.0003">
        <ele>614.6</ele>
      </trkpt>
      <trkpt lat="33.09323" lon="-111.00062">
        <ele>606.8</ele>
      </trkpt>
      <trkpt lat="33.09315" lon="-111.00107">
        <ele>600.6</ele>
      </trkpt>
      <trkpt lat="33.09331" lon="-111.00202">
        <ele>596.4</ele>
      </trkpt>
      <trkpt lat="33.09338" lon="-111.00296">
        <ele>591.6</ele>
      </trkpt>
      <trkpt lat="33.093559" lon="-111.00336">
        <ele>586.6</ele>
      </trkpt>
      <trkpt lat="33.09426" lon="-111.00396">
        <ele>582.8</ele>
      </trkpt>
      <trkpt lat="33.09485" lon="-111.00463">
        <ele>579.0</ele>
      </trkpt>
      <trkpt lat="33.095219" lon="-111.00517">
        <ele>574.2</ele>
      </trkpt>
      <trkpt lat="33.09564" lon="-111.00557">
        <ele>569.4</ele>
      </trkpt>
      <trkpt lat="33.096539" lon="-111.00609">
        <ele>564.4</ele>
      </trkpt>
      <trkpt lat="33.09676" lon="-111.00635">
        <ele>558.8</ele>
      </trkpt>
      <trkpt lat="33.09676" lon="-111.00667">
        <ele>554.0</ele>
      </trkpt>
      <trkpt lat="33.096629" lon="-111.0075">
        <ele>550.6</ele>
      </trkpt>
      <trkpt lat="33.09667" lon="-111.00798">
        <ele>548.0</ele>
      </trkpt>
      <trkpt lat="33.096829" lon="-111.00851">
        <ele>546.0</ele>
      </trkpt>
      <trkpt lat="33.097119" lon="-111.00886">
        <ele>545.4</ele>
      </trkpt>
      <trkpt lat="33.097299" lon="-111.00913">
        <ele>546.2</ele>
      </trkpt>
      <trkpt lat="33.09736" lon="-111.00937">
        <ele>547.4</ele>
      </trkpt>
      <trkpt lat="33.09753" lon="-111.01088">
        <ele>549.4</ele>
      </trkpt>
      <trkpt lat="33.097459" lon="-111.01114">
        <ele>551.8</ele>
      </trkpt>
      <trkpt lat="33.09736" lon="-111.01128">
        <ele>554.8</ele>
      </trkpt>
      <trkpt lat="33.09706" lon="-111.01153">
        <ele>556.6</ele>
      </trkpt>
      <trkpt lat="33.09668" lon="-111.01178">
        <ele>559.4</ele>
      </trkpt>
      <trkpt lat="33.09649" lon="-111.01187">
        <ele>563.6</ele>
      </trkpt>
      <trkpt lat="33.09582" lon="-111.01205">
        <ele>568.0</ele>
      </trkpt>
      <trkpt lat="33.09517" lon="-111.0123">
        <ele>573.0</ele>
      </trkpt>
      <trkpt lat="33.09497" lon="-111.01229">
        <ele>578.0</ele>
      </trkpt>
      <trkpt lat="33.09405" lon="-111.01211">
        <ele>582.8</ele>
      </trkpt>
      <trkpt lat="33.093739" lon="-111.01198">
        <ele>586.2</ele>
      </trkpt>
      <trkpt lat="33.09304" lon="-111.01156">
        <ele>590.4</ele>
      </trkpt>
      <trkpt lat="33.09275" lon="-111.01149">
        <ele>593.8</ele>
      </trkpt>
      <trkpt lat="33.0923" lon="-111.01162">
        <ele>597.4</ele>
      </trkpt>
      <trkpt lat="33.09179" lon="-111.01192">
        <ele>600.8</ele>
      </trkpt>
      <trkpt lat="33.091589" lon="-111.012">
        <ele>604.2</ele>
      </trkpt>
      <trkpt lat="33.09135" lon="-111.01205">
        <ele>606.4</ele>
      </trkpt>
      <trkpt lat="33.09114" lon="-111.01205">
        <ele>608.0</ele>
      </trkpt>
      <trkpt lat="33.09044" lon="-111.01189">
        <ele>610.8</ele>
      </trkpt>
      <trkpt lat="33.090179" lon="-111.01188">
        <ele>613.0</ele>
      </trkpt>
      <trkpt lat="33.08879" lon="-111.0117">
        <ele>616.2</ele>
      </trkpt>
      <trkpt lat="33.088569" lon="-111.01174">
        <ele>619.8</ele>
      </trkpt>
      <trkpt lat="33.08807" lon="-111.01192">
        <ele>623.4</ele>
      </trkpt>
      <trkpt lat="33.087649" lon="-111.01198">
        <ele>626.0</ele>
      </trkpt>
      <trkpt lat="33.08706" lon="-111.01191">
        <ele>629.0</ele>
      </trkpt>
      <trkpt lat="33.086779" lon="-111.01192">
        <ele>633.6</ele>
      </trkpt>
      <trkpt lat="33.0863" lon="-111.01214">
        <ele>638.0</ele>
      </trkpt>
      <trkpt lat="33.08518" lon="-111.0131">
        <ele>642.6</ele>
      </trkpt>
      <trkpt lat="33.08495" lon="-111.01324">
        <ele>646.8</ele>
      </trkpt>
      <trkpt lat="33.0848" lon="-111.01329">
        <ele>651.4</ele>
      </trkpt>
      <trkpt lat="33.084159" lon="-111.01327">
        <ele>654.0</ele>
      </trkpt>
      <trkpt lat="33.08348" lon="-111.01338">
        <ele>656.6</ele>
      </trkpt>
      <trkpt lat="33.08299" lon="-111.01355">
        <ele>659.0</ele>
      </trkpt>
      <trkpt lat="33.08283" lon="-111.01354">
        <ele>661.4</ele>
      </trkpt>
      <trkpt lat="33.08254" lon="-111.01345">
        <ele>662.8</ele>
      </trkpt>
      <trkpt lat="33.082279" lon="-111.01342">
        <ele>663.6</ele>
      </trkpt>
      <trkpt lat="33.08214" lon="-111.01344">
        <ele>663.2</ele>
      </trkpt>
      <trkpt lat="33.081989" lon="-111.01353">
        <ele>663.0</ele>
      </trkpt>
      <trkpt lat="33.081899" lon="-111.01368">
        <ele>665.2</ele>
      </trkpt>
      <trkpt lat="33.08176" lon="-111.01411">
        <ele>667.6</ele>
      </trkpt>
      <trkpt lat="33.08124" lon="-111.0152">
        <ele>670.6</ele>
      </trkpt>
      <trkpt lat="33.080979" lon="-111.01556">
        <ele>675.4</ele>
      </trkpt>
      <trkpt lat="33.08066" lon="-111.01592">
        <ele>682.8</ele>
      </trkpt>
      <trkpt lat="33.08006" lon="-111.01645">
        <ele>687.8</ele>
      </trkpt>
      <trkpt lat="33.07827" lon="-111.01757">
        <ele>692.2</ele>
      </trkpt>
      <trkpt lat="33.078159" lon="-111.01767">
        <ele>696.8</ele>
      </trkpt>
      <trkpt lat="33.07803" lon="-111.01786">
        <ele>701.6</ele>
      </trkpt>
      <trkpt lat="33.077689" lon="-111.01855">
        <ele>703.8</ele>
      </trkpt>
      <trkpt lat="33.077399" lon="-111.01922">
        <ele>704.8</ele>
      </trkpt>
      <trkpt lat="33.077129" lon="-111.01976">
        <ele>706.2</ele>
      </trkpt>
      <trkpt lat="33.07716" lon="-111.01999">
        <ele>707.6</ele>
      </trkpt>
      <trkpt lat="33.07728" lon="-111.02047">
        <ele>708.4</ele>
      </trkpt>
      <trkpt lat="33.0773" lon="-111.0207">
        <ele>710.0</ele>
      </trkpt>
      <trkpt lat="33.07726" lon="-111.02094">
        <ele>712.8</ele>
      </trkpt>
      <trkpt lat="33.077039" lon="-111.02165">
        <ele>715.6</ele>
      </trkpt>
      <trkpt lat="33.0769" lon="-111.02194">
        <ele>719.0</ele>
      </trkpt>
      <trkpt lat="33.07677" lon="-111.02206">
        <ele>722.8</ele>
      </trkpt>
      <trkpt lat="33.07586" lon="-111.02263">
        <ele>725.6</ele>
      </trkpt>
      <trkpt lat="33.075539" lon="-111.02292">
        <ele>728.4</ele>
      </trkpt>
      <trkpt lat="33.0753" lon="-111.02309">
        <ele>732.2</ele>
      </trkpt>
      <trkpt lat="33.074869" lon="-111.02328">
        <ele>735.0</ele>
      </trkpt>
      <trkpt lat="33.074509" lon="-111.02358">
        <ele>737.8</ele>
      </trkpt>
      <trkpt lat="33.074129" lon="-111.02401">
        <ele>741.4</ele>
      </trkpt>
      <trkpt lat="33.073729" lon="-111.02434">
        <ele>745.4</ele>
      </trkpt>
      <trkpt lat="33.0733" lon="-111.0246">
        <ele>749.4</ele>
      </trkpt>
      <trkpt lat="33.072989" lon="-111.02487">
        <ele>754.0</ele>
      </trkpt>
      <trkpt lat="33.072429" lon="-111.02528">
        <ele>758.6</ele>
      </trkpt>
      <trkpt lat="33.07166" lon="-111.02573">
        <ele>763.4</ele>
      </trkpt>
      <trkpt lat="33.07133" lon="-111.02599">
        <ele>768.2</ele>
      </trkpt>
      <trkpt lat="33.07095" lon="-111.02646">
        <ele>773.4</ele>
      </trkpt>
      <trkpt lat="33.07023" lon="-111.02713">
        <ele>780.6</ele>
      </trkpt>
      <trkpt lat="33.06951" lon="-111.02794">
        <ele>790.6</ele>
      </trkpt>
      <trkpt lat="33.06795" lon="-111.02978">
        <ele>799.8</ele>
      </trkpt>
      <trkpt lat="33.065669" lon="-111.0324">
        <ele>809.0</ele>
      </trkpt>
      <trkpt lat="33.065489" lon="-111.03274">
        <ele>817.2</ele>
      </trkpt>
      <trkpt lat="33.06527" lon="-111.03325">
        <ele>822.2</ele>
      </trkpt>
      <trkpt lat="33.06505" lon="-111.03356">
        <ele>823.8</ele>
      </trkpt>
      <trkpt lat="33.064279" lon="-111.03433">
        <ele>825.6</ele>
      </trkpt>
      <trkpt lat="33.06394" lon="-111.03461">
        <ele>827.2</ele>
      </trkpt>
      <trkpt lat="33.06355" lon="-111.03483">
        <ele>829.0</ele>
      </trkpt>
      <trkpt lat="33.06271" lon="-111.03518">
        <ele>831.6</ele>
      </trkpt>
      <trkpt lat="33.062379" lon="-111.03539">
        <ele>834.4</ele>
      </trkpt>
      <trkpt lat="33.06168" lon="-111.03598">
        <ele>837.0</ele>
      </trkpt>
      <trkpt lat="33.061459" lon="-111.03622">
        <ele>839.2</ele>
      </trkpt>
      <trkpt lat="33.06123" lon="-111.03657">
        <ele>840.8</ele>
      </trkpt>
      <trkpt lat="33.061079" lon="-111.03672">
        <ele>841.8</ele>
      </trkpt>
      <trkpt lat="33.06092" lon="-111.03678">
        <ele>843.4</ele>
      </trkpt>
      <trkpt lat="33.060699" lon="-111.03678">
        <ele>844.8</ele>
      </trkpt>
      <trkpt lat="33.060229" lon="-111.03664">
        <ele>846.8</ele>
      </trkpt>
      <trkpt lat="33.060049" lon="-111.03663">
        <ele>848.8</ele>
      </trkpt>
      <trkpt lat="33.059849" lon="-111.03669">
        <ele>850.8</ele>
      </trkpt>
      <trkpt lat="33.059559" lon="-111.03683">
        <ele>853.0</ele>
      </trkpt>
      <trkpt lat="33.05905" lon="-111.03717">
        <ele>856.2</ele>
      </trkpt>
      <trkpt lat="33.05858" lon="-111.03742">
        <ele>859.0</ele>
      </trkpt>
      <trkpt lat="33.057879" lon="-111.03786">
        <ele>863.0</ele>
      </trkpt>
      <trkpt lat="33.05734" lon="-111.03831">
        <ele>867.0</ele>
      </trkpt>
      <trkpt lat="33.056289" lon="-111.03906">
        <ele>871.4</ele>
      </trkpt>
      <trkpt lat="33.056019" lon="-111.03931">
        <ele>874.6</ele>
      </trkpt>
      <trkpt lat="33.05585" lon="-111.03966">
        <ele>878.2</ele>
      </trkpt>
      <trkpt lat="33.055639" lon="-111.03998">
        <ele>880.8</ele>
      </trkpt>
      <trkpt lat="33.05539" lon="-111.04028">
        <ele>883.4</ele>
      </trkpt>
      <trkpt lat="33.05523" lon="-111.04054">
        <ele>885.8</ele>
      </trkpt>
      <trkpt lat="33.05492" lon="-111.04119">
        <ele>889.0</ele>
      </trkpt>
      <trkpt lat="33.05467" lon="-111.04155">
        <ele>892.6</ele>
      </trkpt>
      <trkpt lat="33.05437" lon="-111.04177">
        <ele>896.4</ele>
      </trkpt>
      <trkpt lat="33.05393" lon="-111.04193">
        <ele>900.8</ele>
      </trkpt>
      <trkpt lat="33.05352" lon="-111.04215">
        <ele>904.6</ele>
      </trkpt>
      <trkpt lat="33.05315" lon="-111.04241">
        <ele>907.8</ele>
      </trkpt>
      <trkpt lat="33.05278" lon="-111.04278">
        <ele>910.4</ele>
      </trkpt>
      <trkpt lat="33.05257" lon="-111.0429">
        <ele>913.8</ele>
      </trkpt>
      <trkpt lat="33.05219" lon="-111.04302">
        <ele>916.2</ele>
      </trkpt>
      <trkpt lat="33.051299" lon="-111.04309">
        <ele>917.6</ele>
      </trkpt>
      <trkpt lat="33.05049" lon="-111.04336">
        <ele>918.8</ele>
      </trkpt>
      <trkpt lat="33.050089" lon="-111.04354">
        <ele>921.2</ele>
      </trkpt>
      <trkpt lat="33.049619" lon="-111.04385">
        <ele>924.4</ele>
      </trkpt>
      <trkpt lat="33.04875" lon="-111.04455">
        <ele>928.0</ele>
      </trkpt>
      <trkpt lat="33.04809" lon="-111.04503">
        <ele>933.2</ele>
      </trkpt>
      <trkpt lat="33.047669" lon="-111.04529">
        <ele>938.4</ele>
      </trkpt>
      <trkpt lat="33.046169" lon="-111.04648">
        <ele>942.0</ele>
      </trkpt>
      <trkpt lat="33.045699" lon="-111.04695">
        <ele>943.6</ele>
      </trkpt>
      <trkpt lat="33.045699" lon="-111.04711">
        <ele>945.0</ele>
      </trkpt>
      <trkpt lat="33.045859" lon="-111.04749">
        <ele>945.0</ele>
      </trkpt>
      <trkpt lat="33.04602" lon="-111.04774">
        <ele>945.4</ele>
      </trkpt>
      <trkpt lat="33.0462" lon="-111.04785">
        <ele>946.2</ele>
      </trkpt>
      <trkpt lat="33.04894" lon="-111.04883">
        <ele>947.0</ele>
      </trkpt>
      <trkpt lat="33.04914" lon="-111.04899">
        <ele>947.0</ele>
      </trkpt>
      <trkpt lat="33.04928" lon="-111.04916">
        <ele>947.0</ele>
      </trkpt>
      <trkpt lat="33.04987" lon="-111.05011">
        <ele>946.6</ele>
      </trkpt>
      <trkpt lat="33.050289" lon="-111.05069">
        <ele>945.8</ele>
      </trkpt>
      <trkpt lat="33.05064" lon="-111.05126">
        <ele>944.8</ele>
      </trkpt>
      <trkpt lat="33.05118" lon="-111.052">
        <ele>944.4</ele>
      </trkpt>
      <trkpt lat="33.051789" lon="-111.0526">
        <ele>943.0</ele>
      </trkpt>
      <trkpt lat="33.052059" lon="-111.05276">
        <ele>941.6</ele>
      </trkpt>
      <trkpt lat="33.053109" lon="-111.0532">
        <ele>940.2</ele>
      </trkpt>
      <trkpt lat="33.05324" lon="-111.05337">
        <ele>938.4</ele>
      </trkpt>
      <trkpt lat="33.05325" lon="-111.05358">
        <ele>936.8</ele>
      </trkpt>
      <trkpt lat="33.053085" lon="-111.054251">
        <ele>935.8</ele>
      </trkpt>
      <trkpt lat="33.052999" lon="-111.05469">
        <ele>934.6</ele>
      </trkpt>
      <trkpt lat="33.053019" lon="-111.05547">
        <ele>933.4</ele>
      </trkpt>
      <trkpt lat="33.05285" lon="-111.05575">
        <ele>931.4</ele>
      </trkpt>
      <trkpt lat="33.05277" lon="-111.05595">
        <ele>928.8</ele>
      </trkpt>
      <trkpt lat="33.0524" lon="-111.05781">
        <ele>926.4</ele>
      </trkpt>
      <trkpt lat="33.05223" lon="-111.05811">
        <ele>924.0</ele>
      </trkpt>
      <trkpt lat="33.05202" lon="-111.05841">
        <ele>921.0</ele>
      </trkpt>
      <trkpt lat="33.05192" lon="-111.05871">
        <ele>919.0</ele>
      </trkpt>
      <trkpt lat="33.05154" lon="-111.05931">
        <ele>917.4</ele>
      </trkpt>
      <trkpt lat="33.051409" lon="-111.0596">
        <ele>915.8</ele>
      </trkpt>
      <trkpt lat="33.05118" lon="-111.061">
        <ele>913.6</ele>
      </trkpt>
      <trkpt lat="33.05109" lon="-111.0613">
        <ele>911.6</ele>
      </trkpt>
      <trkpt lat="33.051029" lon="-111.0617">
        <ele>909.0</ele>
      </trkpt>
      <trkpt lat="33.051319" lon="-111.06331">
        <ele>906.6</ele>
      </trkpt>
      <trkpt lat="33.051409" lon="-111.06424">
        <ele>904.4</ele>
      </trkpt>
      <trkpt lat="33.05134" lon="-111.06448">
        <ele>902.0</ele>
      </trkpt>
      <trkpt lat="33.05116" lon="-111.06481">
        <ele>900.0</ele>
      </trkpt>
      <trkpt lat="33.0508" lon="-111.066414">
        <ele>899.0</ele>
      </trkpt>
      <trkpt lat="33.051" lon="-111.0673">
        <ele>898.0</ele>
      </trkpt>
      <trkpt lat="33.051139" lon="-111.06746">
        <ele>896.8</ele>
      </trkpt>
      <trkpt lat="33.05117" lon="-111.06763">
        <ele>896.4</ele>
      </trkpt>
      <trkpt lat="33.05117" lon="-111.06803">
        <ele>895.8</ele>
      </trkpt>
      <trkpt lat="33.051209" lon="-111.06839">
        <ele>895.0</ele>
      </trkpt>
      <trkpt lat="33.05119" lon="-111.06858">
        <ele>893.6</ele>
      </trkpt>
      <trkpt lat="33.05136" lon="-111.06894">
        <ele>892.4</ele>
      </trkpt>
      <trkpt lat="33.051699" lon="-111.06995">
        <ele>891.4</ele>
      </trkpt>
      <trkpt lat="33.05175" lon="-111.0703">
        <ele>889.6</ele>
      </trkpt>
      <trkpt lat="33.05183" lon="-111.07058">
        <ele>887.8</ele>
      </trkpt>
      <trkpt lat="33.05199" lon="-111.07159">
        <ele>886.4</ele>
      </trkpt>
      <trkpt lat="33.052149" lon="-111.0723">
        <ele>884.2</ele>
      </trkpt>
      <trkpt lat="33.0522" lon="-111.07306">
        <ele>882.0</ele>
      </trkpt>
      <trkpt lat="33.052169" lon="-111.07422">
        <ele>880.8</ele>
      </trkpt>
      <trkpt lat="33.05214" lon="-111.07431">
        <ele>879.6</ele>
      </trkpt>
      <trkpt lat="33.05214" lon="-111.07451">
        <ele>878.6</ele>
      </trkpt>
      <trkpt lat="33.052259" lon="-111.07478">
        <ele>878.4</ele>
      </trkpt>
      <trkpt lat="33.052349" lon="-111.07489">
        <ele>878.2</ele>
      </trkpt>
      <trkpt lat="33.05246" lon="-111.07517">
        <ele>878.0</ele>
      </trkpt>
      <trkpt lat="33.052529" lon="-111.07552">
        <ele>877.8</ele>
      </trkpt>
      <trkpt lat="33.0527" lon="-111.07588">
        <ele>877.2</ele>
      </trkpt>
      <trkpt lat="33.053019" lon="-111.07618">
        <ele>876.2</ele>
      </trkpt>
      <trkpt lat="33.053179" lon="-111.07655">
        <ele>875.4</ele>
      </trkpt>
      <trkpt lat="33.05322" lon="-111.07676">
        <ele>874.4</ele>
      </trkpt>
      <trkpt lat="33.05337" lon="-111.07706">
        <ele>873.4</ele>
      </trkpt>
      <trkpt lat="33.05353" lon="-111.07725">
        <ele>872.6</ele>
      </trkpt>
      <trkpt lat="33.05399" lon="-111.07841">
        <ele>872.2</ele>
      </trkpt>
      <trkpt lat="33.054139" lon="-111.07867">
        <ele>871.4</ele>
      </trkpt>
      <trkpt lat="33.05437" lon="-111.07876">
        <ele>870.4</ele>
      </trkpt>
      <trkpt lat="33.055149" lon="-111.07935">
        <ele>869.2</ele>
      </trkpt>
      <trkpt lat="33.05538" lon="-111.07956">
        <ele>868.2</ele>
      </trkpt>
      <trkpt lat="33.055529" lon="-111.07986">
        <ele>867.0</ele>
      </trkpt>
      <trkpt lat="33.055639" lon="-111.08">
        <ele>866.0</ele>
      </trkpt>
      <trkpt lat="33.05586" lon="-111.08012">
        <ele>865.4</ele>
      </trkpt>
      <trkpt lat="33.05599" lon="-111.08038">
        <ele>864.2</ele>
      </trkpt>
      <trkpt lat="33.05598" lon="-111.08053">
        <ele>862.8</ele>
      </trkpt>
      <trkpt lat="33.056179" lon="-111.08138">
        <ele>861.6</ele>
      </trkpt>
      <trkpt lat="33.05626" lon="-111.08158">
        <ele>859.8</ele>
      </trkpt>
      <trkpt lat="33.056469" lon="-111.0818">
        <ele>858.0</ele>
      </trkpt>
      <trkpt lat="33.0568" lon="-111.08311">
        <ele>856.8</ele>
      </trkpt>
      <trkpt lat="33.05682" lon="-111.08345">
        <ele>855.8</ele>
      </trkpt>
      <trkpt lat="33.05689" lon="-111.08378">
        <ele>854.6</ele>
      </trkpt>
      <trkpt lat="33.057" lon="-111.08395">
        <ele>854.2</ele>
      </trkpt>
      <trkpt lat="33.05748" lon="-111.08447">
        <ele>854.0</ele>
      </trkpt>
      <trkpt lat="33.057699" lon="-111.08475">
        <ele>854.0</ele>
      </trkpt>
      <trkpt lat="33.057969" lon="-111.08525">
        <ele>854.0</ele>
      </trkpt>
      <trkpt lat="33.05819" lon="-111.08575">
        <ele>853.8</ele>
      </trkpt>
      <trkpt lat="33.05822" lon="-111.08622">
        <ele>853.4</ele>
      </trkpt>
      <trkpt lat="33.05819" lon="-111.08652">
        <ele>852.0</ele>
      </trkpt>
      <trkpt lat="33.05812" lon="-111.08683">
        <ele>850.8</ele>
      </trkpt>
      <trkpt lat="33.0582" lon="-111.08717">
        <ele>848.8</ele>
      </trkpt>
      <trkpt lat="33.05825" lon="-111.08754">
        <ele>846.6</ele>
      </trkpt>
      <trkpt lat="33.05823" lon="-111.08789">
        <ele>843.4</ele>
      </trkpt>
      <trkpt lat="33.058259" lon="-111.08818">
        <ele>839.4</ele>
      </trkpt>
      <trkpt lat="33.058439" lon="-111.08912">
        <ele>834.6</ele>
      </trkpt>
      <trkpt lat="33.05897" lon="-111.09069">
        <ele>830.6</ele>
      </trkpt>
      <trkpt lat="33.058709" lon="-111.09106">
        <ele>827.4</ele>
      </trkpt>
      <trkpt lat="33.05866" lon="-111.09171">
        <ele>825.0</ele>
      </trkpt>
      <trkpt lat="33.058549" lon="-111.09191">
        <ele>824.0</ele>
      </trkpt>
      <trkpt lat="33.058529" lon="-111.09219">
        <ele>823.6</ele>
      </trkpt>
      <trkpt lat="33.0587" lon="-111.09248">
        <ele>823.0</ele>
      </trkpt>
      <trkpt lat="33.05881" lon="-111.09286">
        <ele>822.6</ele>
      </trkpt>
      <trkpt lat="33.058909" lon="-111.0931">
        <ele>822.6</ele>
      </trkpt>
      <trkpt lat="33.059269" lon="-111.09366">
        <ele>822.8</ele>
      </trkpt>
      <trkpt lat="33.05925" lon="-111.0941">
        <ele>823.0</ele>
      </trkpt>
      <trkpt lat="33.059289" lon="-111.09434">
        <ele>822.4</ele>
      </trkpt>
      <trkpt lat="33.05946" lon="-111.09446">
        <ele>821.2</ele>
      </trkpt>
      <trkpt lat="33.05966" lon="-111.09451">
        <ele>819.8</ele>
      </trkpt>
      <trkpt lat="33.059849" lon="-111.09465">
        <ele>818.4</ele>
      </trkpt>
      <trkpt lat="33.06011" lon="-111.09498">
        <ele>816.8</ele>
      </trkpt>
      <trkpt lat="33.06022" lon="-111.09507">
        <ele>815.2</ele>
      </trkpt>
      <trkpt lat="33.06056" lon="-111.09521">
        <ele>813.8</ele>
      </trkpt>
      <trkpt lat="33.06086" lon="-111.09528">
        <ele>811.8</ele>
      </trkpt>
      <trkpt lat="33.060989" lon="-111.09536">
        <ele>809.4</ele>
      </trkpt>
      <trkpt lat="33.0615" lon="-111.09591">
        <ele>807.2</ele>
      </trkpt>
      <trkpt lat="33.06176" lon="-111.09624">
        <ele>805.0</ele>
      </trkpt>
      <trkpt lat="33.061839" lon="-111.0965">
        <ele>802.8</ele>
      </trkpt>
      <trkpt lat="33.061819" lon="-111.0975">
        <ele>801.2</ele>
      </trkpt>
      <trkpt lat="33.06188" lon="-111.09772">
        <ele>799.6</ele>
      </trkpt>
      <trkpt lat="33.062019" lon="-111.09802">
        <ele>797.4</ele>
      </trkpt>
      <trkpt lat="33.062309" lon="-111.09833">
        <ele>796.0</ele>
      </trkpt>
      <trkpt lat="33.06257" lon="-111.09874">
        <ele>794.0</ele>
      </trkpt>
      <trkpt lat="33.06282" lon="-111.09941">
        <ele>791.4</ele>
      </trkpt>
      <trkpt lat="33.063049" lon="-111.09975">
        <ele>788.8</ele>
      </trkpt>
      <trkpt lat="33.06373" lon="-111.10024">
        <ele>787.0</ele>
      </trkpt>
      <trkpt lat="33.0641" lon="-111.10066">
        <ele>785.6</ele>
      </trkpt>
      <trkpt lat="33.06423" lon="-111.10091">
        <ele>785.0</ele>
      </trkpt>
      <trkpt lat="33.06432" lon="-111.10123">
        <ele>785.0</ele>
      </trkpt>
      <trkpt lat="33.06434" lon="-111.10152">
        <ele>785.6</ele>
      </trkpt>
      <trkpt lat="33.06432" lon="-111.10176">
        <ele>786.2</ele>
      </trkpt>
      <trkpt lat="33.064349" lon="-111.10248">
        <ele>786.4</ele>
      </trkpt>
      <trkpt lat="33.064259" lon="-111.10306">
        <ele>786.6</ele>
      </trkpt>
      <trkpt lat="33.06423" lon="-111.10344">
        <ele>786.6</ele>
      </trkpt>
      <trkpt lat="33.064259" lon="-111.10364">
        <ele>787.0</ele>
      </trkpt>
      <trkpt lat="33.0645" lon="-111.10447">
        <ele>788.2</ele>
      </trkpt>
      <trkpt lat="33.064639" lon="-111.10544">
        <ele>788.4</ele>
      </trkpt>
      <trkpt lat="33.064549" lon="-111.10643">
        <ele>787.6</ele>
      </trkpt>
      <trkpt lat="33.06469" lon="-111.10686">
        <ele>786.6</ele>
      </trkpt>
      <trkpt lat="33.06481" lon="-111.10773">
        <ele>783.4</ele>
      </trkpt>
      <trkpt lat="33.0649" lon="-111.10795">
        <ele>778.8</ele>
      </trkpt>
      <trkpt lat="33.06562" lon="-111.10859">
        <ele>775.4</ele>
      </trkpt>
      <trkpt lat="33.065959" lon="-111.10895">
        <ele>771.6</ele>
      </trkpt>
      <trkpt lat="33.06602" lon="-111.10914">
        <ele>768.0</ele>
      </trkpt>
      <trkpt lat="33.066119" lon="-111.11053">
        <ele>766.4</ele>
      </trkpt>
      <trkpt lat="33.066229" lon="-111.11082">
        <ele>765.8</ele>
      </trkpt>
      <trkpt lat="33.06639" lon="-111.11153">
        <ele>765.6</ele>
      </trkpt>
      <trkpt lat="33.06649" lon="-111.11175">
        <ele>767.4</ele>
      </trkpt>
      <trkpt lat="33.066609" lon="-111.1119">
        <ele>769.2</ele>
      </trkpt>
      <trkpt lat="33.06684" lon="-111.11267">
        <ele>770.6</ele>
      </trkpt>
      <trkpt lat="33.067149" lon="-111.11315">
        <ele>772.0</ele>
      </trkpt>
      <trkpt lat="33.06721" lon="-111.11329">
        <ele>773.0</ele>
      </trkpt>
      <trkpt lat="33.06751" lon="-111.11378">
        <ele>773.0</ele>
      </trkpt>
      <trkpt lat="33.06771" lon="-111.11428">
        <ele>773.4</ele>
      </trkpt>
      <trkpt lat="33.067729" lon="-111.11425">
        <ele>773.6</ele>
      </trkpt>
      <trkpt lat="33.067729" lon="-111.11434">
        <ele>772.4</ele>
      </trkpt>
      <trkpt lat="33.06754" lon="-111.11462">
        <ele>770.6</ele>
      </trkpt>
      <trkpt lat="33.06739" lon="-111.11494">
        <ele>767.6</ele>
      </trkpt>
      <trkpt lat="33.06725" lon="-111.11512">
        <ele>764.2</ele>
      </trkpt>
      <trkpt lat="33.06698" lon="-111.11597">
        <ele>760.8</ele>
      </trkpt>
      <trkpt lat="33.066809" lon="-111.11628">
        <ele>758.6</ele>
      </trkpt>
      <trkpt lat="33.06649" lon="-111.11715">
        <ele>756.6</ele>
      </trkpt>
      <trkpt lat="33.06639" lon="-111.11754">
        <ele>756.0</ele>
      </trkpt>
      <trkpt lat="33.06637" lon="-111.11779">
        <ele>755.6</ele>
      </trkpt>
      <trkpt lat="33.06674" lon="-111.11899">
        <ele>753.4</ele>
      </trkpt>
      <trkpt lat="33.06687" lon="-111.1191">
        <ele>750.8</ele>
      </trkpt>
      <trkpt lat="33.06742" lon="-111.11915">
        <ele>748.6</ele>
      </trkpt>
      <trkpt lat="33.067819" lon="-111.11934">
        <ele>746.2</ele>
      </trkpt>
      <trkpt lat="33.06837" lon="-111.11976">
        <ele>744.4</ele>
      </trkpt>
      <trkpt lat="33.06853" lon="-111.12001">
        <ele>744.0</ele>
      </trkpt>
      <trkpt lat="33.0688" lon="-111.12022">
        <ele>743.4</ele>
      </trkpt>
      <trkpt lat="33.069119" lon="-111.12078">
        <ele>742.0</ele>
      </trkpt>
      <trkpt lat="33.069229" lon="-111.12106">
        <ele>740.6</ele>
      </trkpt>
      <trkpt lat="33.069319" lon="-111.1214">
        <ele>737.8</ele>
      </trkpt>
      <trkpt lat="33.06945" lon="-111.12155">
        <ele>734.2</ele>
      </trkpt>
      <trkpt lat="33.069809" lon="-111.12165">
        <ele>730.4</ele>
      </trkpt>
      <trkpt lat="33.070259" lon="-111.12184">
        <ele>727.4</ele>
      </trkpt>
      <trkpt lat="33.070549" lon="-111.12201">
        <ele>725.2</ele>
      </trkpt>
      <trkpt lat="33.07081" lon="-111.12227">
        <ele>724.0</ele>
      </trkpt>
      <trkpt lat="33.0709" lon="-111.12243">
        <ele>724.2</ele>
      </trkpt>
      <trkpt lat="33.07107" lon="-111.12259">
        <ele>725.2</ele>
      </trkpt>
      <trkpt lat="33.07115" lon="-111.12275">
        <ele>726.2</ele>
      </trkpt>
      <trkpt lat="33.071289" lon="-111.1229">
        <ele>726.6</ele>
      </trkpt>
      <trkpt lat="33.07145" lon="-111.12299">
        <ele>727.0</ele>
      </trkpt>
      <trkpt lat="33.071559" lon="-111.1231">
        <ele>726.8</ele>
      </trkpt>
      <trkpt lat="33.071669" lon="-111.12334">
        <ele>725.6</ele>
      </trkpt>
      <trkpt lat="33.07171" lon="-111.12349">
        <ele>724.0</ele>
      </trkpt>
      <trkpt lat="33.0719" lon="-111.12379">
        <ele>722.6</ele>
      </trkpt>
      <trkpt lat="33.07201" lon="-111.1239">
        <ele>720.4</ele>
      </trkpt>
      <trkpt lat="33.072159" lon="-111.12418">
        <ele>718.6</ele>
      </trkpt>
      <trkpt lat="33.07228" lon="-111.12462">
        <ele>717.2</ele>
      </trkpt>
      <trkpt lat="33.072429" lon="-111.1254">
        <ele>716.4</ele>
      </trkpt>
      <trkpt lat="33.072429" lon="-111.12559">
        <ele>715.2</ele>
      </trkpt>
      <trkpt lat="33.072249" lon="-111.12621">
        <ele>714.2</ele>
      </trkpt>
      <trkpt lat="33.072249" lon="-111.12658">
        <ele>712.8</ele>
      </trkpt>
      <trkpt lat="33.07236" lon="-111.12707">
        <ele>711.6</ele>
      </trkpt>
      <trkpt lat="33.072339" lon="-111.12732">
        <ele>710.0</ele>
      </trkpt>
      <trkpt lat="33.072049" lon="-111.12804">
        <ele>708.6</ele>
      </trkpt>
      <trkpt lat="33.07202" lon="-111.12819">
        <ele>707.2</ele>
      </trkpt>
      <trkpt lat="33.072069" lon="-111.12877">
        <ele>704.0</ele>
      </trkpt>
      <trkpt lat="33.07219" lon="-111.1289">
        <ele>701.0</ele>
      </trkpt>
      <trkpt lat="33.07258" lon="-111.12915">
        <ele>697.6</ele>
      </trkpt>
      <trkpt lat="33.072699" lon="-111.12933">
        <ele>694.0</ele>
      </trkpt>
      <trkpt lat="33.07278" lon="-111.12938">
        <ele>690.0</ele>
      </trkpt>
      <trkpt lat="33.07296" lon="-111.12964">
        <ele>687.6</ele>
      </trkpt>
      <trkpt lat="33.073099" lon="-111.12992">
        <ele>683.4</ele>
      </trkpt>
      <trkpt lat="33.07351" lon="-111.13092">
        <ele>680.4</ele>
      </trkpt>
      <trkpt lat="33.074019" lon="-111.13186">
        <ele>677.0</ele>
      </trkpt>
      <trkpt lat="33.07415" lon="-111.13202">
        <ele>674.0</ele>
      </trkpt>
      <trkpt lat="33.07455" lon="-111.13226">
        <ele>671.4</ele>
      </trkpt>
      <trkpt lat="33.074689" lon="-111.13245">
        <ele>670.6</ele>
      </trkpt>
      <trkpt lat="33.074669" lon="-111.13264">
        <ele>669.2</ele>
      </trkpt>
      <trkpt lat="33.074689" lon="-111.13276">
        <ele>667.8</ele>
      </trkpt>
      <trkpt lat="33.0748" lon="-111.13288">
        <ele>666.8</ele>
      </trkpt>
      <trkpt lat="33.075339" lon="-111.13319">
        <ele>666.0</ele>
      </trkpt>
      <trkpt lat="33.07589" lon="-111.13374">
        <ele>665.0</ele>
      </trkpt>
      <trkpt lat="33.07639" lon="-111.13418">
        <ele>663.6</ele>
      </trkpt>
      <trkpt lat="33.076549" lon="-111.13419">
        <ele>661.8</ele>
      </trkpt>
      <trkpt lat="33.076659" lon="-111.13408">
        <ele>659.8</ele>
      </trkpt>
      <trkpt lat="33.07686" lon="-111.13371">
        <ele>657.8</ele>
      </trkpt>
      <trkpt lat="33.076949" lon="-111.13361">
        <ele>655.8</ele>
      </trkpt>
      <trkpt lat="33.07725" lon="-111.13349">
        <ele>654.2</ele>
      </trkpt>
      <trkpt lat="33.07768" lon="-111.13364">
        <ele>653.6</ele>
      </trkpt>
      <trkpt lat="33.077889" lon="-111.13376">
        <ele>653.2</ele>
      </trkpt>
      <trkpt lat="33.07827" lon="-111.13391">
        <ele>653.0</ele>
      </trkpt>
      <trkpt lat="33.07837" lon="-111.13404">
        <ele>653.0</ele>
      </trkpt>
      <trkpt lat="33.07865" lon="-111.13458">
        <ele>653.2</ele>
      </trkpt>
      <trkpt lat="33.078989" lon="-111.13482">
        <ele>653.8</ele>
      </trkpt>
      <trkpt lat="33.07921" lon="-111.1349">
        <ele>654.8</ele>
      </trkpt>
      <trkpt lat="33.07932" lon="-111.13502">
        <ele>656.2</ele>
      </trkpt>
      <trkpt lat="33.07944" lon="-111.1355">
        <ele>657.4</ele>
      </trkpt>
      <trkpt lat="33.07954" lon="-111.13566">
        <ele>658.2</ele>
      </trkpt>
      <trkpt lat="33.07992" lon="-111.1359">
        <ele>658.8</ele>
      </trkpt>
      <trkpt lat="33.08019" lon="-111.13614">
        <ele>659.0</ele>
      </trkpt>
      <trkpt lat="33.0803" lon="-111.13629">
        <ele>658.8</ele>
      </trkpt>
      <trkpt lat="33.080329" lon="-111.13647">
        <ele>659.0</ele>
      </trkpt>
      <trkpt lat="33.080309" lon="-111.13688">
        <ele>659.4</ele>
      </trkpt>
      <trkpt lat="33.08044" lon="-111.13732">
        <ele>659.2</ele>
      </trkpt>
      <trkpt lat="33.08045" lon="-111.13747">
        <ele>658.8</ele>
      </trkpt>
      <trkpt lat="33.080379" lon="-111.13773">
        <ele>657.8</ele>
      </trkpt>
      <trkpt lat="33.08017" lon="-111.1381">
        <ele>656.4</ele>
      </trkpt>
      <trkpt lat="33.08009" lon="-111.13849">
        <ele>654.8</ele>
      </trkpt>
      <trkpt lat="33.08006" lon="-111.13884">
        <ele>653.4</ele>
      </trkpt>
      <trkpt lat="33.08015" lon="-111.1392">
        <ele>651.6</ele>
      </trkpt>
      <trkpt lat="33.08028" lon="-111.13956">
        <ele>649.8</ele>
      </trkpt>
      <trkpt lat="33.08028" lon="-111.13996">
        <ele>647.6</ele>
      </trkpt>
      <trkpt lat="33.0801" lon="-111.14053">
        <ele>645.4</ele>
      </trkpt>
      <trkpt lat="33.07977" lon="-111.14111">
        <ele>643.2</ele>
      </trkpt>
      <trkpt lat="33.07968" lon="-111.14138">
        <ele>641.4</ele>
      </trkpt>
      <trkpt lat="33.07974" lon="-111.14164">
        <ele>640.0</ele>
      </trkpt>
      <trkpt lat="33.079839" lon="-111.14187">
        <ele>638.4</ele>
      </trkpt>
      <trkpt lat="33.0799" lon="-111.14223">
        <ele>637.2</ele>
      </trkpt>
      <trkpt lat="33.07988" lon="-111.14284">
        <ele>634.8</ele>
      </trkpt>
      <trkpt lat="33.07999" lon="-111.14358">
        <ele>632.4</ele>
      </trkpt>
      <trkpt lat="33.08012" lon="-111.14414">
        <ele>629.0</ele>
      </trkpt>
      <trkpt lat="33.08015" lon="-111.14454">
        <ele>625.6</ele>
      </trkpt>
      <trkpt lat="33.080129" lon="-111.14577">
        <ele>621.6</ele>
      </trkpt>
      <trkpt lat="33.08008" lon="-111.1463">
        <ele>618.0</ele>
      </trkpt>
      <trkpt lat="33.08008" lon="-111.14681">
        <ele>614.4</ele>
      </trkpt>
      <trkpt lat="33.08012" lon="-111.14755">
        <ele>612.0</ele>
      </trkpt>
      <trkpt lat="33.080039" lon="-111.14793">
        <ele>610.2</ele>
      </trkpt>
      <trkpt lat="33.079839" lon="-111.14813">
        <ele>609.0</ele>
      </trkpt>
      <trkpt lat="33.079659" lon="-111.14819">
        <ele>609.0</ele>
      </trkpt>
      <trkpt lat="33.078629" lon="-111.14824">
        <ele>609.2</ele>
      </trkpt>
      <trkpt lat="33.07801" lon="-111.14837">
        <ele>609.2</ele>
      </trkpt>
      <trkpt lat="33.07781" lon="-111.14847">
        <ele>609.6</ele>
      </trkpt>
      <trkpt lat="33.07774" lon="-111.14854">
        <ele>609.8</ele>
      </trkpt>
      <trkpt lat="33.07762" lon="-111.14881">
        <ele>609.8</ele>
      </trkpt>
      <trkpt lat="33.07768" lon="-111.14924">
        <ele>609.6</ele>
      </trkpt>
      <trkpt lat="33.077979" lon="-111.15014">
        <ele>608.6</ele>
      </trkpt>
      <trkpt lat="33.07809" lon="-111.15031">
        <ele>607.4</ele>
      </trkpt>
      <trkpt lat="33.07839" lon="-111.15056">
        <ele>605.8</ele>
      </trkpt>
      <trkpt lat="33.078539" lon="-111.15073">
        <ele>603.6</ele>
      </trkpt>
      <trkpt lat="33.07871" lon="-111.15104">
        <ele>601.2</ele>
      </trkpt>
      <trkpt lat="33.078809" lon="-111.15152">
        <ele>599.8</ele>
      </trkpt>
      <trkpt lat="33.07884" lon="-111.15181">
        <ele>598.4</ele>
      </trkpt>
      <trkpt lat="33.07883" lon="-111.15198">
        <ele>596.2</ele>
      </trkpt>
      <trkpt lat="33.0786" lon="-111.15284">
        <ele>594.6</ele>
      </trkpt>
      <trkpt lat="33.077779" lon="-111.15538">
        <ele>592.2</ele>
      </trkpt>
      <trkpt lat="33.07774" lon="-111.15567">
        <ele>589.8</ele>
      </trkpt>
      <trkpt lat="33.07781" lon="-111.15642">
        <ele>586.8</ele>
      </trkpt>
      <trkpt lat="33.07782" lon="-111.15678">
        <ele>584.6</ele>
      </trkpt>
      <trkpt lat="33.077689" lon="-111.15754">
        <ele>582.4</ele>
      </trkpt>
      <trkpt lat="33.07753" lon="-111.15779">
        <ele>581.4</ele>
      </trkpt>
      <trkpt lat="33.077309" lon="-111.15787">
        <ele>581.2</ele>
      </trkpt>
      <trkpt lat="33.07668" lon="-111.15786">
        <ele>581.8</ele>
      </trkpt>
      <trkpt lat="33.076079" lon="-111.15809">
        <ele>582.8</ele>
      </trkpt>
      <trkpt lat="33.07547" lon="-111.15813">
        <ele>583.8</ele>
      </trkpt>
      <trkpt lat="33.07519" lon="-111.15823">
        <ele>584.6</ele>
      </trkpt>
      <trkpt lat="33.074979" lon="-111.15841">
        <ele>583.8</ele>
      </trkpt>
      <trkpt lat="33.07486" lon="-111.15863">
        <ele>582.6</ele>
      </trkpt>
      <trkpt lat="33.07477" lon="-111.15904">
        <ele>581.4</ele>
      </trkpt>
      <trkpt lat="33.074779" lon="-111.15929">
        <ele>579.6</ele>
      </trkpt>
      <trkpt lat="33.07489" lon="-111.15971">
        <ele>577.6</ele>
      </trkpt>
      <trkpt lat="33.07501" lon="-111.16062">
        <ele>576.4</ele>
      </trkpt>
      <trkpt lat="33.07491" lon="-111.16099">
        <ele>575.8</ele>
      </trkpt>
      <trkpt lat="33.074669" lon="-111.16122">
        <ele>575.4</ele>
      </trkpt>
      <trkpt lat="33.07341" lon="-111.16191">
        <ele>575.6</ele>
      </trkpt>
      <trkpt lat="33.07239" lon="-111.16236">
        <ele>576.4</ele>
      </trkpt>
      <trkpt lat="33.071939" lon="-111.16251">
        <ele>577.0</ele>
      </trkpt>
      <trkpt lat="33.07128" lon="-111.16264">
        <ele>577.2</ele>
      </trkpt>
      <trkpt lat="33.07125" lon="-111.16276">
        <ele>576.8</ele>
      </trkpt>
      <trkpt lat="33.071309" lon="-111.16301">
        <ele>576.2</ele>
      </trkpt>
      <trkpt lat="33.071559" lon="-111.16345">
        <ele>575.2</ele>
      </trkpt>
      <trkpt lat="33.071689" lon="-111.16362">
        <ele>574.2</ele>
      </trkpt>
      <trkpt lat="33.07186" lon="-111.16375">
        <ele>573.0</ele>
      </trkpt>
      <trkpt lat="33.07236" lon="-111.16432">
        <ele>571.4</ele>
      </trkpt>
      <trkpt lat="33.07246" lon="-111.16458">
        <ele>570.0</ele>
      </trkpt>
      <trkpt lat="33.07269" lon="-111.1658">
        <ele>568.8</ele>
      </trkpt>
      <trkpt lat="33.07276" lon="-111.16603">
        <ele>567.8</ele>
      </trkpt>
      <trkpt lat="33.07285" lon="-111.16621">
        <ele>567.0</ele>
      </trkpt>
      <trkpt lat="33.07283" lon="-111.16634">
        <ele>567.0</ele>
      </trkpt>
      <trkpt lat="33.07275" lon="-111.16645">
        <ele>567.0</ele>
      </trkpt>
      <trkpt lat="33.0728" lon="-111.16685">
        <ele>567.0</ele>
      </trkpt>
      <trkpt lat="33.072699" lon="-111.16742">
        <ele>567.0</ele>
      </trkpt>
      <trkpt lat="33.072629" lon="-111.16754">
        <ele>567.0</ele>
      </trkpt>
      <trkpt lat="33.072519" lon="-111.16757">
        <ele>567.0</ele>
      </trkpt>
      <trkpt lat="33.07239" lon="-111.16754">
        <ele>567.2</ele>
      </trkpt>
      <trkpt lat="33.07221" lon="-111.16778">
        <ele>567.2</ele>
      </trkpt>
      <trkpt lat="33.072159" lon="-111.16798">
        <ele>567.2</ele>
      </trkpt>
      <trkpt lat="33.072229" lon="-111.16833">
        <ele>566.8</ele>
      </trkpt>
      <trkpt lat="33.07248" lon="-111.16891">
        <ele>566.4</ele>
      </trkpt>
      <trkpt lat="33.07248" lon="-111.16912">
        <ele>565.6</ele>
      </trkpt>
      <trkpt lat="33.07237" lon="-111.16937">
        <ele>564.2</ele>
      </trkpt>
      <trkpt lat="33.07233" lon="-111.16954">
        <ele>564.2</ele>
      </trkpt>
      <trkpt lat="33.07233" lon="-111.17017">
        <ele>566.0</ele>
      </trkpt>
      <trkpt lat="33.07238" lon="-111.17059">
        <ele>567.8</ele>
      </trkpt>
      <trkpt lat="33.072159" lon="-111.17095">
        <ele>569.8</ele>
      </trkpt>
      <trkpt lat="33.072139" lon="-111.17111">
        <ele>572.6</ele>
      </trkpt>
      <trkpt lat="33.072159" lon="-111.1712">
        <ele>574.0</ele>
      </trkpt>
      <trkpt lat="33.07229" lon="-111.17141">
        <ele>573.6</ele>
      </trkpt>
      <trkpt lat="33.072339" lon="-111.17157">
        <ele>572.2</ele>
      </trkpt>
      <trkpt lat="33.07258" lon="-111.17184">
        <ele>570.8</ele>
      </trkpt>
      <trkpt lat="33.072699" lon="-111.1722">
        <ele>569.2</ele>
      </trkpt>
      <trkpt lat="33.072809" lon="-111.17241">
        <ele>567.2</ele>
      </trkpt>
      <trkpt lat="33.07305" lon="-111.17276">
        <ele>565.4</ele>
      </trkpt>
      <trkpt lat="33.07324" lon="-111.17287">
        <ele>564.2</ele>
      </trkpt>
      <trkpt lat="33.073349" lon="-111.17306">
        <ele>563.0</ele>
      </trkpt>
      <trkpt lat="33.07324" lon="-111.17345">
        <ele>562.0</ele>
      </trkpt>
      <trkpt lat="33.07323" lon="-111.17362">
        <ele>561.4</ele>
      </trkpt>
      <trkpt lat="33.07332" lon="-111.17402">
        <ele>560.4</ele>
      </trkpt>
      <trkpt lat="33.07332" lon="-111.17418">
        <ele>559.4</ele>
      </trkpt>
      <trkpt lat="33.07339" lon="-111.17452">
        <ele>558.2</ele>
      </trkpt>
      <trkpt lat="33.07341" lon="-111.17486">
        <ele>557.0</ele>
      </trkpt>
      <trkpt lat="33.073349" lon="-111.17508">
        <ele>555.6</ele>
      </trkpt>
      <trkpt lat="33.073369" lon="-111.17544">
        <ele>554.8</ele>
      </trkpt>
      <trkpt lat="33.073169" lon="-111.17598">
        <ele>554.2</ele>
      </trkpt>
      <trkpt lat="33.07305" lon="-111.17608">
        <ele>553.8</ele>
      </trkpt>
      <trkpt lat="33.073059" lon="-111.17622">
        <ele>552.6</ele>
      </trkpt>
      <trkpt lat="33.07314" lon="-111.17649">
        <ele>551.4</ele>
      </trkpt>
      <trkpt lat="33.07312" lon="-111.17694">
        <ele>550.2</ele>
      </trkpt>
      <trkpt lat="33.07304" lon="-111.17712">
        <ele>549.0</ele>
      </trkpt>
      <trkpt lat="33.073059" lon="-111.17711">
        <ele>547.8</ele>
      </trkpt>
      <trkpt lat="33.0733" lon="-111.17746">
        <ele>547.6</ele>
      </trkpt>
      <trkpt lat="33.07323" lon="-111.17774">
        <ele>547.0</ele>
      </trkpt>
      <trkpt lat="33.07313" lon="-111.17799">
        <ele>546.2</ele>
      </trkpt>
      <trkpt lat="33.07348" lon="-111.17845">
        <ele>545.4</ele>
      </trkpt>
      <trkpt lat="33.073569" lon="-111.17872">
        <ele>544.6</ele>
      </trkpt>
      <trkpt lat="33.073819" lon="-111.17924">
        <ele>543.6</ele>
      </trkpt>
      <trkpt lat="33.073929" lon="-111.1794">
        <ele>543.2</ele>
      </trkpt>
      <trkpt lat="33.07399" lon="-111.17965">
        <ele>542.8</ele>
      </trkpt>
      <trkpt lat="33.074379" lon="-111.18009">
        <ele>542.0</ele>
      </trkpt>
      <trkpt lat="33.07481" lon="-111.18098">
        <ele>540.8</ele>
      </trkpt>
      <trkpt lat="33.0752" lon="-111.1816">
        <ele>539.2</ele>
      </trkpt>
      <trkpt lat="33.075429" lon="-111.18188">
        <ele>537.2</ele>
      </trkpt>
      <trkpt lat="33.07623" lon="-111.18269">
        <ele>535.4</ele>
      </trkpt>
      <trkpt lat="33.07652" lon="-111.18309">
        <ele>534.2</ele>
      </trkpt>
      <trkpt lat="33.076639" lon="-111.18341">
        <ele>533.4</ele>
      </trkpt>
      <trkpt lat="33.076729" lon="-111.18352">
        <ele>533.2</ele>
      </trkpt>
      <trkpt lat="33.0768" lon="-111.18367">
        <ele>533.6</ele>
      </trkpt>
      <trkpt lat="33.07679" lon="-111.18387">
        <ele>534.2</ele>
      </trkpt>
      <trkpt lat="33.076749" lon="-111.18392">
        <ele>534.2</ele>
      </trkpt>
      <trkpt lat="33.076929" lon="-111.18411">
        <ele>534.0</ele>
      </trkpt>
      <trkpt lat="33.07725" lon="-111.18409">
        <ele>533.2</ele>
      </trkpt>
      <trkpt lat="33.077309" lon="-111.18406">
        <ele>531.8</ele>
      </trkpt>
      <trkpt lat="33.07762" lon="-111.18403">
        <ele>530.2</ele>
      </trkpt>
      <trkpt lat="33.07943" lon="-111.18482">
        <ele>529.4</ele>
      </trkpt>
      <trkpt lat="33.07945" lon="-111.18485">
        <ele>529.0</ele>
      </trkpt>
      <trkpt lat="33.07943" lon="-111.18496">
        <ele>527.8</ele>
      </trkpt>
      <trkpt lat="33.079459" lon="-111.18532">
        <ele>527.0</ele>
      </trkpt>
      <trkpt lat="33.07931" lon="-111.18614">
        <ele>526.2</ele>
      </trkpt>
      <trkpt lat="33.07931" lon="-111.18626">
        <ele>525.2</ele>
      </trkpt>
      <trkpt lat="33.07941" lon="-111.18632">
        <ele>524.2</ele>
      </trkpt>
      <trkpt lat="33.079549" lon="-111.1863">
        <ele>524.8</ele>
      </trkpt>
      <trkpt lat="33.079659" lon="-111.18651">
        <ele>525.6</ele>
      </trkpt>
      <trkpt lat="33.07959" lon="-111.18671">
        <ele>526.8</ele>
      </trkpt>
      <trkpt lat="33.079659" lon="-111.18685">
        <ele>528.4</ele>
      </trkpt>
      <trkpt lat="33.079949" lon="-111.18704">
        <ele>530.2</ele>
      </trkpt>
      <trkpt lat="33.080109" lon="-111.18746">
        <ele>531.8</ele>
      </trkpt>
      <trkpt lat="33.0801" lon="-111.18789">
        <ele>533.4</ele>
      </trkpt>
      <trkpt lat="33.079929" lon="-111.1883">
        <ele>534.6</ele>
      </trkpt>
      <trkpt lat="33.079749" lon="-111.18854">
        <ele>535.4</ele>
      </trkpt>
      <trkpt lat="33.07945" lon="-111.18881">
        <ele>536.6</ele>
      </trkpt>
      <trkpt lat="33.07942" lon="-111.18891">
        <ele>538.4</ele>
      </trkpt>
      <trkpt lat="33.07941" lon="-111.18946">
        <ele>540.4</ele>
      </trkpt>
      <trkpt lat="33.079169" lon="-111.19005">
        <ele>542.4</ele>
      </trkpt>
      <trkpt lat="33.07906" lon="-111.19024">
        <ele>545.4</ele>
      </trkpt>
      <trkpt lat="33.07887" lon="-111.19074">
        <ele>548.0</ele>
      </trkpt>
      <trkpt lat="33.078519" lon="-111.19138">
        <ele>549.8</ele>
      </trkpt>
      <trkpt lat="33.078449" lon="-111.19157">
        <ele>551.6</ele>
      </trkpt>
      <trkpt lat="33.07837" lon="-111.19165">
        <ele>553.8</ele>
      </trkpt>
      <trkpt lat="33.07818" lon="-111.19204">
        <ele>555.2</ele>
      </trkpt>
      <trkpt lat="33.078122" lon="-111.192547">
        <ele>556.6</ele>
      </trkpt>
      <trkpt lat="33.078009" lon="-111.192816">
        <ele>558.4</ele>
      </trkpt>
      <trkpt lat="33.077975" lon="-111.193166">
        <ele>559.8</ele>
      </trkpt>
      <trkpt lat="33.077762" lon="-111.19343">
        <ele>561.4</ele>
      </trkpt>
      <trkpt lat="33.077579" lon="-111.1935">
        <ele>562.8</ele>
      </trkpt>
      <trkpt lat="33.077039" lon="-111.19362">
        <ele>564.2</ele>
      </trkpt>
      <trkpt lat="33.07701" lon="-111.19359">
        <ele>565.6</ele>
      </trkpt>
      <trkpt lat="33.07652" lon="-111.19364">
        <ele>567.8</ele>
      </trkpt>
      <trkpt lat="33.07636" lon="-111.19371">
        <ele>569.6</ele>
      </trkpt>
      <trkpt lat="33.07605" lon="-111.19392">
        <ele>572.4</ele>
      </trkpt>
      <trkpt lat="33.0758" lon="-111.19444">
        <ele>575.0</ele>
      </trkpt>
      <trkpt lat="33.075249" lon="-111.19508">
        <ele>577.2</ele>
      </trkpt>
      <trkpt lat="33.07503" lon="-111.19541">
        <ele>578.8</ele>
      </trkpt>
      <trkpt lat="33.074979" lon="-111.19543">
        <ele>580.0</ele>
      </trkpt>
      <trkpt lat="33.074489" lon="-111.19595">
        <ele>579.8</ele>
      </trkpt>
      <trkpt lat="33.074309" lon="-111.19609">
        <ele>578.6</ele>
      </trkpt>
      <trkpt lat="33.07417" lon="-111.19627">
        <ele>576.8</ele>
      </trkpt>
      <trkpt lat="33.074109" lon="-111.19649">
        <ele>572.8</ele>
      </trkpt>
      <trkpt lat="33.07408" lon="-111.1968">
        <ele>568.6</ele>
      </trkpt>
      <trkpt lat="33.073839" lon="-111.19774">
        <ele>563.8</ele>
      </trkpt>
      <trkpt lat="33.07379" lon="-111.19831">
        <ele>559.6</ele>
      </trkpt>
      <trkpt lat="33.07379" lon="-111.19876">
        <ele>555.4</ele>
      </trkpt>
      <trkpt lat="33.07392" lon="-111.19905">
        <ele>553.2</ele>
      </trkpt>
      <trkpt lat="33.07433" lon="-111.19957">
        <ele>551.2</ele>
      </trkpt>
      <trkpt lat="33.07457" lon="-111.20031">
        <ele>549.2</ele>
      </trkpt>
      <trkpt lat="33.07465" lon="-111.20046">
        <ele>547.2</ele>
      </trkpt>
      <trkpt lat="33.074759" lon="-111.20117">
        <ele>545.8</ele>
      </trkpt>
      <trkpt lat="33.07483" lon="-111.2014">
        <ele>544.4</ele>
      </trkpt>
      <trkpt lat="33.074869" lon="-111.20172">
        <ele>543.4</ele>
      </trkpt>
      <trkpt lat="33.07486" lon="-111.20187">
        <ele>542.8</ele>
      </trkpt>
      <trkpt lat="33.07444" lon="-111.20268">
        <ele>541.6</ele>
      </trkpt>
      <trkpt lat="33.074309" lon="-111.20322">
        <ele>540.0</ele>
      </trkpt>
      <trkpt lat="33.07443" lon="-111.203559">
        <ele>538.2</ele>
      </trkpt>
      <trkpt lat="33.07455" lon="-111.20378">
        <ele>535.6</ele>
      </trkpt>
      <trkpt lat="33.074843" lon="-111.20383">
        <ele>533.4</ele>
      </trkpt>
      <trkpt lat="33.07528" lon="-111.204495">
        <ele>531.6</ele>
      </trkpt>
      <trkpt lat="33.075499" lon="-111.20465">
        <ele>529.6</ele>
      </trkpt>
      <trkpt lat="33.075826" lon="-111.204663">
        <ele>527.8</ele>
      </trkpt>
      <trkpt lat="33.07604" lon="-111.20482">
        <ele>527.0</ele>
      </trkpt>
      <trkpt lat="33.076259" lon="-111.20488">
        <ele>525.8</ele>
      </trkpt>
      <trkpt lat="33.076735" lon="-111.20461">
        <ele>524.6</ele>
      </trkpt>
      <trkpt lat="33.076818" lon="-111.204726">
        <ele>523.0</ele>
      </trkpt>
      <trkpt lat="33.076848" lon="-111.20495">
        <ele>521.0</ele>
      </trkpt>
      <trkpt lat="33.077015" lon="-111.204989">
        <ele>518.4</ele>
      </trkpt>
      <trkpt lat="33.077939" lon="-111.205035">
        <ele>515.8</ele>
      </trkpt>
      <trkpt lat="33.078162" lon="-111.205206">
        <ele>513.4</ele>
      </trkpt>
      <trkpt lat="33.07849" lon="-111.20555">
        <ele>511.6</ele>
      </trkpt>
      <trkpt lat="33.07895" lon="-111.20572">
        <ele>510.2</ele>
      </trkpt>
      <trkpt lat="33.079389" lon="-111.20569">
        <ele>508.2</ele>
      </trkpt>
      <trkpt lat="33.079707" lon="-111.205726">
        <ele>506.8</ele>
      </trkpt>
      <trkpt lat="33.08036" lon="-111.206059">
        <ele>505.4</ele>
      </trkpt>
      <trkpt lat="33.08075" lon="-111.20614">
        <ele>503.4</ele>
      </trkpt>
      <trkpt lat="33.081121" lon="-111.206336">
        <ele>501.4</ele>
      </trkpt>
      <trkpt lat="33.081334" lon="-111.206628">
        <ele>500.4</ele>
      </trkpt>
      <trkpt lat="33.08147" lon="-111.207">
        <ele>499.4</ele>
      </trkpt>
      <trkpt lat="33.081508" lon="-111.207406">
        <ele>498.6</ele>
      </trkpt>
      <trkpt lat="33.081367" lon="-111.207918">
        <ele>498.6</ele>
      </trkpt>
      <trkpt lat="33.081314" lon="-111.208344">
        <ele>498.8</ele>
      </trkpt>
      <trkpt lat="33.081391" lon="-111.209645">
        <ele>499.4</ele>
      </trkpt>
      <trkpt lat="33.081386" lon="-111.210271">
        <ele>499.2</ele>
      </trkpt>
      <trkpt lat="33.08144" lon="-111.210736">
        <ele>497.8</ele>
      </trkpt>
      <trkpt lat="33.081895" lon="-111.212404">
        <ele>496.4</ele>
      </trkpt>
      <trkpt lat="33.082169" lon="-111.21359">
        <ele>494.6</ele>
      </trkpt>
      <trkpt lat="33.082268" lon="-111.213869">
        <ele>492.0</ele>
      </trkpt>
      <trkpt lat="33.082257" lon="-111.21416">
        <ele>490.0</ele>
      </trkpt>
      <trkpt lat="33.082375" lon="-111.214259">
        <ele>489.0</ele>
      </trkpt>
      <trkpt lat="33.08283" lon="-111.2144">
        <ele>488.4</ele>
      </trkpt>
      <trkpt lat="33.082949" lon="-111.21449">
        <ele>489.0</ele>
      </trkpt>
      <trkpt lat="33.083208" lon="-111.21484">
        <ele>489.8</ele>
      </trkpt>
      <trkpt lat="33.083536" lon="-111.215707">
        <ele>491.4</ele>
      </trkpt>
      <trkpt lat="33.083697" lon="-111.21601">
        <ele>494.0</ele>
      </trkpt>
      <trkpt lat="33.083889" lon="-111.21631">
        <ele>496.4</ele>
      </trkpt>
      <trkpt lat="33.084035" lon="-111.217002">
        <ele>498.0</ele>
      </trkpt>
      <trkpt lat="33.084007" lon="-111.217204">
        <ele>499.2</ele>
      </trkpt>
      <trkpt lat="33.084049" lon="-111.217842">
        <ele>498.4</ele>
      </trkpt>
      <trkpt lat="33.084151" lon="-111.218073">
        <ele>496.8</ele>
      </trkpt>
      <trkpt lat="33.084198" lon="-111.21886">
        <ele>495.0</ele>
      </trkpt>
      <trkpt lat="33.084296" lon="-111.219024">
        <ele>493.0</ele>
      </trkpt>
      <trkpt lat="33.084556" lon="-111.219211">
        <ele>491.6</ele>
      </trkpt>
      <trkpt lat="33.084653" lon="-111.219475">
        <ele>491.8</ele>
      </trkpt>
      <trkpt lat="33.084598" lon="-111.219975">
        <ele>492.0</ele>
      </trkpt>
      <trkpt lat="33.084617" lon="-111.2203">
        <ele>492.4</ele>
      </trkpt>
      <trkpt lat="33.08473" lon="-111.220498">
        <ele>493.0</ele>
      </trkpt>
      <trkpt lat="33.084899" lon="-111.220729">
        <ele>493.8</ele>
      </trkpt>
      <trkpt lat="33.08511" lon="-111.220949">
        <ele>495.0</ele>
      </trkpt>
      <trkpt lat="33.085223" lon="-111.221156">
        <ele>496.0</ele>
      </trkpt>
      <trkpt lat="33.085878" lon="-111.222606">
        <ele>496.8</ele>
      </trkpt>
      <trkpt lat="33.086007" lon="-111.222792">
        <ele>496.6</ele>
      </trkpt>
      <trkpt lat="33.086256" lon="-111.222922">
        <ele>496.0</ele>
      </trkpt>
      <trkpt lat="33.086893" lon="-111.223095">
        <ele>494.8</ele>
      </trkpt>
      <trkpt lat="33.087041" lon="-111.223215">
        <ele>493.8</ele>
      </trkpt>
      <trkpt lat="33.08719" lon="-111.223452">
        <ele>493.0</ele>
      </trkpt>
      <trkpt lat="33.087398" lon="-111.223616">
        <ele>492.2</ele>
      </trkpt>
      <trkpt lat="33.087606" lon="-111.223722">
        <ele>491.2</ele>
      </trkpt>
      <trkpt lat="33.088512" lon="-111.223999">
        <ele>490.2</ele>
      </trkpt>
      <trkpt lat="33.088777" lon="-111.224159">
        <ele>488.8</ele>
      </trkpt>
      <trkpt lat="33.089291" lon="-111.22467">
        <ele>486.8</ele>
      </trkpt>
      <trkpt lat="33.089595" lon="-111.224892">
        <ele>485.6</ele>
      </trkpt>
      <trkpt lat="33.090349" lon="-111.22553">
        <ele>484.2</ele>
      </trkpt>
      <trkpt lat="33.090626" lon="-111.225935">
        <ele>482.8</ele>
      </trkpt>
      <trkpt lat="33.091158" lon="-111.226886">
        <ele>481.8</ele>
      </trkpt>
      <trkpt lat="33.09161" lon="-111.227608">
        <ele>481.2</ele>
      </trkpt>
      <trkpt lat="33.091746" lon="-111.228049">
        <ele>480.8</ele>
      </trkpt>
      <trkpt lat="33.091939" lon="-111.228483">
        <ele>481.0</ele>
      </trkpt>
      <trkpt lat="33.092228" lon="-111.229385">
        <ele>480.8</ele>
      </trkpt>
      <trkpt lat="33.092354" lon="-111.229611">
        <ele>480.6</ele>
      </trkpt>
      <trkpt lat="33.092762" lon="-111.230892">
        <ele>480.6</ele>
      </trkpt>
      <trkpt lat="33.093072" lon="-111.23149">
        <ele>480.6</ele>
      </trkpt>
      <trkpt lat="33.093128" lon="-111.231828">
        <ele>480.4</ele>
      </trkpt>
      <trkpt lat="33.093173" lon="-111.232324">
        <ele>480.6</ele>
      </trkpt>
      <trkpt lat="33.0933" lon="-111.232881">
        <ele>480.8</ele>
      </trkpt>
      <trkpt lat="33.093536" lon="-111.23363">
        <ele>481.0</ele>
      </trkpt>
      <trkpt lat="33.093598" lon="-111.234086">
        <ele>481.0</ele>
      </trkpt>
      <trkpt lat="33.093552" lon="-111.23505">
        <ele>480.8</ele>
      </trkpt>
      <trkpt lat="33.093611" lon="-111.235815">
        <ele>480.6</ele>
      </trkpt>
      <trkpt lat="33.093575" lon="-111.236533">
        <ele>480.4</ele>
      </trkpt>
      <trkpt lat="33.093581" lon="-111.236815">
        <ele>480.0</ele>
      </trkpt>
      <trkpt lat="33.093639" lon="-111.237316">
        <ele>479.6</ele>
      </trkpt>
      <trkpt lat="33.0936" lon="-111.238857">
        <ele>479.4</ele>
      </trkpt>
      <trkpt lat="33.093711" lon="-111.240045">
        <ele>479.6</ele>
      </trkpt>
      <trkpt lat="33.093772" lon="-111.240318">
        <ele>480.0</ele>
      </trkpt>
      <trkpt lat="33.093998" lon="-111.240875">
        <ele>480.6</ele>
      </trkpt>
      <trkpt lat="33.094096" lon="-111.241051">
        <ele>481.0</ele>
      </trkpt>
      <trkpt lat="33.094804" lon="-111.241494">
        <ele>481.6</ele>
      </trkpt>
      <trkpt lat="33.095049" lon="-111.241732">
        <ele>481.8</ele>
      </trkpt>
      <trkpt lat="33.095255" lon="-111.241769">
        <ele>481.6</ele>
      </trkpt>
      <trkpt lat="33.095619" lon="-111.24202">
        <ele>481.2</ele>
      </trkpt>
      <trkpt lat="33.096072" lon="-111.242248">
        <ele>480.8</ele>
      </trkpt>
      <trkpt lat="33.096317" lon="-111.242481">
        <ele>480.2</ele>
      </trkpt>
      <trkpt lat="33.096459" lon="-111.242538">
        <ele>479.6</ele>
      </trkpt>
      <trkpt lat="33.096803" lon="-111.242982">
        <ele>479.2</ele>
      </trkpt>
      <trkpt lat="33.097129" lon="-111.243588">
        <ele>479.0</ele>
      </trkpt>
      <trkpt lat="33.097273" lon="-111.243966">
        <ele>479.2</ele>
      </trkpt>
      <trkpt lat="33.097468" lon="-111.244368">
        <ele>479.2</ele>
      </trkpt>
      <trkpt lat="33.097533" lon="-111.244615">
        <ele>479.4</ele>
      </trkpt>
      <trkpt lat="33.097651" lon="-111.244798">
        <ele>479.4</ele>
      </trkpt>
      <trkpt lat="33.097825" lon="-111.245348">
        <ele>479.6</ele>
      </trkpt>
      <trkpt lat="33.097848" lon="-111.245542">
        <ele>480.0</ele>
      </trkpt>
      <trkpt lat="33.09763" lon="-111.24569">
        <ele>480.8</ele>
      </trkpt>
      <trkpt lat="33.09752" lon="-111.24571">
        <ele>483.2</ele>
      </trkpt>
      <trkpt lat="33.09742" lon="-111.24582">
        <ele>485.4</ele>
      </trkpt>
      <trkpt lat="33.097309" lon="-111.246278">
        <ele>487.6</ele>
      </trkpt>
      <trkpt lat="33.097289" lon="-111.246484">
        <ele>489.4</ele>
      </trkpt>
      <trkpt lat="33.09709" lon="-111.24676">
        <ele>491.4</ele>
      </trkpt>
      <trkpt lat="33.096974" lon="-111.246783">
        <ele>492.4</ele>
      </trkpt>
      <trkpt lat="33.096697" lon="-111.246772">
        <ele>494.2</ele>
      </trkpt>
      <trkpt lat="33.09592" lon="-111.246643">
        <ele>496.0</ele>
      </trkpt>
      <trkpt lat="33.095722" lon="-111.246728">
        <ele>498.6</ele>
      </trkpt>
      <trkpt lat="33.09545" lon="-111.24691">
        <ele>502.2</ele>
      </trkpt>
      <trkpt lat="33.095238" lon="-111.247244">
        <ele>505.4</ele>
      </trkpt>
      <trkpt lat="33.09512" lon="-111.24748">
        <ele>507.6</ele>
      </trkpt>
      <trkpt lat="33.094783" lon="-111.247994">
        <ele>509.2</ele>
      </trkpt>
      <trkpt lat="33.094659" lon="-111.24827">
        <ele>509.2</ele>
      </trkpt>
      <trkpt lat="33.094442" lon="-111.248861">
        <ele>508.2</ele>
      </trkpt>
      <trkpt lat="33.094419" lon="-111.24913">
        <ele>506.0</ele>
      </trkpt>
      <trkpt lat="33.094501" lon="-111.249281">
        <ele>504.6</ele>
      </trkpt>
      <trkpt lat="33.094768" lon="-111.249643">
        <ele>503.4</ele>
      </trkpt>
      <trkpt lat="33.094804" lon="-111.249945">
        <ele>503.0</ele>
      </trkpt>
      <trkpt lat="33.094737" lon="-111.250368">
        <ele>501.2</ele>
      </trkpt>
      <trkpt lat="33.09462" lon="-111.2505">
        <ele>498.4</ele>
      </trkpt>
      <trkpt lat="33.094279" lon="-111.250474">
        <ele>495.0</ele>
      </trkpt>
      <trkpt lat="33.093961" lon="-111.250609">
        <ele>491.6</ele>
      </trkpt>
      <trkpt lat="33.093784" lon="-111.250832">
        <ele>488.0</ele>
      </trkpt>
      <trkpt lat="33.093539" lon="-111.25131">
        <ele>485.4</ele>
      </trkpt>
      <trkpt lat="33.093185" lon="-111.251536">
        <ele>483.8</ele>
      </trkpt>
      <trkpt lat="33.093154" lon="-111.251618">
        <ele>482.4</ele>
      </trkpt>
      <trkpt lat="33.094296" lon="-111.252504">
        <ele>481.2</ele>
      </trkpt>
      <trkpt lat="33.094692" lon="-111.252682">
        <ele>480.2</ele>
      </trkpt>
      <trkpt lat="33.09464" lon="-111.252822">
        <ele>479.4</ele>
      </trkpt>
      <trkpt lat="33.094521" lon="-111.252865">
        <ele>479.4</ele>
      </trkpt>
      <trkpt lat="33.094454" lon="-111.253063">
        <ele>479.4</ele>
      </trkpt>
      <trkpt lat="33.094489" lon="-111.253246">
        <ele>479.2</ele>
      </trkpt>
      <trkpt lat="33.094619" lon="-111.253418">
        <ele>479.0</ele>
      </trkpt>
      <trkpt lat="33.094744" lon="-111.253696">
        <ele>478.6</ele>
      </trkpt>
      <trkpt lat="33.09498" lon="-111.254037">
        <ele>478.2</ele>
      </trkpt>
      <trkpt lat="33.094925" lon="-111.254087">
        <ele>478.0</ele>
      </trkpt>
      <trkpt lat="33.094794" lon="-111.254094">
        <ele>478.0</ele>
      </trkpt>
      <trkpt lat="33.09456" lon="-111.25431">
        <ele>478.0</ele>
      </trkpt>
      <trkpt lat="33.094344" lon="-111.254739">
        <ele>478.2</ele>
      </trkpt>
      <trkpt lat="33.094189" lon="-111.25484">
        <ele>478.4</ele>
      </trkpt>
      <trkpt lat="33.094018" lon="-111.255243">
        <ele>478.4</ele>
      </trkpt>
      <trkpt lat="33.093975" lon="-111.255708">
        <ele>478.4</ele>
      </trkpt>
      <trkpt lat="33.094028" lon="-111.255965">
        <ele>478.4</ele>
      </trkpt>
      <trkpt lat="33.094045" lon="-111.256217">
        <ele>478.2</ele>
      </trkpt>
      <trkpt lat="33.094166" lon="-111.256714">
        <ele>478.0</ele>
      </trkpt>
      <trkpt lat="33.094558" lon="-111.256947">
        <ele>478.0</ele>
      </trkpt>
      <trkpt lat="33.094785" lon="-111.25701">
        <ele>478.0</ele>
      </trkpt>
      <trkpt lat="33.09462" lon="-111.25737">
        <ele>477.8</ele>
      </trkpt>
      <trkpt lat="33.094499" lon="-111.257566">
        <ele>477.6</ele>
      </trkpt>
      <trkpt lat="33.093977" lon="-111.258651">
        <ele>477.4</ele>
      </trkpt>
      <trkpt lat="33.09377" lon="-111.259246">
        <ele>477.4</ele>
      </trkpt>
      <trkpt lat="33.093719" lon="-111.2596">
        <ele>477.8</ele>
      </trkpt>
      <trkpt lat="33.093415" lon="-111.259994">
        <ele>477.6</ele>
      </trkpt>
      <trkpt lat="33.093224" lon="-111.260653">
        <ele>477.2</ele>
      </trkpt>
      <trkpt lat="33.093299" lon="-111.261008">
        <ele>477.2</ele>
      </trkpt>
      <trkpt lat="33.093443" lon="-111.261139">
        <ele>476.8</ele>
      </trkpt>
      <trkpt lat="33.093094" lon="-111.261996">
        <ele>476.4</ele>
      </trkpt>
      <trkpt lat="33.092683" lon="-111.262789">
        <ele>476.4</ele>
      </trkpt>
      <trkpt lat="33.091921" lon="-111.264579">
        <ele>476.8</ele>
      </trkpt>
      <trkpt lat="33.091495" lon="-111.265491">
        <ele>476.6</ele>
      </trkpt>
      <trkpt lat="33.090609" lon="-111.26678">
        <ele>476.2</ele>
      </trkpt>
      <trkpt lat="33.09004" lon="-111.26752">
        <ele>475.4</ele>
      </trkpt>
      <trkpt lat="33.08991" lon="-111.26774">
        <ele>475.4</ele>
      </trkpt>
      <trkpt lat="33.089219" lon="-111.26861">
        <ele>475.0</ele>
      </trkpt>
      <trkpt lat="33.08859" lon="-111.26929">
        <ele>475.2</ele>
      </trkpt>
      <trkpt lat="33.08803" lon="-111.27001">
        <ele>476.0</ele>
      </trkpt>
      <trkpt lat="33.08747" lon="-111.27057">
        <ele>476.4</ele>
      </trkpt>
      <trkpt lat="33.08724" lon="-111.27086">
        <ele>476.8</ele>
      </trkpt>
      <trkpt lat="33.08702" lon="-111.27121">
        <ele>477.0</ele>
      </trkpt>
      <trkpt lat="33.08665" lon="-111.27189">
        <ele>476.8</ele>
      </trkpt>
      <trkpt lat="33.086454" lon="-111.272506">
        <ele>476.6</ele>
      </trkpt>
      <trkpt lat="33.086337" lon="-111.273005">
        <ele>476.4</ele>
      </trkpt>
      <trkpt lat="33.086287" lon="-111.27371">
        <ele>475.8</ele>
      </trkpt>
      <trkpt lat="33.086326" lon="-111.27487">
        <ele>475.6</ele>
      </trkpt>
      <trkpt lat="33.086275" lon="-111.27545">
        <ele>476.2</ele>
      </trkpt>
      <trkpt lat="33.086173" lon="-111.276072">
        <ele>476.2</ele>
      </trkpt>
      <trkpt lat="33.086201" lon="-111.276887">
        <ele>476.6</ele>
      </trkpt>
      <trkpt lat="33.086304" lon="-111.27772">
        <ele>476.8</ele>
      </trkpt>
      <trkpt lat="33.086416" lon="-111.27812">
        <ele>477.4</ele>
      </trkpt>
      <trkpt lat="33.086419" lon="-111.27915">
        <ele>477.2</ele>
      </trkpt>
      <trkpt lat="33.086621" lon="-111.279996">
        <ele>476.8</ele>
      </trkpt>
      <trkpt lat="33.086577" lon="-111.280786">
        <ele>476.4</ele>
      </trkpt>
      <trkpt lat="33.086668" lon="-111.281974">
        <ele>476.4</ele>
      </trkpt>
      <trkpt lat="33.086654" lon="-111.282549">
        <ele>475.8</ele>
      </trkpt>
      <trkpt lat="33.086669" lon="-111.28345">
        <ele>475.2</ele>
      </trkpt>
      <trkpt lat="33.08673" lon="-111.28384">
        <ele>475.4</ele>
      </trkpt>
      <trkpt lat="33.08682" lon="-111.28418">
        <ele>475.6</ele>
      </trkpt>
      <trkpt lat="33.087415" lon="-111.285648">
        <ele>475.0</ele>
      </trkpt>
      <trkpt lat="33.087522" lon="-111.286843">
        <ele>475.0</ele>
      </trkpt>
      <trkpt lat="33.087443" lon="-111.287144">
        <ele>474.8</ele>
      </trkpt>
      <trkpt lat="33.087612" lon="-111.287393">
        <ele>474.2</ele>
      </trkpt>
      <trkpt lat="33.087818" lon="-111.287441">
        <ele>473.4</ele>
      </trkpt>
      <trkpt lat="33.088067" lon="-111.287447">
        <ele>473.2</ele>
      </trkpt>
      <trkpt lat="33.08818" lon="-111.28759">
        <ele>472.6</ele>
      </trkpt>
      <trkpt lat="33.08826" lon="-111.28809">
        <ele>472.6</ele>
      </trkpt>
      <trkpt lat="33.08835" lon="-111.28835">
        <ele>473.2</ele>
      </trkpt>
      <trkpt lat="33.08953" lon="-111.28995">
        <ele>474.2</ele>
      </trkpt>
      <trkpt lat="33.09032" lon="-111.29089">
        <ele>475.0</ele>
      </trkpt>
      <trkpt lat="33.090449" lon="-111.29114">
        <ele>475.8</ele>
      </trkpt>
      <trkpt lat="33.09057" lon="-111.29163">
        <ele>476.0</ele>
      </trkpt>
      <trkpt lat="33.09059" lon="-111.292">
        <ele>475.8</ele>
      </trkpt>
      <trkpt lat="33.090539" lon="-111.29317">
        <ele>475.4</ele>
      </trkpt>
      <trkpt lat="33.09049" lon="-111.29374">
        <ele>474.8</ele>
      </trkpt>
      <trkpt lat="33.0904" lon="-111.29423">
        <ele>474.2</ele>
      </trkpt>
      <trkpt lat="33.090269" lon="-111.29463">
        <ele>473.8</ele>
      </trkpt>
      <trkpt lat="33.09013" lon="-111.29496">
        <ele>473.2</ele>
      </trkpt>
      <trkpt lat="33.089799" lon="-111.29555">
        <ele>472.6</ele>
      </trkpt>
      <trkpt lat="33.08926" lon="-111.29639">
        <ele>472.6</ele>
      </trkpt>
      <trkpt lat="33.08771" lon="-111.29856">
        <ele>472.4</ele>
      </trkpt>
      <trkpt lat="33.087359" lon="-111.29892">
        <ele>472.2</ele>
      </trkpt>
      <trkpt lat="33.08447" lon="-111.30122">
        <ele>472.2</ele>
      </trkpt>
      <trkpt lat="33.083889" lon="-111.30164">
        <ele>472.2</ele>
      </trkpt>
      <trkpt lat="33.082299" lon="-111.3026">
        <ele>472.0</ele>
      </trkpt>
      <trkpt lat="33.081989" lon="-111.30284">
        <ele>472.2</ele>
      </trkpt>
      <trkpt lat="33.08159" lon="-111.3033">
        <ele>473.0</ele>
      </trkpt>
      <trkpt lat="33.081319" lon="-111.30374">
        <ele>473.6</ele>
      </trkpt>
      <trkpt lat="33.078809" lon="-111.30952">
        <ele>473.4</ele>
      </trkpt>
      <trkpt lat="33.07858" lon="-111.3101">
        <ele>473.0</ele>
      </trkpt>
      <trkpt lat="33.07824" lon="-111.31119">
        <ele>472.4</ele>
      </trkpt>
      <trkpt lat="33.07809" lon="-111.31159">
        <ele>471.0</ele>
      </trkpt>
      <trkpt lat="33.077939" lon="-111.31184">
        <ele>469.6</ele>
      </trkpt>
      <trkpt lat="33.077024" lon="-111.312852">
        <ele>469.0</ele>
      </trkpt>
      <trkpt lat="33.075912" lon="-111.313473">
        <ele>469.0</ele>
      </trkpt>
      <trkpt lat="33.074685" lon="-111.313578">
        <ele>468.8</ele>
      </trkpt>
      <trkpt lat="33.072912" lon="-111.315357">
        <ele>468.8</ele>
      </trkpt>
      <trkpt lat="33.066443" lon="-111.323623">
        <ele>469.0</ele>
      </trkpt>
      <trkpt lat="33.065306" lon="-111.323965">
        <ele>469.0</ele>
      </trkpt>
      <trkpt lat="33.064312" lon="-111.324609">
        <ele>468.8</ele>
      </trkpt>
      <trkpt lat="33.062798" lon="-111.326376">
        <ele>469.0</ele>
      </trkpt>
      <trkpt lat="33.060572" lon="-111.328027">
        <ele>469.2</ele>
      </trkpt>
      <trkpt lat="33.057178" lon="-111.330417">
        <ele>469.2</ele>
      </trkpt>
      <trkpt lat="33.054372" lon="-111.332738">
        <ele>469.2</ele>
      </trkpt>
      <trkpt lat="33.051091" lon="-111.335682">
        <ele>468.8</ele>
      </trkpt>
      <trkpt lat="33.04687" lon="-111.34042">
        <ele>468.4</ele>
      </trkpt>
      <trkpt lat="33.044773" lon="-111.343129">
        <ele>467.6</ele>
      </trkpt>
      <trkpt lat="33.041646" lon="-111.348146">
        <ele>466.8</ele>
      </trkpt>
      <trkpt lat="33.038455" lon="-111.352919">
        <ele>465.2</ele>
      </trkpt>
      <trkpt lat="33.038443" lon="-111.356422">
        <ele>463.2</ele>
      </trkpt>
      <trkpt lat="33.038463" lon="-111.36108">
        <ele>460.4</ele>
      </trkpt>
      <trkpt lat="33.038454" lon="-111.366172">
        <ele>457.8</ele>
      </trkpt>
      <trkpt lat="33.03848" lon="-111.370582">
        <ele>455.2</ele>
      </trkpt>
      <trkpt lat="33.038519" lon="-111.372766">
        <ele>453.4</ele>
      </trkpt>
      <trkpt lat="33.038476" lon="-111.375052">
        <ele>452.2</ele>
      </trkpt>
      <trkpt lat="33.038488" lon="-111.37906">
        <ele>451.6</ele>
      </trkpt>
      <trkpt lat="33.04055" lon="-111.37904">
        <ele>451.2</ele>
      </trkpt>
      <trkpt lat="33.041559" lon="-111.3791">
        <ele>451.0</ele>
      </trkpt>
      <trkpt lat="33.044919" lon="-111.37911">
        <ele>451.0</ele>
      </trkpt>
      <trkpt lat="33.04499" lon="-111.37916">
        <ele>450.8</ele>
      </trkpt>
      <trkpt lat="33.045189" lon="-111.37922">
        <ele>450.6</ele>
      </trkpt>
      <trkpt lat="33.04575" lon="-111.37925">
        <ele>450.4</ele>
      </trkpt>
      <trkpt lat="33.046259" lon="-111.37936">
        <ele>450.0</ele>
      </trkpt>
      <trkpt lat="33.047759" lon="-111.37936">
        <ele>449.6</ele>
      </trkpt>
      <trkpt lat="33.04854" lon="-111.37942">
        <ele>449.4</ele>
      </trkpt>
      <trkpt lat="33.048879" lon="-111.3794">
        <ele>449.2</ele>
      </trkpt>
      <trkpt lat="33.049639" lon="-111.3795">
        <ele>449.0</ele>
      </trkpt>
      <trkpt lat="33.05017" lon="-111.37953">
        <ele>449.0</ele>
      </trkpt>
      <trkpt lat="33.05046" lon="-111.37951">
        <ele>449.0</ele>
      </trkpt>
      <trkpt lat="33.051229" lon="-111.37936">
        <ele>449.0</ele>
      </trkpt>
      <trkpt lat="33.05166" lon="-111.37931">
        <ele>449.0</ele>
      </trkpt>
      <trkpt lat="33.05221" lon="-111.37934">
        <ele>448.8</ele>
      </trkpt>
      <trkpt lat="33.05266" lon="-111.37931">
        <ele>448.6</ele>
      </trkpt>
      <trkpt lat="33.05375" lon="-111.37931">
        <ele>448.6</ele>
      </trkpt>
      <trkpt lat="33.053959" lon="-111.3794">
        <ele>449.0</ele>
      </trkpt>
      <trkpt lat="33.054119" lon="-111.37952">
        <ele>449.4</ele>
      </trkpt>
      <trkpt lat="33.054229" lon="-111.37971">
        <ele>450.0</ele>
      </trkpt>
      <trkpt lat="33.054319" lon="-111.37977">
        <ele>450.6</ele>
      </trkpt>
      <trkpt lat="33.054389" lon="-111.37978">
        <ele>451.0</ele>
      </trkpt>
      <trkpt lat="33.054409" lon="-111.37987">
        <ele>450.6</ele>
      </trkpt>
      <trkpt lat="33.05419" lon="-111.38046">
        <ele>450.0</ele>
      </trkpt>
      <trkpt lat="33.05388" lon="-111.38111">
        <ele>449.6</ele>
      </trkpt>
      <trkpt lat="33.053559" lon="-111.3819">
        <ele>449.2</ele>
      </trkpt>
      <trkpt lat="33.053469" lon="-111.38222">
        <ele>449.0</ele>
      </trkpt>
      <trkpt lat="33.053359" lon="-111.38307">
        <ele>449.2</ele>
      </trkpt>
      <trkpt lat="33.05334" lon="-111.38348">
        <ele>449.6</ele>
      </trkpt>
      <trkpt lat="33.05342" lon="-111.38451">
        <ele>450.0</ele>
      </trkpt>
      <trkpt lat="33.053489" lon="-111.38499">
        <ele>450.4</ele>
      </trkpt>
      <trkpt lat="33.05382" lon="-111.38665">
        <ele>450.8</ele>
      </trkpt>
      <trkpt lat="33.05384" lon="-111.38697">
        <ele>451.2</ele>
      </trkpt>
      <trkpt lat="33.053759" lon="-111.38773">
        <ele>451.2</ele>
      </trkpt>
      <trkpt lat="33.053669" lon="-111.38819">
        <ele>450.8</ele>
      </trkpt>
      <trkpt lat="33.05334" lon="-111.38937">
        <ele>450.4</ele>
      </trkpt>
      <trkpt lat="33.053199" lon="-111.38962">
        <ele>450.2</ele>
      </trkpt>
      <trkpt lat="33.05314" lon="-111.38984">
        <ele>450.0</ele>
      </trkpt>
      <trkpt lat="33.05317" lon="-111.39036">
        <ele>450.2</ele>
      </trkpt>
      <trkpt lat="33.053109" lon="-111.39061">
        <ele>450.6</ele>
      </trkpt>
      <trkpt lat="33.052061" lon="-111.393254">
        <ele>451.2</ele>
      </trkpt>
      <trkpt lat="33.052014" lon="-111.393629">
        <ele>451.2</ele>
      </trkpt>
      <trkpt lat="33.052072" lon="-111.394145">
        <ele>451.2</ele>
      </trkpt>
      <trkpt lat="33.052417" lon="-111.395923">
        <ele>450.8</ele>
      </trkpt>
      <trkpt lat="33.052563" lon="-111.396178">
        <ele>451.0</ele>
      </trkpt>
      <trkpt lat="33.05276" lon="-111.39621">
        <ele>451.4</ele>
      </trkpt>
      <trkpt lat="33.05371" lon="-111.39617">
        <ele>451.8</ele>
      </trkpt>
      <trkpt lat="33.054299" lon="-111.39619">
        <ele>452.0</ele>
      </trkpt>
      <trkpt lat="33.0544" lon="-111.39628">
        <ele>452.4</ele>
      </trkpt>
      <trkpt lat="33.054409" lon="-111.39636">
        <ele>452.6</ele>
      </trkpt>
      <trkpt lat="33.054161" lon="-111.397849">
        <ele>452.4</ele>
      </trkpt>
      <trkpt lat="33.054352" lon="-111.397993">
        <ele>452.4</ele>
      </trkpt>
      <trkpt lat="33.053395" lon="-111.403474">
        <ele>452.4</ele>
      </trkpt>
      <trkpt lat="33.05325" lon="-111.40346">
        <ele>452.6</ele>
      </trkpt>
      <trkpt lat="33.053179" lon="-111.40362">
        <ele>452.8</ele>
      </trkpt>
      <trkpt lat="33.052729" lon="-111.40617">
        <ele>453.4</ele>
      </trkpt>
      <trkpt lat="33.05269" lon="-111.40806">
        <ele>453.8</ele>
      </trkpt>
      <trkpt lat="33.052729" lon="-111.4088">
        <ele>454.0</ele>
      </trkpt>
      <trkpt lat="33.052799" lon="-111.40921">
        <ele>453.8</ele>
      </trkpt>
      <trkpt lat="33.054079" lon="-111.415118">
        <ele>453.6</ele>
      </trkpt>
      <trkpt lat="33.054054" lon="-111.415425">
        <ele>453.2</ele>
      </trkpt>
      <trkpt lat="33.054122" lon="-111.415746">
        <ele>453.0</ele>
      </trkpt>
      <trkpt lat="33.054203" lon="-111.415884">
        <ele>453.2</ele>
      </trkpt>
      <trkpt lat="33.054254" lon="-111.416324">
        <ele>453.6</ele>
      </trkpt>
      <trkpt lat="33.054488" lon="-111.417292">
        <ele>454.0</ele>
      </trkpt>
      <trkpt lat="33.054724" lon="-111.417892">
        <ele>454.2</ele>
      </trkpt>
      <trkpt lat="33.055928" lon="-111.42341">
        <ele>454.4</ele>
      </trkpt>
      <trkpt lat="33.055936" lon="-111.423767">
        <ele>454.6</ele>
      </trkpt>
      <trkpt lat="33.056041" lon="-111.424102">
        <ele>454.6</ele>
      </trkpt>
      <trkpt lat="33.056188" lon="-111.424827">
        <ele>454.8</ele>
      </trkpt>
      <trkpt lat="33.056359" lon="-111.42532">
        <ele>455.4</ele>
      </trkpt>
      <trkpt lat="33.056469" lon="-111.42607">
        <ele>455.8</ele>
      </trkpt>
      <trkpt lat="33.05691" lon="-111.42791">
        <ele>456.0</ele>
      </trkpt>
      <trkpt lat="33.05708" lon="-111.42886">
        <ele>456.0</ele>
      </trkpt>
      <trkpt lat="33.057119" lon="-111.42951">
        <ele>455.4</ele>
      </trkpt>
      <trkpt lat="33.05701" lon="-111.43082">
        <ele>454.8</ele>
      </trkpt>
      <trkpt lat="33.056669" lon="-111.43265">
        <ele>454.6</ele>
      </trkpt>
      <trkpt lat="33.056579" lon="-111.43295">
        <ele>454.2</ele>
      </trkpt>
      <trkpt lat="33.05625" lon="-111.43449">
        <ele>453.6</ele>
      </trkpt>
      <trkpt lat="33.055909" lon="-111.43575">
        <ele>453.4</ele>
      </trkpt>
      <trkpt lat="33.055639" lon="-111.43731">
        <ele>452.8</ele>
      </trkpt>
      <trkpt lat="33.05551" lon="-111.43771">
        <ele>451.6</ele>
      </trkpt>
      <trkpt lat="33.054789" lon="-111.44107">
        <ele>450.6</ele>
      </trkpt>
      <trkpt lat="33.05465" lon="-111.44163">
        <ele>450.2</ele>
      </trkpt>
      <trkpt lat="33.054589" lon="-111.44208">
        <ele>450.0</ele>
      </trkpt>
      <trkpt lat="33.0544" lon="-111.44276">
        <ele>450.0</ele>
      </trkpt>
      <trkpt lat="33.05429" lon="-111.44343">
        <ele>450.6</ele>
      </trkpt>
      <trkpt lat="33.05417" lon="-111.44391">
        <ele>450.8</ele>
      </trkpt>
      <trkpt lat="33.054049" lon="-111.44458">
        <ele>450.8</ele>
      </trkpt>
      <trkpt lat="33.05379" lon="-111.44571">
        <ele>450.4</ele>
      </trkpt>
      <trkpt lat="33.053759" lon="-111.44604">
        <ele>450.0</ele>
      </trkpt>
      <trkpt lat="33.053649" lon="-111.4464">
        <ele>449.6</ele>
      </trkpt>
      <trkpt lat="33.053579" lon="-111.44681">
        <ele>449.4</ele>
      </trkpt>
      <trkpt lat="33.05308" lon="-111.44881">
        <ele>449.0</ele>
      </trkpt>
      <trkpt lat="33.0529" lon="-111.44983">
        <ele>448.8</ele>
      </trkpt>
      <trkpt lat="33.052619" lon="-111.45103">
        <ele>448.0</ele>
      </trkpt>
      <trkpt lat="33.05243" lon="-111.45207">
        <ele>447.2</ele>
      </trkpt>
      <trkpt lat="33.05164" lon="-111.45563">
        <ele>446.6</ele>
      </trkpt>
      <trkpt lat="33.05147" lon="-111.45615">
        <ele>446.0</ele>
      </trkpt>
      <trkpt lat="33.051319" lon="-111.45623">
        <ele>445.4</ele>
      </trkpt>
      <trkpt lat="33.050089" lon="-111.45626">
        <ele>445.4</ele>
      </trkpt>
      <trkpt lat="33.049878" lon="-111.456391">
        <ele>445.2</ele>
      </trkpt>
      <trkpt lat="33.049737" lon="-111.457006">
        <ele>445.0</ele>
      </trkpt>
      <trkpt lat="33.049697" lon="-111.457426">
        <ele>445.0</ele>
      </trkpt>
      <trkpt lat="33.049719" lon="-111.457983">
        <ele>445.0</ele>
      </trkpt>
      <trkpt lat="33.049887" lon="-111.460119">
        <ele>445.0</ele>
      </trkpt>
      <trkpt lat="33.049888" lon="-111.460351">
        <ele>445.0</ele>
      </trkpt>
      <trkpt lat="33.04986" lon="-111.460571">
        <ele>445.0</ele>
      </trkpt>
      <trkpt lat="33.049619" lon="-111.461717">
        <ele>445.0</ele>
      </trkpt>
      <trkpt lat="33.049571" lon="-111.461836">
        <ele>445.0</ele>
      </trkpt>
      <trkpt lat="33.049515" lon="-111.461899">
        <ele>444.8</ele>
      </trkpt>
      <trkpt lat="33.049441" lon="-111.461942">
        <ele>444.6</ele>
      </trkpt>
      <trkpt lat="33.047621" lon="-111.462213">
        <ele>444.4</ele>
      </trkpt>
      <trkpt lat="33.047469" lon="-111.462322">
        <ele>444.2</ele>
      </trkpt>
      <trkpt lat="33.047385" lon="-111.462516">
        <ele>444.0</ele>
      </trkpt>
      <trkpt lat="33.047533" lon="-111.465236">
        <ele>444.0</ele>
      </trkpt>
      <trkpt lat="33.047576" lon="-111.465386">
        <ele>444.0</ele>
      </trkpt>
      <trkpt lat="33.047691" lon="-111.465515">
        <ele>444.0</ele>
      </trkpt>
      <trkpt lat="33.048628" lon="-111.465845">
        <ele>444.2</ele>
      </trkpt>
      <trkpt lat="33.048789" lon="-111.465944">
        <ele>444.4</ele>
      </trkpt>
      <trkpt lat="33.048882" lon="-111.46612">
        <ele>444.4</ele>
      </trkpt>
      <trkpt lat="33.048875" lon="-111.466219">
        <ele>444.4</ele>
      </trkpt>
      <trkpt lat="33.048671" lon="-111.4667">
        <ele>443.8</ele>
      </trkpt>
      <trkpt lat="33.048565" lon="-111.466728">
        <ele>443.0</ele>
      </trkpt>
      <trkpt lat="33.046118" lon="-111.472996">
        <ele>442.2</ele>
      </trkpt>
      <trkpt lat="33.046113" lon="-111.473161">
        <ele>441.6</ele>
      </trkpt>
      <trkpt lat="33.046138" lon="-111.47334">
        <ele>441.2</ele>
      </trkpt>
      <trkpt lat="33.046126" lon="-111.473497">
        <ele>441.4</ele>
      </trkpt>
      <trkpt lat="33.046146" lon="-111.475006">
        <ele>441.6</ele>
      </trkpt>
      <trkpt lat="33.046109" lon="-111.475407">
        <ele>441.6</ele>
      </trkpt>
      <trkpt lat="33.046087" lon="-111.476068">
        <ele>441.2</ele>
      </trkpt>
      <trkpt lat="33.046048" lon="-111.479829">
        <ele>440.6</ele>
      </trkpt>
      <trkpt lat="33.046058" lon="-111.48089">
        <ele>440.0</ele>
      </trkpt>
      <trkpt lat="33.046211" lon="-111.482052">
        <ele>439.4</ele>
      </trkpt>
      <trkpt lat="33.046277" lon="-111.482319">
        <ele>439.2</ele>
      </trkpt>
      <trkpt lat="33.046269" lon="-111.482373">
        <ele>439.4</ele>
      </trkpt>
      <trkpt lat="33.046166" lon="-111.482569">
        <ele>439.8</ele>
      </trkpt>
      <trkpt lat="33.045963" lon="-111.483069">
        <ele>440.2</ele>
      </trkpt>
      <trkpt lat="33.045917" lon="-111.483266">
        <ele>440.8</ele>
      </trkpt>
      <trkpt lat="33.045887" lon="-111.483741">
        <ele>441.2</ele>
      </trkpt>
      <trkpt lat="33.045893" lon="-111.48547">
        <ele>441.6</ele>
      </trkpt>
      <trkpt lat="33.045871" lon="-111.485894">
        <ele>441.8</ele>
      </trkpt>
      <trkpt lat="33.045836" lon="-111.486176">
        <ele>442.0</ele>
      </trkpt>
      <trkpt lat="33.045752" lon="-111.486482">
        <ele>442.0</ele>
      </trkpt>
      <trkpt lat="33.045741" lon="-111.492935">
        <ele>441.8</ele>
      </trkpt>
      <trkpt lat="33.045786" lon="-111.493174">
        <ele>441.6</ele>
      </trkpt>
      <trkpt lat="33.045809" lon="-111.493558">
        <ele>441.4</ele>
      </trkpt>
      <trkpt lat="33.045793" lon="-111.49393">
        <ele>441.4</ele>
      </trkpt>
      <trkpt lat="33.04573" lon="-111.494356">
        <ele>441.4</ele>
      </trkpt>
      <trkpt lat="33.045741" lon="-111.495178">
        <ele>441.6</ele>
      </trkpt>
      <trkpt lat="33.045726" lon="-111.495536">
        <ele>441.8</ele>
      </trkpt>
      <trkpt lat="33.045731" lon="-111.497691">
        <ele>441.8</ele>
      </trkpt>
      <trkpt lat="33.045785" lon="-111.498021">
        <ele>441.6</ele>
      </trkpt>
      <trkpt lat="33.045764" lon="-111.498378">
        <ele>441.4</ele>
      </trkpt>
      <trkpt lat="33.045719" lon="-111.498516">
        <ele>441.4</ele>
      </trkpt>
      <trkpt lat="33.045699" lon="-111.498684">
        <ele>441.4</ele>
      </trkpt>
      <trkpt lat="33.045744" lon="-111.499771">
        <ele>441.8</ele>
      </trkpt>
      <trkpt lat="33.045716" lon="-111.500364">
        <ele>442.2</ele>
      </trkpt>
      <trkpt lat="33.045738" lon="-111.503822">
        <ele>442.4</ele>
      </trkpt>
      <trkpt lat="33.045723" lon="-111.504335">
        <ele>442.4</ele>
      </trkpt>
      <trkpt lat="33.045727" lon="-111.506168">
        <ele>442.4</ele>
      </trkpt>
      <trkpt lat="33.045772" lon="-111.507058">
        <ele>442.2</ele>
      </trkpt>
      <trkpt lat="33.045685" lon="-111.507734">
        <ele>442.0</ele>
      </trkpt>
      <trkpt lat="33.045692" lon="-111.508872">
        <ele>442.0</ele>
      </trkpt>
      <trkpt lat="33.045623" lon="-111.509859">
        <ele>441.8</ele>
      </trkpt>
      <trkpt lat="33.045645" lon="-111.510126">
        <ele>441.6</ele>
      </trkpt>
      <trkpt lat="33.04564" lon="-111.510596">
        <ele>441.2</ele>
      </trkpt>
      <trkpt lat="33.045673" lon="-111.510962">
        <ele>440.8</ele>
      </trkpt>
      <trkpt lat="33.045687" lon="-111.511696">
        <ele>440.4</ele>
      </trkpt>
      <trkpt lat="33.045651" lon="-111.511964">
        <ele>440.2</ele>
      </trkpt>
      <trkpt lat="33.045724" lon="-111.512491">
        <ele>439.8</ele>
      </trkpt>
      <trkpt lat="33.04567" lon="-111.512996">
        <ele>439.6</ele>
      </trkpt>
      <trkpt lat="33.045693" lon="-111.514529">
        <ele>439.4</ele>
      </trkpt>
      <trkpt lat="33.045668" lon="-111.515645">
        <ele>439.2</ele>
      </trkpt>
      <trkpt lat="33.045681" lon="-111.515776">
        <ele>439.0</ele>
      </trkpt>
      <trkpt lat="33.045713" lon="-111.515862">
        <ele>439.0</ele>
      </trkpt>
      <trkpt lat="33.045772" lon="-111.516226">
        <ele>439.0</ele>
      </trkpt>
      <trkpt lat="33.04585" lon="-111.516245">
        <ele>439.8</ele>
      </trkpt>
      <trkpt lat="33.045924" lon="-111.51622">
        <ele>440.6</ele>
      </trkpt>
      <trkpt lat="33.049366" lon="-111.514268">
        <ele>441.8</ele>
      </trkpt>
      <trkpt lat="33.049515" lon="-111.514215">
        <ele>443.0</ele>
      </trkpt>
      <trkpt lat="33.049782" lon="-111.514031">
        <ele>444.2</ele>
      </trkpt>
      <trkpt lat="33.051129" lon="-111.513261">
        <ele>445.2</ele>
      </trkpt>
      <trkpt lat="33.051343" lon="-111.51316">
        <ele>446.2</ele>
      </trkpt>
      <trkpt lat="33.053058" lon="-111.512188">
        <ele>446.8</ele>
      </trkpt>
      <trkpt lat="33.053449" lon="-111.512004">
        <ele>447.4</ele>
      </trkpt>
      <trkpt lat="33.05366" lon="-111.51193">
        <ele>449.2</ele>
      </trkpt>
      <trkpt lat="33.054125" lon="-111.511593">
        <ele>451.0</ele>
      </trkpt>
      <trkpt lat="33.058245" lon="-111.509296">
        <ele>452.8</ele>
      </trkpt>
      <trkpt lat="33.06062" lon="-111.507944">
        <ele>454.6</ele>
      </trkpt>
      <trkpt lat="33.060949" lon="-111.507794">
        <ele>456.6</ele>
      </trkpt>
      <trkpt lat="33.061172" lon="-111.507753">
        <ele>457.6</ele>
      </trkpt>
      <trkpt lat="33.061701" lon="-111.507718">
        <ele>458.2</ele>
      </trkpt>
      <trkpt lat="33.061926" lon="-111.507639">
        <ele>459.2</ele>
      </trkpt>
      <trkpt lat="33.063139" lon="-111.506739">
        <ele>460.4</ele>
      </trkpt>
      <trkpt lat="33.064117" lon="-111.50626">
        <ele>461.4</ele>
      </trkpt>
      <trkpt lat="33.064568" lon="-111.505918">
        <ele>462.2</ele>
      </trkpt>
      <trkpt lat="33.064785" lon="-111.5058">
        <ele>462.8</ele>
      </trkpt>
      <trkpt lat="33.065194" lon="-111.505635">
        <ele>463.2</ele>
      </trkpt>
      <trkpt lat="33.065399" lon="-111.505515">
        <ele>463.6</ele>
      </trkpt>
      <trkpt lat="33.065767" lon="-111.505238">
        <ele>464.2</ele>
      </trkpt>
      <trkpt lat="33.066477" lon="-111.504816">
        <ele>464.8</ele>
      </trkpt>
      <trkpt lat="33.066847" lon="-111.504642">
        <ele>465.4</ele>
      </trkpt>
      <trkpt lat="33.067116" lon="-111.504455">
        <ele>466.0</ele>
      </trkpt>
      <trkpt lat="33.067297" lon="-111.504374">
        <ele>466.8</ele>
      </trkpt>
      <trkpt lat="33.067767" lon="-111.504236">
        <ele>467.4</ele>
      </trkpt>
      <trkpt lat="33.068112" lon="-111.504108">
        <ele>468.0</ele>
      </trkpt>
      <trkpt lat="33.068655" lon="-111.503816">
        <ele>468.6</ele>
      </trkpt>
      <trkpt lat="33.069155" lon="-111.503436">
        <ele>469.0</ele>
      </trkpt>
      <trkpt lat="33.069347" lon="-111.503352">
        <ele>469.0</ele>
      </trkpt>
      <trkpt lat="33.069857" lon="-111.503314">
        <ele>469.2</ele>
      </trkpt>
      <trkpt lat="33.070177" lon="-111.503327">
        <ele>469.4</ele>
      </trkpt>
      <trkpt lat="33.070554" lon="-111.503298">
        <ele>469.6</ele>
      </trkpt>
      <trkpt lat="33.070891" lon="-111.503309">
        <ele>469.8</ele>
      </trkpt>
      <trkpt lat="33.071123" lon="-111.503275">
        <ele>470.0</ele>
      </trkpt>
      <trkpt lat="33.071523" lon="-111.503264">
        <ele>470.2</ele>
      </trkpt>
      <trkpt lat="33.071689" lon="-111.503237">
        <ele>470.6</ele>
      </trkpt>
      <trkpt lat="33.072232" lon="-111.503259">
        <ele>471.4</ele>
      </trkpt>
      <trkpt lat="33.072519" lon="-111.503303">
        <ele>471.8</ele>
      </trkpt>
      <trkpt lat="33.073096" lon="-111.503492">
        <ele>472.4</ele>
      </trkpt>
      <trkpt lat="33.073777" lon="-111.503493">
        <ele>472.8</ele>
      </trkpt>
      <trkpt lat="33.074461" lon="-111.503464">
        <ele>473.0</ele>
      </trkpt>
      <trkpt lat="33.074798" lon="-111.503401">
        <ele>472.2</ele>
      </trkpt>
      <trkpt lat="33.075291" lon="-111.503366">
        <ele>471.8</ele>
      </trkpt>
      <trkpt lat="33.076255" lon="-111.503392">
        <ele>471.2</ele>
      </trkpt>
      <trkpt lat="33.076382" lon="-111.50343">
        <ele>470.6</ele>
      </trkpt>
      <trkpt lat="33.076453" lon="-111.50349">
        <ele>470.2</ele>
      </trkpt>
      <trkpt lat="33.076614" lon="-111.503712">
        <ele>470.8</ele>
      </trkpt>
      <trkpt lat="33.076815" lon="-111.504161">
        <ele>471.4</ele>
      </trkpt>
      <trkpt lat="33.077109" lon="-111.504718">
        <ele>472.0</ele>
      </trkpt>
      <trkpt lat="33.077319" lon="-111.504987">
        <ele>472.6</ele>
      </trkpt>
      <trkpt lat="33.077419" lon="-111.505071">
        <ele>472.6</ele>
      </trkpt>
      <trkpt lat="33.077435" lon="-111.505141">
        <ele>472.2</ele>
      </trkpt>
      <trkpt lat="33.079116" lon="-111.506026">
        <ele>471.8</ele>
      </trkpt>
      <trkpt lat="33.080672" lon="-111.50694">
        <ele>471.4</ele>
      </trkpt>
      <trkpt lat="33.080843" lon="-111.507082">
        <ele>471.0</ele>
      </trkpt>
      <trkpt lat="33.081034" lon="-111.507169">
        <ele>471.0</ele>
      </trkpt>
      <trkpt lat="33.081159" lon="-111.50726">
        <ele>470.8</ele>
      </trkpt>
      <trkpt lat="33.081882" lon="-111.507641">
        <ele>470.6</ele>
      </trkpt>
      <trkpt lat="33.082109" lon="-111.507725">
        <ele>470.4</ele>
      </trkpt>
      <trkpt lat="33.082242" lon="-111.507746">
        <ele>470.0</ele>
      </trkpt>
      <trkpt lat="33.082838" lon="-111.507756">
        <ele>469.8</ele>
      </trkpt>
      <trkpt lat="33.083801" lon="-111.507714">
        <ele>469.8</ele>
      </trkpt>
      <trkpt lat="33.084944" lon="-111.507727">
        <ele>470.2</ele>
      </trkpt>
      <trkpt lat="33.085334" lon="-111.507757">
        <ele>470.6</ele>
      </trkpt>
      <trkpt lat="33.085796" lon="-111.507747">
        <ele>471.4</ele>
      </trkpt>
      <trkpt lat="33.08625" lon="-111.507776">
        <ele>471.8</ele>
      </trkpt>
      <trkpt lat="33.086556" lon="-111.507747">
        <ele>471.6</ele>
      </trkpt>
      <trkpt lat="33.08719" lon="-111.507765">
        <ele>470.8</ele>
      </trkpt>
      <trkpt lat="33.088183" lon="-111.507731">
        <ele>470.0</ele>
      </trkpt>
      <trkpt lat="33.08938" lon="-111.507729">
        <ele>469.2</ele>
      </trkpt>
      <trkpt lat="33.089996" lon="-111.507699">
        <ele>468.8</ele>
      </trkpt>
      <trkpt lat="33.093915" lon="-111.507758">
        <ele>469.0</ele>
      </trkpt>
      <trkpt lat="33.096088" lon="-111.50774">
        <ele>469.2</ele>
      </trkpt>
      <trkpt lat="33.097291" lon="-111.507764">
        <ele>469.4</ele>
      </trkpt>
      <trkpt lat="33.0982" lon="-111.507749">
        <ele>469.6</ele>
      </trkpt>
      <trkpt lat="33.098819" lon="-111.507787">
        <ele>469.6</ele>
      </trkpt>
      <trkpt lat="33.099157" lon="-111.507854">
        <ele>469.4</ele>
      </trkpt>
      <trkpt lat="33.099217" lon="-111.507837">
        <ele>469.4</ele>
      </trkpt>
      <trkpt lat="33.099339" lon="-111.507736">
        <ele>469.4</ele>
      </trkpt>
      <trkpt lat="33.099441" lon="-111.50771">
        <ele>469.4</ele>
      </trkpt>
      <trkpt lat="33.099559" lon="-111.50778">
        <ele>469.4</ele>
      </trkpt>
      <trkpt lat="33.10308" lon="-111.51094">
        <ele>469.0</ele>
      </trkpt>
      <trkpt lat="33.10373" lon="-111.51156">
        <ele>467.8</ele>
      </trkpt>
      <trkpt lat="33.110439" lon="-111.51769">
        <ele>466.6</ele>
      </trkpt>
      <trkpt lat="33.117939" lon="-111.52447">
        <ele>465.2</ele>
      </trkpt>
      <trkpt lat="33.11865" lon="-111.52503">
        <ele>463.8</ele>
      </trkpt>
      <trkpt lat="33.11959" lon="-111.52603">
        <ele>463.0</ele>
      </trkpt>
      <trkpt lat="33.120869" lon="-111.52717">
        <ele>463.0</ele>
      </trkpt>
      <trkpt lat="33.121139" lon="-111.52737">
        <ele>463.0</ele>
      </trkpt>
      <trkpt lat="33.12437" lon="-111.53032">
        <ele>463.0</ele>
      </trkpt>
      <trkpt lat="33.12747" lon="-111.53307">
        <ele>463.0</ele>
      </trkpt>
      <trkpt lat="33.1276" lon="-111.53322">
        <ele>463.0</ele>
      </trkpt>
      <trkpt lat="33.127699" lon="-111.53339">
        <ele>462.8</ele>
      </trkpt>
      <trkpt lat="33.128189" lon="-111.53376">
        <ele>462.6</ele>
      </trkpt>
      <trkpt lat="33.13216" lon="-111.53732">
        <ele>462.4</ele>
      </trkpt>
      <trkpt lat="33.13263" lon="-111.5378">
        <ele>462.2</ele>
      </trkpt>
      <trkpt lat="33.13281" lon="-111.53794">
        <ele>462.0</ele>
      </trkpt>
      <trkpt lat="33.133139" lon="-111.53831">
        <ele>462.0</ele>
      </trkpt>
      <trkpt lat="33.13342" lon="-111.53855">
        <ele>462.0</ele>
      </trkpt>
      <trkpt lat="33.133409" lon="-111.5387">
        <ele>462.0</ele>
      </trkpt>
      <trkpt lat="33.133049" lon="-111.53928">
        <ele>462.0</ele>
      </trkpt>
      <trkpt lat="33.13293" lon="-111.53969">
        <ele>462.8</ele>
      </trkpt>
      <trkpt lat="33.13289" lon="-111.5401">
        <ele>463.6</ele>
      </trkpt>
      <trkpt lat="33.132869" lon="-111.55187">
        <ele>464.4</ele>
      </trkpt>
      <trkpt lat="33.13291" lon="-111.55261">
        <ele>465.2</ele>
      </trkpt>
      <trkpt lat="33.133049" lon="-111.55311">
        <ele>466.0</ele>
      </trkpt>
      <trkpt lat="33.13327" lon="-111.5535">
        <ele>466.0</ele>
      </trkpt>
      <trkpt lat="33.133474" lon="-111.553751">
        <ele>466.2</ele>
      </trkpt>
      <trkpt lat="33.133547" lon="-111.554094">
        <ele>466.4</ele>
      </trkpt>
      <trkpt lat="33.132931" lon="-111.554601">
        <ele>466.8</ele>
      </trkpt>
      <trkpt lat="33.132582" lon="-111.55546">
        <ele>467.4</ele>
      </trkpt>
      <trkpt lat="33.132627" lon="-111.556891">
        <ele>468.4</ele>
      </trkpt>
      <trkpt lat="33.132616" lon="-111.559709">
        <ele>469.4</ele>
      </trkpt>
      <trkpt lat="33.132649" lon="-111.562114">
        <ele>471.2</ele>
      </trkpt>
      <trkpt lat="33.132601" lon="-111.565205">
        <ele>472.8</ele>
      </trkpt>
      <trkpt lat="33.13271" lon="-111.57138">
        <ele>474.4</ele>
      </trkpt>
      <trkpt lat="33.132689" lon="-111.57166">
        <ele>475.6</ele>
      </trkpt>
      <trkpt lat="33.13273" lon="-111.57438">
        <ele>476.4</ele>
      </trkpt>
      <trkpt lat="33.132779" lon="-111.57504">
        <ele>476.2</ele>
      </trkpt>
      <trkpt lat="33.132779" lon="-111.57567">
        <ele>476.4</ele>
      </trkpt>
      <trkpt lat="33.13272" lon="-111.57735">
        <ele>476.6</ele>
      </trkpt>
      <trkpt lat="33.13274" lon="-111.57764">
        <ele>477.6</ele>
      </trkpt>
      <trkpt lat="33.13283" lon="-111.57769">
        <ele>478.8</ele>
      </trkpt>
      <trkpt lat="33.13957" lon="-111.57812">
        <ele>480.4</ele>
      </trkpt>
      <trkpt lat="33.139865" lon="-111.578204">
        <ele>481.8</ele>
      </trkpt>
      <trkpt lat="33.13994" lon="-111.57837">
        <ele>484.4</ele>
      </trkpt>
      <trkpt lat="33.139989" lon="-111.5801">
        <ele>486.0</ele>
      </trkpt>
      <trkpt lat="33.139919" lon="-111.58539">
        <ele>488.8</ele>
      </trkpt>
      <trkpt lat="33.139989" lon="-111.58622">
        <ele>491.4</ele>
      </trkpt>
      <trkpt lat="33.140009" lon="-111.59055">
        <ele>493.8</ele>
      </trkpt>
      <trkpt lat="33.139989" lon="-111.59201">
        <ele>495.0</ele>
      </trkpt>
      <trkpt lat="33.13994" lon="-111.59238">
        <ele>496.8</ele>
      </trkpt>
      <trkpt lat="33.140009" lon="-111.59347">
        <ele>497.4</ele>
      </trkpt>
      <trkpt lat="33.14003" lon="-111.59519">
        <ele>498.2</ele>
      </trkpt>
      <trkpt lat="33.13996" lon="-111.59644">
        <ele>499.8</ele>
      </trkpt>
      <trkpt lat="33.139989" lon="-111.59703">
        <ele>501.2</ele>
      </trkpt>
      <trkpt lat="33.139919" lon="-111.60103">
        <ele>502.6</ele>
      </trkpt>
      <trkpt lat="33.139938" lon="-111.601417">
        <ele>504.4</ele>
      </trkpt>
      <trkpt lat="33.13996" lon="-111.60501">
        <ele>506.0</ele>
      </trkpt>
      <trkpt lat="33.13994" lon="-111.60724">
        <ele>507.4</ele>
      </trkpt>
      <trkpt lat="33.13987" lon="-111.6091">
        <ele>509.0</ele>
      </trkpt>
      <trkpt lat="33.13986" lon="-111.61102">
        <ele>510.8</ele>
      </trkpt>
      <trkpt lat="33.139843" lon="-111.611491">
        <ele>512.2</ele>
      </trkpt>
      <trkpt lat="33.139879" lon="-111.61289">
        <ele>514.0</ele>
      </trkpt>
      <trkpt lat="33.139899" lon="-111.61464">
        <ele>516.2</ele>
      </trkpt>
      <trkpt lat="33.13983" lon="-111.6162">
        <ele>518.0</ele>
      </trkpt>
      <trkpt lat="33.1398" lon="-111.62074">
        <ele>519.2</ele>
      </trkpt>
      <trkpt lat="33.139609" lon="-111.62105">
        <ele>520.6</ele>
      </trkpt>
      <trkpt lat="33.13909" lon="-111.6217">
        <ele>521.6</ele>
      </trkpt>
      <trkpt lat="33.138869" lon="-111.62203">
        <ele>521.6</ele>
      </trkpt>
      <trkpt lat="33.13875" lon="-111.62228">
        <ele>521.8</ele>
      </trkpt>
      <trkpt lat="33.138669" lon="-111.62263">
        <ele>521.8</ele>
      </trkpt>
      <trkpt lat="33.13848" lon="-111.62419">
        <ele>521.0</ele>
      </trkpt>
      <trkpt lat="33.13827" lon="-111.62684">
        <ele>520.2</ele>
      </trkpt>
      <trkpt lat="33.137949" lon="-111.62803">
        <ele>518.2</ele>
      </trkpt>
      <trkpt lat="33.137639" lon="-111.62896">
        <ele>516.2</ele>
      </trkpt>
      <trkpt lat="33.136499" lon="-111.63194">
        <ele>514.4</ele>
      </trkpt>
      <trkpt lat="33.136339" lon="-111.63226">
        <ele>513.2</ele>
      </trkpt>
      <trkpt lat="33.13613" lon="-111.6326">
        <ele>511.8</ele>
      </trkpt>
      <trkpt lat="33.13589" lon="-111.63289">
        <ele>511.2</ele>
      </trkpt>
      <trkpt lat="33.135509" lon="-111.63328">
        <ele>510.2</ele>
      </trkpt>
      <trkpt lat="33.134569" lon="-111.63399">
        <ele>509.2</ele>
      </trkpt>
      <trkpt lat="33.134169" lon="-111.63422">
        <ele>507.8</ele>
      </trkpt>
      <trkpt lat="33.133879" lon="-111.63428">
        <ele>506.6</ele>
      </trkpt>
      <trkpt lat="33.13354" lon="-111.6343">
        <ele>505.2</ele>
      </trkpt>
      <trkpt lat="33.13298" lon="-111.63447">
        <ele>503.8</ele>
      </trkpt>
      <trkpt lat="33.13207" lon="-111.63489">
        <ele>502.4</ele>
      </trkpt>
      <trkpt lat="33.1311" lon="-111.63518">
        <ele>501.2</ele>
      </trkpt>
      <trkpt lat="33.13065" lon="-111.63538">
        <ele>500.0</ele>
      </trkpt>
      <trkpt lat="33.130319" lon="-111.63564">
        <ele>499.4</ele>
      </trkpt>
      <trkpt lat="33.12982" lon="-111.63638">
        <ele>499.2</ele>
      </trkpt>
      <trkpt lat="33.12974" lon="-111.63658">
        <ele>499.0</ele>
      </trkpt>
      <trkpt lat="33.12975" lon="-111.636681">
        <ele>499.0</ele>
      </trkpt>
      <trkpt lat="33.129702" lon="-111.636712">
        <ele>498.2</ele>
      </trkpt>
      <trkpt lat="33.129489" lon="-111.63712">
        <ele>497.8</ele>
      </trkpt>
      <trkpt lat="33.129469" lon="-111.6375">
        <ele>497.6</ele>
      </trkpt>
      <trkpt lat="33.129489" lon="-111.63769">
        <ele>497.4</ele>
      </trkpt>
      <trkpt lat="33.12961" lon="-111.63784">
        <ele>497.8</ele>
      </trkpt>
      <trkpt lat="33.12974" lon="-111.63792">
        <ele>498.2</ele>
      </trkpt>
      <trkpt lat="33.12982" lon="-111.63792">
        <ele>498.8</ele>
      </trkpt>
      <trkpt lat="33.13007" lon="-111.63781">
        <ele>499.4</ele>
      </trkpt>
      <trkpt lat="33.13038" lon="-111.63778">
        <ele>500.4</ele>
      </trkpt>
      <trkpt lat="33.131059" lon="-111.63788">
        <ele>501.2</ele>
      </trkpt>
      <trkpt lat="33.1314" lon="-111.63789">
        <ele>502.0</ele>
      </trkpt>
      <trkpt lat="33.131549" lon="-111.63785">
        <ele>502.6</ele>
      </trkpt>
      <trkpt lat="33.131659" lon="-111.63777">
        <ele>503.0</ele>
      </trkpt>
      <trkpt lat="33.131999" lon="-111.63734">
        <ele>503.4</ele>
      </trkpt>
      <trkpt lat="33.13219" lon="-111.63724">
        <ele>504.0</ele>
      </trkpt>
      <trkpt lat="33.132399" lon="-111.63722">
        <ele>504.6</ele>
      </trkpt>
      <trkpt lat="33.13275" lon="-111.63725">
        <ele>505.6</ele>
      </trkpt>
      <trkpt lat="33.133" lon="-111.63735">
        <ele>506.8</ele>
      </trkpt>
      <trkpt lat="33.13351" lon="-111.63768">
        <ele>507.4</ele>
      </trkpt>
      <trkpt lat="33.13423" lon="-111.63825">
        <ele>508.6</ele>
      </trkpt>
      <trkpt lat="33.13433" lon="-111.63828">
        <ele>509.8</ele>
      </trkpt>
      <trkpt lat="33.135019" lon="-111.63825">
        <ele>510.4</ele>
      </trkpt>
      <trkpt lat="33.135109" lon="-111.63831">
        <ele>511.0</ele>
      </trkpt>
      <trkpt lat="33.135399" lon="-111.63861">
        <ele>512.2</ele>
      </trkpt>
      <trkpt lat="33.13582" lon="-111.63913">
        <ele>512.8</ele>
      </trkpt>
      <trkpt lat="33.13593" lon="-111.63917">
        <ele>513.4</ele>
      </trkpt>
      <trkpt lat="33.13622" lon="-111.6392">
        <ele>514.2</ele>
      </trkpt>
      <trkpt lat="33.13639" lon="-111.63927">
        <ele>515.0</ele>
      </trkpt>
      <trkpt lat="33.136609" lon="-111.63947">
        <ele>515.8</ele>
      </trkpt>
      <trkpt lat="33.136699" lon="-111.63959">
        <ele>516.4</ele>
      </trkpt>
      <trkpt lat="33.137189" lon="-111.63986">
        <ele>517.0</ele>
      </trkpt>
      <trkpt lat="33.137439" lon="-111.64014">
        <ele>518.0</ele>
      </trkpt>
      <trkpt lat="33.13769" lon="-111.6406">
        <ele>519.0</ele>
      </trkpt>
      <trkpt lat="33.1378" lon="-111.64093">
        <ele>519.6</ele>
      </trkpt>
      <trkpt lat="33.13792" lon="-111.64117">
        <ele>520.2</ele>
      </trkpt>
      <trkpt lat="33.138129" lon="-111.64141">
        <ele>520.6</ele>
      </trkpt>
      <trkpt lat="33.13828" lon="-111.64148">
        <ele>521.4</ele>
      </trkpt>
      <trkpt lat="33.13842" lon="-111.64164">
        <ele>522.4</ele>
      </trkpt>
      <trkpt lat="33.138979" lon="-111.64172">
        <ele>523.4</ele>
      </trkpt>
      <trkpt lat="33.139539" lon="-111.64176">
        <ele>524.4</ele>
      </trkpt>
      <trkpt lat="33.13956" lon="-111.6418">
        <ele>525.6</ele>
      </trkpt>
      <trkpt lat="33.13951" lon="-111.64189">
        <ele>525.4</ele>
      </trkpt>
      <trkpt lat="33.13939" lon="-111.64195">
        <ele>525.4</ele>
      </trkpt>
      <trkpt lat="33.13936" lon="-111.642">
        <ele>525.2</ele>
      </trkpt>
      <trkpt lat="33.13933" lon="-111.6423">
        <ele>525.0</ele>
      </trkpt>
      <trkpt lat="33.139339" lon="-111.64248">
        <ele>524.8</ele>
      </trkpt>
      <trkpt lat="33.13927" lon="-111.64294">
        <ele>524.8</ele>
      </trkpt>
      <trkpt lat="33.139" lon="-111.64325">
        <ele>525.0</ele>
      </trkpt>
      <trkpt lat="33.13903" lon="-111.64339">
        <ele>525.6</ele>
      </trkpt>
      <trkpt lat="33.13902" lon="-111.64366">
        <ele>526.8</ele>
      </trkpt>
      <trkpt lat="33.138849" lon="-111.64423">
        <ele>528.0</ele>
      </trkpt>
      <trkpt lat="33.13877" lon="-111.64488">
        <ele>529.0</ele>
      </trkpt>
      <trkpt lat="33.138849" lon="-111.64528">
        <ele>529.4</ele>
      </trkpt>
      <trkpt lat="33.13886" lon="-111.64545">
        <ele>529.2</ele>
      </trkpt>
      <trkpt lat="33.138939" lon="-111.64566">
        <ele>528.6</ele>
      </trkpt>
      <trkpt lat="33.138689" lon="-111.64624">
        <ele>528.0</ele>
      </trkpt>
      <trkpt lat="33.13883" lon="-111.64658">
        <ele>526.8</ele>
      </trkpt>
      <trkpt lat="33.13875" lon="-111.64683">
        <ele>525.8</ele>
      </trkpt>
      <trkpt lat="33.13854" lon="-111.64726">
        <ele>525.6</ele>
      </trkpt>
      <trkpt lat="33.138489" lon="-111.64746">
        <ele>525.4</ele>
      </trkpt>
      <trkpt lat="33.138469" lon="-111.64769">
        <ele>525.2</ele>
      </trkpt>
      <trkpt lat="33.13837" lon="-111.64783">
        <ele>525.4</ele>
      </trkpt>
      <trkpt lat="33.13835" lon="-111.64796">
        <ele>525.2</ele>
      </trkpt>
      <trkpt lat="33.13827" lon="-111.64817">
        <ele>524.6</ele>
      </trkpt>
      <trkpt lat="33.138019" lon="-111.64843">
        <ele>524.2</ele>
      </trkpt>
      <trkpt lat="33.137909" lon="-111.64866">
        <ele>524.4</ele>
      </trkpt>
      <trkpt lat="33.13792" lon="-111.64876">
        <ele>524.8</ele>
      </trkpt>
      <trkpt lat="33.138129" lon="-111.64917">
        <ele>525.6</ele>
      </trkpt>
      <trkpt lat="33.138289" lon="-111.64933">
        <ele>526.8</ele>
      </trkpt>
      <trkpt lat="33.138509" lon="-111.64948">
        <ele>528.0</ele>
      </trkpt>
      <trkpt lat="33.13921" lon="-111.64962">
        <ele>529.2</ele>
      </trkpt>
      <trkpt lat="33.13966" lon="-111.64981">
        <ele>530.8</ele>
      </trkpt>
      <trkpt lat="33.14077" lon="-111.65007">
        <ele>532.6</ele>
      </trkpt>
      <trkpt lat="33.14108" lon="-111.65011">
        <ele>534.0</ele>
      </trkpt>
      <trkpt lat="33.141599" lon="-111.64982">
        <ele>535.2</ele>
      </trkpt>
      <trkpt lat="33.141979" lon="-111.64956">
        <ele>535.8</ele>
      </trkpt>
      <trkpt lat="33.142249" lon="-111.6495">
        <ele>536.4</ele>
      </trkpt>
      <trkpt lat="33.142539" lon="-111.64971">
        <ele>537.0</ele>
      </trkpt>
      <trkpt lat="33.142609" lon="-111.64973">
        <ele>537.6</ele>
      </trkpt>
      <trkpt lat="33.14274" lon="-111.6497">
        <ele>538.4</ele>
      </trkpt>
      <trkpt lat="33.142989" lon="-111.64953">
        <ele>539.8</ele>
      </trkpt>
      <trkpt lat="33.14359" lon="-111.64938">
        <ele>541.2</ele>
      </trkpt>
      <trkpt lat="33.144399" lon="-111.64938">
        <ele>542.4</ele>
      </trkpt>
      <trkpt lat="33.144959" lon="-111.64916">
        <ele>544.0</ele>
      </trkpt>
      <trkpt lat="33.145269" lon="-111.64909">
        <ele>545.6</ele>
      </trkpt>
      <trkpt lat="33.145899" lon="-111.64922">
        <ele>546.6</ele>
      </trkpt>
      <trkpt lat="33.146079" lon="-111.64936">
        <ele>547.2</ele>
      </trkpt>
      <trkpt lat="33.146259" lon="-111.64941">
        <ele>547.8</ele>
      </trkpt>
      <trkpt lat="33.146479" lon="-111.64938">
        <ele>548.4</ele>
      </trkpt>
      <trkpt lat="33.146549" lon="-111.64934">
        <ele>549.0</ele>
      </trkpt>
      <trkpt lat="33.1468" lon="-111.64936">
        <ele>549.6</ele>
      </trkpt>
      <trkpt lat="33.14691" lon="-111.6495">
        <ele>550.4</ele>
      </trkpt>
      <trkpt lat="33.146949" lon="-111.64951">
        <ele>551.6</ele>
      </trkpt>
      <trkpt lat="33.14715" lon="-111.64926">
        <ele>552.4</ele>
      </trkpt>
      <trkpt lat="33.147425" lon="-111.649246">
        <ele>553.2</ele>
      </trkpt>
      <trkpt lat="33.147484" lon="-111.649293">
        <ele>554.0</ele>
      </trkpt>
      <trkpt lat="33.147865" lon="-111.649254">
        <ele>554.4</ele>
      </trkpt>
      <trkpt lat="33.147874" lon="-111.649305">
        <ele>554.4</ele>
      </trkpt>
      <trkpt lat="33.147709" lon="-111.649425">
        <ele>554.6</ele>
      </trkpt>
      <trkpt lat="33.147669" lon="-111.64959">
        <ele>554.6</ele>
      </trkpt>
      <trkpt lat="33.147779" lon="-111.64965">
        <ele>554.8</ele>
      </trkpt>
      <trkpt lat="33.147889" lon="-111.64965">
        <ele>555.2</ele>
      </trkpt>
      <trkpt lat="33.14804" lon="-111.64971">
        <ele>556.0</ele>
      </trkpt>
      <trkpt lat="33.148159" lon="-111.64965">
        <ele>557.0</ele>
      </trkpt>
      <trkpt lat="33.14829" lon="-111.64965">
        <ele>558.4</ele>
      </trkpt>
      <trkpt lat="33.148429" lon="-111.64976">
        <ele>559.8</ele>
      </trkpt>
      <trkpt lat="33.148539" lon="-111.64991">
        <ele>560.6</ele>
      </trkpt>
      <trkpt lat="33.14862" lon="-111.65013">
        <ele>561.0</ele>
      </trkpt>
      <trkpt lat="33.148629" lon="-111.65068">
        <ele>561.4</ele>
      </trkpt>
      <trkpt lat="33.14869" lon="-111.65085">
        <ele>561.4</ele>
      </trkpt>
      <trkpt lat="33.148809" lon="-111.65094">
        <ele>561.2</ele>
      </trkpt>
      <trkpt lat="33.148809" lon="-111.65109">
        <ele>561.0</ele>
      </trkpt>
      <trkpt lat="33.148739" lon="-111.65132">
        <ele>560.4</ele>
      </trkpt>
      <trkpt lat="33.14871" lon="-111.65162">
        <ele>559.4</ele>
      </trkpt>
      <trkpt lat="33.14858" lon="-111.652">
        <ele>558.8</ele>
      </trkpt>
      <trkpt lat="33.1486" lon="-111.6521">
        <ele>558.4</ele>
      </trkpt>
      <trkpt lat="33.14876" lon="-111.65235">
        <ele>558.6</ele>
      </trkpt>
      <trkpt lat="33.14885" lon="-111.65241">
        <ele>559.4</ele>
      </trkpt>
      <trkpt lat="33.14897" lon="-111.65263">
        <ele>560.6</ele>
      </trkpt>
      <trkpt lat="33.14909" lon="-111.65263">
        <ele>561.6</ele>
      </trkpt>
      <trkpt lat="33.14925" lon="-111.65268">
        <ele>562.8</ele>
      </trkpt>
      <trkpt lat="33.14933" lon="-111.65278">
        <ele>564.2</ele>
      </trkpt>
      <trkpt lat="33.149569" lon="-111.65278">
        <ele>566.2</ele>
      </trkpt>
      <trkpt lat="33.14981" lon="-111.65293">
        <ele>567.6</ele>
      </trkpt>
      <trkpt lat="33.14991" lon="-111.65325">
        <ele>568.8</ele>
      </trkpt>
      <trkpt lat="33.15021" lon="-111.65361">
        <ele>569.6</ele>
      </trkpt>
      <trkpt lat="33.15038" lon="-111.65371">
        <ele>570.8</ele>
      </trkpt>
      <trkpt lat="33.15053" lon="-111.65396">
        <ele>571.2</ele>
      </trkpt>
      <trkpt lat="33.150779" lon="-111.65412">
        <ele>571.0</ele>
      </trkpt>
      <trkpt lat="33.15086" lon="-111.65432">
        <ele>570.8</ele>
      </trkpt>
      <trkpt lat="33.15106" lon="-111.65468">
        <ele>570.6</ele>
      </trkpt>
      <trkpt lat="33.15113" lon="-111.65464">
        <ele>570.2</ele>
      </trkpt>
      <trkpt lat="33.151179" lon="-111.65466">
        <ele>569.6</ele>
      </trkpt>
      <trkpt lat="33.15123" lon="-111.6549">
        <ele>570.4</ele>
      </trkpt>
      <trkpt lat="33.15133" lon="-111.65492">
        <ele>571.4</ele>
      </trkpt>
      <trkpt lat="33.15168" lon="-111.65472">
        <ele>572.6</ele>
      </trkpt>
      <trkpt lat="33.1518" lon="-111.65471">
        <ele>573.6</ele>
      </trkpt>
      <trkpt lat="33.151919" lon="-111.65486">
        <ele>574.8</ele>
      </trkpt>
      <trkpt lat="33.15209" lon="-111.6549">
        <ele>575.6</ele>
      </trkpt>
      <trkpt lat="33.152189" lon="-111.65485">
        <ele>577.2</ele>
      </trkpt>
      <trkpt lat="33.152279" lon="-111.65494">
        <ele>578.4</ele>
      </trkpt>
      <trkpt lat="33.152589" lon="-111.65506">
        <ele>579.8</ele>
      </trkpt>
      <trkpt lat="33.1527" lon="-111.65505">
        <ele>581.0</ele>
      </trkpt>
      <trkpt lat="33.152859" lon="-111.65496">
        <ele>581.8</ele>
      </trkpt>
      <trkpt lat="33.15307" lon="-111.65495">
        <ele>580.8</ele>
      </trkpt>
      <trkpt lat="33.15312" lon="-111.65503">
        <ele>579.0</ele>
      </trkpt>
      <trkpt lat="33.15335" lon="-111.65524">
        <ele>576.4</ele>
      </trkpt>
      <trkpt lat="33.15374" lon="-111.65512">
        <ele>573.8</ele>
      </trkpt>
      <trkpt lat="33.153779" lon="-111.65521">
        <ele>571.0</ele>
      </trkpt>
      <trkpt lat="33.153889" lon="-111.65522">
        <ele>569.4</ele>
      </trkpt>
      <trkpt lat="33.15397" lon="-111.65516">
        <ele>568.8</ele>
      </trkpt>
      <trkpt lat="33.154089" lon="-111.65495">
        <ele>568.8</ele>
      </trkpt>
      <trkpt lat="33.15412" lon="-111.65485">
        <ele>569.0</ele>
      </trkpt>
      <trkpt lat="33.15423" lon="-111.65483">
        <ele>569.6</ele>
      </trkpt>
      <trkpt lat="33.154269" lon="-111.6547">
        <ele>569.8</ele>
      </trkpt>
      <trkpt lat="33.15433" lon="-111.65471">
        <ele>569.6</ele>
      </trkpt>
      <trkpt lat="33.154378" lon="-111.654901">
        <ele>569.2</ele>
      </trkpt>
      <trkpt lat="33.15467" lon="-111.65483">
        <ele>568.2</ele>
      </trkpt>
      <trkpt lat="33.15479" lon="-111.65485">
        <ele>567.4</ele>
      </trkpt>
      <trkpt lat="33.15496" lon="-111.65478">
        <ele>566.6</ele>
      </trkpt>
      <trkpt lat="33.155" lon="-111.6547">
        <ele>565.8</ele>
      </trkpt>
      <trkpt lat="33.15506" lon="-111.65466">
        <ele>564.6</ele>
      </trkpt>
      <trkpt lat="33.15524" lon="-111.65478">
        <ele>563.6</ele>
      </trkpt>
      <trkpt lat="33.15543" lon="-111.65473">
        <ele>562.4</ele>
      </trkpt>
      <trkpt lat="33.15564" lon="-111.65487">
        <ele>561.2</ele>
      </trkpt>
      <trkpt lat="33.155659" lon="-111.65523">
        <ele>560.6</ele>
      </trkpt>
      <trkpt lat="33.155749" lon="-111.65532">
        <ele>560.4</ele>
      </trkpt>
      <trkpt lat="33.15585" lon="-111.65529">
        <ele>560.6</ele>
      </trkpt>
      <trkpt lat="33.15591" lon="-111.65518">
        <ele>561.0</ele>
      </trkpt>
      <trkpt lat="33.156059" lon="-111.65501">
        <ele>561.6</ele>
      </trkpt>
      <trkpt lat="33.15628" lon="-111.65461">
        <ele>562.8</ele>
      </trkpt>
      <trkpt lat="33.15639" lon="-111.65451">
        <ele>564.4</ele>
      </trkpt>
      <trkpt lat="33.15683" lon="-111.65424">
        <ele>566.2</ele>
      </trkpt>
      <trkpt lat="33.156979" lon="-111.65403">
        <ele>567.8</ele>
      </trkpt>
      <trkpt lat="33.15711" lon="-111.65396">
        <ele>569.2</ele>
      </trkpt>
      <trkpt lat="33.15721" lon="-111.65403">
        <ele>569.6</ele>
      </trkpt>
      <trkpt lat="33.157359" lon="-111.65408">
        <ele>569.0</ele>
      </trkpt>
      <trkpt lat="33.157519" lon="-111.65396">
        <ele>568.2</ele>
      </trkpt>
      <trkpt lat="33.15787" lon="-111.65382">
        <ele>567.4</ele>
      </trkpt>
      <trkpt lat="33.157919" lon="-111.65392">
        <ele>566.2</ele>
      </trkpt>
      <trkpt lat="33.15808" lon="-111.65398">
        <ele>565.2</ele>
      </trkpt>
      <trkpt lat="33.158189" lon="-111.6539">
        <ele>564.4</ele>
      </trkpt>
      <trkpt lat="33.15856" lon="-111.65396">
        <ele>563.6</ele>
      </trkpt>
      <trkpt lat="33.15879" lon="-111.65375">
        <ele>562.4</ele>
      </trkpt>
      <trkpt lat="33.15892" lon="-111.65383">
        <ele>561.6</ele>
      </trkpt>
      <trkpt lat="33.15912" lon="-111.65369">
        <ele>560.8</ele>
      </trkpt>
      <trkpt lat="33.15926" lon="-111.6537">
        <ele>560.0</ele>
      </trkpt>
      <trkpt lat="33.159529" lon="-111.65349">
        <ele>558.6</ele>
      </trkpt>
      <trkpt lat="33.160069" lon="-111.65332">
        <ele>557.6</ele>
      </trkpt>
      <trkpt lat="33.16044" lon="-111.65303">
        <ele>556.2</ele>
      </trkpt>
      <trkpt lat="33.160629" lon="-111.65303">
        <ele>554.6</ele>
      </trkpt>
      <trkpt lat="33.16087" lon="-111.65293">
        <ele>553.4</ele>
      </trkpt>
      <trkpt lat="33.161029" lon="-111.65273">
        <ele>552.6</ele>
      </trkpt>
      <trkpt lat="33.16125" lon="-111.6526">
        <ele>551.6</ele>
      </trkpt>
      <trkpt lat="33.161409" lon="-111.65243">
        <ele>550.6</ele>
      </trkpt>
      <trkpt lat="33.161839" lon="-111.65239">
        <ele>549.2</ele>
      </trkpt>
      <trkpt lat="33.1622" lon="-111.65232">
        <ele>547.8</ele>
      </trkpt>
      <trkpt lat="33.162709" lon="-111.65245">
        <ele>545.4</ele>
      </trkpt>
      <trkpt lat="33.16284" lon="-111.65242">
        <ele>543.2</ele>
      </trkpt>
      <trkpt lat="33.16368" lon="-111.65184">
        <ele>541.0</ele>
      </trkpt>
      <trkpt lat="33.16406" lon="-111.65123">
        <ele>539.2</ele>
      </trkpt>
      <trkpt lat="33.164319" lon="-111.6509">
        <ele>537.4</ele>
      </trkpt>
      <trkpt lat="33.164459" lon="-111.65077">
        <ele>536.8</ele>
      </trkpt>
      <trkpt lat="33.164814" lon="-111.650945">
        <ele>535.8</ele>
      </trkpt>
      <trkpt lat="33.165065" lon="-111.651009">
        <ele>535.0</ele>
      </trkpt>
      <trkpt lat="33.165303" lon="-111.651523">
        <ele>534.2</ele>
      </trkpt>
      <trkpt lat="33.165753" lon="-111.651844">
        <ele>533.6</ele>
      </trkpt>
      <trkpt lat="33.165889" lon="-111.652027">
        <ele>532.4</ele>
      </trkpt>
      <trkpt lat="33.16602" lon="-111.652287">
        <ele>531.2</ele>
      </trkpt>
      <trkpt lat="33.166322" lon="-111.652593">
        <ele>530.0</ele>
      </trkpt>
      <trkpt lat="33.16667" lon="-111.65267">
        <ele>529.0</ele>
      </trkpt>
      <trkpt lat="33.16689" lon="-111.652817">
        <ele>528.0</ele>
      </trkpt>
      <trkpt lat="33.166964" lon="-111.653097">
        <ele>527.4</ele>
      </trkpt>
      <trkpt lat="33.166986" lon="-111.653433">
        <ele>527.2</ele>
      </trkpt>
      <trkpt lat="33.167098" lon="-111.653671">
        <ele>527.0</ele>
      </trkpt>
      <trkpt lat="33.167136" lon="-111.653956">
        <ele>526.4</ele>
      </trkpt>
      <trkpt lat="33.167218" lon="-111.654186">
        <ele>525.6</ele>
      </trkpt>
      <trkpt lat="33.167375" lon="-111.654464">
        <ele>524.8</ele>
      </trkpt>
      <trkpt lat="33.167429" lon="-111.654766">
        <ele>523.8</ele>
      </trkpt>
      <trkpt lat="33.167417" lon="-111.655062">
        <ele>523.0</ele>
      </trkpt>
      <trkpt lat="33.16755" lon="-111.65516">
        <ele>522.4</ele>
      </trkpt>
      <trkpt lat="33.16774" lon="-111.65524">
        <ele>522.2</ele>
      </trkpt>
      <trkpt lat="33.167862" lon="-111.655412">
        <ele>522.4</ele>
      </trkpt>
      <trkpt lat="33.168039" lon="-111.65544">
        <ele>523.0</ele>
      </trkpt>
      <trkpt lat="33.1684" lon="-111.6553">
        <ele>524.0</ele>
      </trkpt>
      <trkpt lat="33.168619" lon="-111.65528">
        <ele>526.4</ele>
      </trkpt>
      <trkpt lat="33.16914" lon="-111.65534">
        <ele>528.6</ele>
      </trkpt>
      <trkpt lat="33.17037" lon="-111.65513">
        <ele>530.8</ele>
      </trkpt>
      <trkpt lat="33.17049" lon="-111.65505">
        <ele>533.0</ele>
      </trkpt>
      <trkpt lat="33.17058" lon="-111.65493">
        <ele>534.6</ele>
      </trkpt>
      <trkpt lat="33.17067" lon="-111.65474">
        <ele>535.6</ele>
      </trkpt>
      <trkpt lat="33.17074" lon="-111.65436">
        <ele>536.8</ele>
      </trkpt>
      <trkpt lat="33.17128" lon="-111.65386">
        <ele>538.0</ele>
      </trkpt>
      <trkpt lat="33.17139" lon="-111.65348">
        <ele>539.2</ele>
      </trkpt>
      <trkpt lat="33.17139" lon="-111.65337">
        <ele>540.6</ele>
      </trkpt>
      <trkpt lat="33.17143" lon="-111.65325">
        <ele>541.6</ele>
      </trkpt>
      <trkpt lat="33.171529" lon="-111.65311">
        <ele>542.4</ele>
      </trkpt>
      <trkpt lat="33.17168" lon="-111.65303">
        <ele>543.4</ele>
      </trkpt>
      <trkpt lat="33.171889" lon="-111.65298">
        <ele>544.4</ele>
      </trkpt>
      <trkpt lat="33.172179" lon="-111.65314">
        <ele>545.4</ele>
      </trkpt>
      <trkpt lat="33.172199" lon="-111.65364">
        <ele>546.0</ele>
      </trkpt>
      <trkpt lat="33.17232" lon="-111.65381">
        <ele>546.0</ele>
      </trkpt>
      <trkpt lat="33.172289" lon="-111.65402">
        <ele>545.2</ele>
      </trkpt>
      <trkpt lat="33.172069" lon="-111.65439">
        <ele>543.6</ele>
      </trkpt>
      <trkpt lat="33.17195" lon="-111.65466">
        <ele>542.0</ele>
      </trkpt>
      <trkpt lat="33.171242" lon="-111.655444">
        <ele>540.2</ele>
      </trkpt>
      <trkpt lat="33.171259" lon="-111.6556">
        <ele>537.8</ele>
      </trkpt>
      <trkpt lat="33.17132" lon="-111.65579">
        <ele>536.0</ele>
      </trkpt>
      <trkpt lat="33.171329" lon="-111.65609">
        <ele>535.0</ele>
      </trkpt>
      <trkpt lat="33.17129" lon="-111.65627">
        <ele>533.8</ele>
      </trkpt>
      <trkpt lat="33.1713" lon="-111.65647">
        <ele>532.4</ele>
      </trkpt>
      <trkpt lat="33.1714" lon="-111.65707">
        <ele>531.8</ele>
      </trkpt>
      <trkpt lat="33.171329" lon="-111.65756">
        <ele>530.6</ele>
      </trkpt>
      <trkpt lat="33.171349" lon="-111.65775">
        <ele>529.2</ele>
      </trkpt>
      <trkpt lat="33.17129" lon="-111.65822">
        <ele>528.0</ele>
      </trkpt>
      <trkpt lat="33.171329" lon="-111.65826">
        <ele>527.4</ele>
      </trkpt>
      <trkpt lat="33.171419" lon="-111.65826">
        <ele>527.0</ele>
      </trkpt>
      <trkpt lat="33.171529" lon="-111.65818">
        <ele>527.4</ele>
      </trkpt>
      <trkpt lat="33.171729" lon="-111.65814">
        <ele>528.0</ele>
      </trkpt>
      <trkpt lat="33.17199" lon="-111.65821">
        <ele>528.6</ele>
      </trkpt>
      <trkpt lat="33.17213" lon="-111.65821">
        <ele>530.0</ele>
      </trkpt>
      <trkpt lat="33.172379" lon="-111.65843">
        <ele>531.6</ele>
      </trkpt>
      <trkpt lat="33.172849" lon="-111.65873">
        <ele>533.0</ele>
      </trkpt>
      <trkpt lat="33.17302" lon="-111.6588">
        <ele>534.6</ele>
      </trkpt>
      <trkpt lat="33.173209" lon="-111.65882">
        <ele>536.2</ele>
      </trkpt>
      <trkpt lat="33.17337" lon="-111.6588">
        <ele>537.6</ele>
      </trkpt>
      <trkpt lat="33.173479" lon="-111.65886">
        <ele>539.0</ele>
      </trkpt>
      <trkpt lat="33.17383" lon="-111.65896">
        <ele>540.2</ele>
      </trkpt>
      <trkpt lat="33.173969" lon="-111.65891">
        <ele>541.2</ele>
      </trkpt>
      <trkpt lat="33.174129" lon="-111.6588">
        <ele>542.6</ele>
      </trkpt>
      <trkpt lat="33.17428" lon="-111.65874">
        <ele>543.8</ele>
      </trkpt>
      <trkpt lat="33.17467" lon="-111.65871">
        <ele>545.0</ele>
      </trkpt>
      <trkpt lat="33.17485" lon="-111.65855">
        <ele>546.0</ele>
      </trkpt>
      <trkpt lat="33.17499" lon="-111.65849">
        <ele>546.8</ele>
      </trkpt>
      <trkpt lat="33.174999" lon="-111.65854">
        <ele>547.2</ele>
      </trkpt>
      <trkpt lat="33.174909" lon="-111.65862">
        <ele>548.2</ele>
      </trkpt>
      <trkpt lat="33.17479" lon="-111.65898">
        <ele>549.0</ele>
      </trkpt>
      <trkpt lat="33.174729" lon="-111.65939">
        <ele>550.2</ele>
      </trkpt>
      <trkpt lat="33.17467" lon="-111.65956">
        <ele>551.8</ele>
      </trkpt>
      <trkpt lat="33.174639" lon="-111.65977">
        <ele>552.8</ele>
      </trkpt>
      <trkpt lat="33.17469" lon="-111.66">
        <ele>553.6</ele>
      </trkpt>
      <trkpt lat="33.17459" lon="-111.66021">
        <ele>555.0</ele>
      </trkpt>
      <trkpt lat="33.174529" lon="-111.66052">
        <ele>556.0</ele>
      </trkpt>
      <trkpt lat="33.17452" lon="-111.66071">
        <ele>556.8</ele>
      </trkpt>
      <trkpt lat="33.17446" lon="-111.66091">
        <ele>558.8</ele>
      </trkpt>
      <trkpt lat="33.17437" lon="-111.66107">
        <ele>559.6</ele>
      </trkpt>
      <trkpt lat="33.174239" lon="-111.66144">
        <ele>560.0</ele>
      </trkpt>
      <trkpt lat="33.174169" lon="-111.66179">
        <ele>561.2</ele>
      </trkpt>
      <trkpt lat="33.17419" lon="-111.66183">
        <ele>563.2</ele>
      </trkpt>
      <trkpt lat="33.174263" lon="-111.661758">
        <ele>566.0</ele>
      </trkpt>
      <trkpt lat="33.17432" lon="-111.662">
        <ele>569.0</ele>
      </trkpt>
      <trkpt lat="33.174439" lon="-111.66228">
        <ele>571.8</ele>
      </trkpt>
      <trkpt lat="33.17455" lon="-111.66237">
        <ele>572.8</ele>
      </trkpt>
      <trkpt lat="33.17468" lon="-111.66233">
        <ele>575.2</ele>
      </trkpt>
      <trkpt lat="33.17493" lon="-111.66211">
        <ele>577.6</ele>
      </trkpt>
      <trkpt lat="33.175069" lon="-111.6618">
        <ele>580.2</ele>
      </trkpt>
      <trkpt lat="33.175179" lon="-111.66168">
        <ele>581.8</ele>
      </trkpt>
      <trkpt lat="33.17531" lon="-111.66161">
        <ele>584.0</ele>
      </trkpt>
      <trkpt lat="33.17549" lon="-111.66157">
        <ele>584.2</ele>
      </trkpt>
      <trkpt lat="33.175579" lon="-111.66128">
        <ele>582.8</ele>
      </trkpt>
      <trkpt lat="33.17571" lon="-111.6611">
        <ele>580.8</ele>
      </trkpt>
      <trkpt lat="33.17589" lon="-111.66103">
        <ele>580.6</ele>
      </trkpt>
      <trkpt lat="33.17599" lon="-111.66094">
        <ele>580.6</ele>
      </trkpt>
      <trkpt lat="33.17599" lon="-111.6607">
        <ele>579.6</ele>
      </trkpt>
      <trkpt lat="33.17607" lon="-111.66051">
        <ele>580.0</ele>
      </trkpt>
      <trkpt lat="33.17625" lon="-111.66039">
        <ele>581.0</ele>
      </trkpt>
      <trkpt lat="33.176406" lon="-111.660138">
        <ele>580.8</ele>
      </trkpt>
      <trkpt lat="33.176577" lon="-111.660102">
        <ele>580.8</ele>
      </trkpt>
      <trkpt lat="33.176721" lon="-111.660096">
        <ele>581.2</ele>
      </trkpt>
      <trkpt lat="33.17701" lon="-111.65985">
        <ele>580.2</ele>
      </trkpt>
      <trkpt lat="33.17721" lon="-111.65972">
        <ele>578.8</ele>
      </trkpt>
      <trkpt lat="33.17729" lon="-111.65959">
        <ele>576.8</ele>
      </trkpt>
      <trkpt lat="33.17746" lon="-111.65959">
        <ele>573.6</ele>
      </trkpt>
      <trkpt lat="33.177601" lon="-111.659722">
        <ele>571.6</ele>
      </trkpt>
      <trkpt lat="33.177669" lon="-111.659706">
        <ele>570.0</ele>
      </trkpt>
      <trkpt lat="33.177757" lon="-111.659242">
        <ele>569.2</ele>
      </trkpt>
      <trkpt lat="33.177736" lon="-111.659095">
        <ele>569.4</ele>
      </trkpt>
      <trkpt lat="33.177781" lon="-111.65898">
        <ele>570.6</ele>
      </trkpt>
      <trkpt lat="33.177894" lon="-111.658893">
        <ele>571.4</ele>
      </trkpt>
      <trkpt lat="33.17794" lon="-111.658675">
        <ele>572.6</ele>
      </trkpt>
      <trkpt lat="33.17823" lon="-111.6584">
        <ele>572.8</ele>
      </trkpt>
      <trkpt lat="33.17835" lon="-111.65833">
        <ele>571.0</ele>
      </trkpt>
      <trkpt lat="33.17846" lon="-111.65845">
        <ele>570.8</ele>
      </trkpt>
      <trkpt lat="33.178464" lon="-111.658859">
        <ele>567.6</ele>
      </trkpt>
      <trkpt lat="33.178517" lon="-111.65914">
        <ele>562.8</ele>
      </trkpt>
      <trkpt lat="33.17872" lon="-111.65951">
        <ele>558.0</ele>
      </trkpt>
      <trkpt lat="33.178618" lon="-111.659605">
        <ele>554.8</ele>
      </trkpt>
      <trkpt lat="33.178587" lon="-111.659734">
        <ele>549.4</ele>
      </trkpt>
      <trkpt lat="33.178716" lon="-111.660354">
        <ele>547.2</ele>
      </trkpt>
      <trkpt lat="33.178753" lon="-111.660836">
        <ele>545.8</ele>
      </trkpt>
      <trkpt lat="33.178849" lon="-111.66102">
        <ele>544.4</ele>
      </trkpt>
      <trkpt lat="33.17899" lon="-111.66107">
        <ele>544.0</ele>
      </trkpt>
      <trkpt lat="33.179119" lon="-111.66103">
        <ele>544.8</ele>
      </trkpt>
      <trkpt lat="33.179285" lon="-111.660744">
        <ele>543.8</ele>
      </trkpt>
      <trkpt lat="33.179417" lon="-111.660696">
        <ele>542.6</ele>
      </trkpt>
      <trkpt lat="33.179512" lon="-111.66084">
        <ele>543.0</ele>
      </trkpt>
      <trkpt lat="33.179685" lon="-111.660903">
        <ele>542.4</ele>
      </trkpt>
      <trkpt lat="33.179828" lon="-111.660769">
        <ele>540.8</ele>
      </trkpt>
      <trkpt lat="33.18048" lon="-111.66064">
        <ele>540.2</ele>
      </trkpt>
      <trkpt lat="33.180709" lon="-111.66054">
        <ele>539.4</ele>
      </trkpt>
      <trkpt lat="33.18095" lon="-111.66035">
        <ele>537.2</ele>
      </trkpt>
      <trkpt lat="33.181019" lon="-111.66021">
        <ele>534.2</ele>
      </trkpt>
      <trkpt lat="33.18113" lon="-111.66014">
        <ele>531.8</ele>
      </trkpt>
      <trkpt lat="33.18126" lon="-111.65993">
        <ele>530.6</ele>
      </trkpt>
      <trkpt lat="33.181556" lon="-111.659527">
        <ele>530.2</ele>
      </trkpt>
      <trkpt lat="33.181644" lon="-111.659068">
        <ele>529.8</ele>
      </trkpt>
      <trkpt lat="33.18173" lon="-111.65899">
        <ele>530.8</ele>
      </trkpt>
      <trkpt lat="33.182076" lon="-111.658965">
        <ele>531.8</ele>
      </trkpt>
      <trkpt lat="33.182304" lon="-111.658766">
        <ele>531.2</ele>
      </trkpt>
      <trkpt lat="33.182539" lon="-111.658781">
        <ele>529.6</ele>
      </trkpt>
      <trkpt lat="33.182586" lon="-111.658894">
        <ele>528.2</ele>
      </trkpt>
      <trkpt lat="33.182687" lon="-111.659294">
        <ele>525.6</ele>
      </trkpt>
      <trkpt lat="33.182786" lon="-111.659505">
        <ele>522.6</ele>
      </trkpt>
      <trkpt lat="33.183314" lon="-111.660091">
        <ele>519.4</ele>
      </trkpt>
      <trkpt lat="33.183613" lon="-111.660169">
        <ele>517.0</ele>
      </trkpt>
      <trkpt lat="33.184337" lon="-111.66">
        <ele>514.6</ele>
      </trkpt>
      <trkpt lat="33.184502" lon="-111.660069">
        <ele>513.6</ele>
      </trkpt>
      <trkpt lat="33.184724" lon="-111.660317">
        <ele>513.0</ele>
      </trkpt>
      <trkpt lat="33.184939" lon="-111.66034">
        <ele>512.8</ele>
      </trkpt>
      <trkpt lat="33.185229" lon="-111.66029">
        <ele>512.6</ele>
      </trkpt>
      <trkpt lat="33.18587" lon="-111.65998">
        <ele>512.2</ele>
      </trkpt>
      <trkpt lat="33.18625" lon="-111.65985">
        <ele>511.6</ele>
      </trkpt>
      <trkpt lat="33.186369" lon="-111.65985">
        <ele>509.8</ele>
      </trkpt>
      <trkpt lat="33.18679" lon="-111.6597">
        <ele>507.8</ele>
      </trkpt>
      <trkpt lat="33.187019" lon="-111.65956">
        <ele>505.0</ele>
      </trkpt>
      <trkpt lat="33.187176" lon="-111.65921">
        <ele>501.4</ele>
      </trkpt>
      <trkpt lat="33.187241" lon="-111.658715">
        <ele>497.6</ele>
      </trkpt>
      <trkpt lat="33.187182" lon="-111.658171">
        <ele>495.4</ele>
      </trkpt>
      <trkpt lat="33.18712" lon="-111.657865">
        <ele>493.4</ele>
      </trkpt>
      <trkpt lat="33.187193" lon="-111.657804">
        <ele>492.2</ele>
      </trkpt>
      <trkpt lat="33.187328" lon="-111.657835">
        <ele>492.4</ele>
      </trkpt>
      <trkpt lat="33.187489" lon="-111.657745">
        <ele>492.8</ele>
      </trkpt>
      <trkpt lat="33.187544" lon="-111.657477">
        <ele>493.0</ele>
      </trkpt>
      <trkpt lat="33.187435" lon="-111.65678">
        <ele>493.0</ele>
      </trkpt>
      <trkpt lat="33.187536" lon="-111.656707">
        <ele>492.8</ele>
      </trkpt>
      <trkpt lat="33.187778" lon="-111.656746">
        <ele>491.6</ele>
      </trkpt>
      <trkpt lat="33.188015" lon="-111.656858">
        <ele>490.0</ele>
      </trkpt>
      <trkpt lat="33.188493" lon="-111.657377">
        <ele>488.4</ele>
      </trkpt>
      <trkpt lat="33.18873" lon="-111.65745">
        <ele>487.2</ele>
      </trkpt>
      <trkpt lat="33.188924" lon="-111.657472">
        <ele>486.2</ele>
      </trkpt>
      <trkpt lat="33.18898" lon="-111.657356">
        <ele>485.8</ele>
      </trkpt>
      <trkpt lat="33.189113" lon="-111.657253">
        <ele>485.4</ele>
      </trkpt>
      <trkpt lat="33.189259" lon="-111.656713">
        <ele>485.0</ele>
      </trkpt>
      <trkpt lat="33.189332" lon="-111.656649">
        <ele>484.6</ele>
      </trkpt>
      <trkpt lat="33.189456" lon="-111.656599">
        <ele>484.0</ele>
      </trkpt>
      <trkpt lat="33.189611" lon="-111.656392">
        <ele>483.2</ele>
      </trkpt>
      <trkpt lat="33.189638" lon="-111.656196">
        <ele>482.4</ele>
      </trkpt>
      <trkpt lat="33.189613" lon="-111.655972">
        <ele>481.8</ele>
      </trkpt>
      <trkpt lat="33.189912" lon="-111.65588">
        <ele>480.8</ele>
      </trkpt>
      <trkpt lat="33.190295" lon="-111.655852">
        <ele>479.8</ele>
      </trkpt>
      <trkpt lat="33.190834" lon="-111.655846">
        <ele>478.6</ele>
      </trkpt>
      <trkpt lat="33.19099" lon="-111.65579">
        <ele>475.8</ele>
      </trkpt>
      <trkpt lat="33.19139" lon="-111.65577">
        <ele>468.8</ele>
      </trkpt>
      <trkpt lat="33.19392" lon="-111.65579">
        <ele>462.0</ele>
      </trkpt>
      <trkpt lat="33.200719" lon="-111.65575">
        <ele>455.2</ele>
      </trkpt>
      <trkpt lat="33.201614" lon="-111.65573">
        <ele>448.6</ele>
      </trkpt>
      <trkpt lat="33.201631" lon="-111.653661">
        <ele>443.2</ele>
      </trkpt>
      <trkpt lat="33.201622" lon="-111.651402">
        <ele>441.8</ele>
      </trkpt>
      <trkpt lat="33.204286" lon="-111.651448">
        <ele>440.4</ele>
      </trkpt>
      <trkpt lat="33.204821" lon="-111.651412">
        <ele>439.0</ele>
      </trkpt>
      <trkpt lat="33.20568" lon="-111.65144">
        <ele>437.8</ele>
      </trkpt>
      <trkpt lat="33.20609" lon="-111.65149">
        <ele>437.2</ele>
      </trkpt>
      <trkpt lat="33.20662" lon="-111.6516">
        <ele>435.8</ele>
      </trkpt>
      <trkpt lat="33.20712" lon="-111.65165">
        <ele>434.6</ele>
      </trkpt>
      <trkpt lat="33.212069" lon="-111.65165">
        <ele>433.6</ele>
      </trkpt>
      <trkpt lat="33.21221" lon="-111.65162">
        <ele>431.8</ele>
      </trkpt>
      <trkpt lat="33.2126" lon="-111.65165">
        <ele>429.8</ele>
      </trkpt>
      <trkpt lat="33.217129" lon="-111.65164">
        <ele>428.2</ele>
      </trkpt>
      <trkpt lat="33.21972" lon="-111.6516">
        <ele>426.8</ele>
      </trkpt>
      <trkpt lat="33.22467" lon="-111.65168">
        <ele>425.4</ele>
      </trkpt>
      <trkpt lat="33.225279" lon="-111.65166">
        <ele>425.0</ele>
      </trkpt>
      <trkpt lat="33.22592" lon="-111.65159">
        <ele>425.0</ele>
      </trkpt>
      <trkpt lat="33.230733" lon="-111.651607">
        <ele>425.6</ele>
      </trkpt>
      <trkpt lat="33.230763" lon="-111.649207">
        <ele>426.0</ele>
      </trkpt>
      <trkpt lat="33.230742" lon="-111.647383">
        <ele>426.4</ele>
      </trkpt>
      <trkpt lat="33.230753" lon="-111.643057">
        <ele>426.8</ele>
      </trkpt>
      <trkpt lat="33.231251" lon="-111.643057">
        <ele>427.0</ele>
      </trkpt>
      <trkpt lat="33.231282" lon="-111.64293">
        <ele>427.2</ele>
      </trkpt>
      <trkpt lat="33.232301" lon="-111.642951">
        <ele>427.2</ele>
      </trkpt>
      <trkpt lat="33.23229" lon="-111.64153">
        <ele>427.2</ele>
      </trkpt>
      <trkpt lat="33.234188" lon="-111.641562">
        <ele>427.2</ele>
      </trkpt>
      <trkpt lat="33.234209" lon="-111.642633">
        <ele>427.2</ele>
      </trkpt>
      <trkpt lat="33.234188" lon="-111.643693">
        <ele>426.8</ele>
      </trkpt>
      <trkpt lat="33.234209" lon="-111.644722">
        <ele>426.6</ele>
      </trkpt>
      <trkpt lat="33.234209" lon="-111.646906">
        <ele>426.4</ele>
      </trkpt>
      <trkpt lat="33.234485" lon="-111.646949">
        <ele>426.2</ele>
      </trkpt>
      <trkpt lat="33.234686" lon="-111.647012">
        <ele>426.0</ele>
      </trkpt>
      <trkpt lat="33.23475" lon="-111.647129">
        <ele>426.0</ele>
      </trkpt>
      <trkpt lat="33.234782" lon="-111.647309">
        <ele>426.0</ele>
      </trkpt>
      <trkpt lat="33.234824" lon="-111.647373">
        <ele>425.8</ele>
      </trkpt>
      <trkpt lat="33.236646" lon="-111.647359">
        <ele>425.6</ele>
      </trkpt>
      <trkpt lat="33.237071" lon="-111.647376">
        <ele>425.4</ele>
      </trkpt>
      <trkpt lat="33.237285" lon="-111.647271">
        <ele>425.2</ele>
      </trkpt>
      <trkpt lat="33.237628" lon="-111.647258">
        <ele>425.0</ele>
      </trkpt>
      <trkpt lat="33.23775" lon="-111.647195">
        <ele>425.0</ele>
      </trkpt>
      <trkpt lat="33.237893" lon="-111.647026">
        <ele>425.0</ele>
      </trkpt>
      <trkpt lat="33.238083" lon="-111.646879">
        <ele>425.0</ele>
      </trkpt>
      <trkpt lat="33.238154" lon="-111.646862">
        <ele>425.0</ele>
      </trkpt>
      <trkpt lat="33.239289" lon="-111.646863">
        <ele>425.0</ele>
      </trkpt>
      <trkpt lat="33.239416" lon="-111.646804">
        <ele>425.0</ele>
      </trkpt>
      <trkpt lat="33.239513" lon="-111.646678">
        <ele>425.0</ele>
      </trkpt>
      <trkpt lat="33.239663" lon="-111.646644">
        <ele>425.0</ele>
      </trkpt>
      <trkpt lat="33.23993" lon="-111.646691">
        <ele>424.8</ele>
      </trkpt>
      <trkpt lat="33.240039" lon="-111.646733">
        <ele>424.6</ele>
      </trkpt>
      <trkpt lat="33.240149" lon="-111.646674">
        <ele>424.4</ele>
      </trkpt>
      <trkpt lat="33.240333" lon="-111.646724">
        <ele>424.2</ele>
      </trkpt>
      <trkpt lat="33.24057" lon="-111.646585">
        <ele>424.2</ele>
      </trkpt>
      <trkpt lat="33.240775" lon="-111.646493">
        <ele>424.2</ele>
      </trkpt>
      <trkpt lat="33.24098" lon="-111.646577">
        <ele>424.2</ele>
      </trkpt>
      <trkpt lat="33.241853" lon="-111.646493">
        <ele>424.2</ele>
      </trkpt>
      <trkpt lat="33.242848" lon="-111.646484">
        <ele>424.0</ele>
      </trkpt>
      <trkpt lat="33.244597" lon="-111.646531">
        <ele>423.6</ele>
      </trkpt>
      <trkpt lat="33.244768" lon="-111.646497">
        <ele>423.2</ele>
      </trkpt>
      <trkpt lat="33.244807" lon="-111.646408">
        <ele>422.8</ele>
      </trkpt>
      <trkpt lat="33.244633" lon="-111.645869">
        <ele>422.4</ele>
      </trkpt>
      <trkpt lat="33.24465" lon="-111.645507">
        <ele>422.2</ele>
      </trkpt>
      <trkpt lat="33.245286" lon="-111.645734">
        <ele>422.0</ele>
      </trkpt>
      <trkpt lat="33.245599" lon="-111.645945">
        <ele>422.0</ele>
      </trkpt>
      <trkpt lat="33.245649" lon="-111.645928">
        <ele>422.0</ele>
      </trkpt>
      <trkpt lat="33.245314" lon="-111.645228">
        <ele>422.2</ele>
      </trkpt>
      <trkpt lat="33.24515" lon="-111.644452">
        <ele>422.6</ele>
      </trkpt>
      <trkpt lat="33.245298" lon="-111.643815">
        <ele>423.0</ele>
      </trkpt>
      <trkpt lat="33.24467" lon="-111.641739">
        <ele>423.6</ele>
      </trkpt>
      <trkpt lat="33.243488" lon="-111.639021">
        <ele>424.6</ele>
      </trkpt>
      <trkpt lat="33.242727" lon="-111.636781">
        <ele>425.4</ele>
      </trkpt>
      <trkpt lat="33.241894" lon="-111.635852">
        <ele>426.0</ele>
      </trkpt>
      <trkpt lat="33.241097" lon="-111.634685">
        <ele>426.6</ele>
      </trkpt>
      <trkpt lat="33.248099" lon="-111.634445">
        <ele>427.0</ele>
      </trkpt>
      <trkpt lat="33.248438" lon="-111.634214">
        <ele>427.0</ele>
      </trkpt>
      <trkpt lat="33.248092" lon="-111.634451">
        <ele>427.0</ele>
      </trkpt>
      <trkpt lat="33.241048" lon="-111.634679">
        <ele>426.6</ele>
      </trkpt>
      <trkpt lat="33.241875" lon="-111.635868">
        <ele>426.0</ele>
      </trkpt>
      <trkpt lat="33.242722" lon="-111.636778">
        <ele>425.2</ele>
      </trkpt>
      <trkpt lat="33.243488" lon="-111.639001">
        <ele>424.4</ele>
      </trkpt>
      <trkpt lat="33.24512" lon="-111.642949">
        <ele>423.4</ele>
      </trkpt>
      <trkpt lat="33.245271" lon="-111.643824">
        <ele>422.8</ele>
      </trkpt>
      <trkpt lat="33.245142" lon="-111.644442">
        <ele>422.4</ele>
      </trkpt>
      <trkpt lat="33.245317" lon="-111.645205">
        <ele>422.2</ele>
      </trkpt>
      <trkpt lat="33.245666" lon="-111.645915">
        <ele>421.8</ele>
      </trkpt>
      <trkpt lat="33.246384" lon="-111.646689">
        <ele>421.6</ele>
      </trkpt>
      <trkpt lat="33.246907" lon="-111.647061">
        <ele>421.4</ele>
      </trkpt>
      <trkpt lat="33.247253" lon="-111.647649">
        <ele>421.2</ele>
      </trkpt>
      <trkpt lat="33.247473" lon="-111.648061">
        <ele>421.0</ele>
      </trkpt>
      <trkpt lat="33.24769" lon="-111.64821">
        <ele>421.0</ele>
      </trkpt>
      <trkpt lat="33.247999" lon="-111.64832">
        <ele>421.0</ele>
      </trkpt>
      <trkpt lat="33.248292" lon="-111.648617">
        <ele>421.0</ele>
      </trkpt>
      <trkpt lat="33.248489" lon="-111.648713">
        <ele>421.0</ele>
      </trkpt>
      <trkpt lat="33.248604" lon="-111.64886">
        <ele>420.8</ele>
      </trkpt>
      <trkpt lat="33.24881" lon="-111.64941">
        <ele>420.6</ele>
      </trkpt>
      <trkpt lat="33.249049" lon="-111.64982">
        <ele>420.4</ele>
      </trkpt>
      <trkpt lat="33.249409" lon="-111.65061">
        <ele>420.4</ele>
      </trkpt>
      <trkpt lat="33.249513" lon="-111.65161">
        <ele>420.2</ele>
      </trkpt>
      <trkpt lat="33.249616" lon="-111.651988">
        <ele>420.2</ele>
      </trkpt>
      <trkpt lat="33.250031" lon="-111.652986">
        <ele>420.2</ele>
      </trkpt>
      <trkpt lat="33.250315" lon="-111.653551">
        <ele>420.2</ele>
      </trkpt>
      <trkpt lat="33.250608" lon="-111.653994">
        <ele>420.2</ele>
      </trkpt>
      <trkpt lat="33.251105" lon="-111.654558">
        <ele>420.4</ele>
      </trkpt>
      <trkpt lat="33.2515" lon="-111.654836">
        <ele>420.6</ele>
      </trkpt>
      <trkpt lat="33.25239" lon="-111.65531">
        <ele>420.8</ele>
      </trkpt>
      <trkpt lat="33.252699" lon="-111.65545">
        <ele>421.0</ele>
      </trkpt>
      <trkpt lat="33.25311" lon="-111.65549">
        <ele>421.0</ele>
      </trkpt>
      <trkpt lat="33.253439" lon="-111.65557">
        <ele>420.8</ele>
      </trkpt>
      <trkpt lat="33.25387" lon="-111.65581">
        <ele>420.6</ele>
      </trkpt>
      <trkpt lat="33.255328" lon="-111.656766">
        <ele>420.2</ele>
      </trkpt>
      <trkpt lat="33.255674" lon="-111.65708">
        <ele>419.8</ele>
      </trkpt>
      <trkpt lat="33.25593" lon="-111.657482">
        <ele>419.4</ele>
      </trkpt>
      <trkpt lat="33.257638" lon="-111.659088">
        <ele>419.2</ele>
      </trkpt>
      <trkpt lat="33.259054" lon="-111.659968">
        <ele>419.0</ele>
      </trkpt>
      <trkpt lat="33.259231" lon="-111.660126">
        <ele>419.0</ele>
      </trkpt>
      <trkpt lat="33.259431" lon="-111.660464">
        <ele>419.0</ele>
      </trkpt>
      <trkpt lat="33.260706" lon="-111.663479">
        <ele>418.8</ele>
      </trkpt>
      <trkpt lat="33.261122" lon="-111.664572">
        <ele>418.6</ele>
      </trkpt>
      <trkpt lat="33.261206" lon="-111.66502">
        <ele>418.4</ele>
      </trkpt>
      <trkpt lat="33.261206" lon="-111.665368">
        <ele>418.0</ele>
      </trkpt>
      <trkpt lat="33.261097" lon="-111.665781">
        <ele>417.8</ele>
      </trkpt>
      <trkpt lat="33.261104" lon="-111.666487">
        <ele>417.6</ele>
      </trkpt>
      <trkpt lat="33.261772" lon="-111.667966">
        <ele>417.0</ele>
      </trkpt>
      <trkpt lat="33.262099" lon="-111.668296">
        <ele>416.4</ele>
      </trkpt>
      <trkpt lat="33.262476" lon="-111.668965">
        <ele>416.0</ele>
      </trkpt>
      <trkpt lat="33.2627" lon="-111.669474">
        <ele>415.2</ele>
      </trkpt>
      <trkpt lat="33.262621" lon="-111.669642">
        <ele>414.6</ele>
      </trkpt>
      <trkpt lat="33.262673" lon="-111.670385">
        <ele>414.4</ele>
      </trkpt>
      <trkpt lat="33.262738" lon="-111.670878">
        <ele>414.2</ele>
      </trkpt>
      <trkpt lat="33.262729" lon="-111.671217">
        <ele>414.0</ele>
      </trkpt>
      <trkpt lat="33.262917" lon="-111.672192">
        <ele>414.0</ele>
      </trkpt>
      <trkpt lat="33.263042" lon="-111.673074">
        <ele>414.2</ele>
      </trkpt>
      <trkpt lat="33.263348" lon="-111.673945">
        <ele>414.4</ele>
      </trkpt>
      <trkpt lat="33.263416" lon="-111.674787">
        <ele>414.4</ele>
      </trkpt>
      <trkpt lat="33.263509" lon="-111.67551">
        <ele>414.4</ele>
      </trkpt>
      <trkpt lat="33.263534" lon="-111.675984">
        <ele>414.4</ele>
      </trkpt>
      <trkpt lat="33.263488" lon="-111.676447">
        <ele>414.0</ele>
      </trkpt>
      <trkpt lat="33.263607" lon="-111.678725">
        <ele>413.6</ele>
      </trkpt>
      <trkpt lat="33.26355" lon="-111.679636">
        <ele>413.2</ele>
      </trkpt>
      <trkpt lat="33.263677" lon="-111.680616">
        <ele>412.8</ele>
      </trkpt>
      <trkpt lat="33.263702" lon="-111.681366">
        <ele>412.2</ele>
      </trkpt>
      <trkpt lat="33.263669" lon="-111.681833">
        <ele>411.8</ele>
      </trkpt>
      <trkpt lat="33.263755" lon="-111.684431">
        <ele>411.4</ele>
      </trkpt>
      <trkpt lat="33.263745" lon="-111.685242">
        <ele>411.2</ele>
      </trkpt>
      <trkpt lat="33.263604" lon="-111.685824">
        <ele>411.0</ele>
      </trkpt>
      <trkpt lat="33.264516" lon="-111.68583">
        <ele>411.0</ele>
      </trkpt>
      <trkpt lat="33.266227" lon="-111.685768">
        <ele>411.0</ele>
      </trkpt>
      <trkpt lat="33.266529" lon="-111.685797">
        <ele>410.8</ele>
      </trkpt>
      <trkpt lat="33.26652" lon="-111.68693">
        <ele>410.6</ele>
      </trkpt>
      <trkpt lat="33.26643" lon="-111.68844">
        <ele>410.4</ele>
      </trkpt>
      <trkpt lat="33.26626" lon="-111.68912">
        <ele>410.2</ele>
      </trkpt>
      <trkpt lat="33.266477" lon="-111.689233">
        <ele>410.0</ele>
      </trkpt>
      <trkpt lat="33.26677" lon="-111.68962">
        <ele>410.0</ele>
      </trkpt>
      <trkpt lat="33.26695" lon="-111.68974">
        <ele>410.0</ele>
      </trkpt>
      <trkpt lat="33.26738" lon="-111.68995">
        <ele>409.8</ele>
      </trkpt>
      <trkpt lat="33.26762" lon="-111.69013">
        <ele>409.6</ele>
      </trkpt>
      <trkpt lat="33.26784" lon="-111.6905">
        <ele>409.4</ele>
      </trkpt>
      <trkpt lat="33.26814" lon="-111.69082">
        <ele>409.2</ele>
      </trkpt>
      <trkpt lat="33.26805" lon="-111.69123">
        <ele>409.0</ele>
      </trkpt>
      <trkpt lat="33.26811" lon="-111.69144">
        <ele>409.0</ele>
      </trkpt>
      <trkpt lat="33.26824" lon="-111.69151">
        <ele>409.0</ele>
      </trkpt>
      <trkpt lat="33.268819" lon="-111.6913">
        <ele>409.0</ele>
      </trkpt>
      <trkpt lat="33.26903" lon="-111.69135">
        <ele>409.0</ele>
      </trkpt>
      <trkpt lat="33.26918" lon="-111.6915">
        <ele>409.0</ele>
      </trkpt>
      <trkpt lat="33.26971" lon="-111.69234">
        <ele>408.8</ele>
      </trkpt>
      <trkpt lat="33.27011" lon="-111.69273">
        <ele>408.6</ele>
      </trkpt>
      <trkpt lat="33.270229" lon="-111.69296">
        <ele>408.4</ele>
      </trkpt>
      <trkpt lat="33.27028" lon="-111.6932">
        <ele>408.2</ele>
      </trkpt>
      <trkpt lat="33.27037" lon="-111.69334">
        <ele>408.0</ele>
      </trkpt>
      <trkpt lat="33.2705" lon="-111.69331">
        <ele>408.0</ele>
      </trkpt>
      <trkpt lat="33.27066" lon="-111.69337">
        <ele>408.0</ele>
      </trkpt>
      <trkpt lat="33.27097" lon="-111.69366">
        <ele>408.0</ele>
      </trkpt>
      <trkpt lat="33.271259" lon="-111.69374">
        <ele>408.0</ele>
      </trkpt>
      <trkpt lat="33.27149" lon="-111.69374">
        <ele>408.0</ele>
      </trkpt>
      <trkpt lat="33.27165" lon="-111.69379">
        <ele>408.0</ele>
      </trkpt>
      <trkpt lat="33.27203" lon="-111.69372">
        <ele>408.0</ele>
      </trkpt>
      <trkpt lat="33.27227" lon="-111.69386">
        <ele>408.0</ele>
      </trkpt>
      <trkpt lat="33.27237" lon="-111.69401">
        <ele>408.0</ele>
      </trkpt>
      <trkpt lat="33.27259" lon="-111.69418">
        <ele>408.0</ele>
      </trkpt>
      <trkpt lat="33.273049" lon="-111.6943">
        <ele>408.0</ele>
      </trkpt>
      <trkpt lat="33.27344" lon="-111.69451">
        <ele>408.0</ele>
      </trkpt>
      <trkpt lat="33.27371" lon="-111.6945">
        <ele>408.0</ele>
      </trkpt>
      <trkpt lat="33.27407" lon="-111.69433">
        <ele>408.0</ele>
      </trkpt>
      <trkpt lat="33.27434" lon="-111.6941">
        <ele>408.0</ele>
      </trkpt>
      <trkpt lat="33.27456" lon="-111.69396">
        <ele>408.0</ele>
      </trkpt>
      <trkpt lat="33.27476" lon="-111.69389">
        <ele>408.0</ele>
      </trkpt>
      <trkpt lat="33.27503" lon="-111.69388">
        <ele>408.0</ele>
      </trkpt>
      <trkpt lat="33.27532" lon="-111.69391">
        <ele>408.0</ele>
      </trkpt>
      <trkpt lat="33.27568" lon="-111.69378">
        <ele>408.0</ele>
      </trkpt>
      <trkpt lat="33.27585" lon="-111.69382">
        <ele>407.8</ele>
      </trkpt>
      <trkpt lat="33.27597" lon="-111.69403">
        <ele>407.6</ele>
      </trkpt>
      <trkpt lat="33.27659" lon="-111.69442">
        <ele>407.4</ele>
      </trkpt>
      <trkpt lat="33.27675" lon="-111.69441">
        <ele>407.4</ele>
      </trkpt>
      <trkpt lat="33.27696" lon="-111.69435">
        <ele>407.2</ele>
      </trkpt>
      <trkpt lat="33.27718" lon="-111.69437">
        <ele>407.2</ele>
      </trkpt>
      <trkpt lat="33.27778" lon="-111.69466">
        <ele>407.2</ele>
      </trkpt>
      <trkpt lat="33.27805" lon="-111.69469">
        <ele>407.2</ele>
      </trkpt>
      <trkpt lat="33.27832" lon="-111.69457">
        <ele>407.0</ele>
      </trkpt>
      <trkpt lat="33.27861" lon="-111.69427">
        <ele>407.0</ele>
      </trkpt>
      <trkpt lat="33.27879" lon="-111.69414">
        <ele>407.0</ele>
      </trkpt>
      <trkpt lat="33.27935" lon="-111.69397">
        <ele>407.0</ele>
      </trkpt>
      <trkpt lat="33.27953" lon="-111.69414">
        <ele>407.0</ele>
      </trkpt>
      <trkpt lat="33.27971" lon="-111.69454">
        <ele>407.0</ele>
      </trkpt>
      <trkpt lat="33.27988" lon="-111.69474">
        <ele>406.8</ele>
      </trkpt>
      <trkpt lat="33.28005" lon="-111.69483">
        <ele>406.6</ele>
      </trkpt>
      <trkpt lat="33.28049" lon="-111.69492">
        <ele>406.4</ele>
      </trkpt>
      <trkpt lat="33.28074" lon="-111.69505">
        <ele>406.2</ele>
      </trkpt>
      <trkpt lat="33.28128" lon="-111.69547">
        <ele>406.0</ele>
      </trkpt>
      <trkpt lat="33.28155" lon="-111.69551">
        <ele>406.0</ele>
      </trkpt>
      <trkpt lat="33.28183" lon="-111.69546">
        <ele>406.0</ele>
      </trkpt>
      <trkpt lat="33.28223" lon="-111.6955">
        <ele>405.8</ele>
      </trkpt>
      <trkpt lat="33.28269" lon="-111.69572">
        <ele>405.6</ele>
      </trkpt>
      <trkpt lat="33.28318" lon="-111.69604">
        <ele>405.4</ele>
      </trkpt>
      <trkpt lat="33.28394" lon="-111.69638">
        <ele>405.2</ele>
      </trkpt>
      <trkpt lat="33.28423" lon="-111.69663">
        <ele>405.0</ele>
      </trkpt>
      <trkpt lat="33.28473" lon="-111.6974">
        <ele>405.0</ele>
      </trkpt>
      <trkpt lat="33.28506" lon="-111.69766">
        <ele>405.0</ele>
      </trkpt>
      <trkpt lat="33.28541" lon="-111.69773">
        <ele>405.0</ele>
      </trkpt>
      <trkpt lat="33.28585" lon="-111.69794">
        <ele>405.0</ele>
      </trkpt>
      <trkpt lat="33.28623" lon="-111.69836">
        <ele>405.0</ele>
      </trkpt>
      <trkpt lat="33.28633" lon="-111.69834">
        <ele>405.0</ele>
      </trkpt>
      <trkpt lat="33.28645" lon="-111.69815">
        <ele>405.0</ele>
      </trkpt>
      <trkpt lat="33.2867" lon="-111.69798">
        <ele>405.0</ele>
      </trkpt>
      <trkpt lat="33.28678" lon="-111.69803">
        <ele>405.0</ele>
      </trkpt>
      <trkpt lat="33.28651" lon="-111.69854">
        <ele>405.0</ele>
      </trkpt>
      <trkpt lat="33.28649" lon="-111.69867">
        <ele>405.0</ele>
      </trkpt>
      <trkpt lat="33.286749" lon="-111.69893">
        <ele>405.0</ele>
      </trkpt>
      <trkpt lat="33.286929" lon="-111.69928">
        <ele>405.0</ele>
      </trkpt>
      <trkpt lat="33.2871" lon="-111.69948">
        <ele>405.0</ele>
      </trkpt>
      <trkpt lat="33.28741" lon="-111.69963">
        <ele>405.0</ele>
      </trkpt>
      <trkpt lat="33.28758" lon="-111.69976">
        <ele>405.0</ele>
      </trkpt>
      <trkpt lat="33.28779" lon="-111.70004">
        <ele>404.8</ele>
      </trkpt>
      <trkpt lat="33.28793" lon="-111.70063">
        <ele>404.6</ele>
      </trkpt>
      <trkpt lat="33.28806" lon="-111.70091">
        <ele>404.4</ele>
      </trkpt>
      <trkpt lat="33.28829" lon="-111.70116">
        <ele>404.2</ele>
      </trkpt>
      <trkpt lat="33.28853" lon="-111.70132">
        <ele>404.0</ele>
      </trkpt>
      <trkpt lat="33.28875" lon="-111.70137">
        <ele>404.0</ele>
      </trkpt>
      <trkpt lat="33.28893" lon="-111.70136">
        <ele>404.0</ele>
      </trkpt>
      <trkpt lat="33.28917" lon="-111.70129">
        <ele>404.0</ele>
      </trkpt>
      <trkpt lat="33.28956" lon="-111.7009">
        <ele>404.0</ele>
      </trkpt>
      <trkpt lat="33.28992" lon="-111.70047">
        <ele>404.0</ele>
      </trkpt>
      <trkpt lat="33.2902" lon="-111.70005">
        <ele>404.0</ele>
      </trkpt>
      <trkpt lat="33.29023" lon="-111.69993">
        <ele>404.0</ele>
      </trkpt>
      <trkpt lat="33.29034" lon="-111.6997">
        <ele>404.0</ele>
      </trkpt>
      <trkpt lat="33.29041" lon="-111.69961">
        <ele>404.0</ele>
      </trkpt>
      <trkpt lat="33.29073" lon="-111.69943">
        <ele>404.0</ele>
      </trkpt>
      <trkpt lat="33.29094" lon="-111.69924">
        <ele>404.0</ele>
      </trkpt>
      <trkpt lat="33.29104" lon="-111.699">
        <ele>404.0</ele>
      </trkpt>
      <trkpt lat="33.29117" lon="-111.69884">
        <ele>404.0</ele>
      </trkpt>
      <trkpt lat="33.29149" lon="-111.69869">
        <ele>404.0</ele>
      </trkpt>
      <trkpt lat="33.2915" lon="-111.6985">
        <ele>403.8</ele>
      </trkpt>
      <trkpt lat="33.2917" lon="-111.69876">
        <ele>403.6</ele>
      </trkpt>
      <trkpt lat="33.29208" lon="-111.69955">
        <ele>403.4</ele>
      </trkpt>
      <trkpt lat="33.292197" lon="-111.699486">
        <ele>403.2</ele>
      </trkpt>
      <trkpt lat="33.29244" lon="-111.699244">
        <ele>402.8</ele>
      </trkpt>
      <trkpt lat="33.292703" lon="-111.698932">
        <ele>402.6</ele>
      </trkpt>
      <trkpt lat="33.294654" lon="-111.696881">
        <ele>402.4</ele>
      </trkpt>
      <trkpt lat="33.29482" lon="-111.69693">
        <ele>402.2</ele>
      </trkpt>
      <trkpt lat="33.29505" lon="-111.69671">
        <ele>402.0</ele>
      </trkpt>
      <trkpt lat="33.29527" lon="-111.69644">
        <ele>402.0</ele>
      </trkpt>
      <trkpt lat="33.29656" lon="-111.69505">
        <ele>402.0</ele>
      </trkpt>
      <trkpt lat="33.29703" lon="-111.6946">
        <ele>402.2</ele>
      </trkpt>
      <trkpt lat="33.29742" lon="-111.69435">
        <ele>402.2</ele>
      </trkpt>
      <trkpt lat="33.30498" lon="-111.69113">
        <ele>402.2</ele>
      </trkpt>
      <trkpt lat="33.306164" lon="-111.690679">
        <ele>402.2</ele>
      </trkpt>
      <trkpt lat="33.306782" lon="-111.690671">
        <ele>402.2</ele>
      </trkpt>
      <trkpt lat="33.306955" lon="-111.690801">
        <ele>402.6</ele>
      </trkpt>
      <trkpt lat="33.307063" lon="-111.690767">
        <ele>403.2</ele>
      </trkpt>
      <trkpt lat="33.307057" lon="-111.681692">
        <ele>404.0</ele>
      </trkpt>
      <trkpt lat="33.306983" lon="-111.681519">
        <ele>404.8</ele>
      </trkpt>
      <trkpt lat="33.306775" lon="-111.681271">
        <ele>405.6</ele>
      </trkpt>
      <trkpt lat="33.306879" lon="-111.681144">
        <ele>405.8</ele>
      </trkpt>
      <trkpt lat="33.306919" lon="-111.680978">
        <ele>406.0</ele>
      </trkpt>
      <trkpt lat="33.306907" lon="-111.680829">
        <ele>406.2</ele>
      </trkpt>
      <trkpt lat="33.306541" lon="-111.680631">
        <ele>406.6</ele>
      </trkpt>
      <trkpt lat="33.306517" lon="-111.679066">
        <ele>407.0</ele>
      </trkpt>
      <trkpt lat="33.306548" lon="-111.676931">
        <ele>407.4</ele>
      </trkpt>
      <trkpt lat="33.306503" lon="-111.676088">
        <ele>407.8</ele>
      </trkpt>
      <trkpt lat="33.306503" lon="-111.675244">
        <ele>408.2</ele>
      </trkpt>
      <trkpt lat="33.306558" lon="-111.674536">
        <ele>408.6</ele>
      </trkpt>
      <trkpt lat="33.306582" lon="-111.672841">
        <ele>409.0</ele>
      </trkpt>
      <trkpt lat="33.306525" lon="-111.670268">
        <ele>409.4</ele>
      </trkpt>
      <trkpt lat="33.307448" lon="-111.670253">
        <ele>409.7</ele>
      </trkpt>
      <trkpt lat="33.307426" lon="-111.669947">
        <ele>410.0</ele>
      </trkpt>
    </trkseg>
  </trk>
</gpx>
