<?xml version="1.0" encoding="UTF-8"?>
<gpx xmlns:xsi="http://www.w3.org/2001/XMLSchema-instance" xmlns="http://www.topografix.com/GPX/1/1" xmlns:gpxdata="http://www.cluetrust.com/XML/GPXDATA/1/0" xsi:schemaLocation="http://www.topografix.com/GPX/1/1 http://www.topografix.com/GPX/1/1/gpx.xsd http://www.cluetrust.com/XML/GPXDATA/1/0 http://www.cluetrust.com/Schemas/gpxdata10.xsd" version="1.1" creator="http://ridewithgps.com/">
  <metadata>
    <name>Redington-Mount Lemmon Loop</name>
    <link href="https://ridewithgps.com/routes/38125805">
      <text>Redington-Mount Lemmon Loop</text>
    </link>
    <time>2021-12-03T08:45:47Z</time>
  </metadata>
  <wpt lon="-110.62969276218607" lat="32.61629406013427">
    <name>Salt N Pepper </name>
    <sym>Dot</sym>
    <type>Dot</type>
  </wpt>
  <wpt lon="-110.76515035822919" lat="32.610209553583935">
    <name>Oracle</name>
    <sym>Dot</sym>
    <type>Dot</type>
  </wpt>
  <wpt lon="-110.71813173900738" lat="32.53787652199895">
    <name>Peppersauce Campground</name>
    <sym>Dot</sym>
    <type>Dot</type>
  </wpt>
  <wpt lon="-110.7605033452091" lat="32.44481272367752">
    <name>Summerhaven</name>
    <sym>Dot</sym>
    <type>Dot</type>
  </wpt>
  <trk>
    <name>Redington-Mount Lemmon Loop</name>
    <trkseg>
      <trkpt lat="32.25893" lon="-110.79767">
        <ele>780.8</ele>
      </trkpt>
      <trkpt lat="32.25839" lon="-110.79681">
        <ele>781.9</ele>
      </trkpt>
      <trkpt lat="32.2577799" lon="-110.79681">
        <ele>781.2</ele>
      </trkpt>
      <trkpt lat="32.25755" lon="-110.79689">
        <ele>781.0</ele>
      </trkpt>
      <trkpt lat="32.2573999" lon="-110.79649">
        <ele>781.6</ele>
      </trkpt>
      <trkpt lat="32.25718" lon="-110.79601">
        <ele>781.7</ele>
      </trkpt>
      <trkpt lat="32.25185" lon="-110.78513">
        <ele>785.5</ele>
      </trkpt>
      <trkpt lat="32.25162" lon="-110.78456">
        <ele>785.6</ele>
      </trkpt>
      <trkpt lat="32.25141" lon="-110.78389">
        <ele>785.9</ele>
      </trkpt>
      <trkpt lat="32.25127" lon="-110.78338">
        <ele>786.1</ele>
      </trkpt>
      <trkpt lat="32.25115" lon="-110.78278">
        <ele>786.4</ele>
      </trkpt>
      <trkpt lat="32.25105" lon="-110.78212">
        <ele>786.6</ele>
      </trkpt>
      <trkpt lat="32.25101" lon="-110.78167">
        <ele>786.7</ele>
      </trkpt>
      <trkpt lat="32.25099" lon="-110.78126">
        <ele>786.7</ele>
      </trkpt>
      <trkpt lat="32.25101" lon="-110.77503">
        <ele>789.7</ele>
      </trkpt>
      <trkpt lat="32.25098" lon="-110.77241">
        <ele>791.4</ele>
      </trkpt>
      <trkpt lat="32.25094" lon="-110.77224">
        <ele>791.5</ele>
      </trkpt>
      <trkpt lat="32.2509299" lon="-110.76771">
        <ele>793.4</ele>
      </trkpt>
      <trkpt lat="32.25097" lon="-110.75622">
        <ele>799.0</ele>
      </trkpt>
      <trkpt lat="32.25096" lon="-110.75348">
        <ele>800.2</ele>
      </trkpt>
      <trkpt lat="32.25101" lon="-110.74768">
        <ele>800.7</ele>
      </trkpt>
      <trkpt lat="32.2510199" lon="-110.74224">
        <ele>802.6</ele>
      </trkpt>
      <trkpt lat="32.25105" lon="-110.73943">
        <ele>806.4</ele>
      </trkpt>
      <trkpt lat="32.25105" lon="-110.73587">
        <ele>806.9</ele>
      </trkpt>
      <trkpt lat="32.25108" lon="-110.73088">
        <ele>813.4</ele>
      </trkpt>
      <trkpt lat="32.25108" lon="-110.72662">
        <ele>815.8</ele>
      </trkpt>
      <trkpt lat="32.25104" lon="-110.72507">
        <ele>817.5</ele>
      </trkpt>
      <trkpt lat="32.25108" lon="-110.72097">
        <ele>828.0</ele>
      </trkpt>
      <trkpt lat="32.2511" lon="-110.71168">
        <ele>833.3</ele>
      </trkpt>
      <trkpt lat="32.25109" lon="-110.70863">
        <ele>837.6</ele>
      </trkpt>
      <trkpt lat="32.25107" lon="-110.70765">
        <ele>837.7</ele>
      </trkpt>
      <trkpt lat="32.2510199" lon="-110.70724">
        <ele>837.5</ele>
      </trkpt>
      <trkpt lat="32.25086" lon="-110.70658">
        <ele>837.4</ele>
      </trkpt>
      <trkpt lat="32.25032" lon="-110.70454">
        <ele>839.4</ele>
      </trkpt>
      <trkpt lat="32.25016" lon="-110.70388">
        <ele>840.2</ele>
      </trkpt>
      <trkpt lat="32.2484899" lon="-110.69758">
        <ele>838.6</ele>
      </trkpt>
      <trkpt lat="32.24847" lon="-110.69684">
        <ele>838.8</ele>
      </trkpt>
      <trkpt lat="32.2491" lon="-110.69468">
        <ele>847.5</ele>
      </trkpt>
      <trkpt lat="32.24909" lon="-110.69412">
        <ele>847.8</ele>
      </trkpt>
      <trkpt lat="32.24897" lon="-110.69354">
        <ele>849.3</ele>
      </trkpt>
      <trkpt lat="32.2486" lon="-110.69214">
        <ele>841.8</ele>
      </trkpt>
      <trkpt lat="32.24853" lon="-110.69149">
        <ele>840.9</ele>
      </trkpt>
      <trkpt lat="32.24863" lon="-110.69086">
        <ele>841.7</ele>
      </trkpt>
      <trkpt lat="32.24941" lon="-110.68883">
        <ele>844.2</ele>
      </trkpt>
      <trkpt lat="32.24991" lon="-110.68777">
        <ele>845.0</ele>
      </trkpt>
      <trkpt lat="32.25045" lon="-110.68587">
        <ele>844.9</ele>
      </trkpt>
      <trkpt lat="32.25107" lon="-110.68426">
        <ele>847.6</ele>
      </trkpt>
      <trkpt lat="32.25181" lon="-110.68242">
        <ele>849.7</ele>
      </trkpt>
      <trkpt lat="32.25214" lon="-110.68067">
        <ele>852.9</ele>
      </trkpt>
      <trkpt lat="32.25198" lon="-110.6794">
        <ele>851.3</ele>
      </trkpt>
      <trkpt lat="32.25213" lon="-110.67864">
        <ele>851.6</ele>
      </trkpt>
      <trkpt lat="32.25321" lon="-110.67631">
        <ele>857.1</ele>
      </trkpt>
      <trkpt lat="32.25359" lon="-110.67588">
        <ele>857.1</ele>
      </trkpt>
      <trkpt lat="32.25392" lon="-110.67558">
        <ele>857.1</ele>
      </trkpt>
      <trkpt lat="32.25406" lon="-110.67527">
        <ele>854.9</ele>
      </trkpt>
      <trkpt lat="32.25402" lon="-110.6749">
        <ele>852.2</ele>
      </trkpt>
      <trkpt lat="32.25354" lon="-110.67409">
        <ele>855.9</ele>
      </trkpt>
      <trkpt lat="32.25351" lon="-110.67389">
        <ele>856.5</ele>
      </trkpt>
      <trkpt lat="32.2536" lon="-110.67354">
        <ele>855.9</ele>
      </trkpt>
      <trkpt lat="32.25355" lon="-110.67325">
        <ele>857.6</ele>
      </trkpt>
      <trkpt lat="32.25335" lon="-110.67301">
        <ele>862.9</ele>
      </trkpt>
      <trkpt lat="32.25336" lon="-110.67282">
        <ele>864.9</ele>
      </trkpt>
      <trkpt lat="32.25363" lon="-110.6726">
        <ele>862.8</ele>
      </trkpt>
      <trkpt lat="32.25366" lon="-110.67251">
        <ele>863.5</ele>
      </trkpt>
      <trkpt lat="32.25362" lon="-110.67244">
        <ele>864.7</ele>
      </trkpt>
      <trkpt lat="32.25356" lon="-110.67242">
        <ele>865.4</ele>
      </trkpt>
      <trkpt lat="32.25322" lon="-110.67261">
        <ele>869.2</ele>
      </trkpt>
      <trkpt lat="32.253" lon="-110.67252">
        <ele>872.8</ele>
      </trkpt>
      <trkpt lat="32.25279" lon="-110.6725">
        <ele>873.9</ele>
      </trkpt>
      <trkpt lat="32.25255" lon="-110.67241">
        <ele>876.8</ele>
      </trkpt>
      <trkpt lat="32.25238" lon="-110.67242">
        <ele>878.6</ele>
      </trkpt>
      <trkpt lat="32.25206" lon="-110.67258">
        <ele>882.4</ele>
      </trkpt>
      <trkpt lat="32.2518699" lon="-110.67258">
        <ele>883.3</ele>
      </trkpt>
      <trkpt lat="32.2517" lon="-110.67248">
        <ele>885.8</ele>
      </trkpt>
      <trkpt lat="32.25157" lon="-110.67234">
        <ele>888.3</ele>
      </trkpt>
      <trkpt lat="32.25145" lon="-110.67199">
        <ele>893.2</ele>
      </trkpt>
      <trkpt lat="32.25143" lon="-110.67176">
        <ele>892.3</ele>
      </trkpt>
      <trkpt lat="32.25151" lon="-110.67149">
        <ele>892.1</ele>
      </trkpt>
      <trkpt lat="32.25159" lon="-110.6714">
        <ele>892.6</ele>
      </trkpt>
      <trkpt lat="32.2518" lon="-110.67125">
        <ele>896.5</ele>
      </trkpt>
      <trkpt lat="32.25237" lon="-110.67065">
        <ele>905.8</ele>
      </trkpt>
      <trkpt lat="32.25251" lon="-110.67041">
        <ele>907.7</ele>
      </trkpt>
      <trkpt lat="32.25266" lon="-110.67001">
        <ele>907.3</ele>
      </trkpt>
      <trkpt lat="32.25301" lon="-110.66968">
        <ele>913.1</ele>
      </trkpt>
      <trkpt lat="32.25316" lon="-110.66937">
        <ele>917.7</ele>
      </trkpt>
      <trkpt lat="32.2532799" lon="-110.66888">
        <ele>921.7</ele>
      </trkpt>
      <trkpt lat="32.2533699" lon="-110.66871">
        <ele>924.1</ele>
      </trkpt>
      <trkpt lat="32.25353" lon="-110.66858">
        <ele>925.9</ele>
      </trkpt>
      <trkpt lat="32.2537499" lon="-110.6685">
        <ele>926.9</ele>
      </trkpt>
      <trkpt lat="32.25424" lon="-110.6684">
        <ele>931.6</ele>
      </trkpt>
      <trkpt lat="32.25439" lon="-110.66824">
        <ele>932.1</ele>
      </trkpt>
      <trkpt lat="32.25451" lon="-110.66788">
        <ele>935.2</ele>
      </trkpt>
      <trkpt lat="32.25463" lon="-110.6676">
        <ele>934.8</ele>
      </trkpt>
      <trkpt lat="32.2546899" lon="-110.66725">
        <ele>936.1</ele>
      </trkpt>
      <trkpt lat="32.25471" lon="-110.66689">
        <ele>940.5</ele>
      </trkpt>
      <trkpt lat="32.25467" lon="-110.66641">
        <ele>943.0</ele>
      </trkpt>
      <trkpt lat="32.25462" lon="-110.66617">
        <ele>942.9</ele>
      </trkpt>
      <trkpt lat="32.2545" lon="-110.66596">
        <ele>946.3</ele>
      </trkpt>
      <trkpt lat="32.25434" lon="-110.66579">
        <ele>947.9</ele>
      </trkpt>
      <trkpt lat="32.25417" lon="-110.66565">
        <ele>949.6</ele>
      </trkpt>
      <trkpt lat="32.25407" lon="-110.6655">
        <ele>949.9</ele>
      </trkpt>
      <trkpt lat="32.2539299" lon="-110.66492">
        <ele>954.6</ele>
      </trkpt>
      <trkpt lat="32.25394" lon="-110.66479">
        <ele>956.2</ele>
      </trkpt>
      <trkpt lat="32.25399" lon="-110.66467">
        <ele>958.4</ele>
      </trkpt>
      <trkpt lat="32.25432" lon="-110.6644">
        <ele>962.2</ele>
      </trkpt>
      <trkpt lat="32.25484" lon="-110.66346">
        <ele>969.7</ele>
      </trkpt>
      <trkpt lat="32.25506" lon="-110.66266">
        <ele>977.5</ele>
      </trkpt>
      <trkpt lat="32.25517" lon="-110.66245">
        <ele>978.4</ele>
      </trkpt>
      <trkpt lat="32.25532" lon="-110.66231">
        <ele>979.3</ele>
      </trkpt>
      <trkpt lat="32.25617" lon="-110.66177">
        <ele>986.3</ele>
      </trkpt>
      <trkpt lat="32.25627" lon="-110.66165">
        <ele>987.7</ele>
      </trkpt>
      <trkpt lat="32.25633" lon="-110.66153">
        <ele>988.8</ele>
      </trkpt>
      <trkpt lat="32.2563699" lon="-110.66114">
        <ele>989.3</ele>
      </trkpt>
      <trkpt lat="32.25634" lon="-110.66059">
        <ele>989.9</ele>
      </trkpt>
      <trkpt lat="32.25631" lon="-110.66034">
        <ele>991.0</ele>
      </trkpt>
      <trkpt lat="32.25604" lon="-110.65976">
        <ele>996.1</ele>
      </trkpt>
      <trkpt lat="32.25598" lon="-110.65955">
        <ele>997.6</ele>
      </trkpt>
      <trkpt lat="32.25598" lon="-110.65935">
        <ele>997.9</ele>
      </trkpt>
      <trkpt lat="32.25608" lon="-110.65868">
        <ele>999.1</ele>
      </trkpt>
      <trkpt lat="32.25683" lon="-110.65694">
        <ele>1008.9</ele>
      </trkpt>
      <trkpt lat="32.25697" lon="-110.65676">
        <ele>1010.2</ele>
      </trkpt>
      <trkpt lat="32.25715" lon="-110.65658">
        <ele>1010.2</ele>
      </trkpt>
      <trkpt lat="32.25728" lon="-110.6564">
        <ele>1008.7</ele>
      </trkpt>
      <trkpt lat="32.25758" lon="-110.65575">
        <ele>1012.2</ele>
      </trkpt>
      <trkpt lat="32.2578" lon="-110.65553">
        <ele>1013.8</ele>
      </trkpt>
      <trkpt lat="32.25785" lon="-110.65556">
        <ele>1014.5</ele>
      </trkpt>
      <trkpt lat="32.25812" lon="-110.65559">
        <ele>1017.6</ele>
      </trkpt>
      <trkpt lat="32.25845" lon="-110.65569">
        <ele>1020.9</ele>
      </trkpt>
      <trkpt lat="32.25883" lon="-110.6556">
        <ele>1024.6</ele>
      </trkpt>
      <trkpt lat="32.25904" lon="-110.65558">
        <ele>1028.3</ele>
      </trkpt>
      <trkpt lat="32.25927" lon="-110.65564">
        <ele>1031.2</ele>
      </trkpt>
      <trkpt lat="32.2595" lon="-110.65575">
        <ele>1033.2</ele>
      </trkpt>
      <trkpt lat="32.25977" lon="-110.65609">
        <ele>1035.6</ele>
      </trkpt>
      <trkpt lat="32.25991" lon="-110.65612">
        <ele>1037.7</ele>
      </trkpt>
      <trkpt lat="32.26001" lon="-110.656">
        <ele>1039.1</ele>
      </trkpt>
      <trkpt lat="32.26003" lon="-110.65575">
        <ele>1040.7</ele>
      </trkpt>
      <trkpt lat="32.26008" lon="-110.65557">
        <ele>1045.2</ele>
      </trkpt>
      <trkpt lat="32.26017" lon="-110.65541">
        <ele>1047.3</ele>
      </trkpt>
      <trkpt lat="32.26028" lon="-110.65527">
        <ele>1047.9</ele>
      </trkpt>
      <trkpt lat="32.26049" lon="-110.65507">
        <ele>1050.2</ele>
      </trkpt>
      <trkpt lat="32.26071" lon="-110.65478">
        <ele>1053.0</ele>
      </trkpt>
      <trkpt lat="32.26083" lon="-110.65475">
        <ele>1054.0</ele>
      </trkpt>
      <trkpt lat="32.26092" lon="-110.65481">
        <ele>1053.5</ele>
      </trkpt>
      <trkpt lat="32.2610699" lon="-110.65478">
        <ele>1055.9</ele>
      </trkpt>
      <trkpt lat="32.26111" lon="-110.65466">
        <ele>1057.3</ele>
      </trkpt>
      <trkpt lat="32.26108" lon="-110.65437">
        <ele>1060.1</ele>
      </trkpt>
      <trkpt lat="32.26094" lon="-110.65419">
        <ele>1062.0</ele>
      </trkpt>
      <trkpt lat="32.26083" lon="-110.65391">
        <ele>1067.0</ele>
      </trkpt>
      <trkpt lat="32.26073" lon="-110.65374">
        <ele>1070.0</ele>
      </trkpt>
      <trkpt lat="32.26045" lon="-110.65359">
        <ele>1071.2</ele>
      </trkpt>
      <trkpt lat="32.26025" lon="-110.65359">
        <ele>1069.5</ele>
      </trkpt>
      <trkpt lat="32.26021" lon="-110.65355">
        <ele>1070.0</ele>
      </trkpt>
      <trkpt lat="32.2602" lon="-110.65349">
        <ele>1070.8</ele>
      </trkpt>
      <trkpt lat="32.26026" lon="-110.65336">
        <ele>1072.0</ele>
      </trkpt>
      <trkpt lat="32.26037" lon="-110.65324">
        <ele>1073.0</ele>
      </trkpt>
      <trkpt lat="32.26135" lon="-110.65327">
        <ele>1083.5</ele>
      </trkpt>
      <trkpt lat="32.26148" lon="-110.65322">
        <ele>1084.3</ele>
      </trkpt>
      <trkpt lat="32.2616299" lon="-110.65311">
        <ele>1087.6</ele>
      </trkpt>
      <trkpt lat="32.26184" lon="-110.65299">
        <ele>1090.9</ele>
      </trkpt>
      <trkpt lat="32.2622799" lon="-110.65293">
        <ele>1091.9</ele>
      </trkpt>
      <trkpt lat="32.26236" lon="-110.65288">
        <ele>1092.7</ele>
      </trkpt>
      <trkpt lat="32.26237" lon="-110.6528">
        <ele>1094.2</ele>
      </trkpt>
      <trkpt lat="32.26233" lon="-110.65271">
        <ele>1095.5</ele>
      </trkpt>
      <trkpt lat="32.2622" lon="-110.65273">
        <ele>1094.8</ele>
      </trkpt>
      <trkpt lat="32.26162" lon="-110.65258">
        <ele>1099.0</ele>
      </trkpt>
      <trkpt lat="32.26149" lon="-110.65249">
        <ele>1100.7</ele>
      </trkpt>
      <trkpt lat="32.26141" lon="-110.65239">
        <ele>1101.3</ele>
      </trkpt>
      <trkpt lat="32.2614" lon="-110.65214">
        <ele>1103.9</ele>
      </trkpt>
      <trkpt lat="32.26136" lon="-110.65189">
        <ele>1107.7</ele>
      </trkpt>
      <trkpt lat="32.26124" lon="-110.65169">
        <ele>1109.2</ele>
      </trkpt>
      <trkpt lat="32.26119" lon="-110.65156">
        <ele>1110.0</ele>
      </trkpt>
      <trkpt lat="32.2611599" lon="-110.65141">
        <ele>1112.5</ele>
      </trkpt>
      <trkpt lat="32.26122" lon="-110.65135">
        <ele>1114.5</ele>
      </trkpt>
      <trkpt lat="32.26148" lon="-110.65133">
        <ele>1119.3</ele>
      </trkpt>
      <trkpt lat="32.26239" lon="-110.65118">
        <ele>1127.8</ele>
      </trkpt>
      <trkpt lat="32.26314" lon="-110.65112">
        <ele>1131.4</ele>
      </trkpt>
      <trkpt lat="32.26329" lon="-110.65107">
        <ele>1131.7</ele>
      </trkpt>
      <trkpt lat="32.26376" lon="-110.65073">
        <ele>1137.5</ele>
      </trkpt>
      <trkpt lat="32.26384" lon="-110.65064">
        <ele>1138.1</ele>
      </trkpt>
      <trkpt lat="32.26384" lon="-110.65056">
        <ele>1139.3</ele>
      </trkpt>
      <trkpt lat="32.2637799" lon="-110.6505">
        <ele>1141.3</ele>
      </trkpt>
      <trkpt lat="32.26348" lon="-110.65059">
        <ele>1141.7</ele>
      </trkpt>
      <trkpt lat="32.26307" lon="-110.65043">
        <ele>1148.3</ele>
      </trkpt>
      <trkpt lat="32.26276" lon="-110.65027">
        <ele>1153.0</ele>
      </trkpt>
      <trkpt lat="32.26258" lon="-110.65012">
        <ele>1155.4</ele>
      </trkpt>
      <trkpt lat="32.26251" lon="-110.64989">
        <ele>1157.6</ele>
      </trkpt>
      <trkpt lat="32.26242" lon="-110.64975">
        <ele>1158.0</ele>
      </trkpt>
      <trkpt lat="32.26231" lon="-110.64966">
        <ele>1158.4</ele>
      </trkpt>
      <trkpt lat="32.26196" lon="-110.6495">
        <ele>1160.7</ele>
      </trkpt>
      <trkpt lat="32.2619" lon="-110.64938">
        <ele>1161.1</ele>
      </trkpt>
      <trkpt lat="32.26188" lon="-110.64925">
        <ele>1161.5</ele>
      </trkpt>
      <trkpt lat="32.26197" lon="-110.64918">
        <ele>1162.5</ele>
      </trkpt>
      <trkpt lat="32.26263" lon="-110.64907">
        <ele>1170.4</ele>
      </trkpt>
      <trkpt lat="32.2628" lon="-110.64902">
        <ele>1172.3</ele>
      </trkpt>
      <trkpt lat="32.26294" lon="-110.64882">
        <ele>1172.7</ele>
      </trkpt>
      <trkpt lat="32.26326" lon="-110.64828">
        <ele>1174.4</ele>
      </trkpt>
      <trkpt lat="32.26355" lon="-110.64798">
        <ele>1176.4</ele>
      </trkpt>
      <trkpt lat="32.26362" lon="-110.64776">
        <ele>1177.6</ele>
      </trkpt>
      <trkpt lat="32.26363" lon="-110.64678">
        <ele>1186.1</ele>
      </trkpt>
      <trkpt lat="32.26359" lon="-110.64635">
        <ele>1187.9</ele>
      </trkpt>
      <trkpt lat="32.2635999" lon="-110.64616">
        <ele>1188.7</ele>
      </trkpt>
      <trkpt lat="32.26365" lon="-110.64606">
        <ele>1188.7</ele>
      </trkpt>
      <trkpt lat="32.26374" lon="-110.646">
        <ele>1188.3</ele>
      </trkpt>
      <trkpt lat="32.26386" lon="-110.64596">
        <ele>1188.2</ele>
      </trkpt>
      <trkpt lat="32.2640699" lon="-110.64599">
        <ele>1189.6</ele>
      </trkpt>
      <trkpt lat="32.26417" lon="-110.64609">
        <ele>1192.0</ele>
      </trkpt>
      <trkpt lat="32.26423" lon="-110.64616">
        <ele>1193.3</ele>
      </trkpt>
      <trkpt lat="32.26427" lon="-110.64626">
        <ele>1194.1</ele>
      </trkpt>
      <trkpt lat="32.26439" lon="-110.64683">
        <ele>1196.8</ele>
      </trkpt>
      <trkpt lat="32.26448" lon="-110.64696">
        <ele>1198.6</ele>
      </trkpt>
      <trkpt lat="32.26462" lon="-110.64695">
        <ele>1200.2</ele>
      </trkpt>
      <trkpt lat="32.2648" lon="-110.64687">
        <ele>1204.0</ele>
      </trkpt>
      <trkpt lat="32.26495" lon="-110.64691">
        <ele>1205.3</ele>
      </trkpt>
      <trkpt lat="32.26506" lon="-110.64699">
        <ele>1205.0</ele>
      </trkpt>
      <trkpt lat="32.26525" lon="-110.64716">
        <ele>1201.1</ele>
      </trkpt>
      <trkpt lat="32.2654" lon="-110.64719">
        <ele>1198.9</ele>
      </trkpt>
      <trkpt lat="32.26558" lon="-110.64708">
        <ele>1197.6</ele>
      </trkpt>
      <trkpt lat="32.26581" lon="-110.647">
        <ele>1194.2</ele>
      </trkpt>
      <trkpt lat="32.26644" lon="-110.64698">
        <ele>1193.3</ele>
      </trkpt>
      <trkpt lat="32.26659" lon="-110.64692">
        <ele>1192.2</ele>
      </trkpt>
      <trkpt lat="32.26686" lon="-110.64647">
        <ele>1190.6</ele>
      </trkpt>
      <trkpt lat="32.26725" lon="-110.64575">
        <ele>1198.5</ele>
      </trkpt>
      <trkpt lat="32.2675" lon="-110.64518">
        <ele>1200.6</ele>
      </trkpt>
      <trkpt lat="32.26776" lon="-110.64469">
        <ele>1200.1</ele>
      </trkpt>
      <trkpt lat="32.26799" lon="-110.64452">
        <ele>1201.0</ele>
      </trkpt>
      <trkpt lat="32.26863" lon="-110.64429">
        <ele>1203.9</ele>
      </trkpt>
      <trkpt lat="32.26898" lon="-110.64414">
        <ele>1205.0</ele>
      </trkpt>
      <trkpt lat="32.26919" lon="-110.64399">
        <ele>1206.1</ele>
      </trkpt>
      <trkpt lat="32.26934" lon="-110.64379">
        <ele>1206.8</ele>
      </trkpt>
      <trkpt lat="32.26939" lon="-110.6436">
        <ele>1207.4</ele>
      </trkpt>
      <trkpt lat="32.26936" lon="-110.64338">
        <ele>1209.3</ele>
      </trkpt>
      <trkpt lat="32.26917" lon="-110.64294">
        <ele>1210.4</ele>
      </trkpt>
      <trkpt lat="32.26912" lon="-110.64267">
        <ele>1211.2</ele>
      </trkpt>
      <trkpt lat="32.26914" lon="-110.64224">
        <ele>1215.7</ele>
      </trkpt>
      <trkpt lat="32.26931" lon="-110.64196">
        <ele>1216.6</ele>
      </trkpt>
      <trkpt lat="32.26964" lon="-110.6409">
        <ele>1227.7</ele>
      </trkpt>
      <trkpt lat="32.26973" lon="-110.64069">
        <ele>1229.4</ele>
      </trkpt>
      <trkpt lat="32.26983" lon="-110.64053">
        <ele>1231.9</ele>
      </trkpt>
      <trkpt lat="32.2699" lon="-110.64025">
        <ele>1233.3</ele>
      </trkpt>
      <trkpt lat="32.2699" lon="-110.6399">
        <ele>1236.0</ele>
      </trkpt>
      <trkpt lat="32.26994" lon="-110.63953">
        <ele>1235.1</ele>
      </trkpt>
      <trkpt lat="32.27001" lon="-110.63938">
        <ele>1234.4</ele>
      </trkpt>
      <trkpt lat="32.27013" lon="-110.63921">
        <ele>1233.7</ele>
      </trkpt>
      <trkpt lat="32.27061" lon="-110.63872">
        <ele>1227.2</ele>
      </trkpt>
      <trkpt lat="32.27097" lon="-110.63841">
        <ele>1228.4</ele>
      </trkpt>
      <trkpt lat="32.27109" lon="-110.63815">
        <ele>1226.5</ele>
      </trkpt>
      <trkpt lat="32.27122" lon="-110.63802">
        <ele>1226.1</ele>
      </trkpt>
      <trkpt lat="32.27153" lon="-110.63799">
        <ele>1226.6</ele>
      </trkpt>
      <trkpt lat="32.2723" lon="-110.63806">
        <ele>1219.4</ele>
      </trkpt>
      <trkpt lat="32.2725" lon="-110.63828">
        <ele>1215.5</ele>
      </trkpt>
      <trkpt lat="32.2727" lon="-110.63842">
        <ele>1213.5</ele>
      </trkpt>
      <trkpt lat="32.2729" lon="-110.63846">
        <ele>1211.2</ele>
      </trkpt>
      <trkpt lat="32.2731" lon="-110.63842">
        <ele>1210.1</ele>
      </trkpt>
      <trkpt lat="32.2734499" lon="-110.63825">
        <ele>1205.7</ele>
      </trkpt>
      <trkpt lat="32.27409" lon="-110.63791">
        <ele>1199.2</ele>
      </trkpt>
      <trkpt lat="32.27449" lon="-110.63763">
        <ele>1200.0</ele>
      </trkpt>
      <trkpt lat="32.2747" lon="-110.63751">
        <ele>1201.1</ele>
      </trkpt>
      <trkpt lat="32.27494" lon="-110.63744">
        <ele>1204.8</ele>
      </trkpt>
      <trkpt lat="32.27506" lon="-110.63744">
        <ele>1206.2</ele>
      </trkpt>
      <trkpt lat="32.27522" lon="-110.63751">
        <ele>1206.2</ele>
      </trkpt>
      <trkpt lat="32.27545" lon="-110.63756">
        <ele>1204.7</ele>
      </trkpt>
      <trkpt lat="32.2757099" lon="-110.63751">
        <ele>1202.1</ele>
      </trkpt>
      <trkpt lat="32.2759" lon="-110.6374">
        <ele>1199.8</ele>
      </trkpt>
      <trkpt lat="32.27604" lon="-110.63724">
        <ele>1197.5</ele>
      </trkpt>
      <trkpt lat="32.27634" lon="-110.63536">
        <ele>1197.3</ele>
      </trkpt>
      <trkpt lat="32.27643" lon="-110.63493">
        <ele>1197.3</ele>
      </trkpt>
      <trkpt lat="32.27663" lon="-110.63446">
        <ele>1197.1</ele>
      </trkpt>
      <trkpt lat="32.27679" lon="-110.63414">
        <ele>1198.0</ele>
      </trkpt>
      <trkpt lat="32.27699" lon="-110.63388">
        <ele>1202.3</ele>
      </trkpt>
      <trkpt lat="32.27716" lon="-110.63373">
        <ele>1203.6</ele>
      </trkpt>
      <trkpt lat="32.27733" lon="-110.63365">
        <ele>1205.3</ele>
      </trkpt>
      <trkpt lat="32.27803" lon="-110.63343">
        <ele>1207.5</ele>
      </trkpt>
      <trkpt lat="32.27841" lon="-110.63344">
        <ele>1207.4</ele>
      </trkpt>
      <trkpt lat="32.27891" lon="-110.63343">
        <ele>1207.4</ele>
      </trkpt>
      <trkpt lat="32.27938" lon="-110.63354">
        <ele>1206.5</ele>
      </trkpt>
      <trkpt lat="32.2806" lon="-110.63393">
        <ele>1205.7</ele>
      </trkpt>
      <trkpt lat="32.28081" lon="-110.63389">
        <ele>1205.4</ele>
      </trkpt>
      <trkpt lat="32.28102" lon="-110.63379">
        <ele>1204.5</ele>
      </trkpt>
      <trkpt lat="32.28135" lon="-110.63356">
        <ele>1204.5</ele>
      </trkpt>
      <trkpt lat="32.2817099" lon="-110.63335">
        <ele>1204.8</ele>
      </trkpt>
      <trkpt lat="32.28216" lon="-110.63303">
        <ele>1203.5</ele>
      </trkpt>
      <trkpt lat="32.2825599" lon="-110.63289">
        <ele>1200.4</ele>
      </trkpt>
      <trkpt lat="32.28295" lon="-110.63282">
        <ele>1201.1</ele>
      </trkpt>
      <trkpt lat="32.2834" lon="-110.63273">
        <ele>1204.4</ele>
      </trkpt>
      <trkpt lat="32.2838" lon="-110.63268">
        <ele>1208.2</ele>
      </trkpt>
      <trkpt lat="32.28417" lon="-110.63275">
        <ele>1209.4</ele>
      </trkpt>
      <trkpt lat="32.2847099" lon="-110.63294">
        <ele>1210.9</ele>
      </trkpt>
      <trkpt lat="32.28521" lon="-110.63308">
        <ele>1211.3</ele>
      </trkpt>
      <trkpt lat="32.28544" lon="-110.63311">
        <ele>1212.0</ele>
      </trkpt>
      <trkpt lat="32.28569" lon="-110.63306">
        <ele>1212.8</ele>
      </trkpt>
      <trkpt lat="32.286" lon="-110.63289">
        <ele>1214.0</ele>
      </trkpt>
      <trkpt lat="32.2864099" lon="-110.63265">
        <ele>1216.0</ele>
      </trkpt>
      <trkpt lat="32.28802" lon="-110.63164">
        <ele>1221.9</ele>
      </trkpt>
      <trkpt lat="32.2911" lon="-110.63009">
        <ele>1232.7</ele>
      </trkpt>
      <trkpt lat="32.29118" lon="-110.62996">
        <ele>1231.7</ele>
      </trkpt>
      <trkpt lat="32.29125" lon="-110.62972">
        <ele>1230.4</ele>
      </trkpt>
      <trkpt lat="32.29141" lon="-110.62942">
        <ele>1229.9</ele>
      </trkpt>
      <trkpt lat="32.29152" lon="-110.62914">
        <ele>1230.0</ele>
      </trkpt>
      <trkpt lat="32.2914699" lon="-110.62897">
        <ele>1229.9</ele>
      </trkpt>
      <trkpt lat="32.29148" lon="-110.62874">
        <ele>1230.7</ele>
      </trkpt>
      <trkpt lat="32.29154" lon="-110.62843">
        <ele>1231.4</ele>
      </trkpt>
      <trkpt lat="32.29163" lon="-110.62809">
        <ele>1231.8</ele>
      </trkpt>
      <trkpt lat="32.29199" lon="-110.62741">
        <ele>1228.4</ele>
      </trkpt>
      <trkpt lat="32.29209" lon="-110.62709">
        <ele>1227.5</ele>
      </trkpt>
      <trkpt lat="32.29229" lon="-110.62675">
        <ele>1226.7</ele>
      </trkpt>
      <trkpt lat="32.2924" lon="-110.62606">
        <ele>1226.1</ele>
      </trkpt>
      <trkpt lat="32.29263" lon="-110.62547">
        <ele>1230.7</ele>
      </trkpt>
      <trkpt lat="32.29267" lon="-110.62509">
        <ele>1229.2</ele>
      </trkpt>
      <trkpt lat="32.29303" lon="-110.62461">
        <ele>1237.0</ele>
      </trkpt>
      <trkpt lat="32.29324" lon="-110.62415">
        <ele>1240.4</ele>
      </trkpt>
      <trkpt lat="32.2934" lon="-110.62386">
        <ele>1241.6</ele>
      </trkpt>
      <trkpt lat="32.29367" lon="-110.62345">
        <ele>1245.3</ele>
      </trkpt>
      <trkpt lat="32.29426" lon="-110.62292">
        <ele>1246.3</ele>
      </trkpt>
      <trkpt lat="32.29472" lon="-110.62264">
        <ele>1245.2</ele>
      </trkpt>
      <trkpt lat="32.29501" lon="-110.62245">
        <ele>1240.7</ele>
      </trkpt>
      <trkpt lat="32.29509" lon="-110.62233">
        <ele>1239.4</ele>
      </trkpt>
      <trkpt lat="32.2952" lon="-110.62207">
        <ele>1236.1</ele>
      </trkpt>
      <trkpt lat="32.2954099" lon="-110.62182">
        <ele>1233.5</ele>
      </trkpt>
      <trkpt lat="32.29555" lon="-110.62178">
        <ele>1234.2</ele>
      </trkpt>
      <trkpt lat="32.29605" lon="-110.62184">
        <ele>1241.2</ele>
      </trkpt>
      <trkpt lat="32.29616" lon="-110.62176">
        <ele>1241.0</ele>
      </trkpt>
      <trkpt lat="32.29728" lon="-110.6219">
        <ele>1243.4</ele>
      </trkpt>
      <trkpt lat="32.29748" lon="-110.62182">
        <ele>1243.7</ele>
      </trkpt>
      <trkpt lat="32.29761" lon="-110.62166">
        <ele>1247.1</ele>
      </trkpt>
      <trkpt lat="32.29778" lon="-110.62164">
        <ele>1250.0</ele>
      </trkpt>
      <trkpt lat="32.29793" lon="-110.62176">
        <ele>1249.5</ele>
      </trkpt>
      <trkpt lat="32.29848" lon="-110.62204">
        <ele>1254.5</ele>
      </trkpt>
      <trkpt lat="32.29914" lon="-110.6222">
        <ele>1261.7</ele>
      </trkpt>
      <trkpt lat="32.29943" lon="-110.62223">
        <ele>1266.5</ele>
      </trkpt>
      <trkpt lat="32.29961" lon="-110.62218">
        <ele>1267.4</ele>
      </trkpt>
      <trkpt lat="32.30004" lon="-110.6218">
        <ele>1271.4</ele>
      </trkpt>
      <trkpt lat="32.30033" lon="-110.62165">
        <ele>1274.0</ele>
      </trkpt>
      <trkpt lat="32.30094" lon="-110.62089">
        <ele>1280.1</ele>
      </trkpt>
      <trkpt lat="32.30125" lon="-110.61999">
        <ele>1287.9</ele>
      </trkpt>
      <trkpt lat="32.30133" lon="-110.61985">
        <ele>1288.8</ele>
      </trkpt>
      <trkpt lat="32.30146" lon="-110.61977">
        <ele>1289.3</ele>
      </trkpt>
      <trkpt lat="32.30223" lon="-110.61967">
        <ele>1286.1</ele>
      </trkpt>
      <trkpt lat="32.30247" lon="-110.61958">
        <ele>1284.7</ele>
      </trkpt>
      <trkpt lat="32.3026399" lon="-110.61935">
        <ele>1285.5</ele>
      </trkpt>
      <trkpt lat="32.30288" lon="-110.61912">
        <ele>1283.7</ele>
      </trkpt>
      <trkpt lat="32.303" lon="-110.61896">
        <ele>1282.8</ele>
      </trkpt>
      <trkpt lat="32.30317" lon="-110.6187">
        <ele>1283.1</ele>
      </trkpt>
      <trkpt lat="32.30323" lon="-110.61843">
        <ele>1285.0</ele>
      </trkpt>
      <trkpt lat="32.30326" lon="-110.61735">
        <ele>1290.0</ele>
      </trkpt>
      <trkpt lat="32.30362" lon="-110.61563">
        <ele>1291.6</ele>
      </trkpt>
      <trkpt lat="32.30355" lon="-110.61525">
        <ele>1291.4</ele>
      </trkpt>
      <trkpt lat="32.3034" lon="-110.61479">
        <ele>1291.7</ele>
      </trkpt>
      <trkpt lat="32.3033" lon="-110.61402">
        <ele>1292.1</ele>
      </trkpt>
      <trkpt lat="32.30325" lon="-110.6135">
        <ele>1292.7</ele>
      </trkpt>
      <trkpt lat="32.3033" lon="-110.61316">
        <ele>1294.0</ele>
      </trkpt>
      <trkpt lat="32.30342" lon="-110.61286">
        <ele>1296.1</ele>
      </trkpt>
      <trkpt lat="32.3035799" lon="-110.61259">
        <ele>1297.7</ele>
      </trkpt>
      <trkpt lat="32.30466" lon="-110.61145">
        <ele>1305.4</ele>
      </trkpt>
      <trkpt lat="32.30607" lon="-110.60981">
        <ele>1307.3</ele>
      </trkpt>
      <trkpt lat="32.30687" lon="-110.60822">
        <ele>1314.1</ele>
      </trkpt>
      <trkpt lat="32.30686" lon="-110.60644">
        <ele>1309.1</ele>
      </trkpt>
      <trkpt lat="32.30691" lon="-110.60549">
        <ele>1304.3</ele>
      </trkpt>
      <trkpt lat="32.30694" lon="-110.60517">
        <ele>1303.6</ele>
      </trkpt>
      <trkpt lat="32.30685" lon="-110.60476">
        <ele>1304.4</ele>
      </trkpt>
      <trkpt lat="32.30666" lon="-110.60428">
        <ele>1307.9</ele>
      </trkpt>
      <trkpt lat="32.30661" lon="-110.60409">
        <ele>1309.4</ele>
      </trkpt>
      <trkpt lat="32.30662" lon="-110.60387">
        <ele>1310.5</ele>
      </trkpt>
      <trkpt lat="32.30674" lon="-110.60311">
        <ele>1310.8</ele>
      </trkpt>
      <trkpt lat="32.30692" lon="-110.60256">
        <ele>1305.8</ele>
      </trkpt>
      <trkpt lat="32.30744" lon="-110.60203">
        <ele>1304.1</ele>
      </trkpt>
      <trkpt lat="32.30757" lon="-110.60172">
        <ele>1305.4</ele>
      </trkpt>
      <trkpt lat="32.30764" lon="-110.60122">
        <ele>1307.8</ele>
      </trkpt>
      <trkpt lat="32.30763" lon="-110.60089">
        <ele>1308.9</ele>
      </trkpt>
      <trkpt lat="32.30757" lon="-110.60039">
        <ele>1309.6</ele>
      </trkpt>
      <trkpt lat="32.3076099" lon="-110.5998">
        <ele>1309.4</ele>
      </trkpt>
      <trkpt lat="32.3076" lon="-110.59954">
        <ele>1309.7</ele>
      </trkpt>
      <trkpt lat="32.30746" lon="-110.59921">
        <ele>1311.9</ele>
      </trkpt>
      <trkpt lat="32.30716" lon="-110.59903">
        <ele>1313.7</ele>
      </trkpt>
      <trkpt lat="32.3064899" lon="-110.59888">
        <ele>1309.6</ele>
      </trkpt>
      <trkpt lat="32.30613" lon="-110.59871">
        <ele>1307.4</ele>
      </trkpt>
      <trkpt lat="32.3058" lon="-110.59848">
        <ele>1305.4</ele>
      </trkpt>
      <trkpt lat="32.30566" lon="-110.59846">
        <ele>1304.5</ele>
      </trkpt>
      <trkpt lat="32.30472" lon="-110.59847">
        <ele>1300.0</ele>
      </trkpt>
      <trkpt lat="32.30453" lon="-110.59842">
        <ele>1299.3</ele>
      </trkpt>
      <trkpt lat="32.30406" lon="-110.59835">
        <ele>1297.1</ele>
      </trkpt>
      <trkpt lat="32.30375" lon="-110.59846">
        <ele>1294.7</ele>
      </trkpt>
      <trkpt lat="32.30346" lon="-110.59849">
        <ele>1292.8</ele>
      </trkpt>
      <trkpt lat="32.30313" lon="-110.59845">
        <ele>1292.3</ele>
      </trkpt>
      <trkpt lat="32.30286" lon="-110.59831">
        <ele>1292.3</ele>
      </trkpt>
      <trkpt lat="32.30257" lon="-110.59808">
        <ele>1292.4</ele>
      </trkpt>
      <trkpt lat="32.30232" lon="-110.5978">
        <ele>1292.3</ele>
      </trkpt>
      <trkpt lat="32.30222" lon="-110.59754">
        <ele>1292.3</ele>
      </trkpt>
      <trkpt lat="32.30222" lon="-110.59712">
        <ele>1292.3</ele>
      </trkpt>
      <trkpt lat="32.30251" lon="-110.59537">
        <ele>1294.9</ele>
      </trkpt>
      <trkpt lat="32.30274" lon="-110.59449">
        <ele>1293.0</ele>
      </trkpt>
      <trkpt lat="32.3027299" lon="-110.59426">
        <ele>1293.0</ele>
      </trkpt>
      <trkpt lat="32.30268" lon="-110.59388">
        <ele>1293.0</ele>
      </trkpt>
      <trkpt lat="32.30267" lon="-110.59356">
        <ele>1293.0</ele>
      </trkpt>
      <trkpt lat="32.30269" lon="-110.59322">
        <ele>1293.0</ele>
      </trkpt>
      <trkpt lat="32.3027299" lon="-110.59297">
        <ele>1293.0</ele>
      </trkpt>
      <trkpt lat="32.3029" lon="-110.59235">
        <ele>1293.9</ele>
      </trkpt>
      <trkpt lat="32.3031099" lon="-110.59203">
        <ele>1297.2</ele>
      </trkpt>
      <trkpt lat="32.30355" lon="-110.59149">
        <ele>1302.1</ele>
      </trkpt>
      <trkpt lat="32.30368" lon="-110.59125">
        <ele>1303.6</ele>
      </trkpt>
      <trkpt lat="32.30385" lon="-110.59031">
        <ele>1304.4</ele>
      </trkpt>
      <trkpt lat="32.30404" lon="-110.5894">
        <ele>1302.5</ele>
      </trkpt>
      <trkpt lat="32.3040499" lon="-110.58901">
        <ele>1300.6</ele>
      </trkpt>
      <trkpt lat="32.30401" lon="-110.58833">
        <ele>1297.7</ele>
      </trkpt>
      <trkpt lat="32.3039" lon="-110.5879">
        <ele>1294.9</ele>
      </trkpt>
      <trkpt lat="32.30334" lon="-110.58683">
        <ele>1294.3</ele>
      </trkpt>
      <trkpt lat="32.30326" lon="-110.58662">
        <ele>1294.0</ele>
      </trkpt>
      <trkpt lat="32.30325" lon="-110.5863">
        <ele>1292.6</ele>
      </trkpt>
      <trkpt lat="32.30337" lon="-110.58604">
        <ele>1292.6</ele>
      </trkpt>
      <trkpt lat="32.30364" lon="-110.58559">
        <ele>1292.8</ele>
      </trkpt>
      <trkpt lat="32.30383" lon="-110.58523">
        <ele>1292.8</ele>
      </trkpt>
      <trkpt lat="32.30395" lon="-110.58486">
        <ele>1292.8</ele>
      </trkpt>
      <trkpt lat="32.30421" lon="-110.58345">
        <ele>1298.4</ele>
      </trkpt>
      <trkpt lat="32.30434" lon="-110.58284">
        <ele>1301.4</ele>
      </trkpt>
      <trkpt lat="32.30442" lon="-110.58142">
        <ele>1303.3</ele>
      </trkpt>
      <trkpt lat="32.30448" lon="-110.58086">
        <ele>1304.3</ele>
      </trkpt>
      <trkpt lat="32.30489" lon="-110.57869">
        <ele>1307.0</ele>
      </trkpt>
      <trkpt lat="32.30514" lon="-110.57798">
        <ele>1314.1</ele>
      </trkpt>
      <trkpt lat="32.30533" lon="-110.57762">
        <ele>1315.1</ele>
      </trkpt>
      <trkpt lat="32.30568" lon="-110.57711">
        <ele>1315.1</ele>
      </trkpt>
      <trkpt lat="32.3059299" lon="-110.57667">
        <ele>1315.9</ele>
      </trkpt>
      <trkpt lat="32.30605" lon="-110.57633">
        <ele>1316.7</ele>
      </trkpt>
      <trkpt lat="32.30608" lon="-110.576">
        <ele>1316.9</ele>
      </trkpt>
      <trkpt lat="32.30609" lon="-110.57567">
        <ele>1317.4</ele>
      </trkpt>
      <trkpt lat="32.3060199" lon="-110.57532">
        <ele>1317.5</ele>
      </trkpt>
      <trkpt lat="32.30591" lon="-110.57503">
        <ele>1318.1</ele>
      </trkpt>
      <trkpt lat="32.30596" lon="-110.57466">
        <ele>1321.8</ele>
      </trkpt>
      <trkpt lat="32.30609" lon="-110.57447">
        <ele>1324.1</ele>
      </trkpt>
      <trkpt lat="32.30652" lon="-110.57406">
        <ele>1325.4</ele>
      </trkpt>
      <trkpt lat="32.30685" lon="-110.5734">
        <ele>1319.6</ele>
      </trkpt>
      <trkpt lat="32.30724" lon="-110.57308">
        <ele>1317.2</ele>
      </trkpt>
      <trkpt lat="32.30742" lon="-110.57284">
        <ele>1317.1</ele>
      </trkpt>
      <trkpt lat="32.30766" lon="-110.5723">
        <ele>1315.6</ele>
      </trkpt>
      <trkpt lat="32.30795" lon="-110.57186">
        <ele>1314.9</ele>
      </trkpt>
      <trkpt lat="32.30816" lon="-110.57129">
        <ele>1315.0</ele>
      </trkpt>
      <trkpt lat="32.30833" lon="-110.57106">
        <ele>1313.9</ele>
      </trkpt>
      <trkpt lat="32.30887" lon="-110.57042">
        <ele>1309.2</ele>
      </trkpt>
      <trkpt lat="32.3092" lon="-110.57015">
        <ele>1308.5</ele>
      </trkpt>
      <trkpt lat="32.30943" lon="-110.57004">
        <ele>1308.4</ele>
      </trkpt>
      <trkpt lat="32.30956" lon="-110.56994">
        <ele>1307.7</ele>
      </trkpt>
      <trkpt lat="32.31038" lon="-110.56892">
        <ele>1304.1</ele>
      </trkpt>
      <trkpt lat="32.31044" lon="-110.5688">
        <ele>1304.1</ele>
      </trkpt>
      <trkpt lat="32.31046" lon="-110.56867">
        <ele>1304.1</ele>
      </trkpt>
      <trkpt lat="32.31046" lon="-110.56838">
        <ele>1304.1</ele>
      </trkpt>
      <trkpt lat="32.3105199" lon="-110.56811">
        <ele>1304.2</ele>
      </trkpt>
      <trkpt lat="32.31073" lon="-110.56767">
        <ele>1304.5</ele>
      </trkpt>
      <trkpt lat="32.3111" lon="-110.56678">
        <ele>1303.2</ele>
      </trkpt>
      <trkpt lat="32.31138" lon="-110.56594">
        <ele>1299.4</ele>
      </trkpt>
      <trkpt lat="32.3114" lon="-110.56541">
        <ele>1297.2</ele>
      </trkpt>
      <trkpt lat="32.3114599" lon="-110.56491">
        <ele>1296.6</ele>
      </trkpt>
      <trkpt lat="32.31156" lon="-110.56455">
        <ele>1296.3</ele>
      </trkpt>
      <trkpt lat="32.31169" lon="-110.56424">
        <ele>1295.9</ele>
      </trkpt>
      <trkpt lat="32.31178" lon="-110.56393">
        <ele>1295.0</ele>
      </trkpt>
      <trkpt lat="32.31199" lon="-110.56331">
        <ele>1292.7</ele>
      </trkpt>
      <trkpt lat="32.31228" lon="-110.56291">
        <ele>1292.8</ele>
      </trkpt>
      <trkpt lat="32.31241" lon="-110.56255">
        <ele>1293.1</ele>
      </trkpt>
      <trkpt lat="32.31247" lon="-110.56225">
        <ele>1292.8</ele>
      </trkpt>
      <trkpt lat="32.31254" lon="-110.56204">
        <ele>1293.0</ele>
      </trkpt>
      <trkpt lat="32.3128699" lon="-110.5613">
        <ele>1299.1</ele>
      </trkpt>
      <trkpt lat="32.3129599" lon="-110.56105">
        <ele>1300.6</ele>
      </trkpt>
      <trkpt lat="32.31306" lon="-110.56074">
        <ele>1301.6</ele>
      </trkpt>
      <trkpt lat="32.31309" lon="-110.55985">
        <ele>1295.2</ele>
      </trkpt>
      <trkpt lat="32.31302" lon="-110.55898">
        <ele>1291.8</ele>
      </trkpt>
      <trkpt lat="32.3128699" lon="-110.55814">
        <ele>1300.6</ele>
      </trkpt>
      <trkpt lat="32.31277" lon="-110.55735">
        <ele>1297.5</ele>
      </trkpt>
      <trkpt lat="32.3127799" lon="-110.55662">
        <ele>1289.5</ele>
      </trkpt>
      <trkpt lat="32.31272" lon="-110.55583">
        <ele>1278.5</ele>
      </trkpt>
      <trkpt lat="32.31276" lon="-110.55557">
        <ele>1279.2</ele>
      </trkpt>
      <trkpt lat="32.31277" lon="-110.55525">
        <ele>1278.0</ele>
      </trkpt>
      <trkpt lat="32.31271" lon="-110.5547">
        <ele>1274.3</ele>
      </trkpt>
      <trkpt lat="32.31276" lon="-110.55439">
        <ele>1274.3</ele>
      </trkpt>
      <trkpt lat="32.3129599" lon="-110.55404">
        <ele>1276.2</ele>
      </trkpt>
      <trkpt lat="32.31302" lon="-110.55389">
        <ele>1275.7</ele>
      </trkpt>
      <trkpt lat="32.31304" lon="-110.55365">
        <ele>1274.7</ele>
      </trkpt>
      <trkpt lat="32.313" lon="-110.55339">
        <ele>1273.2</ele>
      </trkpt>
      <trkpt lat="32.313" lon="-110.55318">
        <ele>1273.2</ele>
      </trkpt>
      <trkpt lat="32.31304" lon="-110.55286">
        <ele>1272.8</ele>
      </trkpt>
      <trkpt lat="32.31355" lon="-110.55211">
        <ele>1267.7</ele>
      </trkpt>
      <trkpt lat="32.31364" lon="-110.55186">
        <ele>1267.3</ele>
      </trkpt>
      <trkpt lat="32.31364" lon="-110.55087">
        <ele>1254.1</ele>
      </trkpt>
      <trkpt lat="32.31359" lon="-110.55">
        <ele>1254.3</ele>
      </trkpt>
      <trkpt lat="32.31349" lon="-110.54971">
        <ele>1254.1</ele>
      </trkpt>
      <trkpt lat="32.31332" lon="-110.54946">
        <ele>1253.6</ele>
      </trkpt>
      <trkpt lat="32.3133" lon="-110.54929">
        <ele>1253.7</ele>
      </trkpt>
      <trkpt lat="32.31335" lon="-110.54869">
        <ele>1256.0</ele>
      </trkpt>
      <trkpt lat="32.31329" lon="-110.54848">
        <ele>1257.9</ele>
      </trkpt>
      <trkpt lat="32.31311" lon="-110.54814">
        <ele>1259.8</ele>
      </trkpt>
      <trkpt lat="32.3128699" lon="-110.54781">
        <ele>1261.1</ele>
      </trkpt>
      <trkpt lat="32.31281" lon="-110.54747">
        <ele>1260.8</ele>
      </trkpt>
      <trkpt lat="32.31283" lon="-110.54549">
        <ele>1267.5</ele>
      </trkpt>
      <trkpt lat="32.31277" lon="-110.54483">
        <ele>1268.2</ele>
      </trkpt>
      <trkpt lat="32.31285" lon="-110.54345">
        <ele>1277.1</ele>
      </trkpt>
      <trkpt lat="32.31286" lon="-110.54277">
        <ele>1279.3</ele>
      </trkpt>
      <trkpt lat="32.31285" lon="-110.5424">
        <ele>1280.2</ele>
      </trkpt>
      <trkpt lat="32.3129" lon="-110.5421">
        <ele>1282.7</ele>
      </trkpt>
      <trkpt lat="32.31298" lon="-110.54183">
        <ele>1284.2</ele>
      </trkpt>
      <trkpt lat="32.3131" lon="-110.54161">
        <ele>1287.8</ele>
      </trkpt>
      <trkpt lat="32.31411" lon="-110.5407">
        <ele>1291.1</ele>
      </trkpt>
      <trkpt lat="32.31426" lon="-110.54072">
        <ele>1291.7</ele>
      </trkpt>
      <trkpt lat="32.31501" lon="-110.54112">
        <ele>1291.2</ele>
      </trkpt>
      <trkpt lat="32.31558" lon="-110.54108">
        <ele>1283.8</ele>
      </trkpt>
      <trkpt lat="32.31593" lon="-110.54112">
        <ele>1279.5</ele>
      </trkpt>
      <trkpt lat="32.31612" lon="-110.54118">
        <ele>1278.3</ele>
      </trkpt>
      <trkpt lat="32.31626" lon="-110.54131">
        <ele>1277.6</ele>
      </trkpt>
      <trkpt lat="32.31635" lon="-110.54149">
        <ele>1277.5</ele>
      </trkpt>
      <trkpt lat="32.3164299" lon="-110.54181">
        <ele>1277.7</ele>
      </trkpt>
      <trkpt lat="32.31652" lon="-110.54199">
        <ele>1277.1</ele>
      </trkpt>
      <trkpt lat="32.31666" lon="-110.54209">
        <ele>1276.2</ele>
      </trkpt>
      <trkpt lat="32.3175" lon="-110.54241">
        <ele>1268.4</ele>
      </trkpt>
      <trkpt lat="32.31855" lon="-110.54295">
        <ele>1264.6</ele>
      </trkpt>
      <trkpt lat="32.31884" lon="-110.54304">
        <ele>1261.3</ele>
      </trkpt>
      <trkpt lat="32.31955" lon="-110.54315">
        <ele>1257.6</ele>
      </trkpt>
      <trkpt lat="32.31973" lon="-110.5432">
        <ele>1257.3</ele>
      </trkpt>
      <trkpt lat="32.32026" lon="-110.54358">
        <ele>1253.8</ele>
      </trkpt>
      <trkpt lat="32.3205" lon="-110.54364">
        <ele>1253.2</ele>
      </trkpt>
      <trkpt lat="32.32092" lon="-110.54364">
        <ele>1250.6</ele>
      </trkpt>
      <trkpt lat="32.32109" lon="-110.54359">
        <ele>1248.0</ele>
      </trkpt>
      <trkpt lat="32.32138" lon="-110.54341">
        <ele>1244.7</ele>
      </trkpt>
      <trkpt lat="32.32186" lon="-110.54344">
        <ele>1237.9</ele>
      </trkpt>
      <trkpt lat="32.32229" lon="-110.54315">
        <ele>1232.9</ele>
      </trkpt>
      <trkpt lat="32.32253" lon="-110.54312">
        <ele>1228.5</ele>
      </trkpt>
      <trkpt lat="32.32273" lon="-110.5432">
        <ele>1223.6</ele>
      </trkpt>
      <trkpt lat="32.32304" lon="-110.5431">
        <ele>1221.7</ele>
      </trkpt>
      <trkpt lat="32.32322" lon="-110.5431">
        <ele>1221.2</ele>
      </trkpt>
      <trkpt lat="32.32353" lon="-110.54336">
        <ele>1218.3</ele>
      </trkpt>
      <trkpt lat="32.32377" lon="-110.54343">
        <ele>1214.4</ele>
      </trkpt>
      <trkpt lat="32.32388" lon="-110.54355">
        <ele>1212.3</ele>
      </trkpt>
      <trkpt lat="32.32402" lon="-110.54365">
        <ele>1210.2</ele>
      </trkpt>
      <trkpt lat="32.32419" lon="-110.54361">
        <ele>1210.0</ele>
      </trkpt>
      <trkpt lat="32.32434" lon="-110.54343">
        <ele>1209.8</ele>
      </trkpt>
      <trkpt lat="32.32446" lon="-110.54307">
        <ele>1208.4</ele>
      </trkpt>
      <trkpt lat="32.32456" lon="-110.54292">
        <ele>1207.7</ele>
      </trkpt>
      <trkpt lat="32.32484" lon="-110.54286">
        <ele>1207.2</ele>
      </trkpt>
      <trkpt lat="32.32518" lon="-110.54296">
        <ele>1206.6</ele>
      </trkpt>
      <trkpt lat="32.32542" lon="-110.54299">
        <ele>1205.7</ele>
      </trkpt>
      <trkpt lat="32.32562" lon="-110.5429">
        <ele>1204.7</ele>
      </trkpt>
      <trkpt lat="32.32579" lon="-110.54265">
        <ele>1203.9</ele>
      </trkpt>
      <trkpt lat="32.32597" lon="-110.54229">
        <ele>1202.4</ele>
      </trkpt>
      <trkpt lat="32.3260999" lon="-110.54217">
        <ele>1200.8</ele>
      </trkpt>
      <trkpt lat="32.32629" lon="-110.54205">
        <ele>1198.3</ele>
      </trkpt>
      <trkpt lat="32.32686" lon="-110.542">
        <ele>1196.3</ele>
      </trkpt>
      <trkpt lat="32.32718" lon="-110.54201">
        <ele>1197.4</ele>
      </trkpt>
      <trkpt lat="32.32796" lon="-110.54243">
        <ele>1196.3</ele>
      </trkpt>
      <trkpt lat="32.32821" lon="-110.5425">
        <ele>1196.6</ele>
      </trkpt>
      <trkpt lat="32.32871" lon="-110.54247">
        <ele>1196.1</ele>
      </trkpt>
      <trkpt lat="32.3289" lon="-110.54242">
        <ele>1195.5</ele>
      </trkpt>
      <trkpt lat="32.32903" lon="-110.54233">
        <ele>1195.2</ele>
      </trkpt>
      <trkpt lat="32.32913" lon="-110.54217">
        <ele>1195.1</ele>
      </trkpt>
      <trkpt lat="32.3291899" lon="-110.54196">
        <ele>1194.9</ele>
      </trkpt>
      <trkpt lat="32.3293" lon="-110.54093">
        <ele>1194.8</ele>
      </trkpt>
      <trkpt lat="32.32925" lon="-110.54012">
        <ele>1194.8</ele>
      </trkpt>
      <trkpt lat="32.32886" lon="-110.53754">
        <ele>1192.5</ele>
      </trkpt>
      <trkpt lat="32.32888" lon="-110.53717">
        <ele>1191.1</ele>
      </trkpt>
      <trkpt lat="32.32895" lon="-110.53695">
        <ele>1190.6</ele>
      </trkpt>
      <trkpt lat="32.32938" lon="-110.53583">
        <ele>1188.3</ele>
      </trkpt>
      <trkpt lat="32.3294799" lon="-110.53564">
        <ele>1191.1</ele>
      </trkpt>
      <trkpt lat="32.32963" lon="-110.53549">
        <ele>1195.0</ele>
      </trkpt>
      <trkpt lat="32.32991" lon="-110.53543">
        <ele>1198.2</ele>
      </trkpt>
      <trkpt lat="32.33007" lon="-110.53545">
        <ele>1199.6</ele>
      </trkpt>
      <trkpt lat="32.33077" lon="-110.53584">
        <ele>1206.4</ele>
      </trkpt>
      <trkpt lat="32.33101" lon="-110.5362">
        <ele>1201.3</ele>
      </trkpt>
      <trkpt lat="32.33121" lon="-110.53641">
        <ele>1199.8</ele>
      </trkpt>
      <trkpt lat="32.33158" lon="-110.5365">
        <ele>1201.2</ele>
      </trkpt>
      <trkpt lat="32.33197" lon="-110.53684">
        <ele>1200.7</ele>
      </trkpt>
      <trkpt lat="32.33219" lon="-110.53717">
        <ele>1198.1</ele>
      </trkpt>
      <trkpt lat="32.33232" lon="-110.53727">
        <ele>1196.3</ele>
      </trkpt>
      <trkpt lat="32.33266" lon="-110.53737">
        <ele>1194.1</ele>
      </trkpt>
      <trkpt lat="32.33284" lon="-110.53753">
        <ele>1193.4</ele>
      </trkpt>
      <trkpt lat="32.33301" lon="-110.53777">
        <ele>1192.1</ele>
      </trkpt>
      <trkpt lat="32.33339" lon="-110.53886">
        <ele>1184.4</ele>
      </trkpt>
      <trkpt lat="32.33392" lon="-110.53953">
        <ele>1182.9</ele>
      </trkpt>
      <trkpt lat="32.33464" lon="-110.53995">
        <ele>1182.2</ele>
      </trkpt>
      <trkpt lat="32.33497" lon="-110.53998">
        <ele>1181.1</ele>
      </trkpt>
      <trkpt lat="32.33621" lon="-110.53998">
        <ele>1182.7</ele>
      </trkpt>
      <trkpt lat="32.33686" lon="-110.54036">
        <ele>1184.6</ele>
      </trkpt>
      <trkpt lat="32.33761" lon="-110.54059">
        <ele>1185.1</ele>
      </trkpt>
      <trkpt lat="32.33777" lon="-110.5407">
        <ele>1183.8</ele>
      </trkpt>
      <trkpt lat="32.33799" lon="-110.54073">
        <ele>1183.3</ele>
      </trkpt>
      <trkpt lat="32.33825" lon="-110.54058">
        <ele>1183.0</ele>
      </trkpt>
      <trkpt lat="32.33841" lon="-110.54053">
        <ele>1183.0</ele>
      </trkpt>
      <trkpt lat="32.33899" lon="-110.54066">
        <ele>1183.0</ele>
      </trkpt>
      <trkpt lat="32.3392" lon="-110.54064">
        <ele>1183.5</ele>
      </trkpt>
      <trkpt lat="32.3394199" lon="-110.54056">
        <ele>1184.8</ele>
      </trkpt>
      <trkpt lat="32.33959" lon="-110.54059">
        <ele>1185.7</ele>
      </trkpt>
      <trkpt lat="32.34011" lon="-110.54079">
        <ele>1190.6</ele>
      </trkpt>
      <trkpt lat="32.34056" lon="-110.54078">
        <ele>1193.8</ele>
      </trkpt>
      <trkpt lat="32.34102" lon="-110.54067">
        <ele>1194.7</ele>
      </trkpt>
      <trkpt lat="32.34122" lon="-110.54044">
        <ele>1195.5</ele>
      </trkpt>
      <trkpt lat="32.34137" lon="-110.54006">
        <ele>1198.1</ele>
      </trkpt>
      <trkpt lat="32.34152" lon="-110.53994">
        <ele>1199.0</ele>
      </trkpt>
      <trkpt lat="32.34172" lon="-110.53984">
        <ele>1200.0</ele>
      </trkpt>
      <trkpt lat="32.34222" lon="-110.5397">
        <ele>1202.6</ele>
      </trkpt>
      <trkpt lat="32.34251" lon="-110.53963">
        <ele>1200.3</ele>
      </trkpt>
      <trkpt lat="32.34276" lon="-110.53975">
        <ele>1201.9</ele>
      </trkpt>
      <trkpt lat="32.34415" lon="-110.54052">
        <ele>1208.6</ele>
      </trkpt>
      <trkpt lat="32.34469" lon="-110.54079">
        <ele>1210.2</ele>
      </trkpt>
      <trkpt lat="32.3453" lon="-110.54094">
        <ele>1219.2</ele>
      </trkpt>
      <trkpt lat="32.34593" lon="-110.54096">
        <ele>1225.5</ele>
      </trkpt>
      <trkpt lat="32.34648" lon="-110.54088">
        <ele>1231.8</ele>
      </trkpt>
      <trkpt lat="32.3470299" lon="-110.54077">
        <ele>1237.3</ele>
      </trkpt>
      <trkpt lat="32.34757" lon="-110.54079">
        <ele>1240.6</ele>
      </trkpt>
      <trkpt lat="32.34782" lon="-110.54069">
        <ele>1240.9</ele>
      </trkpt>
      <trkpt lat="32.34798" lon="-110.5405">
        <ele>1240.7</ele>
      </trkpt>
      <trkpt lat="32.34814" lon="-110.54011">
        <ele>1239.2</ele>
      </trkpt>
      <trkpt lat="32.34829" lon="-110.53939">
        <ele>1235.5</ele>
      </trkpt>
      <trkpt lat="32.3485" lon="-110.53907">
        <ele>1240.8</ele>
      </trkpt>
      <trkpt lat="32.34857" lon="-110.5389">
        <ele>1241.3</ele>
      </trkpt>
      <trkpt lat="32.34851" lon="-110.53841">
        <ele>1239.6</ele>
      </trkpt>
      <trkpt lat="32.34848" lon="-110.53763">
        <ele>1239.9</ele>
      </trkpt>
      <trkpt lat="32.34855" lon="-110.53705">
        <ele>1241.8</ele>
      </trkpt>
      <trkpt lat="32.3485" lon="-110.53665">
        <ele>1240.5</ele>
      </trkpt>
      <trkpt lat="32.34856" lon="-110.5363">
        <ele>1241.2</ele>
      </trkpt>
      <trkpt lat="32.34865" lon="-110.53607">
        <ele>1241.2</ele>
      </trkpt>
      <trkpt lat="32.34881" lon="-110.53591">
        <ele>1241.9</ele>
      </trkpt>
      <trkpt lat="32.34911" lon="-110.53569">
        <ele>1240.6</ele>
      </trkpt>
      <trkpt lat="32.34974" lon="-110.53569">
        <ele>1241.7</ele>
      </trkpt>
      <trkpt lat="32.35" lon="-110.53563">
        <ele>1241.8</ele>
      </trkpt>
      <trkpt lat="32.35023" lon="-110.53548">
        <ele>1238.4</ele>
      </trkpt>
      <trkpt lat="32.35061" lon="-110.53504">
        <ele>1235.1</ele>
      </trkpt>
      <trkpt lat="32.35078" lon="-110.53472">
        <ele>1237.1</ele>
      </trkpt>
      <trkpt lat="32.35112" lon="-110.53433">
        <ele>1238.2</ele>
      </trkpt>
      <trkpt lat="32.35127" lon="-110.53401">
        <ele>1235.1</ele>
      </trkpt>
      <trkpt lat="32.35136" lon="-110.53367">
        <ele>1235.7</ele>
      </trkpt>
      <trkpt lat="32.35152" lon="-110.53331">
        <ele>1230.2</ele>
      </trkpt>
      <trkpt lat="32.35158" lon="-110.53307">
        <ele>1225.6</ele>
      </trkpt>
      <trkpt lat="32.35155" lon="-110.53268">
        <ele>1223.2</ele>
      </trkpt>
      <trkpt lat="32.35139" lon="-110.53203">
        <ele>1215.7</ele>
      </trkpt>
      <trkpt lat="32.35142" lon="-110.5317">
        <ele>1213.1</ele>
      </trkpt>
      <trkpt lat="32.35154" lon="-110.53154">
        <ele>1210.0</ele>
      </trkpt>
      <trkpt lat="32.35172" lon="-110.53143">
        <ele>1208.5</ele>
      </trkpt>
      <trkpt lat="32.35178" lon="-110.53132">
        <ele>1208.7</ele>
      </trkpt>
      <trkpt lat="32.3518199" lon="-110.53082">
        <ele>1204.1</ele>
      </trkpt>
      <trkpt lat="32.35204" lon="-110.5304">
        <ele>1198.7</ele>
      </trkpt>
      <trkpt lat="32.35213" lon="-110.53011">
        <ele>1198.2</ele>
      </trkpt>
      <trkpt lat="32.35225" lon="-110.52992">
        <ele>1196.8</ele>
      </trkpt>
      <trkpt lat="32.35268" lon="-110.52948">
        <ele>1187.3</ele>
      </trkpt>
      <trkpt lat="32.35302" lon="-110.5291">
        <ele>1188.1</ele>
      </trkpt>
      <trkpt lat="32.35372" lon="-110.52823">
        <ele>1196.9</ele>
      </trkpt>
      <trkpt lat="32.35408" lon="-110.52741">
        <ele>1193.6</ele>
      </trkpt>
      <trkpt lat="32.35417" lon="-110.52705">
        <ele>1189.3</ele>
      </trkpt>
      <trkpt lat="32.35413" lon="-110.5267">
        <ele>1185.9</ele>
      </trkpt>
      <trkpt lat="32.35391" lon="-110.52638">
        <ele>1183.4</ele>
      </trkpt>
      <trkpt lat="32.3535899" lon="-110.52607">
        <ele>1175.5</ele>
      </trkpt>
      <trkpt lat="32.3534999" lon="-110.52581">
        <ele>1173.7</ele>
      </trkpt>
      <trkpt lat="32.35356" lon="-110.52545">
        <ele>1171.6</ele>
      </trkpt>
      <trkpt lat="32.35381" lon="-110.52459">
        <ele>1165.3</ele>
      </trkpt>
      <trkpt lat="32.3538799" lon="-110.52395">
        <ele>1158.1</ele>
      </trkpt>
      <trkpt lat="32.35403" lon="-110.52351">
        <ele>1153.4</ele>
      </trkpt>
      <trkpt lat="32.35449" lon="-110.52284">
        <ele>1147.7</ele>
      </trkpt>
      <trkpt lat="32.3547" lon="-110.52243">
        <ele>1144.1</ele>
      </trkpt>
      <trkpt lat="32.35477" lon="-110.52214">
        <ele>1143.7</ele>
      </trkpt>
      <trkpt lat="32.35475" lon="-110.5218">
        <ele>1145.3</ele>
      </trkpt>
      <trkpt lat="32.35442" lon="-110.52095">
        <ele>1150.4</ele>
      </trkpt>
      <trkpt lat="32.35431" lon="-110.5206">
        <ele>1151.0</ele>
      </trkpt>
      <trkpt lat="32.35436" lon="-110.52024">
        <ele>1149.2</ele>
      </trkpt>
      <trkpt lat="32.3546" lon="-110.51954">
        <ele>1158.3</ele>
      </trkpt>
      <trkpt lat="32.35463" lon="-110.51899">
        <ele>1161.9</ele>
      </trkpt>
      <trkpt lat="32.3547" lon="-110.51876">
        <ele>1165.9</ele>
      </trkpt>
      <trkpt lat="32.35484" lon="-110.51862">
        <ele>1168.4</ele>
      </trkpt>
      <trkpt lat="32.3549999" lon="-110.51856">
        <ele>1169.7</ele>
      </trkpt>
      <trkpt lat="32.35517" lon="-110.5186">
        <ele>1170.1</ele>
      </trkpt>
      <trkpt lat="32.35527" lon="-110.51865">
        <ele>1170.7</ele>
      </trkpt>
      <trkpt lat="32.35537" lon="-110.51875">
        <ele>1171.8</ele>
      </trkpt>
      <trkpt lat="32.3556" lon="-110.51926">
        <ele>1169.5</ele>
      </trkpt>
      <trkpt lat="32.35572" lon="-110.51949">
        <ele>1167.3</ele>
      </trkpt>
      <trkpt lat="32.3559399" lon="-110.51968">
        <ele>1165.3</ele>
      </trkpt>
      <trkpt lat="32.35616" lon="-110.51976">
        <ele>1163.7</ele>
      </trkpt>
      <trkpt lat="32.3564" lon="-110.51979">
        <ele>1162.1</ele>
      </trkpt>
      <trkpt lat="32.35665" lon="-110.51974">
        <ele>1161.2</ele>
      </trkpt>
      <trkpt lat="32.3568799" lon="-110.51961">
        <ele>1160.4</ele>
      </trkpt>
      <trkpt lat="32.35732" lon="-110.51919">
        <ele>1160.9</ele>
      </trkpt>
      <trkpt lat="32.35748" lon="-110.51907">
        <ele>1162.6</ele>
      </trkpt>
      <trkpt lat="32.35784" lon="-110.51898">
        <ele>1164.3</ele>
      </trkpt>
      <trkpt lat="32.35921" lon="-110.51893">
        <ele>1149.0</ele>
      </trkpt>
      <trkpt lat="32.35943" lon="-110.51897">
        <ele>1148.8</ele>
      </trkpt>
      <trkpt lat="32.36117" lon="-110.51977">
        <ele>1137.9</ele>
      </trkpt>
      <trkpt lat="32.3613799" lon="-110.51995">
        <ele>1137.1</ele>
      </trkpt>
      <trkpt lat="32.3615" lon="-110.52007">
        <ele>1136.7</ele>
      </trkpt>
      <trkpt lat="32.36162" lon="-110.52025">
        <ele>1136.4</ele>
      </trkpt>
      <trkpt lat="32.36177" lon="-110.52065">
        <ele>1135.7</ele>
      </trkpt>
      <trkpt lat="32.36204" lon="-110.52113">
        <ele>1135.2</ele>
      </trkpt>
      <trkpt lat="32.36228" lon="-110.52135">
        <ele>1135.3</ele>
      </trkpt>
      <trkpt lat="32.36321" lon="-110.52193">
        <ele>1134.9</ele>
      </trkpt>
      <trkpt lat="32.36368" lon="-110.52214">
        <ele>1129.3</ele>
      </trkpt>
      <trkpt lat="32.3641" lon="-110.52222">
        <ele>1123.0</ele>
      </trkpt>
      <trkpt lat="32.36499" lon="-110.52224">
        <ele>1118.7</ele>
      </trkpt>
      <trkpt lat="32.36525" lon="-110.52229">
        <ele>1118.0</ele>
      </trkpt>
      <trkpt lat="32.36548" lon="-110.52239">
        <ele>1116.6</ele>
      </trkpt>
      <trkpt lat="32.3662599" lon="-110.52286">
        <ele>1113.1</ele>
      </trkpt>
      <trkpt lat="32.36661" lon="-110.52298">
        <ele>1112.8</ele>
      </trkpt>
      <trkpt lat="32.36725" lon="-110.52298">
        <ele>1113.5</ele>
      </trkpt>
      <trkpt lat="32.36759" lon="-110.52307">
        <ele>1113.8</ele>
      </trkpt>
      <trkpt lat="32.36807" lon="-110.52329">
        <ele>1114.4</ele>
      </trkpt>
      <trkpt lat="32.36837" lon="-110.5233">
        <ele>1114.5</ele>
      </trkpt>
      <trkpt lat="32.36864" lon="-110.52326">
        <ele>1114.3</ele>
      </trkpt>
      <trkpt lat="32.36902" lon="-110.52298">
        <ele>1112.8</ele>
      </trkpt>
      <trkpt lat="32.3694" lon="-110.52246">
        <ele>1111.4</ele>
      </trkpt>
      <trkpt lat="32.36976" lon="-110.52219">
        <ele>1111.5</ele>
      </trkpt>
      <trkpt lat="32.3701" lon="-110.52206">
        <ele>1113.3</ele>
      </trkpt>
      <trkpt lat="32.37048" lon="-110.522">
        <ele>1112.8</ele>
      </trkpt>
      <trkpt lat="32.37088" lon="-110.52212">
        <ele>1107.9</ele>
      </trkpt>
      <trkpt lat="32.3716099" lon="-110.52241">
        <ele>1099.8</ele>
      </trkpt>
      <trkpt lat="32.37224" lon="-110.52238">
        <ele>1100.5</ele>
      </trkpt>
      <trkpt lat="32.37332" lon="-110.52186">
        <ele>1107.0</ele>
      </trkpt>
      <trkpt lat="32.37392" lon="-110.52153">
        <ele>1105.2</ele>
      </trkpt>
      <trkpt lat="32.37431" lon="-110.52138">
        <ele>1103.3</ele>
      </trkpt>
      <trkpt lat="32.37446" lon="-110.52136">
        <ele>1102.0</ele>
      </trkpt>
      <trkpt lat="32.37467" lon="-110.52145">
        <ele>1100.4</ele>
      </trkpt>
      <trkpt lat="32.37505" lon="-110.52166">
        <ele>1096.3</ele>
      </trkpt>
      <trkpt lat="32.37548" lon="-110.52169">
        <ele>1100.0</ele>
      </trkpt>
      <trkpt lat="32.37571" lon="-110.52149">
        <ele>1098.6</ele>
      </trkpt>
      <trkpt lat="32.37612" lon="-110.52097">
        <ele>1094.9</ele>
      </trkpt>
      <trkpt lat="32.3764899" lon="-110.52078">
        <ele>1089.9</ele>
      </trkpt>
      <trkpt lat="32.3770499" lon="-110.52046">
        <ele>1086.2</ele>
      </trkpt>
      <trkpt lat="32.37785" lon="-110.52031">
        <ele>1081.1</ele>
      </trkpt>
      <trkpt lat="32.37847" lon="-110.52005">
        <ele>1087.1</ele>
      </trkpt>
      <trkpt lat="32.37901" lon="-110.51973">
        <ele>1079.4</ele>
      </trkpt>
      <trkpt lat="32.37951" lon="-110.51969">
        <ele>1075.9</ele>
      </trkpt>
      <trkpt lat="32.37999" lon="-110.51977">
        <ele>1075.0</ele>
      </trkpt>
      <trkpt lat="32.38041" lon="-110.51967">
        <ele>1074.4</ele>
      </trkpt>
      <trkpt lat="32.3813" lon="-110.5193">
        <ele>1073.7</ele>
      </trkpt>
      <trkpt lat="32.38159" lon="-110.51931">
        <ele>1070.8</ele>
      </trkpt>
      <trkpt lat="32.38195" lon="-110.51936">
        <ele>1068.5</ele>
      </trkpt>
      <trkpt lat="32.38225" lon="-110.51935">
        <ele>1068.1</ele>
      </trkpt>
      <trkpt lat="32.38249" lon="-110.51929">
        <ele>1066.7</ele>
      </trkpt>
      <trkpt lat="32.38276" lon="-110.51909">
        <ele>1064.5</ele>
      </trkpt>
      <trkpt lat="32.3834" lon="-110.5185">
        <ele>1062.9</ele>
      </trkpt>
      <trkpt lat="32.38382" lon="-110.5183">
        <ele>1064.3</ele>
      </trkpt>
      <trkpt lat="32.38393" lon="-110.5182">
        <ele>1064.7</ele>
      </trkpt>
      <trkpt lat="32.38412" lon="-110.51786">
        <ele>1060.1</ele>
      </trkpt>
      <trkpt lat="32.3842" lon="-110.51764">
        <ele>1058.0</ele>
      </trkpt>
      <trkpt lat="32.38432" lon="-110.5175">
        <ele>1057.4</ele>
      </trkpt>
      <trkpt lat="32.38448" lon="-110.51741">
        <ele>1057.0</ele>
      </trkpt>
      <trkpt lat="32.38472" lon="-110.51746">
        <ele>1056.2</ele>
      </trkpt>
      <trkpt lat="32.38497" lon="-110.5176">
        <ele>1051.8</ele>
      </trkpt>
      <trkpt lat="32.38527" lon="-110.51769">
        <ele>1049.0</ele>
      </trkpt>
      <trkpt lat="32.38554" lon="-110.5177">
        <ele>1045.4</ele>
      </trkpt>
      <trkpt lat="32.3857799" lon="-110.51754">
        <ele>1042.2</ele>
      </trkpt>
      <trkpt lat="32.38584" lon="-110.51735">
        <ele>1042.0</ele>
      </trkpt>
      <trkpt lat="32.38605" lon="-110.51705">
        <ele>1040.8</ele>
      </trkpt>
      <trkpt lat="32.38612" lon="-110.51669">
        <ele>1040.1</ele>
      </trkpt>
      <trkpt lat="32.3861599" lon="-110.51624">
        <ele>1040.2</ele>
      </trkpt>
      <trkpt lat="32.38633" lon="-110.51585">
        <ele>1038.0</ele>
      </trkpt>
      <trkpt lat="32.3866299" lon="-110.51558">
        <ele>1035.4</ele>
      </trkpt>
      <trkpt lat="32.38697" lon="-110.5154">
        <ele>1032.7</ele>
      </trkpt>
      <trkpt lat="32.3874" lon="-110.51528">
        <ele>1031.2</ele>
      </trkpt>
      <trkpt lat="32.38761" lon="-110.5153">
        <ele>1031.1</ele>
      </trkpt>
      <trkpt lat="32.38814" lon="-110.51514">
        <ele>1028.7</ele>
      </trkpt>
      <trkpt lat="32.38857" lon="-110.51495">
        <ele>1026.8</ele>
      </trkpt>
      <trkpt lat="32.38895" lon="-110.51466">
        <ele>1025.8</ele>
      </trkpt>
      <trkpt lat="32.38982" lon="-110.51376">
        <ele>1023.9</ele>
      </trkpt>
      <trkpt lat="32.39008" lon="-110.51359">
        <ele>1020.3</ele>
      </trkpt>
      <trkpt lat="32.3903899" lon="-110.51347">
        <ele>1017.6</ele>
      </trkpt>
      <trkpt lat="32.3911" lon="-110.51329">
        <ele>1015.4</ele>
      </trkpt>
      <trkpt lat="32.39176" lon="-110.51307">
        <ele>1015.1</ele>
      </trkpt>
      <trkpt lat="32.39206" lon="-110.51287">
        <ele>1016.2</ele>
      </trkpt>
      <trkpt lat="32.39232" lon="-110.51262">
        <ele>1016.7</ele>
      </trkpt>
      <trkpt lat="32.39265" lon="-110.51242">
        <ele>1010.9</ele>
      </trkpt>
      <trkpt lat="32.39359" lon="-110.51228">
        <ele>1001.3</ele>
      </trkpt>
      <trkpt lat="32.39385" lon="-110.51222">
        <ele>999.9</ele>
      </trkpt>
      <trkpt lat="32.39407" lon="-110.5121">
        <ele>999.7</ele>
      </trkpt>
      <trkpt lat="32.39463" lon="-110.51162">
        <ele>997.8</ele>
      </trkpt>
      <trkpt lat="32.39486" lon="-110.51145">
        <ele>995.5</ele>
      </trkpt>
      <trkpt lat="32.39559" lon="-110.51125">
        <ele>990.7</ele>
      </trkpt>
      <trkpt lat="32.39596" lon="-110.51107">
        <ele>989.8</ele>
      </trkpt>
      <trkpt lat="32.39619" lon="-110.51082">
        <ele>989.4</ele>
      </trkpt>
      <trkpt lat="32.39651" lon="-110.51015">
        <ele>988.8</ele>
      </trkpt>
      <trkpt lat="32.39707" lon="-110.50954">
        <ele>990.5</ele>
      </trkpt>
      <trkpt lat="32.39735" lon="-110.50896">
        <ele>990.3</ele>
      </trkpt>
      <trkpt lat="32.39761" lon="-110.50867">
        <ele>990.2</ele>
      </trkpt>
      <trkpt lat="32.39795" lon="-110.50859">
        <ele>989.7</ele>
      </trkpt>
      <trkpt lat="32.39838" lon="-110.50856">
        <ele>989.0</ele>
      </trkpt>
      <trkpt lat="32.39881" lon="-110.5085">
        <ele>986.6</ele>
      </trkpt>
      <trkpt lat="32.3992099" lon="-110.50826">
        <ele>982.1</ele>
      </trkpt>
      <trkpt lat="32.39956" lon="-110.50789">
        <ele>980.2</ele>
      </trkpt>
      <trkpt lat="32.39985" lon="-110.50734">
        <ele>979.6</ele>
      </trkpt>
      <trkpt lat="32.40014" lon="-110.50654">
        <ele>978.5</ele>
      </trkpt>
      <trkpt lat="32.4002" lon="-110.50635">
        <ele>978.5</ele>
      </trkpt>
      <trkpt lat="32.40066" lon="-110.5058">
        <ele>977.5</ele>
      </trkpt>
      <trkpt lat="32.40139" lon="-110.50528">
        <ele>976.7</ele>
      </trkpt>
      <trkpt lat="32.40219" lon="-110.50477">
        <ele>978.4</ele>
      </trkpt>
      <trkpt lat="32.40258" lon="-110.5047">
        <ele>979.6</ele>
      </trkpt>
      <trkpt lat="32.40327" lon="-110.5048">
        <ele>977.6</ele>
      </trkpt>
      <trkpt lat="32.40382" lon="-110.5047">
        <ele>975.7</ele>
      </trkpt>
      <trkpt lat="32.4059" lon="-110.50421">
        <ele>969.7</ele>
      </trkpt>
      <trkpt lat="32.40732" lon="-110.5041">
        <ele>968.0</ele>
      </trkpt>
      <trkpt lat="32.40831" lon="-110.50367">
        <ele>964.9</ele>
      </trkpt>
      <trkpt lat="32.4099" lon="-110.50304">
        <ele>956.1</ele>
      </trkpt>
      <trkpt lat="32.41027" lon="-110.50311">
        <ele>955.1</ele>
      </trkpt>
      <trkpt lat="32.41099" lon="-110.50341">
        <ele>952.4</ele>
      </trkpt>
      <trkpt lat="32.41156" lon="-110.50348">
        <ele>946.5</ele>
      </trkpt>
      <trkpt lat="32.41211" lon="-110.50335">
        <ele>949.6</ele>
      </trkpt>
      <trkpt lat="32.41332" lon="-110.50293">
        <ele>952.8</ele>
      </trkpt>
      <trkpt lat="32.41503" lon="-110.50153">
        <ele>941.4</ele>
      </trkpt>
      <trkpt lat="32.41536" lon="-110.50142">
        <ele>942.2</ele>
      </trkpt>
      <trkpt lat="32.4159999" lon="-110.50135">
        <ele>939.0</ele>
      </trkpt>
      <trkpt lat="32.41626" lon="-110.50125">
        <ele>938.5</ele>
      </trkpt>
      <trkpt lat="32.41644" lon="-110.50089">
        <ele>939.1</ele>
      </trkpt>
      <trkpt lat="32.41652" lon="-110.50036">
        <ele>936.8</ele>
      </trkpt>
      <trkpt lat="32.4165" lon="-110.4995">
        <ele>936.0</ele>
      </trkpt>
      <trkpt lat="32.4163799" lon="-110.49906">
        <ele>932.1</ele>
      </trkpt>
      <trkpt lat="32.4164" lon="-110.49855">
        <ele>930.5</ele>
      </trkpt>
      <trkpt lat="32.41651" lon="-110.498">
        <ele>923.5</ele>
      </trkpt>
      <trkpt lat="32.41654" lon="-110.49754">
        <ele>917.7</ele>
      </trkpt>
      <trkpt lat="32.41664" lon="-110.49699">
        <ele>912.3</ele>
      </trkpt>
      <trkpt lat="32.41687" lon="-110.49613">
        <ele>911.8</ele>
      </trkpt>
      <trkpt lat="32.41678" lon="-110.4957">
        <ele>909.2</ele>
      </trkpt>
      <trkpt lat="32.41661" lon="-110.49526">
        <ele>901.8</ele>
      </trkpt>
      <trkpt lat="32.41664" lon="-110.49486">
        <ele>898.8</ele>
      </trkpt>
      <trkpt lat="32.41674" lon="-110.49474">
        <ele>897.2</ele>
      </trkpt>
      <trkpt lat="32.41718" lon="-110.49445">
        <ele>890.7</ele>
      </trkpt>
      <trkpt lat="32.41764" lon="-110.49428">
        <ele>889.5</ele>
      </trkpt>
      <trkpt lat="32.41904" lon="-110.49399">
        <ele>880.7</ele>
      </trkpt>
      <trkpt lat="32.41932" lon="-110.494">
        <ele>878.7</ele>
      </trkpt>
      <trkpt lat="32.41961" lon="-110.49424">
        <ele>877.0</ele>
      </trkpt>
      <trkpt lat="32.42002" lon="-110.49534">
        <ele>877.1</ele>
      </trkpt>
      <trkpt lat="32.42029" lon="-110.49615">
        <ele>876.8</ele>
      </trkpt>
      <trkpt lat="32.42168" lon="-110.49763">
        <ele>876.6</ele>
      </trkpt>
      <trkpt lat="32.42183" lon="-110.49799">
        <ele>877.1</ele>
      </trkpt>
      <trkpt lat="32.42198" lon="-110.49842">
        <ele>877.3</ele>
      </trkpt>
      <trkpt lat="32.4221999" lon="-110.49878">
        <ele>877.6</ele>
      </trkpt>
      <trkpt lat="32.42244" lon="-110.49896">
        <ele>877.6</ele>
      </trkpt>
      <trkpt lat="32.42271" lon="-110.49907">
        <ele>877.5</ele>
      </trkpt>
      <trkpt lat="32.42384" lon="-110.49945">
        <ele>878.1</ele>
      </trkpt>
      <trkpt lat="32.42495" lon="-110.49969">
        <ele>877.9</ele>
      </trkpt>
      <trkpt lat="32.42591" lon="-110.49987">
        <ele>875.5</ele>
      </trkpt>
      <trkpt lat="32.4266999" lon="-110.50004">
        <ele>873.5</ele>
      </trkpt>
      <trkpt lat="32.42857" lon="-110.50034">
        <ele>874.8</ele>
      </trkpt>
      <trkpt lat="32.42892" lon="-110.50029">
        <ele>876.8</ele>
      </trkpt>
      <trkpt lat="32.42937" lon="-110.50013">
        <ele>877.5</ele>
      </trkpt>
      <trkpt lat="32.43112" lon="-110.49941">
        <ele>874.8</ele>
      </trkpt>
      <trkpt lat="32.43187" lon="-110.49918">
        <ele>875.3</ele>
      </trkpt>
      <trkpt lat="32.4342" lon="-110.49864">
        <ele>873.9</ele>
      </trkpt>
      <trkpt lat="32.43462" lon="-110.49851">
        <ele>875.5</ele>
      </trkpt>
      <trkpt lat="32.43497" lon="-110.49838">
        <ele>875.8</ele>
      </trkpt>
      <trkpt lat="32.43644" lon="-110.49748">
        <ele>872.8</ele>
      </trkpt>
      <trkpt lat="32.43692" lon="-110.49727">
        <ele>871.2</ele>
      </trkpt>
      <trkpt lat="32.43706" lon="-110.49723">
        <ele>870.9</ele>
      </trkpt>
      <trkpt lat="32.43713" lon="-110.49721">
        <ele>870.7</ele>
      </trkpt>
      <trkpt lat="32.44208" lon="-110.49661">
        <ele>869.0</ele>
      </trkpt>
      <trkpt lat="32.44287" lon="-110.49643">
        <ele>869.1</ele>
      </trkpt>
      <trkpt lat="32.44352" lon="-110.49621">
        <ele>872.1</ele>
      </trkpt>
      <trkpt lat="32.4442499" lon="-110.49589">
        <ele>875.4</ele>
      </trkpt>
      <trkpt lat="32.44493" lon="-110.49545">
        <ele>874.5</ele>
      </trkpt>
      <trkpt lat="32.44539" lon="-110.49511">
        <ele>873.9</ele>
      </trkpt>
      <trkpt lat="32.44597" lon="-110.49445">
        <ele>870.7</ele>
      </trkpt>
      <trkpt lat="32.44688" lon="-110.49329">
        <ele>867.0</ele>
      </trkpt>
      <trkpt lat="32.44755" lon="-110.49246">
        <ele>869.8</ele>
      </trkpt>
      <trkpt lat="32.44794" lon="-110.49204">
        <ele>874.5</ele>
      </trkpt>
      <trkpt lat="32.44807" lon="-110.49185">
        <ele>875.5</ele>
      </trkpt>
      <trkpt lat="32.44831" lon="-110.49161">
        <ele>876.0</ele>
      </trkpt>
      <trkpt lat="32.44891" lon="-110.4913">
        <ele>876.2</ele>
      </trkpt>
      <trkpt lat="32.44967" lon="-110.49115">
        <ele>875.0</ele>
      </trkpt>
      <trkpt lat="32.4501" lon="-110.49114">
        <ele>875.3</ele>
      </trkpt>
      <trkpt lat="32.45037" lon="-110.49102">
        <ele>875.7</ele>
      </trkpt>
      <trkpt lat="32.45056" lon="-110.49078">
        <ele>876.3</ele>
      </trkpt>
      <trkpt lat="32.45062" lon="-110.49002">
        <ele>875.3</ele>
      </trkpt>
      <trkpt lat="32.45111" lon="-110.48841">
        <ele>870.1</ele>
      </trkpt>
      <trkpt lat="32.45133" lon="-110.48798">
        <ele>866.3</ele>
      </trkpt>
      <trkpt lat="32.45168" lon="-110.48752">
        <ele>868.5</ele>
      </trkpt>
      <trkpt lat="32.4521299" lon="-110.48712">
        <ele>870.5</ele>
      </trkpt>
      <trkpt lat="32.4525999" lon="-110.48687">
        <ele>870.8</ele>
      </trkpt>
      <trkpt lat="32.4531" lon="-110.48672">
        <ele>869.2</ele>
      </trkpt>
      <trkpt lat="32.4536" lon="-110.48664">
        <ele>866.4</ele>
      </trkpt>
      <trkpt lat="32.45432" lon="-110.48665">
        <ele>859.7</ele>
      </trkpt>
      <trkpt lat="32.45567" lon="-110.48678">
        <ele>859.3</ele>
      </trkpt>
      <trkpt lat="32.45587" lon="-110.48689">
        <ele>859.3</ele>
      </trkpt>
      <trkpt lat="32.45665" lon="-110.4872">
        <ele>858.4</ele>
      </trkpt>
      <trkpt lat="32.45728" lon="-110.48721">
        <ele>858.2</ele>
      </trkpt>
      <trkpt lat="32.45779" lon="-110.48727">
        <ele>857.2</ele>
      </trkpt>
      <trkpt lat="32.45864" lon="-110.48757">
        <ele>857.6</ele>
      </trkpt>
      <trkpt lat="32.45912" lon="-110.48769">
        <ele>858.4</ele>
      </trkpt>
      <trkpt lat="32.45951" lon="-110.48777">
        <ele>858.0</ele>
      </trkpt>
      <trkpt lat="32.46002" lon="-110.4879">
        <ele>856.0</ele>
      </trkpt>
      <trkpt lat="32.46034" lon="-110.48805">
        <ele>855.0</ele>
      </trkpt>
      <trkpt lat="32.46064" lon="-110.48813">
        <ele>853.0</ele>
      </trkpt>
      <trkpt lat="32.46125" lon="-110.4881">
        <ele>851.8</ele>
      </trkpt>
      <trkpt lat="32.46199" lon="-110.48774">
        <ele>851.6</ele>
      </trkpt>
      <trkpt lat="32.46374" lon="-110.4872">
        <ele>859.6</ele>
      </trkpt>
      <trkpt lat="32.46425" lon="-110.48714">
        <ele>861.4</ele>
      </trkpt>
      <trkpt lat="32.46476" lon="-110.48728">
        <ele>863.6</ele>
      </trkpt>
      <trkpt lat="32.46505" lon="-110.48739">
        <ele>864.1</ele>
      </trkpt>
      <trkpt lat="32.46602" lon="-110.48766">
        <ele>864.8</ele>
      </trkpt>
      <trkpt lat="32.46696" lon="-110.48766">
        <ele>863.0</ele>
      </trkpt>
      <trkpt lat="32.46823" lon="-110.48753">
        <ele>862.4</ele>
      </trkpt>
      <trkpt lat="32.46857" lon="-110.48742">
        <ele>859.3</ele>
      </trkpt>
      <trkpt lat="32.46901" lon="-110.48744">
        <ele>856.7</ele>
      </trkpt>
      <trkpt lat="32.4702399" lon="-110.4886">
        <ele>853.8</ele>
      </trkpt>
      <trkpt lat="32.47208" lon="-110.49023">
        <ele>853.5</ele>
      </trkpt>
      <trkpt lat="32.47252" lon="-110.49047">
        <ele>853.2</ele>
      </trkpt>
      <trkpt lat="32.47377" lon="-110.49079">
        <ele>852.7</ele>
      </trkpt>
      <trkpt lat="32.47431" lon="-110.4908">
        <ele>850.4</ele>
      </trkpt>
      <trkpt lat="32.47627" lon="-110.49061">
        <ele>847.5</ele>
      </trkpt>
      <trkpt lat="32.4766199" lon="-110.4905">
        <ele>847.4</ele>
      </trkpt>
      <trkpt lat="32.47711" lon="-110.49038">
        <ele>847.4</ele>
      </trkpt>
      <trkpt lat="32.47772" lon="-110.49034">
        <ele>847.6</ele>
      </trkpt>
      <trkpt lat="32.47811" lon="-110.49051">
        <ele>847.5</ele>
      </trkpt>
      <trkpt lat="32.47843" lon="-110.49083">
        <ele>847.4</ele>
      </trkpt>
      <trkpt lat="32.47863" lon="-110.49097">
        <ele>846.7</ele>
      </trkpt>
      <trkpt lat="32.4789699" lon="-110.49126">
        <ele>846.0</ele>
      </trkpt>
      <trkpt lat="32.47948" lon="-110.49164">
        <ele>846.1</ele>
      </trkpt>
      <trkpt lat="32.47968" lon="-110.49176">
        <ele>846.4</ele>
      </trkpt>
      <trkpt lat="32.47996" lon="-110.49183">
        <ele>846.6</ele>
      </trkpt>
      <trkpt lat="32.48074" lon="-110.4919">
        <ele>849.4</ele>
      </trkpt>
      <trkpt lat="32.48151" lon="-110.49204">
        <ele>849.5</ele>
      </trkpt>
      <trkpt lat="32.48234" lon="-110.49239">
        <ele>851.6</ele>
      </trkpt>
      <trkpt lat="32.48328" lon="-110.49272">
        <ele>852.0</ele>
      </trkpt>
      <trkpt lat="32.48569" lon="-110.49327">
        <ele>848.8</ele>
      </trkpt>
      <trkpt lat="32.48647" lon="-110.49359">
        <ele>850.9</ele>
      </trkpt>
      <trkpt lat="32.4873199" lon="-110.49383">
        <ele>851.6</ele>
      </trkpt>
      <trkpt lat="32.488" lon="-110.4941">
        <ele>851.0</ele>
      </trkpt>
      <trkpt lat="32.49003" lon="-110.49455">
        <ele>852.0</ele>
      </trkpt>
      <trkpt lat="32.49041" lon="-110.49455">
        <ele>851.6</ele>
      </trkpt>
      <trkpt lat="32.49189" lon="-110.49406">
        <ele>849.5</ele>
      </trkpt>
      <trkpt lat="32.49214" lon="-110.494">
        <ele>849.4</ele>
      </trkpt>
      <trkpt lat="32.49248" lon="-110.49397">
        <ele>849.0</ele>
      </trkpt>
      <trkpt lat="32.49277" lon="-110.494">
        <ele>849.0</ele>
      </trkpt>
      <trkpt lat="32.49308" lon="-110.49406">
        <ele>848.6</ele>
      </trkpt>
      <trkpt lat="32.49603" lon="-110.49485">
        <ele>843.5</ele>
      </trkpt>
      <trkpt lat="32.49973" lon="-110.49574">
        <ele>845.0</ele>
      </trkpt>
      <trkpt lat="32.50025" lon="-110.49591">
        <ele>845.1</ele>
      </trkpt>
      <trkpt lat="32.50382" lon="-110.49678">
        <ele>843.7</ele>
      </trkpt>
      <trkpt lat="32.50493" lon="-110.49709">
        <ele>841.3</ele>
      </trkpt>
      <trkpt lat="32.5078699" lon="-110.49819">
        <ele>837.8</ele>
      </trkpt>
      <trkpt lat="32.50913" lon="-110.49868">
        <ele>835.1</ele>
      </trkpt>
      <trkpt lat="32.50942" lon="-110.4988">
        <ele>836.3</ele>
      </trkpt>
      <trkpt lat="32.51131" lon="-110.49952">
        <ele>837.7</ele>
      </trkpt>
      <trkpt lat="32.51339" lon="-110.50027">
        <ele>835.8</ele>
      </trkpt>
      <trkpt lat="32.51418" lon="-110.50059">
        <ele>836.3</ele>
      </trkpt>
      <trkpt lat="32.51485" lon="-110.50078">
        <ele>836.6</ele>
      </trkpt>
      <trkpt lat="32.51608" lon="-110.50098">
        <ele>836.3</ele>
      </trkpt>
      <trkpt lat="32.52122" lon="-110.50139">
        <ele>829.2</ele>
      </trkpt>
      <trkpt lat="32.5217" lon="-110.50145">
        <ele>826.2</ele>
      </trkpt>
      <trkpt lat="32.52228" lon="-110.5016">
        <ele>824.8</ele>
      </trkpt>
      <trkpt lat="32.52291" lon="-110.50195">
        <ele>823.4</ele>
      </trkpt>
      <trkpt lat="32.52367" lon="-110.50253">
        <ele>824.7</ele>
      </trkpt>
      <trkpt lat="32.52422" lon="-110.50286">
        <ele>827.3</ele>
      </trkpt>
      <trkpt lat="32.52487" lon="-110.50308">
        <ele>827.7</ele>
      </trkpt>
      <trkpt lat="32.52522" lon="-110.5031">
        <ele>829.4</ele>
      </trkpt>
      <trkpt lat="32.52535" lon="-110.50305">
        <ele>828.8</ele>
      </trkpt>
      <trkpt lat="32.52603" lon="-110.50266">
        <ele>829.7</ele>
      </trkpt>
      <trkpt lat="32.52651" lon="-110.50261">
        <ele>828.8</ele>
      </trkpt>
      <trkpt lat="32.5272999" lon="-110.50282">
        <ele>828.8</ele>
      </trkpt>
      <trkpt lat="32.52816" lon="-110.50313">
        <ele>826.7</ele>
      </trkpt>
      <trkpt lat="32.5286199" lon="-110.50336">
        <ele>825.4</ele>
      </trkpt>
      <trkpt lat="32.52895" lon="-110.50352">
        <ele>825.3</ele>
      </trkpt>
      <trkpt lat="32.53001" lon="-110.50378">
        <ele>827.2</ele>
      </trkpt>
      <trkpt lat="32.53131" lon="-110.50397">
        <ele>819.1</ele>
      </trkpt>
      <trkpt lat="32.53343" lon="-110.50423">
        <ele>812.8</ele>
      </trkpt>
      <trkpt lat="32.5363" lon="-110.50441">
        <ele>817.5</ele>
      </trkpt>
      <trkpt lat="32.5366" lon="-110.50446">
        <ele>818.8</ele>
      </trkpt>
      <trkpt lat="32.53862" lon="-110.50503">
        <ele>820.6</ele>
      </trkpt>
      <trkpt lat="32.53973" lon="-110.50526">
        <ele>824.5</ele>
      </trkpt>
      <trkpt lat="32.54048" lon="-110.50537">
        <ele>823.6</ele>
      </trkpt>
      <trkpt lat="32.5412" lon="-110.50541">
        <ele>822.5</ele>
      </trkpt>
      <trkpt lat="32.54291" lon="-110.50541">
        <ele>821.8</ele>
      </trkpt>
      <trkpt lat="32.54388" lon="-110.50547">
        <ele>821.1</ele>
      </trkpt>
      <trkpt lat="32.54557" lon="-110.50577">
        <ele>818.5</ele>
      </trkpt>
      <trkpt lat="32.54625" lon="-110.50607">
        <ele>816.9</ele>
      </trkpt>
      <trkpt lat="32.54695" lon="-110.5064">
        <ele>816.8</ele>
      </trkpt>
      <trkpt lat="32.54762" lon="-110.50686">
        <ele>816.1</ele>
      </trkpt>
      <trkpt lat="32.54835" lon="-110.50751">
        <ele>815.7</ele>
      </trkpt>
      <trkpt lat="32.55126" lon="-110.51058">
        <ele>815.2</ele>
      </trkpt>
      <trkpt lat="32.55257" lon="-110.51203">
        <ele>814.7</ele>
      </trkpt>
      <trkpt lat="32.55435" lon="-110.51389">
        <ele>815.5</ele>
      </trkpt>
      <trkpt lat="32.55495" lon="-110.5144">
        <ele>815.9</ele>
      </trkpt>
      <trkpt lat="32.556" lon="-110.51516">
        <ele>817.0</ele>
      </trkpt>
      <trkpt lat="32.55659" lon="-110.51545">
        <ele>816.9</ele>
      </trkpt>
      <trkpt lat="32.55749" lon="-110.51565">
        <ele>817.3</ele>
      </trkpt>
      <trkpt lat="32.55908" lon="-110.51575">
        <ele>817.5</ele>
      </trkpt>
      <trkpt lat="32.5610799" lon="-110.51594">
        <ele>817.4</ele>
      </trkpt>
      <trkpt lat="32.5622" lon="-110.51607">
        <ele>816.9</ele>
      </trkpt>
      <trkpt lat="32.56339" lon="-110.51628">
        <ele>815.1</ele>
      </trkpt>
      <trkpt lat="32.5638999" lon="-110.51645">
        <ele>814.3</ele>
      </trkpt>
      <trkpt lat="32.56503" lon="-110.51689">
        <ele>811.0</ele>
      </trkpt>
      <trkpt lat="32.56538" lon="-110.51704">
        <ele>809.3</ele>
      </trkpt>
      <trkpt lat="32.56652" lon="-110.51746">
        <ele>804.4</ele>
      </trkpt>
      <trkpt lat="32.56714" lon="-110.51776">
        <ele>804.2</ele>
      </trkpt>
      <trkpt lat="32.56868" lon="-110.51855">
        <ele>811.8</ele>
      </trkpt>
      <trkpt lat="32.56997" lon="-110.51918">
        <ele>810.2</ele>
      </trkpt>
      <trkpt lat="32.57032" lon="-110.51937">
        <ele>809.8</ele>
      </trkpt>
      <trkpt lat="32.5714" lon="-110.51991">
        <ele>803.4</ele>
      </trkpt>
      <trkpt lat="32.57294" lon="-110.52062">
        <ele>803.7</ele>
      </trkpt>
      <trkpt lat="32.5745999" lon="-110.52158">
        <ele>804.5</ele>
      </trkpt>
      <trkpt lat="32.5758" lon="-110.52262">
        <ele>807.7</ele>
      </trkpt>
      <trkpt lat="32.57638" lon="-110.5231">
        <ele>805.3</ele>
      </trkpt>
      <trkpt lat="32.57685" lon="-110.52345">
        <ele>806.2</ele>
      </trkpt>
      <trkpt lat="32.57737" lon="-110.52374">
        <ele>804.6</ele>
      </trkpt>
      <trkpt lat="32.57802" lon="-110.52405">
        <ele>804.2</ele>
      </trkpt>
      <trkpt lat="32.58056" lon="-110.52572">
        <ele>802.8</ele>
      </trkpt>
      <trkpt lat="32.58097" lon="-110.52603">
        <ele>802.3</ele>
      </trkpt>
      <trkpt lat="32.58142" lon="-110.52645">
        <ele>802.2</ele>
      </trkpt>
      <trkpt lat="32.58274" lon="-110.52781">
        <ele>803.6</ele>
      </trkpt>
      <trkpt lat="32.58493" lon="-110.52993">
        <ele>803.1</ele>
      </trkpt>
      <trkpt lat="32.58542" lon="-110.53037">
        <ele>803.5</ele>
      </trkpt>
      <trkpt lat="32.58592" lon="-110.53075">
        <ele>803.2</ele>
      </trkpt>
      <trkpt lat="32.58688" lon="-110.53136">
        <ele>804.1</ele>
      </trkpt>
      <trkpt lat="32.58728" lon="-110.53167">
        <ele>805.0</ele>
      </trkpt>
      <trkpt lat="32.5876499" lon="-110.53216">
        <ele>804.7</ele>
      </trkpt>
      <trkpt lat="32.58793" lon="-110.53271">
        <ele>804.2</ele>
      </trkpt>
      <trkpt lat="32.58813" lon="-110.53323">
        <ele>805.6</ele>
      </trkpt>
      <trkpt lat="32.5882099" lon="-110.53361">
        <ele>808.4</ele>
      </trkpt>
      <trkpt lat="32.58819" lon="-110.53391">
        <ele>810.8</ele>
      </trkpt>
      <trkpt lat="32.5881" lon="-110.53461">
        <ele>817.5</ele>
      </trkpt>
      <trkpt lat="32.58798" lon="-110.5351">
        <ele>820.0</ele>
      </trkpt>
      <trkpt lat="32.5878299" lon="-110.53554">
        <ele>822.5</ele>
      </trkpt>
      <trkpt lat="32.58693" lon="-110.53734">
        <ele>833.7</ele>
      </trkpt>
      <trkpt lat="32.5865099" lon="-110.53812">
        <ele>838.8</ele>
      </trkpt>
      <trkpt lat="32.58638" lon="-110.53832">
        <ele>840.2</ele>
      </trkpt>
      <trkpt lat="32.58626" lon="-110.53869">
        <ele>843.1</ele>
      </trkpt>
      <trkpt lat="32.5862" lon="-110.53926">
        <ele>848.0</ele>
      </trkpt>
      <trkpt lat="32.58603" lon="-110.54027">
        <ele>850.2</ele>
      </trkpt>
      <trkpt lat="32.58601" lon="-110.54068">
        <ele>848.2</ele>
      </trkpt>
      <trkpt lat="32.5860399" lon="-110.54118">
        <ele>844.6</ele>
      </trkpt>
      <trkpt lat="32.58597" lon="-110.54155">
        <ele>844.4</ele>
      </trkpt>
      <trkpt lat="32.58582" lon="-110.54198">
        <ele>844.1</ele>
      </trkpt>
      <trkpt lat="32.58546" lon="-110.54271">
        <ele>845.0</ele>
      </trkpt>
      <trkpt lat="32.58529" lon="-110.54315">
        <ele>846.3</ele>
      </trkpt>
      <trkpt lat="32.58502" lon="-110.54434">
        <ele>854.9</ele>
      </trkpt>
      <trkpt lat="32.58488" lon="-110.54548">
        <ele>856.8</ele>
      </trkpt>
      <trkpt lat="32.58481" lon="-110.54588">
        <ele>858.7</ele>
      </trkpt>
      <trkpt lat="32.58471" lon="-110.54623">
        <ele>861.4</ele>
      </trkpt>
      <trkpt lat="32.58453" lon="-110.54657">
        <ele>865.6</ele>
      </trkpt>
      <trkpt lat="32.5835099" lon="-110.54788">
        <ele>868.1</ele>
      </trkpt>
      <trkpt lat="32.58331" lon="-110.54816">
        <ele>868.6</ele>
      </trkpt>
      <trkpt lat="32.5832" lon="-110.54841">
        <ele>869.1</ele>
      </trkpt>
      <trkpt lat="32.58309" lon="-110.54878">
        <ele>870.4</ele>
      </trkpt>
      <trkpt lat="32.58283" lon="-110.55097">
        <ele>879.0</ele>
      </trkpt>
      <trkpt lat="32.58265" lon="-110.55196">
        <ele>879.5</ele>
      </trkpt>
      <trkpt lat="32.58245" lon="-110.55282">
        <ele>880.0</ele>
      </trkpt>
      <trkpt lat="32.5822" lon="-110.55355">
        <ele>881.1</ele>
      </trkpt>
      <trkpt lat="32.58182" lon="-110.55445">
        <ele>884.1</ele>
      </trkpt>
      <trkpt lat="32.58144" lon="-110.5553">
        <ele>888.1</ele>
      </trkpt>
      <trkpt lat="32.58037" lon="-110.55795">
        <ele>895.1</ele>
      </trkpt>
      <trkpt lat="32.58011" lon="-110.55873">
        <ele>898.6</ele>
      </trkpt>
      <trkpt lat="32.57998" lon="-110.55922">
        <ele>900.9</ele>
      </trkpt>
      <trkpt lat="32.57941" lon="-110.56323">
        <ele>911.4</ele>
      </trkpt>
      <trkpt lat="32.57917" lon="-110.56445">
        <ele>915.8</ele>
      </trkpt>
      <trkpt lat="32.57905" lon="-110.56502">
        <ele>917.1</ele>
      </trkpt>
      <trkpt lat="32.57888" lon="-110.56562">
        <ele>918.5</ele>
      </trkpt>
      <trkpt lat="32.57706" lon="-110.57064">
        <ele>929.8</ele>
      </trkpt>
      <trkpt lat="32.57683" lon="-110.57153">
        <ele>930.4</ele>
      </trkpt>
      <trkpt lat="32.57652" lon="-110.57317">
        <ele>934.9</ele>
      </trkpt>
      <trkpt lat="32.57609" lon="-110.57683">
        <ele>943.5</ele>
      </trkpt>
      <trkpt lat="32.5760099" lon="-110.57735">
        <ele>943.5</ele>
      </trkpt>
      <trkpt lat="32.57524" lon="-110.57997">
        <ele>940.3</ele>
      </trkpt>
      <trkpt lat="32.57499" lon="-110.58049">
        <ele>941.2</ele>
      </trkpt>
      <trkpt lat="32.5747" lon="-110.58089">
        <ele>946.1</ele>
      </trkpt>
      <trkpt lat="32.57421" lon="-110.58173">
        <ele>951.9</ele>
      </trkpt>
      <trkpt lat="32.57417" lon="-110.58189">
        <ele>952.4</ele>
      </trkpt>
      <trkpt lat="32.57421" lon="-110.58203">
        <ele>952.9</ele>
      </trkpt>
      <trkpt lat="32.57439" lon="-110.58247">
        <ele>952.4</ele>
      </trkpt>
      <trkpt lat="32.5751" lon="-110.58399">
        <ele>944.3</ele>
      </trkpt>
      <trkpt lat="32.57645" lon="-110.58675">
        <ele>963.2</ele>
      </trkpt>
      <trkpt lat="32.57685" lon="-110.58746">
        <ele>963.9</ele>
      </trkpt>
      <trkpt lat="32.57707" lon="-110.58782">
        <ele>963.8</ele>
      </trkpt>
      <trkpt lat="32.57755" lon="-110.58854">
        <ele>966.6</ele>
      </trkpt>
      <trkpt lat="32.57805" lon="-110.58925">
        <ele>975.8</ele>
      </trkpt>
      <trkpt lat="32.58469" lon="-110.59807">
        <ele>980.9</ele>
      </trkpt>
      <trkpt lat="32.59526" lon="-110.61215">
        <ele>995.7</ele>
      </trkpt>
      <trkpt lat="32.59603" lon="-110.61304">
        <ele>998.3</ele>
      </trkpt>
      <trkpt lat="32.59643" lon="-110.61346">
        <ele>1000.4</ele>
      </trkpt>
      <trkpt lat="32.59683" lon="-110.61385">
        <ele>1000.4</ele>
      </trkpt>
      <trkpt lat="32.5974999" lon="-110.61445">
        <ele>999.8</ele>
      </trkpt>
      <trkpt lat="32.61196" lon="-110.62642">
        <ele>1005.1</ele>
      </trkpt>
      <trkpt lat="32.61295" lon="-110.62723">
        <ele>1006.1</ele>
      </trkpt>
      <trkpt lat="32.61415" lon="-110.62813">
        <ele>1005.0</ele>
      </trkpt>
      <trkpt lat="32.6157899" lon="-110.62929">
        <ele>1003.4</ele>
      </trkpt>
      <trkpt lat="32.61788" lon="-110.63096">
        <ele>1001.0</ele>
      </trkpt>
      <trkpt lat="32.61876" lon="-110.63165">
        <ele>999.1</ele>
      </trkpt>
      <trkpt lat="32.62021" lon="-110.63286">
        <ele>1001.9</ele>
      </trkpt>
      <trkpt lat="32.62106" lon="-110.63359">
        <ele>1000.1</ele>
      </trkpt>
      <trkpt lat="32.62202" lon="-110.63436">
        <ele>1003.8</ele>
      </trkpt>
      <trkpt lat="32.62289" lon="-110.6351">
        <ele>1005.7</ele>
      </trkpt>
      <trkpt lat="32.62223" lon="-110.63631">
        <ele>1012.7</ele>
      </trkpt>
      <trkpt lat="32.61886" lon="-110.64286">
        <ele>1043.1</ele>
      </trkpt>
      <trkpt lat="32.61872" lon="-110.64335">
        <ele>1046.5</ele>
      </trkpt>
      <trkpt lat="32.61863" lon="-110.64383">
        <ele>1049.3</ele>
      </trkpt>
      <trkpt lat="32.61844" lon="-110.64474">
        <ele>1051.8</ele>
      </trkpt>
      <trkpt lat="32.61831" lon="-110.64524">
        <ele>1053.3</ele>
      </trkpt>
      <trkpt lat="32.6181399" lon="-110.64572">
        <ele>1055.5</ele>
      </trkpt>
      <trkpt lat="32.61798" lon="-110.64604">
        <ele>1057.5</ele>
      </trkpt>
      <trkpt lat="32.6178" lon="-110.64634">
        <ele>1059.4</ele>
      </trkpt>
      <trkpt lat="32.61715" lon="-110.64726">
        <ele>1063.7</ele>
      </trkpt>
      <trkpt lat="32.61551" lon="-110.64943">
        <ele>1073.9</ele>
      </trkpt>
      <trkpt lat="32.61465" lon="-110.65032">
        <ele>1078.3</ele>
      </trkpt>
      <trkpt lat="32.61126" lon="-110.65276">
        <ele>1093.2</ele>
      </trkpt>
      <trkpt lat="32.60978" lon="-110.65378">
        <ele>1101.9</ele>
      </trkpt>
      <trkpt lat="32.60853" lon="-110.65485">
        <ele>1108.9</ele>
      </trkpt>
      <trkpt lat="32.60459" lon="-110.6595">
        <ele>1133.0</ele>
      </trkpt>
      <trkpt lat="32.60168" lon="-110.66229">
        <ele>1147.2</ele>
      </trkpt>
      <trkpt lat="32.60149" lon="-110.66263">
        <ele>1147.6</ele>
      </trkpt>
      <trkpt lat="32.60136" lon="-110.66304">
        <ele>1147.9</ele>
      </trkpt>
      <trkpt lat="32.60129" lon="-110.66409">
        <ele>1149.9</ele>
      </trkpt>
      <trkpt lat="32.60126" lon="-110.66515">
        <ele>1154.1</ele>
      </trkpt>
      <trkpt lat="32.60129" lon="-110.672">
        <ele>1171.3</ele>
      </trkpt>
      <trkpt lat="32.6013" lon="-110.67568">
        <ele>1190.3</ele>
      </trkpt>
      <trkpt lat="32.60131" lon="-110.67625">
        <ele>1190.9</ele>
      </trkpt>
      <trkpt lat="32.6013" lon="-110.67682">
        <ele>1191.2</ele>
      </trkpt>
      <trkpt lat="32.60125" lon="-110.67722">
        <ele>1190.6</ele>
      </trkpt>
      <trkpt lat="32.60119" lon="-110.67757">
        <ele>1190.7</ele>
      </trkpt>
      <trkpt lat="32.60098" lon="-110.67836">
        <ele>1192.7</ele>
      </trkpt>
      <trkpt lat="32.59998" lon="-110.68132">
        <ele>1202.9</ele>
      </trkpt>
      <trkpt lat="32.59963" lon="-110.68237">
        <ele>1206.1</ele>
      </trkpt>
      <trkpt lat="32.59957" lon="-110.68271">
        <ele>1207.4</ele>
      </trkpt>
      <trkpt lat="32.59958" lon="-110.68303">
        <ele>1208.7</ele>
      </trkpt>
      <trkpt lat="32.59967" lon="-110.68325">
        <ele>1210.5</ele>
      </trkpt>
      <trkpt lat="32.59984" lon="-110.68342">
        <ele>1213.4</ele>
      </trkpt>
      <trkpt lat="32.60009" lon="-110.68351">
        <ele>1216.3</ele>
      </trkpt>
      <trkpt lat="32.60039" lon="-110.68356">
        <ele>1219.8</ele>
      </trkpt>
      <trkpt lat="32.6005899" lon="-110.68366">
        <ele>1218.0</ele>
      </trkpt>
      <trkpt lat="32.6007" lon="-110.68377">
        <ele>1216.7</ele>
      </trkpt>
      <trkpt lat="32.60082" lon="-110.68393">
        <ele>1213.9</ele>
      </trkpt>
      <trkpt lat="32.60091" lon="-110.68419">
        <ele>1210.1</ele>
      </trkpt>
      <trkpt lat="32.60092" lon="-110.68452">
        <ele>1210.7</ele>
      </trkpt>
      <trkpt lat="32.60087" lon="-110.68491">
        <ele>1210.0</ele>
      </trkpt>
      <trkpt lat="32.60043" lon="-110.68749">
        <ele>1216.9</ele>
      </trkpt>
      <trkpt lat="32.60034" lon="-110.68827">
        <ele>1218.7</ele>
      </trkpt>
      <trkpt lat="32.60035" lon="-110.68858">
        <ele>1220.2</ele>
      </trkpt>
      <trkpt lat="32.60043" lon="-110.68878">
        <ele>1220.1</ele>
      </trkpt>
      <trkpt lat="32.60054" lon="-110.68898">
        <ele>1219.1</ele>
      </trkpt>
      <trkpt lat="32.60124" lon="-110.68974">
        <ele>1209.0</ele>
      </trkpt>
      <trkpt lat="32.60132" lon="-110.68996">
        <ele>1206.7</ele>
      </trkpt>
      <trkpt lat="32.6013499" lon="-110.69014">
        <ele>1207.4</ele>
      </trkpt>
      <trkpt lat="32.6013" lon="-110.6904">
        <ele>1206.9</ele>
      </trkpt>
      <trkpt lat="32.60114" lon="-110.69069">
        <ele>1205.6</ele>
      </trkpt>
      <trkpt lat="32.60092" lon="-110.69095">
        <ele>1206.3</ele>
      </trkpt>
      <trkpt lat="32.60069" lon="-110.6913">
        <ele>1203.5</ele>
      </trkpt>
      <trkpt lat="32.60054" lon="-110.69165">
        <ele>1202.1</ele>
      </trkpt>
      <trkpt lat="32.60042" lon="-110.69212">
        <ele>1203.9</ele>
      </trkpt>
      <trkpt lat="32.60038" lon="-110.69262">
        <ele>1205.6</ele>
      </trkpt>
      <trkpt lat="32.60025" lon="-110.69599">
        <ele>1222.2</ele>
      </trkpt>
      <trkpt lat="32.60024" lon="-110.69668">
        <ele>1219.0</ele>
      </trkpt>
      <trkpt lat="32.60009" lon="-110.70155">
        <ele>1244.6</ele>
      </trkpt>
      <trkpt lat="32.60015" lon="-110.70187">
        <ele>1247.8</ele>
      </trkpt>
      <trkpt lat="32.60075" lon="-110.70349">
        <ele>1256.4</ele>
      </trkpt>
      <trkpt lat="32.60107" lon="-110.70476">
        <ele>1260.0</ele>
      </trkpt>
      <trkpt lat="32.60128" lon="-110.70574">
        <ele>1258.2</ele>
      </trkpt>
      <trkpt lat="32.60133" lon="-110.7068">
        <ele>1268.7</ele>
      </trkpt>
      <trkpt lat="32.60132" lon="-110.70802">
        <ele>1266.1</ele>
      </trkpt>
      <trkpt lat="32.60128" lon="-110.70839">
        <ele>1267.0</ele>
      </trkpt>
      <trkpt lat="32.6012" lon="-110.70877">
        <ele>1268.7</ele>
      </trkpt>
      <trkpt lat="32.6010599" lon="-110.70913">
        <ele>1269.1</ele>
      </trkpt>
      <trkpt lat="32.6008799" lon="-110.70945">
        <ele>1270.5</ele>
      </trkpt>
      <trkpt lat="32.60066" lon="-110.70977">
        <ele>1271.4</ele>
      </trkpt>
      <trkpt lat="32.59787" lon="-110.71292">
        <ele>1288.9</ele>
      </trkpt>
      <trkpt lat="32.59563" lon="-110.71533">
        <ele>1303.3</ele>
      </trkpt>
      <trkpt lat="32.59487" lon="-110.71607">
        <ele>1307.9</ele>
      </trkpt>
      <trkpt lat="32.59334" lon="-110.71764">
        <ele>1317.0</ele>
      </trkpt>
      <trkpt lat="32.59314" lon="-110.7179">
        <ele>1314.1</ele>
      </trkpt>
      <trkpt lat="32.593" lon="-110.71818">
        <ele>1313.2</ele>
      </trkpt>
      <trkpt lat="32.59293" lon="-110.71847">
        <ele>1314.0</ele>
      </trkpt>
      <trkpt lat="32.59291" lon="-110.71879">
        <ele>1315.7</ele>
      </trkpt>
      <trkpt lat="32.59297" lon="-110.71916">
        <ele>1317.4</ele>
      </trkpt>
      <trkpt lat="32.59317" lon="-110.71975">
        <ele>1319.2</ele>
      </trkpt>
      <trkpt lat="32.59331" lon="-110.72">
        <ele>1320.7</ele>
      </trkpt>
      <trkpt lat="32.59334" lon="-110.72019">
        <ele>1321.8</ele>
      </trkpt>
      <trkpt lat="32.59278" lon="-110.71997">
        <ele>1319.7</ele>
      </trkpt>
      <trkpt lat="32.59153" lon="-110.71967">
        <ele>1320.1</ele>
      </trkpt>
      <trkpt lat="32.59091" lon="-110.71968">
        <ele>1321.5</ele>
      </trkpt>
      <trkpt lat="32.58968" lon="-110.71965">
        <ele>1327.2</ele>
      </trkpt>
      <trkpt lat="32.58904" lon="-110.71954">
        <ele>1326.8</ele>
      </trkpt>
      <trkpt lat="32.58845" lon="-110.71928">
        <ele>1328.4</ele>
      </trkpt>
      <trkpt lat="32.58703" lon="-110.71871">
        <ele>1327.6</ele>
      </trkpt>
      <trkpt lat="32.58608" lon="-110.7184">
        <ele>1329.5</ele>
      </trkpt>
      <trkpt lat="32.58558" lon="-110.71829">
        <ele>1331.7</ele>
      </trkpt>
      <trkpt lat="32.58561" lon="-110.71814">
        <ele>1331.4</ele>
      </trkpt>
      <trkpt lat="32.58567" lon="-110.71809">
        <ele>1330.9</ele>
      </trkpt>
      <trkpt lat="32.58561" lon="-110.71814">
        <ele>1331.4</ele>
      </trkpt>
      <trkpt lat="32.58558" lon="-110.71829">
        <ele>1331.7</ele>
      </trkpt>
      <trkpt lat="32.58166" lon="-110.71717">
        <ele>1334.9</ele>
      </trkpt>
      <trkpt lat="32.5805" lon="-110.71704">
        <ele>1330.2</ele>
      </trkpt>
      <trkpt lat="32.57906" lon="-110.71694">
        <ele>1339.5</ele>
      </trkpt>
      <trkpt lat="32.57809" lon="-110.71704">
        <ele>1340.0</ele>
      </trkpt>
      <trkpt lat="32.57605" lon="-110.71778">
        <ele>1352.0</ele>
      </trkpt>
      <trkpt lat="32.57557" lon="-110.71784">
        <ele>1351.9</ele>
      </trkpt>
      <trkpt lat="32.57493" lon="-110.71776">
        <ele>1357.2</ele>
      </trkpt>
      <trkpt lat="32.57406" lon="-110.71735">
        <ele>1350.9</ele>
      </trkpt>
      <trkpt lat="32.5735" lon="-110.71703">
        <ele>1348.9</ele>
      </trkpt>
      <trkpt lat="32.57302" lon="-110.71661">
        <ele>1347.8</ele>
      </trkpt>
      <trkpt lat="32.57275" lon="-110.71649">
        <ele>1349.6</ele>
      </trkpt>
      <trkpt lat="32.57227" lon="-110.71641">
        <ele>1354.2</ele>
      </trkpt>
      <trkpt lat="32.5718" lon="-110.71627">
        <ele>1354.2</ele>
      </trkpt>
      <trkpt lat="32.57139" lon="-110.7161">
        <ele>1347.7</ele>
      </trkpt>
      <trkpt lat="32.57101" lon="-110.71584">
        <ele>1349.6</ele>
      </trkpt>
      <trkpt lat="32.57051" lon="-110.7153">
        <ele>1355.4</ele>
      </trkpt>
      <trkpt lat="32.57045" lon="-110.71522">
        <ele>1355.4</ele>
      </trkpt>
      <trkpt lat="32.56917" lon="-110.71339">
        <ele>1344.4</ele>
      </trkpt>
      <trkpt lat="32.56834" lon="-110.71229">
        <ele>1342.4</ele>
      </trkpt>
      <trkpt lat="32.56801" lon="-110.7118">
        <ele>1341.3</ele>
      </trkpt>
      <trkpt lat="32.56638" lon="-110.70961">
        <ele>1336.7</ele>
      </trkpt>
      <trkpt lat="32.56572" lon="-110.7085">
        <ele>1333.1</ele>
      </trkpt>
      <trkpt lat="32.5658" lon="-110.70832">
        <ele>1332.9</ele>
      </trkpt>
      <trkpt lat="32.56563" lon="-110.70797">
        <ele>1331.9</ele>
      </trkpt>
      <trkpt lat="32.56543" lon="-110.70766">
        <ele>1330.9</ele>
      </trkpt>
      <trkpt lat="32.56526" lon="-110.70736">
        <ele>1329.8</ele>
      </trkpt>
      <trkpt lat="32.56507" lon="-110.70714">
        <ele>1329.4</ele>
      </trkpt>
      <trkpt lat="32.56512" lon="-110.70698">
        <ele>1328.7</ele>
      </trkpt>
      <trkpt lat="32.56501" lon="-110.7069">
        <ele>1328.0</ele>
      </trkpt>
      <trkpt lat="32.56488" lon="-110.70688">
        <ele>1327.6</ele>
      </trkpt>
      <trkpt lat="32.56478" lon="-110.70678">
        <ele>1326.7</ele>
      </trkpt>
      <trkpt lat="32.56469" lon="-110.70674">
        <ele>1326.1</ele>
      </trkpt>
      <trkpt lat="32.56472" lon="-110.70662">
        <ele>1325.7</ele>
      </trkpt>
      <trkpt lat="32.56469" lon="-110.70656">
        <ele>1325.3</ele>
      </trkpt>
      <trkpt lat="32.56459" lon="-110.70655">
        <ele>1324.7</ele>
      </trkpt>
      <trkpt lat="32.56427" lon="-110.70621">
        <ele>1322.7</ele>
      </trkpt>
      <trkpt lat="32.56382" lon="-110.70581">
        <ele>1321.1</ele>
      </trkpt>
      <trkpt lat="32.5635199" lon="-110.70573">
        <ele>1320.0</ele>
      </trkpt>
      <trkpt lat="32.56335" lon="-110.70589">
        <ele>1318.0</ele>
      </trkpt>
      <trkpt lat="32.56312" lon="-110.70627">
        <ele>1316.1</ele>
      </trkpt>
      <trkpt lat="32.56222" lon="-110.70646">
        <ele>1314.7</ele>
      </trkpt>
      <trkpt lat="32.56223" lon="-110.70662">
        <ele>1315.8</ele>
      </trkpt>
      <trkpt lat="32.56199" lon="-110.70688">
        <ele>1314.3</ele>
      </trkpt>
      <trkpt lat="32.56182" lon="-110.70696">
        <ele>1316.6</ele>
      </trkpt>
      <trkpt lat="32.56153" lon="-110.70703">
        <ele>1319.8</ele>
      </trkpt>
      <trkpt lat="32.56127" lon="-110.70702">
        <ele>1322.5</ele>
      </trkpt>
      <trkpt lat="32.5605199" lon="-110.70684">
        <ele>1325.7</ele>
      </trkpt>
      <trkpt lat="32.56029" lon="-110.70672">
        <ele>1325.6</ele>
      </trkpt>
      <trkpt lat="32.5597" lon="-110.70673">
        <ele>1326.5</ele>
      </trkpt>
      <trkpt lat="32.55909" lon="-110.70693">
        <ele>1328.0</ele>
      </trkpt>
      <trkpt lat="32.55834" lon="-110.70728">
        <ele>1331.0</ele>
      </trkpt>
      <trkpt lat="32.55784" lon="-110.70771">
        <ele>1331.7</ele>
      </trkpt>
      <trkpt lat="32.55726" lon="-110.70838">
        <ele>1339.8</ele>
      </trkpt>
      <trkpt lat="32.55684" lon="-110.70873">
        <ele>1343.2</ele>
      </trkpt>
      <trkpt lat="32.55607" lon="-110.7091">
        <ele>1344.9</ele>
      </trkpt>
      <trkpt lat="32.55592" lon="-110.70931">
        <ele>1345.0</ele>
      </trkpt>
      <trkpt lat="32.55575" lon="-110.70955">
        <ele>1347.2</ele>
      </trkpt>
      <trkpt lat="32.55554" lon="-110.70972">
        <ele>1349.8</ele>
      </trkpt>
      <trkpt lat="32.5552599" lon="-110.7097">
        <ele>1351.3</ele>
      </trkpt>
      <trkpt lat="32.5535799" lon="-110.70899">
        <ele>1350.1</ele>
      </trkpt>
      <trkpt lat="32.5531999" lon="-110.70889">
        <ele>1351.8</ele>
      </trkpt>
      <trkpt lat="32.55308" lon="-110.70872">
        <ele>1353.3</ele>
      </trkpt>
      <trkpt lat="32.55281" lon="-110.70863">
        <ele>1354.6</ele>
      </trkpt>
      <trkpt lat="32.55261" lon="-110.70872">
        <ele>1355.5</ele>
      </trkpt>
      <trkpt lat="32.55236" lon="-110.70859">
        <ele>1355.3</ele>
      </trkpt>
      <trkpt lat="32.55218" lon="-110.70847">
        <ele>1355.9</ele>
      </trkpt>
      <trkpt lat="32.55218" lon="-110.70855">
        <ele>1356.2</ele>
      </trkpt>
      <trkpt lat="32.55207" lon="-110.70864">
        <ele>1357.3</ele>
      </trkpt>
      <trkpt lat="32.55196" lon="-110.70868">
        <ele>1358.1</ele>
      </trkpt>
      <trkpt lat="32.55178" lon="-110.70865">
        <ele>1357.8</ele>
      </trkpt>
      <trkpt lat="32.55168" lon="-110.70853">
        <ele>1356.3</ele>
      </trkpt>
      <trkpt lat="32.55151" lon="-110.70846">
        <ele>1354.7</ele>
      </trkpt>
      <trkpt lat="32.55142" lon="-110.70837">
        <ele>1353.8</ele>
      </trkpt>
      <trkpt lat="32.5512299" lon="-110.7083">
        <ele>1352.5</ele>
      </trkpt>
      <trkpt lat="32.55082" lon="-110.70805">
        <ele>1351.0</ele>
      </trkpt>
      <trkpt lat="32.55072" lon="-110.70804">
        <ele>1352.2</ele>
      </trkpt>
      <trkpt lat="32.5503799" lon="-110.70817">
        <ele>1355.4</ele>
      </trkpt>
      <trkpt lat="32.55024" lon="-110.7083">
        <ele>1355.4</ele>
      </trkpt>
      <trkpt lat="32.54986" lon="-110.70845">
        <ele>1366.9</ele>
      </trkpt>
      <trkpt lat="32.54976" lon="-110.70842">
        <ele>1368.0</ele>
      </trkpt>
      <trkpt lat="32.54969" lon="-110.70834">
        <ele>1369.1</ele>
      </trkpt>
      <trkpt lat="32.54951" lon="-110.70834">
        <ele>1370.0</ele>
      </trkpt>
      <trkpt lat="32.54924" lon="-110.70829">
        <ele>1372.5</ele>
      </trkpt>
      <trkpt lat="32.54913" lon="-110.70799">
        <ele>1374.6</ele>
      </trkpt>
      <trkpt lat="32.54911" lon="-110.70767">
        <ele>1377.0</ele>
      </trkpt>
      <trkpt lat="32.54911" lon="-110.70754">
        <ele>1378.8</ele>
      </trkpt>
      <trkpt lat="32.5492599" lon="-110.70711">
        <ele>1380.3</ele>
      </trkpt>
      <trkpt lat="32.54923" lon="-110.70697">
        <ele>1381.5</ele>
      </trkpt>
      <trkpt lat="32.54915" lon="-110.70691">
        <ele>1383.4</ele>
      </trkpt>
      <trkpt lat="32.5490799" lon="-110.70694">
        <ele>1385.1</ele>
      </trkpt>
      <trkpt lat="32.54895" lon="-110.70727">
        <ele>1384.5</ele>
      </trkpt>
      <trkpt lat="32.54882" lon="-110.70748">
        <ele>1382.2</ele>
      </trkpt>
      <trkpt lat="32.54873" lon="-110.70782">
        <ele>1380.6</ele>
      </trkpt>
      <trkpt lat="32.54863" lon="-110.70797">
        <ele>1381.4</ele>
      </trkpt>
      <trkpt lat="32.54849" lon="-110.70815">
        <ele>1383.0</ele>
      </trkpt>
      <trkpt lat="32.54838" lon="-110.70817">
        <ele>1385.1</ele>
      </trkpt>
      <trkpt lat="32.54828" lon="-110.70811">
        <ele>1386.7</ele>
      </trkpt>
      <trkpt lat="32.54831" lon="-110.70797">
        <ele>1387.1</ele>
      </trkpt>
      <trkpt lat="32.54846" lon="-110.70777">
        <ele>1386.4</ele>
      </trkpt>
      <trkpt lat="32.5486099" lon="-110.70737">
        <ele>1387.1</ele>
      </trkpt>
      <trkpt lat="32.54872" lon="-110.70695">
        <ele>1392.3</ele>
      </trkpt>
      <trkpt lat="32.54866" lon="-110.7065">
        <ele>1395.5</ele>
      </trkpt>
      <trkpt lat="32.54854" lon="-110.70612">
        <ele>1394.8</ele>
      </trkpt>
      <trkpt lat="32.5482299" lon="-110.7054">
        <ele>1405.4</ele>
      </trkpt>
      <trkpt lat="32.54811" lon="-110.70509">
        <ele>1412.5</ele>
      </trkpt>
      <trkpt lat="32.54804" lon="-110.70495">
        <ele>1413.2</ele>
      </trkpt>
      <trkpt lat="32.54784" lon="-110.70474">
        <ele>1411.0</ele>
      </trkpt>
      <trkpt lat="32.5476699" lon="-110.70474">
        <ele>1406.8</ele>
      </trkpt>
      <trkpt lat="32.54757" lon="-110.70488">
        <ele>1407.4</ele>
      </trkpt>
      <trkpt lat="32.54749" lon="-110.70506">
        <ele>1408.2</ele>
      </trkpt>
      <trkpt lat="32.54748" lon="-110.70526">
        <ele>1407.9</ele>
      </trkpt>
      <trkpt lat="32.54758" lon="-110.70567">
        <ele>1412.3</ele>
      </trkpt>
      <trkpt lat="32.54755" lon="-110.70583">
        <ele>1412.8</ele>
      </trkpt>
      <trkpt lat="32.54745" lon="-110.70595">
        <ele>1411.9</ele>
      </trkpt>
      <trkpt lat="32.54736" lon="-110.70601">
        <ele>1411.1</ele>
      </trkpt>
      <trkpt lat="32.54631" lon="-110.70678">
        <ele>1411.4</ele>
      </trkpt>
      <trkpt lat="32.54569" lon="-110.70731">
        <ele>1410.1</ele>
      </trkpt>
      <trkpt lat="32.54461" lon="-110.70879">
        <ele>1410.3</ele>
      </trkpt>
      <trkpt lat="32.54427" lon="-110.70923">
        <ele>1409.1</ele>
      </trkpt>
      <trkpt lat="32.54378" lon="-110.70995">
        <ele>1412.2</ele>
      </trkpt>
      <trkpt lat="32.5435" lon="-110.71057">
        <ele>1413.9</ele>
      </trkpt>
      <trkpt lat="32.54291" lon="-110.71214">
        <ele>1423.1</ele>
      </trkpt>
      <trkpt lat="32.54278" lon="-110.71243">
        <ele>1423.4</ele>
      </trkpt>
      <trkpt lat="32.5426" lon="-110.71262">
        <ele>1424.0</ele>
      </trkpt>
      <trkpt lat="32.54237" lon="-110.71268">
        <ele>1427.1</ele>
      </trkpt>
      <trkpt lat="32.54208" lon="-110.71264">
        <ele>1431.1</ele>
      </trkpt>
      <trkpt lat="32.54161" lon="-110.71271">
        <ele>1435.7</ele>
      </trkpt>
      <trkpt lat="32.54122" lon="-110.71282">
        <ele>1437.2</ele>
      </trkpt>
      <trkpt lat="32.54107" lon="-110.71291">
        <ele>1437.1</ele>
      </trkpt>
      <trkpt lat="32.54098" lon="-110.71303">
        <ele>1437.0</ele>
      </trkpt>
      <trkpt lat="32.54092" lon="-110.7132">
        <ele>1436.7</ele>
      </trkpt>
      <trkpt lat="32.5409099" lon="-110.7134">
        <ele>1436.3</ele>
      </trkpt>
      <trkpt lat="32.54096" lon="-110.71359">
        <ele>1436.9</ele>
      </trkpt>
      <trkpt lat="32.54104" lon="-110.71378">
        <ele>1438.0</ele>
      </trkpt>
      <trkpt lat="32.54104" lon="-110.71419">
        <ele>1437.5</ele>
      </trkpt>
      <trkpt lat="32.54098" lon="-110.71443">
        <ele>1436.4</ele>
      </trkpt>
      <trkpt lat="32.5408199" lon="-110.71491">
        <ele>1434.5</ele>
      </trkpt>
      <trkpt lat="32.54078" lon="-110.71523">
        <ele>1432.4</ele>
      </trkpt>
      <trkpt lat="32.5408" lon="-110.7156">
        <ele>1427.3</ele>
      </trkpt>
      <trkpt lat="32.54075" lon="-110.71572">
        <ele>1425.4</ele>
      </trkpt>
      <trkpt lat="32.5406" lon="-110.71581">
        <ele>1422.7</ele>
      </trkpt>
      <trkpt lat="32.54041" lon="-110.71583">
        <ele>1420.3</ele>
      </trkpt>
      <trkpt lat="32.54018" lon="-110.71592">
        <ele>1419.7</ele>
      </trkpt>
      <trkpt lat="32.54008" lon="-110.71603">
        <ele>1420.8</ele>
      </trkpt>
      <trkpt lat="32.5399699" lon="-110.71633">
        <ele>1425.3</ele>
      </trkpt>
      <trkpt lat="32.53987" lon="-110.71636">
        <ele>1423.9</ele>
      </trkpt>
      <trkpt lat="32.53975" lon="-110.71634">
        <ele>1422.1</ele>
      </trkpt>
      <trkpt lat="32.53966" lon="-110.71637">
        <ele>1421.9</ele>
      </trkpt>
      <trkpt lat="32.53921" lon="-110.71673">
        <ele>1423.5</ele>
      </trkpt>
      <trkpt lat="32.53864" lon="-110.71727">
        <ele>1422.0</ele>
      </trkpt>
      <trkpt lat="32.53792" lon="-110.71811">
        <ele>1411.3</ele>
      </trkpt>
      <trkpt lat="32.53782" lon="-110.71816">
        <ele>1410.7</ele>
      </trkpt>
      <trkpt lat="32.53771" lon="-110.71814">
        <ele>1410.8</ele>
      </trkpt>
      <trkpt lat="32.53756" lon="-110.71788">
        <ele>1413.9</ele>
      </trkpt>
      <trkpt lat="32.53752" lon="-110.71743">
        <ele>1417.4</ele>
      </trkpt>
      <trkpt lat="32.53756" lon="-110.71702">
        <ele>1419.7</ele>
      </trkpt>
      <trkpt lat="32.53772" lon="-110.7165">
        <ele>1418.7</ele>
      </trkpt>
      <trkpt lat="32.53776" lon="-110.71633">
        <ele>1418.8</ele>
      </trkpt>
      <trkpt lat="32.53774" lon="-110.71617">
        <ele>1419.8</ele>
      </trkpt>
      <trkpt lat="32.53756" lon="-110.71611">
        <ele>1421.5</ele>
      </trkpt>
      <trkpt lat="32.5374399" lon="-110.71617">
        <ele>1423.4</ele>
      </trkpt>
      <trkpt lat="32.53716" lon="-110.71625">
        <ele>1428.2</ele>
      </trkpt>
      <trkpt lat="32.53685" lon="-110.71616">
        <ele>1433.0</ele>
      </trkpt>
      <trkpt lat="32.53662" lon="-110.71605">
        <ele>1432.9</ele>
      </trkpt>
      <trkpt lat="32.53622" lon="-110.71615">
        <ele>1442.8</ele>
      </trkpt>
      <trkpt lat="32.53587" lon="-110.7162">
        <ele>1447.8</ele>
      </trkpt>
      <trkpt lat="32.53575" lon="-110.7161">
        <ele>1444.8</ele>
      </trkpt>
      <trkpt lat="32.53575" lon="-110.71592">
        <ele>1446.0</ele>
      </trkpt>
      <trkpt lat="32.53623" lon="-110.71566">
        <ele>1444.6</ele>
      </trkpt>
      <trkpt lat="32.53679" lon="-110.71549">
        <ele>1442.9</ele>
      </trkpt>
      <trkpt lat="32.53693" lon="-110.71524">
        <ele>1444.0</ele>
      </trkpt>
      <trkpt lat="32.53698" lon="-110.71493">
        <ele>1447.6</ele>
      </trkpt>
      <trkpt lat="32.53707" lon="-110.71478">
        <ele>1448.7</ele>
      </trkpt>
      <trkpt lat="32.53734" lon="-110.7147">
        <ele>1448.1</ele>
      </trkpt>
      <trkpt lat="32.5377" lon="-110.71451">
        <ele>1446.1</ele>
      </trkpt>
      <trkpt lat="32.53778" lon="-110.71432">
        <ele>1447.1</ele>
      </trkpt>
      <trkpt lat="32.53773" lon="-110.71418">
        <ele>1448.3</ele>
      </trkpt>
      <trkpt lat="32.53728" lon="-110.71382">
        <ele>1458.6</ele>
      </trkpt>
      <trkpt lat="32.53726" lon="-110.71363">
        <ele>1459.2</ele>
      </trkpt>
      <trkpt lat="32.53747" lon="-110.71317">
        <ele>1462.3</ele>
      </trkpt>
      <trkpt lat="32.53755" lon="-110.71292">
        <ele>1463.2</ele>
      </trkpt>
      <trkpt lat="32.5374399" lon="-110.71259">
        <ele>1465.7</ele>
      </trkpt>
      <trkpt lat="32.53733" lon="-110.71236">
        <ele>1465.8</ele>
      </trkpt>
      <trkpt lat="32.53718" lon="-110.71218">
        <ele>1466.6</ele>
      </trkpt>
      <trkpt lat="32.53694" lon="-110.71201">
        <ele>1467.7</ele>
      </trkpt>
      <trkpt lat="32.5366" lon="-110.71194">
        <ele>1469.4</ele>
      </trkpt>
      <trkpt lat="32.53627" lon="-110.71201">
        <ele>1473.3</ele>
      </trkpt>
      <trkpt lat="32.5357" lon="-110.71229">
        <ele>1481.1</ele>
      </trkpt>
      <trkpt lat="32.53513" lon="-110.71244">
        <ele>1480.9</ele>
      </trkpt>
      <trkpt lat="32.53494" lon="-110.71254">
        <ele>1481.4</ele>
      </trkpt>
      <trkpt lat="32.53476" lon="-110.7127">
        <ele>1483.0</ele>
      </trkpt>
      <trkpt lat="32.5346" lon="-110.71278">
        <ele>1482.7</ele>
      </trkpt>
      <trkpt lat="32.53439" lon="-110.71275">
        <ele>1480.1</ele>
      </trkpt>
      <trkpt lat="32.53427" lon="-110.71262">
        <ele>1478.7</ele>
      </trkpt>
      <trkpt lat="32.53421" lon="-110.71244">
        <ele>1477.1</ele>
      </trkpt>
      <trkpt lat="32.53413" lon="-110.71235">
        <ele>1476.9</ele>
      </trkpt>
      <trkpt lat="32.53378" lon="-110.71223">
        <ele>1478.8</ele>
      </trkpt>
      <trkpt lat="32.53348" lon="-110.71222">
        <ele>1480.0</ele>
      </trkpt>
      <trkpt lat="32.53329" lon="-110.71224">
        <ele>1480.3</ele>
      </trkpt>
      <trkpt lat="32.53282" lon="-110.7124">
        <ele>1481.3</ele>
      </trkpt>
      <trkpt lat="32.53238" lon="-110.71239">
        <ele>1482.6</ele>
      </trkpt>
      <trkpt lat="32.53234" lon="-110.71231">
        <ele>1483.0</ele>
      </trkpt>
      <trkpt lat="32.53237" lon="-110.71217">
        <ele>1481.6</ele>
      </trkpt>
      <trkpt lat="32.53266" lon="-110.71164">
        <ele>1482.0</ele>
      </trkpt>
      <trkpt lat="32.53271" lon="-110.71136">
        <ele>1490.3</ele>
      </trkpt>
      <trkpt lat="32.53278" lon="-110.71119">
        <ele>1492.5</ele>
      </trkpt>
      <trkpt lat="32.53295" lon="-110.71102">
        <ele>1493.7</ele>
      </trkpt>
      <trkpt lat="32.53296" lon="-110.71082">
        <ele>1494.8</ele>
      </trkpt>
      <trkpt lat="32.53289" lon="-110.71066">
        <ele>1490.3</ele>
      </trkpt>
      <trkpt lat="32.53276" lon="-110.71055">
        <ele>1488.7</ele>
      </trkpt>
      <trkpt lat="32.53261" lon="-110.71047">
        <ele>1489.5</ele>
      </trkpt>
      <trkpt lat="32.53241" lon="-110.71042">
        <ele>1490.7</ele>
      </trkpt>
      <trkpt lat="32.53229" lon="-110.71048">
        <ele>1492.3</ele>
      </trkpt>
      <trkpt lat="32.53203" lon="-110.71067">
        <ele>1494.2</ele>
      </trkpt>
      <trkpt lat="32.53192" lon="-110.71061">
        <ele>1492.2</ele>
      </trkpt>
      <trkpt lat="32.5319" lon="-110.71046">
        <ele>1489.7</ele>
      </trkpt>
      <trkpt lat="32.53191" lon="-110.71">
        <ele>1490.9</ele>
      </trkpt>
      <trkpt lat="32.5319" lon="-110.70979">
        <ele>1490.2</ele>
      </trkpt>
      <trkpt lat="32.53185" lon="-110.70968">
        <ele>1491.2</ele>
      </trkpt>
      <trkpt lat="32.53183" lon="-110.70958">
        <ele>1491.1</ele>
      </trkpt>
      <trkpt lat="32.53186" lon="-110.70941">
        <ele>1489.5</ele>
      </trkpt>
      <trkpt lat="32.53186" lon="-110.70927">
        <ele>1484.5</ele>
      </trkpt>
      <trkpt lat="32.53182" lon="-110.70913">
        <ele>1480.2</ele>
      </trkpt>
      <trkpt lat="32.53174" lon="-110.70896">
        <ele>1481.0</ele>
      </trkpt>
      <trkpt lat="32.53174" lon="-110.70881">
        <ele>1480.9</ele>
      </trkpt>
      <trkpt lat="32.53178" lon="-110.70866">
        <ele>1480.5</ele>
      </trkpt>
      <trkpt lat="32.53178" lon="-110.70857">
        <ele>1480.6</ele>
      </trkpt>
      <trkpt lat="32.53174" lon="-110.70847">
        <ele>1480.2</ele>
      </trkpt>
      <trkpt lat="32.53167" lon="-110.70835">
        <ele>1479.0</ele>
      </trkpt>
      <trkpt lat="32.53149" lon="-110.70812">
        <ele>1474.5</ele>
      </trkpt>
      <trkpt lat="32.53134" lon="-110.70786">
        <ele>1468.8</ele>
      </trkpt>
      <trkpt lat="32.53132" lon="-110.70761">
        <ele>1468.3</ele>
      </trkpt>
      <trkpt lat="32.53134" lon="-110.70735">
        <ele>1467.4</ele>
      </trkpt>
      <trkpt lat="32.5312399" lon="-110.70688">
        <ele>1468.1</ele>
      </trkpt>
      <trkpt lat="32.53111" lon="-110.70673">
        <ele>1467.3</ele>
      </trkpt>
      <trkpt lat="32.53085" lon="-110.70666">
        <ele>1465.7</ele>
      </trkpt>
      <trkpt lat="32.53042" lon="-110.70673">
        <ele>1458.5</ele>
      </trkpt>
      <trkpt lat="32.53017" lon="-110.70702">
        <ele>1458.9</ele>
      </trkpt>
      <trkpt lat="32.5300299" lon="-110.70722">
        <ele>1460.5</ele>
      </trkpt>
      <trkpt lat="32.5299" lon="-110.70721">
        <ele>1459.5</ele>
      </trkpt>
      <trkpt lat="32.52978" lon="-110.70705">
        <ele>1459.0</ele>
      </trkpt>
      <trkpt lat="32.52973" lon="-110.70661">
        <ele>1453.1</ele>
      </trkpt>
      <trkpt lat="32.52963" lon="-110.70638">
        <ele>1453.5</ele>
      </trkpt>
      <trkpt lat="32.52952" lon="-110.70624">
        <ele>1454.3</ele>
      </trkpt>
      <trkpt lat="32.5293599" lon="-110.70614">
        <ele>1455.7</ele>
      </trkpt>
      <trkpt lat="32.52903" lon="-110.70599">
        <ele>1457.0</ele>
      </trkpt>
      <trkpt lat="32.52879" lon="-110.70571">
        <ele>1457.4</ele>
      </trkpt>
      <trkpt lat="32.5286" lon="-110.70546">
        <ele>1457.9</ele>
      </trkpt>
      <trkpt lat="32.52839" lon="-110.70536">
        <ele>1457.4</ele>
      </trkpt>
      <trkpt lat="32.52808" lon="-110.70532">
        <ele>1458.6</ele>
      </trkpt>
      <trkpt lat="32.52796" lon="-110.70527">
        <ele>1459.3</ele>
      </trkpt>
      <trkpt lat="32.52787" lon="-110.70458">
        <ele>1454.4</ele>
      </trkpt>
      <trkpt lat="32.5278" lon="-110.70429">
        <ele>1453.7</ele>
      </trkpt>
      <trkpt lat="32.52763" lon="-110.70403">
        <ele>1453.8</ele>
      </trkpt>
      <trkpt lat="32.52741" lon="-110.70371">
        <ele>1443.1</ele>
      </trkpt>
      <trkpt lat="32.52576" lon="-110.70241">
        <ele>1442.8</ele>
      </trkpt>
      <trkpt lat="32.52556" lon="-110.70237">
        <ele>1442.6</ele>
      </trkpt>
      <trkpt lat="32.5254199" lon="-110.70245">
        <ele>1442.9</ele>
      </trkpt>
      <trkpt lat="32.5253" lon="-110.70303">
        <ele>1442.8</ele>
      </trkpt>
      <trkpt lat="32.52519" lon="-110.70343">
        <ele>1435.9</ele>
      </trkpt>
      <trkpt lat="32.525" lon="-110.70391">
        <ele>1435.4</ele>
      </trkpt>
      <trkpt lat="32.52499" lon="-110.70409">
        <ele>1436.2</ele>
      </trkpt>
      <trkpt lat="32.52507" lon="-110.70427">
        <ele>1439.7</ele>
      </trkpt>
      <trkpt lat="32.52507" lon="-110.70441">
        <ele>1438.8</ele>
      </trkpt>
      <trkpt lat="32.52501" lon="-110.7045">
        <ele>1436.7</ele>
      </trkpt>
      <trkpt lat="32.52489" lon="-110.70458">
        <ele>1434.3</ele>
      </trkpt>
      <trkpt lat="32.5244799" lon="-110.70513">
        <ele>1432.2</ele>
      </trkpt>
      <trkpt lat="32.52443" lon="-110.70531">
        <ele>1431.8</ele>
      </trkpt>
      <trkpt lat="32.52442" lon="-110.70577">
        <ele>1429.9</ele>
      </trkpt>
      <trkpt lat="32.52431" lon="-110.70604">
        <ele>1426.3</ele>
      </trkpt>
      <trkpt lat="32.52425" lon="-110.70608">
        <ele>1425.0</ele>
      </trkpt>
      <trkpt lat="32.52419" lon="-110.70607">
        <ele>1424.5</ele>
      </trkpt>
      <trkpt lat="32.52412" lon="-110.70594">
        <ele>1424.6</ele>
      </trkpt>
      <trkpt lat="32.52384" lon="-110.70537">
        <ele>1431.4</ele>
      </trkpt>
      <trkpt lat="32.52369" lon="-110.70519">
        <ele>1435.0</ele>
      </trkpt>
      <trkpt lat="32.52393" lon="-110.70474">
        <ele>1431.7</ele>
      </trkpt>
      <trkpt lat="32.52384" lon="-110.7043">
        <ele>1434.6</ele>
      </trkpt>
      <trkpt lat="32.52378" lon="-110.70414">
        <ele>1439.3</ele>
      </trkpt>
      <trkpt lat="32.52378" lon="-110.70374">
        <ele>1442.2</ele>
      </trkpt>
      <trkpt lat="32.52369" lon="-110.70326">
        <ele>1441.4</ele>
      </trkpt>
      <trkpt lat="32.52346" lon="-110.7026">
        <ele>1445.3</ele>
      </trkpt>
      <trkpt lat="32.52343" lon="-110.70224">
        <ele>1452.4</ele>
      </trkpt>
      <trkpt lat="32.5234499" lon="-110.70203">
        <ele>1453.7</ele>
      </trkpt>
      <trkpt lat="32.52343" lon="-110.70182">
        <ele>1453.4</ele>
      </trkpt>
      <trkpt lat="32.52329" lon="-110.70128">
        <ele>1454.3</ele>
      </trkpt>
      <trkpt lat="32.52321" lon="-110.7008">
        <ele>1449.4</ele>
      </trkpt>
      <trkpt lat="32.52318" lon="-110.70044">
        <ele>1447.5</ele>
      </trkpt>
      <trkpt lat="32.52324" lon="-110.70011">
        <ele>1445.8</ele>
      </trkpt>
      <trkpt lat="32.52343" lon="-110.69962">
        <ele>1442.7</ele>
      </trkpt>
      <trkpt lat="32.52381" lon="-110.6994">
        <ele>1443.9</ele>
      </trkpt>
      <trkpt lat="32.52394" lon="-110.69926">
        <ele>1444.8</ele>
      </trkpt>
      <trkpt lat="32.52394" lon="-110.69907">
        <ele>1445.6</ele>
      </trkpt>
      <trkpt lat="32.52361" lon="-110.69817">
        <ele>1437.0</ele>
      </trkpt>
      <trkpt lat="32.52353" lon="-110.69799">
        <ele>1437.2</ele>
      </trkpt>
      <trkpt lat="32.5234499" lon="-110.69795">
        <ele>1436.6</ele>
      </trkpt>
      <trkpt lat="32.52338" lon="-110.69795">
        <ele>1436.0</ele>
      </trkpt>
      <trkpt lat="32.52312" lon="-110.6978">
        <ele>1435.6</ele>
      </trkpt>
      <trkpt lat="32.52299" lon="-110.69763">
        <ele>1434.7</ele>
      </trkpt>
      <trkpt lat="32.52291" lon="-110.69743">
        <ele>1433.8</ele>
      </trkpt>
      <trkpt lat="32.52288" lon="-110.69711">
        <ele>1433.4</ele>
      </trkpt>
      <trkpt lat="32.52292" lon="-110.69689">
        <ele>1434.5</ele>
      </trkpt>
      <trkpt lat="32.52292" lon="-110.69674">
        <ele>1435.6</ele>
      </trkpt>
      <trkpt lat="32.52282" lon="-110.69661">
        <ele>1436.1</ele>
      </trkpt>
      <trkpt lat="32.52266" lon="-110.69648">
        <ele>1435.2</ele>
      </trkpt>
      <trkpt lat="32.52214" lon="-110.69573">
        <ele>1422.9</ele>
      </trkpt>
      <trkpt lat="32.52207" lon="-110.69553">
        <ele>1420.9</ele>
      </trkpt>
      <trkpt lat="32.52206" lon="-110.69533">
        <ele>1420.5</ele>
      </trkpt>
      <trkpt lat="32.52214" lon="-110.69506">
        <ele>1422.5</ele>
      </trkpt>
      <trkpt lat="32.52214" lon="-110.69496">
        <ele>1423.3</ele>
      </trkpt>
      <trkpt lat="32.52202" lon="-110.69486">
        <ele>1423.4</ele>
      </trkpt>
      <trkpt lat="32.52181" lon="-110.69477">
        <ele>1421.0</ele>
      </trkpt>
      <trkpt lat="32.52129" lon="-110.69414">
        <ele>1412.2</ele>
      </trkpt>
      <trkpt lat="32.52094" lon="-110.6935">
        <ele>1400.4</ele>
      </trkpt>
      <trkpt lat="32.52087" lon="-110.69311">
        <ele>1400.8</ele>
      </trkpt>
      <trkpt lat="32.52055" lon="-110.69262">
        <ele>1398.2</ele>
      </trkpt>
      <trkpt lat="32.52022" lon="-110.69259">
        <ele>1396.7</ele>
      </trkpt>
      <trkpt lat="32.51959" lon="-110.6921">
        <ele>1393.9</ele>
      </trkpt>
      <trkpt lat="32.51744" lon="-110.68984">
        <ele>1375.5</ele>
      </trkpt>
      <trkpt lat="32.517" lon="-110.68908">
        <ele>1375.4</ele>
      </trkpt>
      <trkpt lat="32.51693" lon="-110.68836">
        <ele>1364.2</ele>
      </trkpt>
      <trkpt lat="32.5169799" lon="-110.68728">
        <ele>1360.2</ele>
      </trkpt>
      <trkpt lat="32.51685" lon="-110.68596">
        <ele>1352.3</ele>
      </trkpt>
      <trkpt lat="32.51679" lon="-110.68579">
        <ele>1350.9</ele>
      </trkpt>
      <trkpt lat="32.51665" lon="-110.68575">
        <ele>1348.2</ele>
      </trkpt>
      <trkpt lat="32.51654" lon="-110.68589">
        <ele>1346.3</ele>
      </trkpt>
      <trkpt lat="32.51652" lon="-110.6863">
        <ele>1348.1</ele>
      </trkpt>
      <trkpt lat="32.51634" lon="-110.68656">
        <ele>1345.7</ele>
      </trkpt>
      <trkpt lat="32.51619" lon="-110.68666">
        <ele>1345.5</ele>
      </trkpt>
      <trkpt lat="32.51606" lon="-110.68665">
        <ele>1346.4</ele>
      </trkpt>
      <trkpt lat="32.5159499" lon="-110.68656">
        <ele>1346.8</ele>
      </trkpt>
      <trkpt lat="32.51593" lon="-110.68629">
        <ele>1344.9</ele>
      </trkpt>
      <trkpt lat="32.5159499" lon="-110.6859">
        <ele>1344.5</ele>
      </trkpt>
      <trkpt lat="32.51582" lon="-110.68551">
        <ele>1349.3</ele>
      </trkpt>
      <trkpt lat="32.51586" lon="-110.68512">
        <ele>1356.4</ele>
      </trkpt>
      <trkpt lat="32.5158" lon="-110.6847">
        <ele>1354.4</ele>
      </trkpt>
      <trkpt lat="32.51568" lon="-110.68434">
        <ele>1356.4</ele>
      </trkpt>
      <trkpt lat="32.51576" lon="-110.68309">
        <ele>1363.8</ele>
      </trkpt>
      <trkpt lat="32.51547" lon="-110.68075">
        <ele>1381.2</ele>
      </trkpt>
      <trkpt lat="32.51537" lon="-110.68056">
        <ele>1383.8</ele>
      </trkpt>
      <trkpt lat="32.51522" lon="-110.68037">
        <ele>1386.5</ele>
      </trkpt>
      <trkpt lat="32.51506" lon="-110.6802">
        <ele>1387.3</ele>
      </trkpt>
      <trkpt lat="32.51481" lon="-110.68015">
        <ele>1387.1</ele>
      </trkpt>
      <trkpt lat="32.51462" lon="-110.6803">
        <ele>1388.6</ele>
      </trkpt>
      <trkpt lat="32.51444" lon="-110.68245">
        <ele>1397.5</ele>
      </trkpt>
      <trkpt lat="32.51438" lon="-110.68274">
        <ele>1398.8</ele>
      </trkpt>
      <trkpt lat="32.51315" lon="-110.68572">
        <ele>1415.6</ele>
      </trkpt>
      <trkpt lat="32.51287" lon="-110.68646">
        <ele>1421.2</ele>
      </trkpt>
      <trkpt lat="32.51285" lon="-110.68732">
        <ele>1416.4</ele>
      </trkpt>
      <trkpt lat="32.5129499" lon="-110.68824">
        <ele>1418.1</ele>
      </trkpt>
      <trkpt lat="32.5126599" lon="-110.68931">
        <ele>1421.8</ele>
      </trkpt>
      <trkpt lat="32.51254" lon="-110.68984">
        <ele>1421.5</ele>
      </trkpt>
      <trkpt lat="32.51244" lon="-110.69057">
        <ele>1424.1</ele>
      </trkpt>
      <trkpt lat="32.51205" lon="-110.69146">
        <ele>1430.7</ele>
      </trkpt>
      <trkpt lat="32.51173" lon="-110.69227">
        <ele>1435.1</ele>
      </trkpt>
      <trkpt lat="32.5117199" lon="-110.69242">
        <ele>1436.6</ele>
      </trkpt>
      <trkpt lat="32.51159" lon="-110.69415">
        <ele>1446.0</ele>
      </trkpt>
      <trkpt lat="32.51145" lon="-110.69451">
        <ele>1448.2</ele>
      </trkpt>
      <trkpt lat="32.51115" lon="-110.6951">
        <ele>1453.5</ele>
      </trkpt>
      <trkpt lat="32.51089" lon="-110.69527">
        <ele>1454.2</ele>
      </trkpt>
      <trkpt lat="32.51055" lon="-110.69535">
        <ele>1453.8</ele>
      </trkpt>
      <trkpt lat="32.51028" lon="-110.69517">
        <ele>1453.2</ele>
      </trkpt>
      <trkpt lat="32.5102199" lon="-110.69485">
        <ele>1451.6</ele>
      </trkpt>
      <trkpt lat="32.51032" lon="-110.68961">
        <ele>1434.5</ele>
      </trkpt>
      <trkpt lat="32.51006" lon="-110.68855">
        <ele>1432.9</ele>
      </trkpt>
      <trkpt lat="32.50981" lon="-110.68779">
        <ele>1431.7</ele>
      </trkpt>
      <trkpt lat="32.5084" lon="-110.68478">
        <ele>1419.7</ele>
      </trkpt>
      <trkpt lat="32.50814" lon="-110.68438">
        <ele>1417.6</ele>
      </trkpt>
      <trkpt lat="32.50331" lon="-110.67974">
        <ele>1398.5</ele>
      </trkpt>
      <trkpt lat="32.50036" lon="-110.67747">
        <ele>1375.6</ele>
      </trkpt>
      <trkpt lat="32.49965" lon="-110.67684">
        <ele>1366.1</ele>
      </trkpt>
      <trkpt lat="32.49906" lon="-110.67614">
        <ele>1358.5</ele>
      </trkpt>
      <trkpt lat="32.4988" lon="-110.67594">
        <ele>1357.2</ele>
      </trkpt>
      <trkpt lat="32.49855" lon="-110.67581">
        <ele>1356.2</ele>
      </trkpt>
      <trkpt lat="32.4983099" lon="-110.67572">
        <ele>1354.9</ele>
      </trkpt>
      <trkpt lat="32.49818" lon="-110.67579">
        <ele>1354.3</ele>
      </trkpt>
      <trkpt lat="32.4981099" lon="-110.67606">
        <ele>1352.1</ele>
      </trkpt>
      <trkpt lat="32.49815" lon="-110.67676">
        <ele>1349.5</ele>
      </trkpt>
      <trkpt lat="32.49838" lon="-110.67769">
        <ele>1346.4</ele>
      </trkpt>
      <trkpt lat="32.49865" lon="-110.67828">
        <ele>1340.3</ele>
      </trkpt>
      <trkpt lat="32.49903" lon="-110.67895">
        <ele>1336.5</ele>
      </trkpt>
      <trkpt lat="32.49937" lon="-110.67958">
        <ele>1332.1</ele>
      </trkpt>
      <trkpt lat="32.49977" lon="-110.68041">
        <ele>1329.3</ele>
      </trkpt>
      <trkpt lat="32.49992" lon="-110.68097">
        <ele>1324.6</ele>
      </trkpt>
      <trkpt lat="32.50005" lon="-110.68125">
        <ele>1324.0</ele>
      </trkpt>
      <trkpt lat="32.50018" lon="-110.68142">
        <ele>1324.8</ele>
      </trkpt>
      <trkpt lat="32.5005" lon="-110.68164">
        <ele>1328.8</ele>
      </trkpt>
      <trkpt lat="32.50079" lon="-110.68207">
        <ele>1326.9</ele>
      </trkpt>
      <trkpt lat="32.50082" lon="-110.68237">
        <ele>1324.9</ele>
      </trkpt>
      <trkpt lat="32.50078" lon="-110.68259">
        <ele>1326.4</ele>
      </trkpt>
      <trkpt lat="32.50064" lon="-110.68278">
        <ele>1327.2</ele>
      </trkpt>
      <trkpt lat="32.50048" lon="-110.68283">
        <ele>1327.1</ele>
      </trkpt>
      <trkpt lat="32.5003" lon="-110.68284">
        <ele>1326.6</ele>
      </trkpt>
      <trkpt lat="32.50015" lon="-110.6828">
        <ele>1325.6</ele>
      </trkpt>
      <trkpt lat="32.499" lon="-110.68214">
        <ele>1316.2</ele>
      </trkpt>
      <trkpt lat="32.49856" lon="-110.68208">
        <ele>1315.9</ele>
      </trkpt>
      <trkpt lat="32.4982" lon="-110.68208">
        <ele>1315.5</ele>
      </trkpt>
      <trkpt lat="32.49795" lon="-110.68211">
        <ele>1315.0</ele>
      </trkpt>
      <trkpt lat="32.4976399" lon="-110.68225">
        <ele>1314.9</ele>
      </trkpt>
      <trkpt lat="32.49734" lon="-110.68244">
        <ele>1316.8</ele>
      </trkpt>
      <trkpt lat="32.49681" lon="-110.68322">
        <ele>1320.4</ele>
      </trkpt>
      <trkpt lat="32.4965199" lon="-110.6835">
        <ele>1315.6</ele>
      </trkpt>
      <trkpt lat="32.49632" lon="-110.68354">
        <ele>1318.4</ele>
      </trkpt>
      <trkpt lat="32.49602" lon="-110.68353">
        <ele>1322.6</ele>
      </trkpt>
      <trkpt lat="32.49554" lon="-110.68344">
        <ele>1327.0</ele>
      </trkpt>
      <trkpt lat="32.49532" lon="-110.68363">
        <ele>1328.1</ele>
      </trkpt>
      <trkpt lat="32.49512" lon="-110.68391">
        <ele>1324.8</ele>
      </trkpt>
      <trkpt lat="32.49487" lon="-110.68464">
        <ele>1315.2</ele>
      </trkpt>
      <trkpt lat="32.4947299" lon="-110.6848">
        <ele>1313.2</ele>
      </trkpt>
      <trkpt lat="32.49462" lon="-110.68489">
        <ele>1311.9</ele>
      </trkpt>
      <trkpt lat="32.4945" lon="-110.68488">
        <ele>1310.2</ele>
      </trkpt>
      <trkpt lat="32.49433" lon="-110.68475">
        <ele>1313.0</ele>
      </trkpt>
      <trkpt lat="32.494" lon="-110.68422">
        <ele>1320.2</ele>
      </trkpt>
      <trkpt lat="32.49369" lon="-110.6838">
        <ele>1320.4</ele>
      </trkpt>
      <trkpt lat="32.4935" lon="-110.68338">
        <ele>1322.1</ele>
      </trkpt>
      <trkpt lat="32.49337" lon="-110.68332">
        <ele>1323.1</ele>
      </trkpt>
      <trkpt lat="32.49322" lon="-110.68334">
        <ele>1323.3</ele>
      </trkpt>
      <trkpt lat="32.49288" lon="-110.68377">
        <ele>1323.5</ele>
      </trkpt>
      <trkpt lat="32.49275" lon="-110.68397">
        <ele>1325.7</ele>
      </trkpt>
      <trkpt lat="32.49242" lon="-110.68404">
        <ele>1324.4</ele>
      </trkpt>
      <trkpt lat="32.49231" lon="-110.68414">
        <ele>1324.4</ele>
      </trkpt>
      <trkpt lat="32.49226" lon="-110.68427">
        <ele>1326.3</ele>
      </trkpt>
      <trkpt lat="32.49221" lon="-110.6845">
        <ele>1327.1</ele>
      </trkpt>
      <trkpt lat="32.4921" lon="-110.6846">
        <ele>1326.8</ele>
      </trkpt>
      <trkpt lat="32.49198" lon="-110.68452">
        <ele>1326.9</ele>
      </trkpt>
      <trkpt lat="32.49175" lon="-110.684">
        <ele>1332.9</ele>
      </trkpt>
      <trkpt lat="32.49161" lon="-110.68382">
        <ele>1332.6</ele>
      </trkpt>
      <trkpt lat="32.49143" lon="-110.68375">
        <ele>1331.8</ele>
      </trkpt>
      <trkpt lat="32.49125" lon="-110.68388">
        <ele>1335.3</ele>
      </trkpt>
      <trkpt lat="32.49107" lon="-110.68404">
        <ele>1335.4</ele>
      </trkpt>
      <trkpt lat="32.49088" lon="-110.68443">
        <ele>1336.6</ele>
      </trkpt>
      <trkpt lat="32.49066" lon="-110.68505">
        <ele>1338.3</ele>
      </trkpt>
      <trkpt lat="32.49041" lon="-110.68548">
        <ele>1348.4</ele>
      </trkpt>
      <trkpt lat="32.48957" lon="-110.6862">
        <ele>1351.1</ele>
      </trkpt>
      <trkpt lat="32.48915" lon="-110.68644">
        <ele>1358.0</ele>
      </trkpt>
      <trkpt lat="32.48887" lon="-110.68651">
        <ele>1357.2</ele>
      </trkpt>
      <trkpt lat="32.48876" lon="-110.68672">
        <ele>1360.8</ele>
      </trkpt>
      <trkpt lat="32.48871" lon="-110.6871">
        <ele>1363.0</ele>
      </trkpt>
      <trkpt lat="32.48862" lon="-110.6886">
        <ele>1373.9</ele>
      </trkpt>
      <trkpt lat="32.48867" lon="-110.68902">
        <ele>1375.5</ele>
      </trkpt>
      <trkpt lat="32.48879" lon="-110.6895">
        <ele>1376.9</ele>
      </trkpt>
      <trkpt lat="32.4886" lon="-110.69017">
        <ele>1385.5</ele>
      </trkpt>
      <trkpt lat="32.4886" lon="-110.6904">
        <ele>1386.8</ele>
      </trkpt>
      <trkpt lat="32.48863" lon="-110.69063">
        <ele>1387.4</ele>
      </trkpt>
      <trkpt lat="32.48877" lon="-110.69107">
        <ele>1387.9</ele>
      </trkpt>
      <trkpt lat="32.48922" lon="-110.69195">
        <ele>1388.9</ele>
      </trkpt>
      <trkpt lat="32.48917" lon="-110.69221">
        <ele>1388.6</ele>
      </trkpt>
      <trkpt lat="32.48883" lon="-110.69246">
        <ele>1394.3</ele>
      </trkpt>
      <trkpt lat="32.48857" lon="-110.6927">
        <ele>1395.4</ele>
      </trkpt>
      <trkpt lat="32.48834" lon="-110.69332">
        <ele>1398.6</ele>
      </trkpt>
      <trkpt lat="32.48809" lon="-110.6944">
        <ele>1409.2</ele>
      </trkpt>
      <trkpt lat="32.48811" lon="-110.69483">
        <ele>1411.1</ele>
      </trkpt>
      <trkpt lat="32.48823" lon="-110.6951">
        <ele>1412.6</ele>
      </trkpt>
      <trkpt lat="32.48838" lon="-110.69532">
        <ele>1413.4</ele>
      </trkpt>
      <trkpt lat="32.48876" lon="-110.69564">
        <ele>1420.0</ele>
      </trkpt>
      <trkpt lat="32.48923" lon="-110.69584">
        <ele>1422.6</ele>
      </trkpt>
      <trkpt lat="32.48932" lon="-110.6959">
        <ele>1423.7</ele>
      </trkpt>
      <trkpt lat="32.48937" lon="-110.69602">
        <ele>1424.8</ele>
      </trkpt>
      <trkpt lat="32.48936" lon="-110.69615">
        <ele>1423.9</ele>
      </trkpt>
      <trkpt lat="32.48926" lon="-110.69624">
        <ele>1419.6</ele>
      </trkpt>
      <trkpt lat="32.48887" lon="-110.69636">
        <ele>1418.5</ele>
      </trkpt>
      <trkpt lat="32.4885499" lon="-110.69653">
        <ele>1420.1</ele>
      </trkpt>
      <trkpt lat="32.4883" lon="-110.69676">
        <ele>1422.8</ele>
      </trkpt>
      <trkpt lat="32.48814" lon="-110.6971">
        <ele>1430.4</ele>
      </trkpt>
      <trkpt lat="32.48806" lon="-110.69752">
        <ele>1434.4</ele>
      </trkpt>
      <trkpt lat="32.48811" lon="-110.69813">
        <ele>1435.9</ele>
      </trkpt>
      <trkpt lat="32.48827" lon="-110.69889">
        <ele>1442.3</ele>
      </trkpt>
      <trkpt lat="32.48847" lon="-110.69923">
        <ele>1445.6</ele>
      </trkpt>
      <trkpt lat="32.48866" lon="-110.69938">
        <ele>1447.0</ele>
      </trkpt>
      <trkpt lat="32.48894" lon="-110.69951">
        <ele>1451.1</ele>
      </trkpt>
      <trkpt lat="32.48912" lon="-110.70009">
        <ele>1450.1</ele>
      </trkpt>
      <trkpt lat="32.4891099" lon="-110.70025">
        <ele>1449.7</ele>
      </trkpt>
      <trkpt lat="32.48891" lon="-110.70057">
        <ele>1453.0</ele>
      </trkpt>
      <trkpt lat="32.48885" lon="-110.70074">
        <ele>1454.4</ele>
      </trkpt>
      <trkpt lat="32.48909" lon="-110.7012">
        <ele>1456.3</ele>
      </trkpt>
      <trkpt lat="32.48908" lon="-110.70172">
        <ele>1457.1</ele>
      </trkpt>
      <trkpt lat="32.48898" lon="-110.70235">
        <ele>1457.5</ele>
      </trkpt>
      <trkpt lat="32.48875" lon="-110.70282">
        <ele>1463.3</ele>
      </trkpt>
      <trkpt lat="32.48869" lon="-110.70345">
        <ele>1467.2</ele>
      </trkpt>
      <trkpt lat="32.4885499" lon="-110.70401">
        <ele>1467.9</ele>
      </trkpt>
      <trkpt lat="32.48833" lon="-110.70421">
        <ele>1469.0</ele>
      </trkpt>
      <trkpt lat="32.48809" lon="-110.70425">
        <ele>1469.1</ele>
      </trkpt>
      <trkpt lat="32.48726" lon="-110.70414">
        <ele>1476.8</ele>
      </trkpt>
      <trkpt lat="32.48713" lon="-110.7042">
        <ele>1478.3</ele>
      </trkpt>
      <trkpt lat="32.48677" lon="-110.70463">
        <ele>1482.4</ele>
      </trkpt>
      <trkpt lat="32.48665" lon="-110.70485">
        <ele>1483.3</ele>
      </trkpt>
      <trkpt lat="32.48655" lon="-110.70548">
        <ele>1486.3</ele>
      </trkpt>
      <trkpt lat="32.48645" lon="-110.70559">
        <ele>1486.2</ele>
      </trkpt>
      <trkpt lat="32.48628" lon="-110.70559">
        <ele>1485.5</ele>
      </trkpt>
      <trkpt lat="32.48584" lon="-110.70537">
        <ele>1484.7</ele>
      </trkpt>
      <trkpt lat="32.48571" lon="-110.70542">
        <ele>1483.9</ele>
      </trkpt>
      <trkpt lat="32.48562" lon="-110.70557">
        <ele>1481.5</ele>
      </trkpt>
      <trkpt lat="32.48551" lon="-110.70582">
        <ele>1479.5</ele>
      </trkpt>
      <trkpt lat="32.48556" lon="-110.70607">
        <ele>1480.5</ele>
      </trkpt>
      <trkpt lat="32.4858" lon="-110.7064">
        <ele>1478.7</ele>
      </trkpt>
      <trkpt lat="32.48581" lon="-110.70656">
        <ele>1474.9</ele>
      </trkpt>
      <trkpt lat="32.48561" lon="-110.70665">
        <ele>1474.0</ele>
      </trkpt>
      <trkpt lat="32.48516" lon="-110.70644">
        <ele>1470.0</ele>
      </trkpt>
      <trkpt lat="32.48493" lon="-110.7064">
        <ele>1466.9</ele>
      </trkpt>
      <trkpt lat="32.48457" lon="-110.70613">
        <ele>1461.4</ele>
      </trkpt>
      <trkpt lat="32.48418" lon="-110.70601">
        <ele>1458.9</ele>
      </trkpt>
      <trkpt lat="32.48381" lon="-110.70582">
        <ele>1452.7</ele>
      </trkpt>
      <trkpt lat="32.48372" lon="-110.70581">
        <ele>1453.5</ele>
      </trkpt>
      <trkpt lat="32.48366" lon="-110.70586">
        <ele>1454.2</ele>
      </trkpt>
      <trkpt lat="32.4836" lon="-110.70612">
        <ele>1454.8</ele>
      </trkpt>
      <trkpt lat="32.48359" lon="-110.70641">
        <ele>1453.4</ele>
      </trkpt>
      <trkpt lat="32.48357" lon="-110.70659">
        <ele>1453.9</ele>
      </trkpt>
      <trkpt lat="32.4834699" lon="-110.70665">
        <ele>1455.6</ele>
      </trkpt>
      <trkpt lat="32.4833" lon="-110.70664">
        <ele>1457.6</ele>
      </trkpt>
      <trkpt lat="32.48301" lon="-110.70622">
        <ele>1452.6</ele>
      </trkpt>
      <trkpt lat="32.48277" lon="-110.70609">
        <ele>1456.3</ele>
      </trkpt>
      <trkpt lat="32.48248" lon="-110.70604">
        <ele>1460.9</ele>
      </trkpt>
      <trkpt lat="32.48237" lon="-110.70599">
        <ele>1463.6</ele>
      </trkpt>
      <trkpt lat="32.48232" lon="-110.7058">
        <ele>1466.0</ele>
      </trkpt>
      <trkpt lat="32.4823" lon="-110.7055">
        <ele>1465.2</ele>
      </trkpt>
      <trkpt lat="32.48218" lon="-110.7054">
        <ele>1465.3</ele>
      </trkpt>
      <trkpt lat="32.48203" lon="-110.70536">
        <ele>1465.6</ele>
      </trkpt>
      <trkpt lat="32.48168" lon="-110.70563">
        <ele>1463.1</ele>
      </trkpt>
      <trkpt lat="32.48125" lon="-110.70578">
        <ele>1461.9</ele>
      </trkpt>
      <trkpt lat="32.48077" lon="-110.70601">
        <ele>1460.8</ele>
      </trkpt>
      <trkpt lat="32.48053" lon="-110.70605">
        <ele>1460.3</ele>
      </trkpt>
      <trkpt lat="32.48034" lon="-110.70617">
        <ele>1461.8</ele>
      </trkpt>
      <trkpt lat="32.48012" lon="-110.70653">
        <ele>1465.2</ele>
      </trkpt>
      <trkpt lat="32.48005" lon="-110.70679">
        <ele>1465.4</ele>
      </trkpt>
      <trkpt lat="32.48014" lon="-110.70768">
        <ele>1469.4</ele>
      </trkpt>
      <trkpt lat="32.48011" lon="-110.70786">
        <ele>1470.5</ele>
      </trkpt>
      <trkpt lat="32.47995" lon="-110.70842">
        <ele>1476.7</ele>
      </trkpt>
      <trkpt lat="32.47984" lon="-110.70903">
        <ele>1478.8</ele>
      </trkpt>
      <trkpt lat="32.47961" lon="-110.70977">
        <ele>1486.2</ele>
      </trkpt>
      <trkpt lat="32.47939" lon="-110.70997">
        <ele>1485.7</ele>
      </trkpt>
      <trkpt lat="32.47908" lon="-110.71011">
        <ele>1485.8</ele>
      </trkpt>
      <trkpt lat="32.47892" lon="-110.71004">
        <ele>1486.5</ele>
      </trkpt>
      <trkpt lat="32.47883" lon="-110.70986">
        <ele>1489.0</ele>
      </trkpt>
      <trkpt lat="32.4788799" lon="-110.70955">
        <ele>1493.1</ele>
      </trkpt>
      <trkpt lat="32.47892" lon="-110.70909">
        <ele>1495.1</ele>
      </trkpt>
      <trkpt lat="32.47878" lon="-110.70827">
        <ele>1498.2</ele>
      </trkpt>
      <trkpt lat="32.47878" lon="-110.70802">
        <ele>1498.7</ele>
      </trkpt>
      <trkpt lat="32.47876" lon="-110.70793">
        <ele>1499.2</ele>
      </trkpt>
      <trkpt lat="32.47872" lon="-110.70791">
        <ele>1500.1</ele>
      </trkpt>
      <trkpt lat="32.47862" lon="-110.70793">
        <ele>1502.1</ele>
      </trkpt>
      <trkpt lat="32.47856" lon="-110.70803">
        <ele>1503.4</ele>
      </trkpt>
      <trkpt lat="32.47855" lon="-110.70863">
        <ele>1503.1</ele>
      </trkpt>
      <trkpt lat="32.4784999" lon="-110.70882">
        <ele>1504.3</ele>
      </trkpt>
      <trkpt lat="32.47837" lon="-110.70899">
        <ele>1506.7</ele>
      </trkpt>
      <trkpt lat="32.4781" lon="-110.70946">
        <ele>1510.3</ele>
      </trkpt>
      <trkpt lat="32.47809" lon="-110.70958">
        <ele>1509.9</ele>
      </trkpt>
      <trkpt lat="32.47814" lon="-110.70989">
        <ele>1509.5</ele>
      </trkpt>
      <trkpt lat="32.47815" lon="-110.71014">
        <ele>1514.9</ele>
      </trkpt>
      <trkpt lat="32.4781" lon="-110.71049">
        <ele>1517.5</ele>
      </trkpt>
      <trkpt lat="32.478" lon="-110.71078">
        <ele>1517.9</ele>
      </trkpt>
      <trkpt lat="32.4779399" lon="-110.71105">
        <ele>1518.0</ele>
      </trkpt>
      <trkpt lat="32.47782" lon="-110.71129">
        <ele>1519.3</ele>
      </trkpt>
      <trkpt lat="32.4778" lon="-110.71138">
        <ele>1519.9</ele>
      </trkpt>
      <trkpt lat="32.4778499" lon="-110.71171">
        <ele>1527.4</ele>
      </trkpt>
      <trkpt lat="32.47786" lon="-110.71211">
        <ele>1529.6</ele>
      </trkpt>
      <trkpt lat="32.4778499" lon="-110.71221">
        <ele>1530.2</ele>
      </trkpt>
      <trkpt lat="32.47773" lon="-110.71281">
        <ele>1531.8</ele>
      </trkpt>
      <trkpt lat="32.47773" lon="-110.71337">
        <ele>1528.9</ele>
      </trkpt>
      <trkpt lat="32.47775" lon="-110.71341">
        <ele>1529.0</ele>
      </trkpt>
      <trkpt lat="32.47793" lon="-110.71343">
        <ele>1532.0</ele>
      </trkpt>
      <trkpt lat="32.47831" lon="-110.71328">
        <ele>1542.2</ele>
      </trkpt>
      <trkpt lat="32.47868" lon="-110.71302">
        <ele>1543.0</ele>
      </trkpt>
      <trkpt lat="32.47919" lon="-110.7129">
        <ele>1547.3</ele>
      </trkpt>
      <trkpt lat="32.47948" lon="-110.71255">
        <ele>1550.0</ele>
      </trkpt>
      <trkpt lat="32.47959" lon="-110.71254">
        <ele>1550.3</ele>
      </trkpt>
      <trkpt lat="32.47968" lon="-110.7126">
        <ele>1551.0</ele>
      </trkpt>
      <trkpt lat="32.4797" lon="-110.71278">
        <ele>1552.6</ele>
      </trkpt>
      <trkpt lat="32.47962" lon="-110.71303">
        <ele>1555.7</ele>
      </trkpt>
      <trkpt lat="32.47937" lon="-110.71303">
        <ele>1555.3</ele>
      </trkpt>
      <trkpt lat="32.4788" lon="-110.71324">
        <ele>1553.8</ele>
      </trkpt>
      <trkpt lat="32.4784099" lon="-110.7136">
        <ele>1556.1</ele>
      </trkpt>
      <trkpt lat="32.47796" lon="-110.71381">
        <ele>1556.1</ele>
      </trkpt>
      <trkpt lat="32.4778" lon="-110.71405">
        <ele>1559.3</ele>
      </trkpt>
      <trkpt lat="32.47777" lon="-110.71432">
        <ele>1564.4</ele>
      </trkpt>
      <trkpt lat="32.47786" lon="-110.71472">
        <ele>1566.9</ele>
      </trkpt>
      <trkpt lat="32.47783" lon="-110.71491">
        <ele>1566.7</ele>
      </trkpt>
      <trkpt lat="32.47772" lon="-110.71505">
        <ele>1567.3</ele>
      </trkpt>
      <trkpt lat="32.47729" lon="-110.71529">
        <ele>1569.1</ele>
      </trkpt>
      <trkpt lat="32.47698" lon="-110.71564">
        <ele>1569.9</ele>
      </trkpt>
      <trkpt lat="32.47677" lon="-110.7163">
        <ele>1578.0</ele>
      </trkpt>
      <trkpt lat="32.47664" lon="-110.71645">
        <ele>1578.5</ele>
      </trkpt>
      <trkpt lat="32.4763" lon="-110.71653">
        <ele>1578.9</ele>
      </trkpt>
      <trkpt lat="32.47603" lon="-110.71651">
        <ele>1577.9</ele>
      </trkpt>
      <trkpt lat="32.4759699" lon="-110.71665">
        <ele>1578.9</ele>
      </trkpt>
      <trkpt lat="32.47604" lon="-110.71679">
        <ele>1582.5</ele>
      </trkpt>
      <trkpt lat="32.47618" lon="-110.71682">
        <ele>1583.9</ele>
      </trkpt>
      <trkpt lat="32.47687" lon="-110.71669">
        <ele>1584.7</ele>
      </trkpt>
      <trkpt lat="32.47697" lon="-110.71653">
        <ele>1584.5</ele>
      </trkpt>
      <trkpt lat="32.47722" lon="-110.71605">
        <ele>1582.6</ele>
      </trkpt>
      <trkpt lat="32.47746" lon="-110.71592">
        <ele>1588.0</ele>
      </trkpt>
      <trkpt lat="32.47767" lon="-110.71588">
        <ele>1588.9</ele>
      </trkpt>
      <trkpt lat="32.47779" lon="-110.71596">
        <ele>1589.4</ele>
      </trkpt>
      <trkpt lat="32.47788" lon="-110.71622">
        <ele>1592.9</ele>
      </trkpt>
      <trkpt lat="32.4778499" lon="-110.71653">
        <ele>1598.0</ele>
      </trkpt>
      <trkpt lat="32.47768" lon="-110.71681">
        <ele>1602.0</ele>
      </trkpt>
      <trkpt lat="32.47748" lon="-110.71702">
        <ele>1603.0</ele>
      </trkpt>
      <trkpt lat="32.47734" lon="-110.71727">
        <ele>1603.5</ele>
      </trkpt>
      <trkpt lat="32.4772" lon="-110.7181">
        <ele>1605.0</ele>
      </trkpt>
      <trkpt lat="32.47695" lon="-110.71854">
        <ele>1611.1</ele>
      </trkpt>
      <trkpt lat="32.47683" lon="-110.71898">
        <ele>1611.7</ele>
      </trkpt>
      <trkpt lat="32.47673" lon="-110.71922">
        <ele>1612.8</ele>
      </trkpt>
      <trkpt lat="32.47672" lon="-110.71943">
        <ele>1614.2</ele>
      </trkpt>
      <trkpt lat="32.47704" lon="-110.71989">
        <ele>1614.7</ele>
      </trkpt>
      <trkpt lat="32.47693" lon="-110.72042">
        <ele>1615.7</ele>
      </trkpt>
      <trkpt lat="32.47683" lon="-110.72148">
        <ele>1623.6</ele>
      </trkpt>
      <trkpt lat="32.4766199" lon="-110.72236">
        <ele>1625.2</ele>
      </trkpt>
      <trkpt lat="32.47655" lon="-110.72271">
        <ele>1625.7</ele>
      </trkpt>
      <trkpt lat="32.47657" lon="-110.72291">
        <ele>1624.5</ele>
      </trkpt>
      <trkpt lat="32.47669" lon="-110.723">
        <ele>1626.6</ele>
      </trkpt>
      <trkpt lat="32.47683" lon="-110.72296">
        <ele>1629.6</ele>
      </trkpt>
      <trkpt lat="32.47713" lon="-110.72241">
        <ele>1631.0</ele>
      </trkpt>
      <trkpt lat="32.47784" lon="-110.72171">
        <ele>1637.2</ele>
      </trkpt>
      <trkpt lat="32.47806" lon="-110.72112">
        <ele>1640.6</ele>
      </trkpt>
      <trkpt lat="32.47821" lon="-110.72083">
        <ele>1640.3</ele>
      </trkpt>
      <trkpt lat="32.47838" lon="-110.72073">
        <ele>1640.8</ele>
      </trkpt>
      <trkpt lat="32.47848" lon="-110.72077">
        <ele>1640.9</ele>
      </trkpt>
      <trkpt lat="32.47851" lon="-110.72094">
        <ele>1639.6</ele>
      </trkpt>
      <trkpt lat="32.4783" lon="-110.72135">
        <ele>1640.9</ele>
      </trkpt>
      <trkpt lat="32.47733" lon="-110.72256">
        <ele>1642.3</ele>
      </trkpt>
      <trkpt lat="32.47723" lon="-110.7229">
        <ele>1645.1</ele>
      </trkpt>
      <trkpt lat="32.47717" lon="-110.72329">
        <ele>1653.8</ele>
      </trkpt>
      <trkpt lat="32.47701" lon="-110.72375">
        <ele>1654.2</ele>
      </trkpt>
      <trkpt lat="32.47684" lon="-110.72399">
        <ele>1656.2</ele>
      </trkpt>
      <trkpt lat="32.47664" lon="-110.72406">
        <ele>1655.2</ele>
      </trkpt>
      <trkpt lat="32.4763499" lon="-110.72426">
        <ele>1657.3</ele>
      </trkpt>
      <trkpt lat="32.47612" lon="-110.72455">
        <ele>1658.5</ele>
      </trkpt>
      <trkpt lat="32.47576" lon="-110.72468">
        <ele>1662.8</ele>
      </trkpt>
      <trkpt lat="32.4754999" lon="-110.72492">
        <ele>1664.2</ele>
      </trkpt>
      <trkpt lat="32.47538" lon="-110.72492">
        <ele>1662.1</ele>
      </trkpt>
      <trkpt lat="32.47531" lon="-110.72469">
        <ele>1666.3</ele>
      </trkpt>
      <trkpt lat="32.47537" lon="-110.72418">
        <ele>1673.5</ele>
      </trkpt>
      <trkpt lat="32.47543" lon="-110.72389">
        <ele>1672.5</ele>
      </trkpt>
      <trkpt lat="32.47543" lon="-110.72367">
        <ele>1672.6</ele>
      </trkpt>
      <trkpt lat="32.47532" lon="-110.72347">
        <ele>1674.3</ele>
      </trkpt>
      <trkpt lat="32.47518" lon="-110.72342">
        <ele>1675.8</ele>
      </trkpt>
      <trkpt lat="32.4749399" lon="-110.72346">
        <ele>1676.0</ele>
      </trkpt>
      <trkpt lat="32.47373" lon="-110.72442">
        <ele>1681.8</ele>
      </trkpt>
      <trkpt lat="32.47345" lon="-110.72442">
        <ele>1680.1</ele>
      </trkpt>
      <trkpt lat="32.47328" lon="-110.72447">
        <ele>1682.3</ele>
      </trkpt>
      <trkpt lat="32.47321" lon="-110.7247">
        <ele>1686.0</ele>
      </trkpt>
      <trkpt lat="32.4733" lon="-110.72484">
        <ele>1687.3</ele>
      </trkpt>
      <trkpt lat="32.47342" lon="-110.72481">
        <ele>1689.1</ele>
      </trkpt>
      <trkpt lat="32.47426" lon="-110.72434">
        <ele>1691.8</ele>
      </trkpt>
      <trkpt lat="32.47454" lon="-110.72427">
        <ele>1692.5</ele>
      </trkpt>
      <trkpt lat="32.47469" lon="-110.72434">
        <ele>1693.6</ele>
      </trkpt>
      <trkpt lat="32.47474" lon="-110.72445">
        <ele>1694.9</ele>
      </trkpt>
      <trkpt lat="32.47471" lon="-110.7247">
        <ele>1697.6</ele>
      </trkpt>
      <trkpt lat="32.47454" lon="-110.72501">
        <ele>1699.3</ele>
      </trkpt>
      <trkpt lat="32.4743" lon="-110.72518">
        <ele>1699.4</ele>
      </trkpt>
      <trkpt lat="32.47369" lon="-110.72658">
        <ele>1709.2</ele>
      </trkpt>
      <trkpt lat="32.47333" lon="-110.72713">
        <ele>1717.7</ele>
      </trkpt>
      <trkpt lat="32.47299" lon="-110.72771">
        <ele>1727.7</ele>
      </trkpt>
      <trkpt lat="32.47276" lon="-110.72835">
        <ele>1727.8</ele>
      </trkpt>
      <trkpt lat="32.47272" lon="-110.7284">
        <ele>1728.3</ele>
      </trkpt>
      <trkpt lat="32.47263" lon="-110.72844">
        <ele>1728.6</ele>
      </trkpt>
      <trkpt lat="32.47238" lon="-110.72851">
        <ele>1736.4</ele>
      </trkpt>
      <trkpt lat="32.47228" lon="-110.72849">
        <ele>1739.3</ele>
      </trkpt>
      <trkpt lat="32.47214" lon="-110.7284">
        <ele>1738.6</ele>
      </trkpt>
      <trkpt lat="32.47206" lon="-110.72837">
        <ele>1738.4</ele>
      </trkpt>
      <trkpt lat="32.47197" lon="-110.72837">
        <ele>1738.5</ele>
      </trkpt>
      <trkpt lat="32.47191" lon="-110.72841">
        <ele>1739.3</ele>
      </trkpt>
      <trkpt lat="32.47186" lon="-110.72846">
        <ele>1739.4</ele>
      </trkpt>
      <trkpt lat="32.47184" lon="-110.72856">
        <ele>1739.7</ele>
      </trkpt>
      <trkpt lat="32.4718" lon="-110.7289">
        <ele>1740.6</ele>
      </trkpt>
      <trkpt lat="32.4717399" lon="-110.72903">
        <ele>1740.9</ele>
      </trkpt>
      <trkpt lat="32.47132" lon="-110.72959">
        <ele>1751.7</ele>
      </trkpt>
      <trkpt lat="32.47117" lon="-110.73003">
        <ele>1752.9</ele>
      </trkpt>
      <trkpt lat="32.4711" lon="-110.73011">
        <ele>1753.8</ele>
      </trkpt>
      <trkpt lat="32.47102" lon="-110.73014">
        <ele>1754.8</ele>
      </trkpt>
      <trkpt lat="32.47092" lon="-110.73011">
        <ele>1753.3</ele>
      </trkpt>
      <trkpt lat="32.47079" lon="-110.73011">
        <ele>1752.1</ele>
      </trkpt>
      <trkpt lat="32.47064" lon="-110.73018">
        <ele>1750.9</ele>
      </trkpt>
      <trkpt lat="32.4706" lon="-110.73027">
        <ele>1751.1</ele>
      </trkpt>
      <trkpt lat="32.47059" lon="-110.73038">
        <ele>1751.9</ele>
      </trkpt>
      <trkpt lat="32.47061" lon="-110.73054">
        <ele>1754.3</ele>
      </trkpt>
      <trkpt lat="32.47056" lon="-110.73064">
        <ele>1753.3</ele>
      </trkpt>
      <trkpt lat="32.47047" lon="-110.73069">
        <ele>1752.3</ele>
      </trkpt>
      <trkpt lat="32.47012" lon="-110.73075">
        <ele>1751.4</ele>
      </trkpt>
      <trkpt lat="32.4700599" lon="-110.73079">
        <ele>1751.8</ele>
      </trkpt>
      <trkpt lat="32.46986" lon="-110.7311">
        <ele>1763.0</ele>
      </trkpt>
      <trkpt lat="32.46982" lon="-110.73114">
        <ele>1765.9</ele>
      </trkpt>
      <trkpt lat="32.46975" lon="-110.73115">
        <ele>1766.4</ele>
      </trkpt>
      <trkpt lat="32.46964" lon="-110.7311">
        <ele>1764.0</ele>
      </trkpt>
      <trkpt lat="32.4694" lon="-110.73113">
        <ele>1764.3</ele>
      </trkpt>
      <trkpt lat="32.46922" lon="-110.73118">
        <ele>1764.4</ele>
      </trkpt>
      <trkpt lat="32.46916" lon="-110.73125">
        <ele>1765.2</ele>
      </trkpt>
      <trkpt lat="32.4691" lon="-110.73136">
        <ele>1765.7</ele>
      </trkpt>
      <trkpt lat="32.46908" lon="-110.7315">
        <ele>1767.3</ele>
      </trkpt>
      <trkpt lat="32.4691" lon="-110.73183">
        <ele>1777.0</ele>
      </trkpt>
      <trkpt lat="32.46907" lon="-110.73202">
        <ele>1778.4</ele>
      </trkpt>
      <trkpt lat="32.46895" lon="-110.7324">
        <ele>1779.6</ele>
      </trkpt>
      <trkpt lat="32.46885" lon="-110.73256">
        <ele>1778.3</ele>
      </trkpt>
      <trkpt lat="32.4688299" lon="-110.73264">
        <ele>1779.0</ele>
      </trkpt>
      <trkpt lat="32.46882" lon="-110.73279">
        <ele>1780.6</ele>
      </trkpt>
      <trkpt lat="32.46877" lon="-110.7329">
        <ele>1778.8</ele>
      </trkpt>
      <trkpt lat="32.46867" lon="-110.73296">
        <ele>1776.5</ele>
      </trkpt>
      <trkpt lat="32.46851" lon="-110.73302">
        <ele>1781.8</ele>
      </trkpt>
      <trkpt lat="32.46838" lon="-110.73302">
        <ele>1783.2</ele>
      </trkpt>
      <trkpt lat="32.46789" lon="-110.73291">
        <ele>1786.4</ele>
      </trkpt>
      <trkpt lat="32.4677999" lon="-110.73291">
        <ele>1787.1</ele>
      </trkpt>
      <trkpt lat="32.46774" lon="-110.73293">
        <ele>1787.4</ele>
      </trkpt>
      <trkpt lat="32.46768" lon="-110.733">
        <ele>1788.6</ele>
      </trkpt>
      <trkpt lat="32.46758" lon="-110.73328">
        <ele>1793.5</ele>
      </trkpt>
      <trkpt lat="32.4675" lon="-110.73335">
        <ele>1792.6</ele>
      </trkpt>
      <trkpt lat="32.46727" lon="-110.73338">
        <ele>1796.0</ele>
      </trkpt>
      <trkpt lat="32.46707" lon="-110.73352">
        <ele>1798.4</ele>
      </trkpt>
      <trkpt lat="32.46701" lon="-110.73353">
        <ele>1798.4</ele>
      </trkpt>
      <trkpt lat="32.46693" lon="-110.73352">
        <ele>1798.7</ele>
      </trkpt>
      <trkpt lat="32.4668599" lon="-110.73347">
        <ele>1799.2</ele>
      </trkpt>
      <trkpt lat="32.46675" lon="-110.7333">
        <ele>1801.9</ele>
      </trkpt>
      <trkpt lat="32.46667" lon="-110.73327">
        <ele>1806.0</ele>
      </trkpt>
      <trkpt lat="32.46648" lon="-110.73326">
        <ele>1810.3</ele>
      </trkpt>
      <trkpt lat="32.4664" lon="-110.7332">
        <ele>1809.4</ele>
      </trkpt>
      <trkpt lat="32.46636" lon="-110.73305">
        <ele>1807.1</ele>
      </trkpt>
      <trkpt lat="32.46636" lon="-110.73279">
        <ele>1807.9</ele>
      </trkpt>
      <trkpt lat="32.46632" lon="-110.73268">
        <ele>1810.1</ele>
      </trkpt>
      <trkpt lat="32.46628" lon="-110.73262">
        <ele>1810.9</ele>
      </trkpt>
      <trkpt lat="32.46622" lon="-110.73259">
        <ele>1811.9</ele>
      </trkpt>
      <trkpt lat="32.46615" lon="-110.73259">
        <ele>1813.3</ele>
      </trkpt>
      <trkpt lat="32.46568" lon="-110.73272">
        <ele>1824.6</ele>
      </trkpt>
      <trkpt lat="32.46513" lon="-110.73285">
        <ele>1826.9</ele>
      </trkpt>
      <trkpt lat="32.46492" lon="-110.73284">
        <ele>1827.1</ele>
      </trkpt>
      <trkpt lat="32.46485" lon="-110.73281">
        <ele>1826.5</ele>
      </trkpt>
      <trkpt lat="32.4647999" lon="-110.73275">
        <ele>1824.8</ele>
      </trkpt>
      <trkpt lat="32.46457" lon="-110.73271">
        <ele>1827.5</ele>
      </trkpt>
      <trkpt lat="32.46448" lon="-110.73266">
        <ele>1828.2</ele>
      </trkpt>
      <trkpt lat="32.46434" lon="-110.73248">
        <ele>1833.1</ele>
      </trkpt>
      <trkpt lat="32.464" lon="-110.7322">
        <ele>1834.4</ele>
      </trkpt>
      <trkpt lat="32.46393" lon="-110.73217">
        <ele>1835.5</ele>
      </trkpt>
      <trkpt lat="32.46384" lon="-110.73216">
        <ele>1837.9</ele>
      </trkpt>
      <trkpt lat="32.46375" lon="-110.73219">
        <ele>1840.1</ele>
      </trkpt>
      <trkpt lat="32.46371" lon="-110.73227">
        <ele>1841.0</ele>
      </trkpt>
      <trkpt lat="32.46363" lon="-110.73256">
        <ele>1842.0</ele>
      </trkpt>
      <trkpt lat="32.46363" lon="-110.73269">
        <ele>1844.9</ele>
      </trkpt>
      <trkpt lat="32.4637" lon="-110.73306">
        <ele>1847.7</ele>
      </trkpt>
      <trkpt lat="32.46402" lon="-110.7339">
        <ele>1849.2</ele>
      </trkpt>
      <trkpt lat="32.46411" lon="-110.73404">
        <ele>1849.6</ele>
      </trkpt>
      <trkpt lat="32.46436" lon="-110.73424">
        <ele>1854.4</ele>
      </trkpt>
      <trkpt lat="32.46441" lon="-110.73437">
        <ele>1858.3</ele>
      </trkpt>
      <trkpt lat="32.46448" lon="-110.73467">
        <ele>1860.5</ele>
      </trkpt>
      <trkpt lat="32.46468" lon="-110.73506">
        <ele>1860.0</ele>
      </trkpt>
      <trkpt lat="32.46477" lon="-110.73519">
        <ele>1862.0</ele>
      </trkpt>
      <trkpt lat="32.4647999" lon="-110.7353">
        <ele>1863.1</ele>
      </trkpt>
      <trkpt lat="32.46477" lon="-110.73537">
        <ele>1863.4</ele>
      </trkpt>
      <trkpt lat="32.4647" lon="-110.73542">
        <ele>1864.6</ele>
      </trkpt>
      <trkpt lat="32.4646" lon="-110.73542">
        <ele>1864.8</ele>
      </trkpt>
      <trkpt lat="32.46444" lon="-110.73538">
        <ele>1863.6</ele>
      </trkpt>
      <trkpt lat="32.46428" lon="-110.73537">
        <ele>1862.8</ele>
      </trkpt>
      <trkpt lat="32.46422" lon="-110.73545">
        <ele>1865.3</ele>
      </trkpt>
      <trkpt lat="32.46412" lon="-110.7355">
        <ele>1864.7</ele>
      </trkpt>
      <trkpt lat="32.46397" lon="-110.73574">
        <ele>1870.9</ele>
      </trkpt>
      <trkpt lat="32.46369" lon="-110.73635">
        <ele>1875.7</ele>
      </trkpt>
      <trkpt lat="32.46366" lon="-110.73658">
        <ele>1880.6</ele>
      </trkpt>
      <trkpt lat="32.46362" lon="-110.7367">
        <ele>1882.4</ele>
      </trkpt>
      <trkpt lat="32.46356" lon="-110.7368">
        <ele>1882.7</ele>
      </trkpt>
      <trkpt lat="32.4634799" lon="-110.73687">
        <ele>1879.1</ele>
      </trkpt>
      <trkpt lat="32.46344" lon="-110.73693">
        <ele>1878.3</ele>
      </trkpt>
      <trkpt lat="32.4634" lon="-110.73707">
        <ele>1879.6</ele>
      </trkpt>
      <trkpt lat="32.4634" lon="-110.73717">
        <ele>1882.3</ele>
      </trkpt>
      <trkpt lat="32.46342" lon="-110.73726">
        <ele>1884.0</ele>
      </trkpt>
      <trkpt lat="32.46352" lon="-110.73745">
        <ele>1883.7</ele>
      </trkpt>
      <trkpt lat="32.46366" lon="-110.73762">
        <ele>1881.5</ele>
      </trkpt>
      <trkpt lat="32.46391" lon="-110.73776">
        <ele>1884.6</ele>
      </trkpt>
      <trkpt lat="32.46397" lon="-110.73783">
        <ele>1886.0</ele>
      </trkpt>
      <trkpt lat="32.46404" lon="-110.738">
        <ele>1886.7</ele>
      </trkpt>
      <trkpt lat="32.46414" lon="-110.73816">
        <ele>1895.5</ele>
      </trkpt>
      <trkpt lat="32.46412" lon="-110.73847">
        <ele>1897.3</ele>
      </trkpt>
      <trkpt lat="32.4641499" lon="-110.73875">
        <ele>1897.9</ele>
      </trkpt>
      <trkpt lat="32.46423" lon="-110.7391">
        <ele>1894.9</ele>
      </trkpt>
      <trkpt lat="32.46431" lon="-110.73921">
        <ele>1894.3</ele>
      </trkpt>
      <trkpt lat="32.46448" lon="-110.73932">
        <ele>1895.8</ele>
      </trkpt>
      <trkpt lat="32.46461" lon="-110.73943">
        <ele>1898.1</ele>
      </trkpt>
      <trkpt lat="32.4646199" lon="-110.73951">
        <ele>1899.0</ele>
      </trkpt>
      <trkpt lat="32.46458" lon="-110.7396">
        <ele>1901.2</ele>
      </trkpt>
      <trkpt lat="32.4643299" lon="-110.73973">
        <ele>1906.0</ele>
      </trkpt>
      <trkpt lat="32.46426" lon="-110.73976">
        <ele>1907.2</ele>
      </trkpt>
      <trkpt lat="32.46412" lon="-110.73993">
        <ele>1908.7</ele>
      </trkpt>
      <trkpt lat="32.46401" lon="-110.74045">
        <ele>1907.1</ele>
      </trkpt>
      <trkpt lat="32.46393" lon="-110.74059">
        <ele>1901.9</ele>
      </trkpt>
      <trkpt lat="32.46392" lon="-110.74076">
        <ele>1899.3</ele>
      </trkpt>
      <trkpt lat="32.46399" lon="-110.74091">
        <ele>1900.1</ele>
      </trkpt>
      <trkpt lat="32.46413" lon="-110.7413">
        <ele>1901.0</ele>
      </trkpt>
      <trkpt lat="32.46416" lon="-110.74155">
        <ele>1900.7</ele>
      </trkpt>
      <trkpt lat="32.46411" lon="-110.74165">
        <ele>1900.6</ele>
      </trkpt>
      <trkpt lat="32.46402" lon="-110.74168">
        <ele>1897.8</ele>
      </trkpt>
      <trkpt lat="32.4639" lon="-110.74162">
        <ele>1896.2</ele>
      </trkpt>
      <trkpt lat="32.4636" lon="-110.74133">
        <ele>1896.6</ele>
      </trkpt>
      <trkpt lat="32.46351" lon="-110.74129">
        <ele>1898.1</ele>
      </trkpt>
      <trkpt lat="32.46346" lon="-110.74124">
        <ele>1898.2</ele>
      </trkpt>
      <trkpt lat="32.46335" lon="-110.74098">
        <ele>1899.6</ele>
      </trkpt>
      <trkpt lat="32.46315" lon="-110.74066">
        <ele>1907.8</ele>
      </trkpt>
      <trkpt lat="32.4629" lon="-110.73994">
        <ele>1907.1</ele>
      </trkpt>
      <trkpt lat="32.4628" lon="-110.73983">
        <ele>1908.8</ele>
      </trkpt>
      <trkpt lat="32.46268" lon="-110.73976">
        <ele>1909.9</ele>
      </trkpt>
      <trkpt lat="32.46257" lon="-110.73973">
        <ele>1910.4</ele>
      </trkpt>
      <trkpt lat="32.46224" lon="-110.73976">
        <ele>1913.7</ele>
      </trkpt>
      <trkpt lat="32.46196" lon="-110.73974">
        <ele>1912.9</ele>
      </trkpt>
      <trkpt lat="32.46177" lon="-110.73978">
        <ele>1913.8</ele>
      </trkpt>
      <trkpt lat="32.46167" lon="-110.73972">
        <ele>1913.3</ele>
      </trkpt>
      <trkpt lat="32.46157" lon="-110.73961">
        <ele>1915.9</ele>
      </trkpt>
      <trkpt lat="32.46118" lon="-110.73933">
        <ele>1925.0</ele>
      </trkpt>
      <trkpt lat="32.46099" lon="-110.73921">
        <ele>1924.4</ele>
      </trkpt>
      <trkpt lat="32.4608599" lon="-110.73918">
        <ele>1924.9</ele>
      </trkpt>
      <trkpt lat="32.4607699" lon="-110.73913">
        <ele>1924.4</ele>
      </trkpt>
      <trkpt lat="32.46069" lon="-110.73871">
        <ele>1920.7</ele>
      </trkpt>
      <trkpt lat="32.46065" lon="-110.73861">
        <ele>1921.4</ele>
      </trkpt>
      <trkpt lat="32.46058" lon="-110.73853">
        <ele>1922.1</ele>
      </trkpt>
      <trkpt lat="32.4604799" lon="-110.7385">
        <ele>1923.5</ele>
      </trkpt>
      <trkpt lat="32.46017" lon="-110.73856">
        <ele>1923.7</ele>
      </trkpt>
      <trkpt lat="32.46009" lon="-110.73861">
        <ele>1923.6</ele>
      </trkpt>
      <trkpt lat="32.45991" lon="-110.73887">
        <ele>1926.9</ele>
      </trkpt>
      <trkpt lat="32.45982" lon="-110.73907">
        <ele>1930.5</ele>
      </trkpt>
      <trkpt lat="32.45981" lon="-110.73921">
        <ele>1933.4</ele>
      </trkpt>
      <trkpt lat="32.4598299" lon="-110.73936">
        <ele>1937.0</ele>
      </trkpt>
      <trkpt lat="32.45982" lon="-110.73946">
        <ele>1938.0</ele>
      </trkpt>
      <trkpt lat="32.45977" lon="-110.73963">
        <ele>1938.7</ele>
      </trkpt>
      <trkpt lat="32.45963" lon="-110.73992">
        <ele>1938.2</ele>
      </trkpt>
      <trkpt lat="32.45956" lon="-110.74013">
        <ele>1943.1</ele>
      </trkpt>
      <trkpt lat="32.45923" lon="-110.74063">
        <ele>1947.8</ele>
      </trkpt>
      <trkpt lat="32.45909" lon="-110.74088">
        <ele>1954.5</ele>
      </trkpt>
      <trkpt lat="32.45903" lon="-110.74095">
        <ele>1957.6</ele>
      </trkpt>
      <trkpt lat="32.4587999" lon="-110.74106">
        <ele>1958.8</ele>
      </trkpt>
      <trkpt lat="32.45874" lon="-110.74112">
        <ele>1959.5</ele>
      </trkpt>
      <trkpt lat="32.4587" lon="-110.74129">
        <ele>1962.3</ele>
      </trkpt>
      <trkpt lat="32.45866" lon="-110.74141">
        <ele>1962.4</ele>
      </trkpt>
      <trkpt lat="32.45857" lon="-110.74146">
        <ele>1962.1</ele>
      </trkpt>
      <trkpt lat="32.4584" lon="-110.74147">
        <ele>1961.1</ele>
      </trkpt>
      <trkpt lat="32.45834" lon="-110.74143">
        <ele>1960.8</ele>
      </trkpt>
      <trkpt lat="32.45832" lon="-110.74136">
        <ele>1961.2</ele>
      </trkpt>
      <trkpt lat="32.45822" lon="-110.74094">
        <ele>1967.9</ele>
      </trkpt>
      <trkpt lat="32.45818" lon="-110.74051">
        <ele>1966.0</ele>
      </trkpt>
      <trkpt lat="32.45823" lon="-110.74012">
        <ele>1965.6</ele>
      </trkpt>
      <trkpt lat="32.45838" lon="-110.73951">
        <ele>1964.1</ele>
      </trkpt>
      <trkpt lat="32.45835" lon="-110.7394">
        <ele>1965.6</ele>
      </trkpt>
      <trkpt lat="32.45829" lon="-110.73936">
        <ele>1967.5</ele>
      </trkpt>
      <trkpt lat="32.4579499" lon="-110.73934">
        <ele>1973.0</ele>
      </trkpt>
      <trkpt lat="32.45767" lon="-110.73913">
        <ele>1971.4</ele>
      </trkpt>
      <trkpt lat="32.4575699" lon="-110.73902">
        <ele>1970.0</ele>
      </trkpt>
      <trkpt lat="32.45756" lon="-110.73867">
        <ele>1964.0</ele>
      </trkpt>
      <trkpt lat="32.45764" lon="-110.73833">
        <ele>1966.1</ele>
      </trkpt>
      <trkpt lat="32.4578" lon="-110.73793">
        <ele>1965.0</ele>
      </trkpt>
      <trkpt lat="32.45785" lon="-110.73765">
        <ele>1964.6</ele>
      </trkpt>
      <trkpt lat="32.45784" lon="-110.73748">
        <ele>1964.7</ele>
      </trkpt>
      <trkpt lat="32.45778" lon="-110.73738">
        <ele>1965.7</ele>
      </trkpt>
      <trkpt lat="32.45765" lon="-110.73732">
        <ele>1967.2</ele>
      </trkpt>
      <trkpt lat="32.45732" lon="-110.73732">
        <ele>1968.8</ele>
      </trkpt>
      <trkpt lat="32.45718" lon="-110.73734">
        <ele>1968.9</ele>
      </trkpt>
      <trkpt lat="32.45705" lon="-110.73741">
        <ele>1969.8</ele>
      </trkpt>
      <trkpt lat="32.4568299" lon="-110.73765">
        <ele>1972.6</ele>
      </trkpt>
      <trkpt lat="32.45626" lon="-110.7381">
        <ele>1973.8</ele>
      </trkpt>
      <trkpt lat="32.4561" lon="-110.73828">
        <ele>1975.0</ele>
      </trkpt>
      <trkpt lat="32.45602" lon="-110.73841">
        <ele>1976.3</ele>
      </trkpt>
      <trkpt lat="32.4559799" lon="-110.73857">
        <ele>1978.4</ele>
      </trkpt>
      <trkpt lat="32.45596" lon="-110.73878">
        <ele>1980.3</ele>
      </trkpt>
      <trkpt lat="32.45597" lon="-110.73907">
        <ele>1982.6</ele>
      </trkpt>
      <trkpt lat="32.45611" lon="-110.73961">
        <ele>1990.8</ele>
      </trkpt>
      <trkpt lat="32.45611" lon="-110.73975">
        <ele>1993.1</ele>
      </trkpt>
      <trkpt lat="32.45606" lon="-110.7399">
        <ele>1994.6</ele>
      </trkpt>
      <trkpt lat="32.45604" lon="-110.74007">
        <ele>1996.4</ele>
      </trkpt>
      <trkpt lat="32.45597" lon="-110.74028">
        <ele>1997.9</ele>
      </trkpt>
      <trkpt lat="32.45577" lon="-110.7407">
        <ele>2003.2</ele>
      </trkpt>
      <trkpt lat="32.45567" lon="-110.74083">
        <ele>2004.4</ele>
      </trkpt>
      <trkpt lat="32.45559" lon="-110.74083">
        <ele>2004.9</ele>
      </trkpt>
      <trkpt lat="32.45536" lon="-110.74068">
        <ele>2004.9</ele>
      </trkpt>
      <trkpt lat="32.45524" lon="-110.74071">
        <ele>2006.9</ele>
      </trkpt>
      <trkpt lat="32.4551299" lon="-110.74075">
        <ele>2009.2</ele>
      </trkpt>
      <trkpt lat="32.45506" lon="-110.74072">
        <ele>2009.5</ele>
      </trkpt>
      <trkpt lat="32.45491" lon="-110.74049">
        <ele>2015.0</ele>
      </trkpt>
      <trkpt lat="32.45473" lon="-110.74034">
        <ele>2018.9</ele>
      </trkpt>
      <trkpt lat="32.45459" lon="-110.74019">
        <ele>2020.8</ele>
      </trkpt>
      <trkpt lat="32.45443" lon="-110.73992">
        <ele>2020.4</ele>
      </trkpt>
      <trkpt lat="32.45428" lon="-110.73935">
        <ele>2019.3</ele>
      </trkpt>
      <trkpt lat="32.45422" lon="-110.73921">
        <ele>2019.4</ele>
      </trkpt>
      <trkpt lat="32.45415" lon="-110.73911">
        <ele>2019.8</ele>
      </trkpt>
      <trkpt lat="32.45389" lon="-110.73894">
        <ele>2022.1</ele>
      </trkpt>
      <trkpt lat="32.45364" lon="-110.73882">
        <ele>2023.2</ele>
      </trkpt>
      <trkpt lat="32.45314" lon="-110.73887">
        <ele>2032.9</ele>
      </trkpt>
      <trkpt lat="32.453" lon="-110.73892">
        <ele>2034.8</ele>
      </trkpt>
      <trkpt lat="32.45287" lon="-110.73893">
        <ele>2036.5</ele>
      </trkpt>
      <trkpt lat="32.4528" lon="-110.73887">
        <ele>2036.4</ele>
      </trkpt>
      <trkpt lat="32.45257" lon="-110.73877">
        <ele>2040.9</ele>
      </trkpt>
      <trkpt lat="32.45248" lon="-110.73849">
        <ele>2040.7</ele>
      </trkpt>
      <trkpt lat="32.45238" lon="-110.73839">
        <ele>2042.2</ele>
      </trkpt>
      <trkpt lat="32.45197" lon="-110.73824">
        <ele>2045.2</ele>
      </trkpt>
      <trkpt lat="32.45149" lon="-110.73793">
        <ele>2045.4</ele>
      </trkpt>
      <trkpt lat="32.45142" lon="-110.73784">
        <ele>2045.0</ele>
      </trkpt>
      <trkpt lat="32.45133" lon="-110.73763">
        <ele>2045.3</ele>
      </trkpt>
      <trkpt lat="32.45121" lon="-110.73755">
        <ele>2048.0</ele>
      </trkpt>
      <trkpt lat="32.45112" lon="-110.73742">
        <ele>2051.5</ele>
      </trkpt>
      <trkpt lat="32.45108" lon="-110.73727">
        <ele>2053.4</ele>
      </trkpt>
      <trkpt lat="32.4510999" lon="-110.7371">
        <ele>2052.3</ele>
      </trkpt>
      <trkpt lat="32.45109" lon="-110.73701">
        <ele>2052.2</ele>
      </trkpt>
      <trkpt lat="32.45082" lon="-110.73665">
        <ele>2054.4</ele>
      </trkpt>
      <trkpt lat="32.4507199" lon="-110.73662">
        <ele>2055.6</ele>
      </trkpt>
      <trkpt lat="32.45062" lon="-110.73661">
        <ele>2057.5</ele>
      </trkpt>
      <trkpt lat="32.45059" lon="-110.73655">
        <ele>2056.6</ele>
      </trkpt>
      <trkpt lat="32.4505399" lon="-110.73631">
        <ele>2055.1</ele>
      </trkpt>
      <trkpt lat="32.45048" lon="-110.7362">
        <ele>2057.0</ele>
      </trkpt>
      <trkpt lat="32.45039" lon="-110.73617">
        <ele>2060.6</ele>
      </trkpt>
      <trkpt lat="32.45023" lon="-110.73607">
        <ele>2064.8</ele>
      </trkpt>
      <trkpt lat="32.45008" lon="-110.73603">
        <ele>2065.8</ele>
      </trkpt>
      <trkpt lat="32.44987" lon="-110.73608">
        <ele>2067.6</ele>
      </trkpt>
      <trkpt lat="32.44957" lon="-110.73621">
        <ele>2068.6</ele>
      </trkpt>
      <trkpt lat="32.44923" lon="-110.73643">
        <ele>2070.4</ele>
      </trkpt>
      <trkpt lat="32.44914" lon="-110.73645">
        <ele>2070.6</ele>
      </trkpt>
      <trkpt lat="32.44896" lon="-110.73643">
        <ele>2070.3</ele>
      </trkpt>
      <trkpt lat="32.4488" lon="-110.73645">
        <ele>2072.1</ele>
      </trkpt>
      <trkpt lat="32.44851" lon="-110.73671">
        <ele>2079.2</ele>
      </trkpt>
      <trkpt lat="32.44832" lon="-110.73683">
        <ele>2079.0</ele>
      </trkpt>
      <trkpt lat="32.44822" lon="-110.73693">
        <ele>2078.1</ele>
      </trkpt>
      <trkpt lat="32.4482" lon="-110.73704">
        <ele>2077.6</ele>
      </trkpt>
      <trkpt lat="32.44825" lon="-110.73718">
        <ele>2077.3</ele>
      </trkpt>
      <trkpt lat="32.44861" lon="-110.73745">
        <ele>2078.2</ele>
      </trkpt>
      <trkpt lat="32.44877" lon="-110.73746">
        <ele>2079.4</ele>
      </trkpt>
      <trkpt lat="32.44895" lon="-110.73741">
        <ele>2080.4</ele>
      </trkpt>
      <trkpt lat="32.44909" lon="-110.7373">
        <ele>2080.9</ele>
      </trkpt>
      <trkpt lat="32.44919" lon="-110.73716">
        <ele>2080.7</ele>
      </trkpt>
      <trkpt lat="32.44937" lon="-110.73699">
        <ele>2080.1</ele>
      </trkpt>
      <trkpt lat="32.44946" lon="-110.73694">
        <ele>2080.2</ele>
      </trkpt>
      <trkpt lat="32.44963" lon="-110.7369">
        <ele>2081.5</ele>
      </trkpt>
      <trkpt lat="32.44975" lon="-110.73697">
        <ele>2083.6</ele>
      </trkpt>
      <trkpt lat="32.44989" lon="-110.73713">
        <ele>2086.3</ele>
      </trkpt>
      <trkpt lat="32.44997" lon="-110.73729">
        <ele>2087.4</ele>
      </trkpt>
      <trkpt lat="32.45004" lon="-110.73752">
        <ele>2088.9</ele>
      </trkpt>
      <trkpt lat="32.45005" lon="-110.73768">
        <ele>2089.6</ele>
      </trkpt>
      <trkpt lat="32.44996" lon="-110.73804">
        <ele>2092.2</ele>
      </trkpt>
      <trkpt lat="32.44996" lon="-110.7382">
        <ele>2093.7</ele>
      </trkpt>
      <trkpt lat="32.44999" lon="-110.73835">
        <ele>2095.2</ele>
      </trkpt>
      <trkpt lat="32.45029" lon="-110.73884">
        <ele>2101.1</ele>
      </trkpt>
      <trkpt lat="32.45042" lon="-110.73929">
        <ele>2102.8</ele>
      </trkpt>
      <trkpt lat="32.45049" lon="-110.73942">
        <ele>2103.5</ele>
      </trkpt>
      <trkpt lat="32.45097" lon="-110.73998">
        <ele>2111.2</ele>
      </trkpt>
      <trkpt lat="32.45142" lon="-110.74081">
        <ele>2114.6</ele>
      </trkpt>
      <trkpt lat="32.4516" lon="-110.74105">
        <ele>2115.7</ele>
      </trkpt>
      <trkpt lat="32.4516599" lon="-110.74122">
        <ele>2117.3</ele>
      </trkpt>
      <trkpt lat="32.45171" lon="-110.74164">
        <ele>2118.9</ele>
      </trkpt>
      <trkpt lat="32.4518" lon="-110.7419">
        <ele>2122.5</ele>
      </trkpt>
      <trkpt lat="32.45193" lon="-110.74204">
        <ele>2126.7</ele>
      </trkpt>
      <trkpt lat="32.452" lon="-110.74207">
        <ele>2129.0</ele>
      </trkpt>
      <trkpt lat="32.45207" lon="-110.74204">
        <ele>2130.1</ele>
      </trkpt>
      <trkpt lat="32.45208" lon="-110.74194">
        <ele>2129.0</ele>
      </trkpt>
      <trkpt lat="32.45205" lon="-110.74168">
        <ele>2126.5</ele>
      </trkpt>
      <trkpt lat="32.45206" lon="-110.74156">
        <ele>2126.0</ele>
      </trkpt>
      <trkpt lat="32.4521299" lon="-110.74144">
        <ele>2125.6</ele>
      </trkpt>
      <trkpt lat="32.45223" lon="-110.74141">
        <ele>2125.6</ele>
      </trkpt>
      <trkpt lat="32.45233" lon="-110.74144">
        <ele>2125.9</ele>
      </trkpt>
      <trkpt lat="32.45243" lon="-110.74162">
        <ele>2127.8</ele>
      </trkpt>
      <trkpt lat="32.4525" lon="-110.74185">
        <ele>2130.0</ele>
      </trkpt>
      <trkpt lat="32.4525099" lon="-110.74211">
        <ele>2132.9</ele>
      </trkpt>
      <trkpt lat="32.45247" lon="-110.74231">
        <ele>2136.6</ele>
      </trkpt>
      <trkpt lat="32.45239" lon="-110.74246">
        <ele>2139.8</ele>
      </trkpt>
      <trkpt lat="32.45209" lon="-110.74278">
        <ele>2141.5</ele>
      </trkpt>
      <trkpt lat="32.45201" lon="-110.743">
        <ele>2142.1</ele>
      </trkpt>
      <trkpt lat="32.45202" lon="-110.74316">
        <ele>2143.8</ele>
      </trkpt>
      <trkpt lat="32.45208" lon="-110.74333">
        <ele>2147.1</ele>
      </trkpt>
      <trkpt lat="32.45207" lon="-110.74344">
        <ele>2149.7</ele>
      </trkpt>
      <trkpt lat="32.452" lon="-110.74354">
        <ele>2151.4</ele>
      </trkpt>
      <trkpt lat="32.45165" lon="-110.74374">
        <ele>2150.7</ele>
      </trkpt>
      <trkpt lat="32.4516" lon="-110.7438">
        <ele>2150.4</ele>
      </trkpt>
      <trkpt lat="32.45159" lon="-110.74386">
        <ele>2150.7</ele>
      </trkpt>
      <trkpt lat="32.45162" lon="-110.74394">
        <ele>2151.9</ele>
      </trkpt>
      <trkpt lat="32.45168" lon="-110.74398">
        <ele>2153.7</ele>
      </trkpt>
      <trkpt lat="32.45176" lon="-110.74397">
        <ele>2155.6</ele>
      </trkpt>
      <trkpt lat="32.45193" lon="-110.74379">
        <ele>2156.2</ele>
      </trkpt>
      <trkpt lat="32.45232" lon="-110.74362">
        <ele>2158.8</ele>
      </trkpt>
      <trkpt lat="32.4524199" lon="-110.7433">
        <ele>2154.5</ele>
      </trkpt>
      <trkpt lat="32.45252" lon="-110.74326">
        <ele>2154.3</ele>
      </trkpt>
      <trkpt lat="32.45261" lon="-110.74329">
        <ele>2154.4</ele>
      </trkpt>
      <trkpt lat="32.4526899" lon="-110.74336">
        <ele>2154.5</ele>
      </trkpt>
      <trkpt lat="32.4526899" lon="-110.74344">
        <ele>2155.6</ele>
      </trkpt>
      <trkpt lat="32.45265" lon="-110.74353">
        <ele>2158.2</ele>
      </trkpt>
      <trkpt lat="32.45217" lon="-110.74407">
        <ele>2168.0</ele>
      </trkpt>
      <trkpt lat="32.45187" lon="-110.74462">
        <ele>2175.3</ele>
      </trkpt>
      <trkpt lat="32.45184" lon="-110.74484">
        <ele>2177.4</ele>
      </trkpt>
      <trkpt lat="32.45179" lon="-110.74507">
        <ele>2179.2</ele>
      </trkpt>
      <trkpt lat="32.45167" lon="-110.74539">
        <ele>2180.7</ele>
      </trkpt>
      <trkpt lat="32.45168" lon="-110.74555">
        <ele>2185.3</ele>
      </trkpt>
      <trkpt lat="32.45171" lon="-110.74572">
        <ele>2188.9</ele>
      </trkpt>
      <trkpt lat="32.4517" lon="-110.74588">
        <ele>2189.8</ele>
      </trkpt>
      <trkpt lat="32.45165" lon="-110.74604">
        <ele>2189.1</ele>
      </trkpt>
      <trkpt lat="32.4516599" lon="-110.74621">
        <ele>2191.6</ele>
      </trkpt>
      <trkpt lat="32.45163" lon="-110.7463">
        <ele>2191.8</ele>
      </trkpt>
      <trkpt lat="32.4515699" lon="-110.74635">
        <ele>2192.5</ele>
      </trkpt>
      <trkpt lat="32.45065" lon="-110.74635">
        <ele>2204.8</ele>
      </trkpt>
      <trkpt lat="32.45044" lon="-110.74639">
        <ele>2204.6</ele>
      </trkpt>
      <trkpt lat="32.45015" lon="-110.74663">
        <ele>2204.3</ele>
      </trkpt>
      <trkpt lat="32.45008" lon="-110.74675">
        <ele>2205.0</ele>
      </trkpt>
      <trkpt lat="32.4500699" lon="-110.74686">
        <ele>2206.9</ele>
      </trkpt>
      <trkpt lat="32.45008" lon="-110.747">
        <ele>2208.9</ele>
      </trkpt>
      <trkpt lat="32.45015" lon="-110.74703">
        <ele>2210.5</ele>
      </trkpt>
      <trkpt lat="32.4502499" lon="-110.74698">
        <ele>2211.9</ele>
      </trkpt>
      <trkpt lat="32.45036" lon="-110.74687">
        <ele>2212.4</ele>
      </trkpt>
      <trkpt lat="32.45056" lon="-110.74683">
        <ele>2215.3</ele>
      </trkpt>
      <trkpt lat="32.451" lon="-110.74669">
        <ele>2213.5</ele>
      </trkpt>
      <trkpt lat="32.4510999" lon="-110.7467">
        <ele>2213.4</ele>
      </trkpt>
      <trkpt lat="32.45118" lon="-110.74673">
        <ele>2213.5</ele>
      </trkpt>
      <trkpt lat="32.45183" lon="-110.7474">
        <ele>2215.7</ele>
      </trkpt>
      <trkpt lat="32.4519499" lon="-110.74746">
        <ele>2217.1</ele>
      </trkpt>
      <trkpt lat="32.45217" lon="-110.74751">
        <ele>2219.1</ele>
      </trkpt>
      <trkpt lat="32.45231" lon="-110.74746">
        <ele>2221.6</ele>
      </trkpt>
      <trkpt lat="32.4525099" lon="-110.74736">
        <ele>2223.4</ele>
      </trkpt>
      <trkpt lat="32.45258" lon="-110.74737">
        <ele>2223.7</ele>
      </trkpt>
      <trkpt lat="32.45267" lon="-110.74743">
        <ele>2225.0</ele>
      </trkpt>
      <trkpt lat="32.45276" lon="-110.74759">
        <ele>2227.8</ele>
      </trkpt>
      <trkpt lat="32.45287" lon="-110.74766">
        <ele>2229.6</ele>
      </trkpt>
      <trkpt lat="32.45296" lon="-110.74763">
        <ele>2230.7</ele>
      </trkpt>
      <trkpt lat="32.45309" lon="-110.74754">
        <ele>2230.8</ele>
      </trkpt>
      <trkpt lat="32.45322" lon="-110.74738">
        <ele>2229.8</ele>
      </trkpt>
      <trkpt lat="32.45326" lon="-110.74685">
        <ele>2229.7</ele>
      </trkpt>
      <trkpt lat="32.4533" lon="-110.7467">
        <ele>2230.3</ele>
      </trkpt>
      <trkpt lat="32.4533" lon="-110.74653">
        <ele>2230.3</ele>
      </trkpt>
      <trkpt lat="32.45326" lon="-110.74619">
        <ele>2230.8</ele>
      </trkpt>
      <trkpt lat="32.45332" lon="-110.74605">
        <ele>2232.9</ele>
      </trkpt>
      <trkpt lat="32.45341" lon="-110.74599">
        <ele>2234.7</ele>
      </trkpt>
      <trkpt lat="32.45352" lon="-110.74596">
        <ele>2235.4</ele>
      </trkpt>
      <trkpt lat="32.45362" lon="-110.746">
        <ele>2237.3</ele>
      </trkpt>
      <trkpt lat="32.45366" lon="-110.74608">
        <ele>2239.6</ele>
      </trkpt>
      <trkpt lat="32.4536299" lon="-110.74616">
        <ele>2240.3</ele>
      </trkpt>
      <trkpt lat="32.45353" lon="-110.74633">
        <ele>2238.9</ele>
      </trkpt>
      <trkpt lat="32.4535" lon="-110.74656">
        <ele>2238.2</ele>
      </trkpt>
      <trkpt lat="32.4535" lon="-110.74688">
        <ele>2238.2</ele>
      </trkpt>
      <trkpt lat="32.4536" lon="-110.74706">
        <ele>2240.8</ele>
      </trkpt>
      <trkpt lat="32.45364" lon="-110.74718">
        <ele>2242.0</ele>
      </trkpt>
      <trkpt lat="32.45362" lon="-110.74762">
        <ele>2244.2</ele>
      </trkpt>
      <trkpt lat="32.45358" lon="-110.74784">
        <ele>2249.8</ele>
      </trkpt>
      <trkpt lat="32.45343" lon="-110.74807">
        <ele>2251.9</ele>
      </trkpt>
      <trkpt lat="32.45334" lon="-110.74817">
        <ele>2249.9</ele>
      </trkpt>
      <trkpt lat="32.45334" lon="-110.74841">
        <ele>2252.0</ele>
      </trkpt>
      <trkpt lat="32.45329" lon="-110.7485">
        <ele>2251.7</ele>
      </trkpt>
      <trkpt lat="32.45315" lon="-110.74858">
        <ele>2252.8</ele>
      </trkpt>
      <trkpt lat="32.45286" lon="-110.74864">
        <ele>2252.0</ele>
      </trkpt>
      <trkpt lat="32.45274" lon="-110.74873">
        <ele>2251.9</ele>
      </trkpt>
      <trkpt lat="32.45267" lon="-110.74882">
        <ele>2251.1</ele>
      </trkpt>
      <trkpt lat="32.45266" lon="-110.74889">
        <ele>2251.6</ele>
      </trkpt>
      <trkpt lat="32.45268" lon="-110.74904">
        <ele>2252.9</ele>
      </trkpt>
      <trkpt lat="32.45266" lon="-110.74917">
        <ele>2254.3</ele>
      </trkpt>
      <trkpt lat="32.45258" lon="-110.74923">
        <ele>2255.8</ele>
      </trkpt>
      <trkpt lat="32.45156" lon="-110.7491">
        <ele>2266.3</ele>
      </trkpt>
      <trkpt lat="32.4514799" lon="-110.74916">
        <ele>2268.4</ele>
      </trkpt>
      <trkpt lat="32.45146" lon="-110.74926">
        <ele>2270.3</ele>
      </trkpt>
      <trkpt lat="32.45149" lon="-110.74944">
        <ele>2272.8</ele>
      </trkpt>
      <trkpt lat="32.4514799" lon="-110.74963">
        <ele>2275.3</ele>
      </trkpt>
      <trkpt lat="32.45142" lon="-110.74977">
        <ele>2277.1</ele>
      </trkpt>
      <trkpt lat="32.45098" lon="-110.75023">
        <ele>2282.2</ele>
      </trkpt>
      <trkpt lat="32.45092" lon="-110.75034">
        <ele>2282.7</ele>
      </trkpt>
      <trkpt lat="32.4509" lon="-110.75046">
        <ele>2281.9</ele>
      </trkpt>
      <trkpt lat="32.45102" lon="-110.75065">
        <ele>2285.2</ele>
      </trkpt>
      <trkpt lat="32.45124" lon="-110.75088">
        <ele>2290.5</ele>
      </trkpt>
      <trkpt lat="32.45125" lon="-110.75092">
        <ele>2290.7</ele>
      </trkpt>
      <trkpt lat="32.4514" lon="-110.75137">
        <ele>2297.5</ele>
      </trkpt>
      <trkpt lat="32.4514" lon="-110.75162">
        <ele>2298.4</ele>
      </trkpt>
      <trkpt lat="32.45142" lon="-110.75188">
        <ele>2300.3</ele>
      </trkpt>
      <trkpt lat="32.4514" lon="-110.75214">
        <ele>2303.3</ele>
      </trkpt>
      <trkpt lat="32.45125" lon="-110.75229">
        <ele>2303.4</ele>
      </trkpt>
      <trkpt lat="32.45109" lon="-110.75224">
        <ele>2301.0</ele>
      </trkpt>
      <trkpt lat="32.4509" lon="-110.75207">
        <ele>2302.3</ele>
      </trkpt>
      <trkpt lat="32.45073" lon="-110.75185">
        <ele>2302.3</ele>
      </trkpt>
      <trkpt lat="32.45037" lon="-110.75172">
        <ele>2310.8</ele>
      </trkpt>
      <trkpt lat="32.4501599" lon="-110.75157">
        <ele>2311.2</ele>
      </trkpt>
      <trkpt lat="32.44972" lon="-110.7513">
        <ele>2312.2</ele>
      </trkpt>
      <trkpt lat="32.44948" lon="-110.7512">
        <ele>2312.9</ele>
      </trkpt>
      <trkpt lat="32.44914" lon="-110.75125">
        <ele>2315.5</ele>
      </trkpt>
      <trkpt lat="32.44909" lon="-110.75131">
        <ele>2317.1</ele>
      </trkpt>
      <trkpt lat="32.44911" lon="-110.75135">
        <ele>2318.4</ele>
      </trkpt>
      <trkpt lat="32.44941" lon="-110.75139">
        <ele>2319.6</ele>
      </trkpt>
      <trkpt lat="32.44977" lon="-110.75163">
        <ele>2322.1</ele>
      </trkpt>
      <trkpt lat="32.45056" lon="-110.75241">
        <ele>2333.4</ele>
      </trkpt>
      <trkpt lat="32.45071" lon="-110.75278">
        <ele>2335.6</ele>
      </trkpt>
      <trkpt lat="32.45097" lon="-110.75301">
        <ele>2338.5</ele>
      </trkpt>
      <trkpt lat="32.45122" lon="-110.75328">
        <ele>2345.8</ele>
      </trkpt>
      <trkpt lat="32.4513" lon="-110.75341">
        <ele>2348.9</ele>
      </trkpt>
      <trkpt lat="32.45138" lon="-110.75347">
        <ele>2351.2</ele>
      </trkpt>
      <trkpt lat="32.45147" lon="-110.75341">
        <ele>2352.1</ele>
      </trkpt>
      <trkpt lat="32.45179" lon="-110.75296">
        <ele>2351.1</ele>
      </trkpt>
      <trkpt lat="32.45196" lon="-110.75278">
        <ele>2353.2</ele>
      </trkpt>
      <trkpt lat="32.45211" lon="-110.75265">
        <ele>2362.0</ele>
      </trkpt>
      <trkpt lat="32.4522199" lon="-110.75242">
        <ele>2362.4</ele>
      </trkpt>
      <trkpt lat="32.45233" lon="-110.75205">
        <ele>2362.9</ele>
      </trkpt>
      <trkpt lat="32.45249" lon="-110.75171">
        <ele>2360.8</ele>
      </trkpt>
      <trkpt lat="32.4525999" lon="-110.75163">
        <ele>2360.5</ele>
      </trkpt>
      <trkpt lat="32.45267" lon="-110.75163">
        <ele>2361.1</ele>
      </trkpt>
      <trkpt lat="32.45268" lon="-110.75169">
        <ele>2363.1</ele>
      </trkpt>
      <trkpt lat="32.45255" lon="-110.75187">
        <ele>2367.4</ele>
      </trkpt>
      <trkpt lat="32.45239" lon="-110.75226">
        <ele>2368.8</ele>
      </trkpt>
      <trkpt lat="32.45234" lon="-110.75262">
        <ele>2370.8</ele>
      </trkpt>
      <trkpt lat="32.45223" lon="-110.75283">
        <ele>2372.1</ele>
      </trkpt>
      <trkpt lat="32.45202" lon="-110.75313">
        <ele>2372.4</ele>
      </trkpt>
      <trkpt lat="32.45185" lon="-110.75359">
        <ele>2375.4</ele>
      </trkpt>
      <trkpt lat="32.4515699" lon="-110.75413">
        <ele>2374.1</ele>
      </trkpt>
      <trkpt lat="32.45146" lon="-110.75424">
        <ele>2373.2</ele>
      </trkpt>
      <trkpt lat="32.45132" lon="-110.75427">
        <ele>2374.1</ele>
      </trkpt>
      <trkpt lat="32.45105" lon="-110.75425">
        <ele>2379.4</ele>
      </trkpt>
      <trkpt lat="32.45086" lon="-110.75412">
        <ele>2382.7</ele>
      </trkpt>
      <trkpt lat="32.45064" lon="-110.7541">
        <ele>2386.4</ele>
      </trkpt>
      <trkpt lat="32.45035" lon="-110.75416">
        <ele>2389.9</ele>
      </trkpt>
      <trkpt lat="32.45" lon="-110.75427">
        <ele>2393.1</ele>
      </trkpt>
      <trkpt lat="32.44923" lon="-110.75479">
        <ele>2399.4</ele>
      </trkpt>
      <trkpt lat="32.44872" lon="-110.75499">
        <ele>2403.2</ele>
      </trkpt>
      <trkpt lat="32.44816" lon="-110.75515">
        <ele>2408.2</ele>
      </trkpt>
      <trkpt lat="32.44813" lon="-110.75472">
        <ele>2411.6</ele>
      </trkpt>
      <trkpt lat="32.44795" lon="-110.75427">
        <ele>2410.3</ele>
      </trkpt>
      <trkpt lat="32.4475" lon="-110.75372">
        <ele>2412.8</ele>
      </trkpt>
      <trkpt lat="32.44698" lon="-110.75347">
        <ele>2413.2</ele>
      </trkpt>
      <trkpt lat="32.44588" lon="-110.75312">
        <ele>2422.2</ele>
      </trkpt>
      <trkpt lat="32.44541" lon="-110.75307">
        <ele>2423.5</ele>
      </trkpt>
      <trkpt lat="32.44412" lon="-110.75328">
        <ele>2423.8</ele>
      </trkpt>
      <trkpt lat="32.44368" lon="-110.75332">
        <ele>2425.8</ele>
      </trkpt>
      <trkpt lat="32.4432" lon="-110.75327">
        <ele>2432.6</ele>
      </trkpt>
      <trkpt lat="32.44255" lon="-110.75316">
        <ele>2432.7</ele>
      </trkpt>
      <trkpt lat="32.44226" lon="-110.75305">
        <ele>2431.1</ele>
      </trkpt>
      <trkpt lat="32.44188" lon="-110.75286">
        <ele>2433.2</ele>
      </trkpt>
      <trkpt lat="32.44154" lon="-110.75272">
        <ele>2436.3</ele>
      </trkpt>
      <trkpt lat="32.4413399" lon="-110.7526">
        <ele>2439.9</ele>
      </trkpt>
      <trkpt lat="32.44106" lon="-110.75249">
        <ele>2441.2</ele>
      </trkpt>
      <trkpt lat="32.44064" lon="-110.75243">
        <ele>2442.4</ele>
      </trkpt>
      <trkpt lat="32.43531" lon="-110.75231">
        <ele>2431.7</ele>
      </trkpt>
      <trkpt lat="32.43501" lon="-110.75227">
        <ele>2431.4</ele>
      </trkpt>
      <trkpt lat="32.4347" lon="-110.75217">
        <ele>2429.0</ele>
      </trkpt>
      <trkpt lat="32.4341" lon="-110.75192">
        <ele>2429.3</ele>
      </trkpt>
      <trkpt lat="32.4335" lon="-110.75145">
        <ele>2425.5</ele>
      </trkpt>
      <trkpt lat="32.43312" lon="-110.75096">
        <ele>2423.1</ele>
      </trkpt>
      <trkpt lat="32.43285" lon="-110.75047">
        <ele>2422.3</ele>
      </trkpt>
      <trkpt lat="32.43234" lon="-110.74902">
        <ele>2411.0</ele>
      </trkpt>
      <trkpt lat="32.43172" lon="-110.74786">
        <ele>2408.5</ele>
      </trkpt>
      <trkpt lat="32.43155" lon="-110.74724">
        <ele>2404.9</ele>
      </trkpt>
      <trkpt lat="32.43134" lon="-110.74611">
        <ele>2397.2</ele>
      </trkpt>
      <trkpt lat="32.43126" lon="-110.74586">
        <ele>2396.5</ele>
      </trkpt>
      <trkpt lat="32.4310199" lon="-110.74543">
        <ele>2396.9</ele>
      </trkpt>
      <trkpt lat="32.43056" lon="-110.7449">
        <ele>2388.4</ele>
      </trkpt>
      <trkpt lat="32.43006" lon="-110.74447">
        <ele>2386.1</ele>
      </trkpt>
      <trkpt lat="32.42994" lon="-110.74438">
        <ele>2386.4</ele>
      </trkpt>
      <trkpt lat="32.42954" lon="-110.74391">
        <ele>2383.5</ele>
      </trkpt>
      <trkpt lat="32.42825" lon="-110.74202">
        <ele>2363.9</ele>
      </trkpt>
      <trkpt lat="32.42772" lon="-110.74146">
        <ele>2359.8</ele>
      </trkpt>
      <trkpt lat="32.42714" lon="-110.74105">
        <ele>2355.8</ele>
      </trkpt>
      <trkpt lat="32.42656" lon="-110.74069">
        <ele>2356.9</ele>
      </trkpt>
      <trkpt lat="32.4261399" lon="-110.74027">
        <ele>2359.1</ele>
      </trkpt>
      <trkpt lat="32.42494" lon="-110.73861">
        <ele>2371.8</ele>
      </trkpt>
      <trkpt lat="32.42447" lon="-110.73774">
        <ele>2373.6</ele>
      </trkpt>
      <trkpt lat="32.4243" lon="-110.73717">
        <ele>2383.4</ele>
      </trkpt>
      <trkpt lat="32.4242" lon="-110.73669">
        <ele>2386.6</ele>
      </trkpt>
      <trkpt lat="32.42415" lon="-110.73621">
        <ele>2388.4</ele>
      </trkpt>
      <trkpt lat="32.42418" lon="-110.7357">
        <ele>2387.8</ele>
      </trkpt>
      <trkpt lat="32.42412" lon="-110.73532">
        <ele>2391.0</ele>
      </trkpt>
      <trkpt lat="32.42394" lon="-110.735">
        <ele>2395.8</ele>
      </trkpt>
      <trkpt lat="32.42365" lon="-110.73483">
        <ele>2398.8</ele>
      </trkpt>
      <trkpt lat="32.4233199" lon="-110.7348">
        <ele>2393.8</ele>
      </trkpt>
      <trkpt lat="32.4231" lon="-110.735">
        <ele>2392.0</ele>
      </trkpt>
      <trkpt lat="32.42293" lon="-110.73526">
        <ele>2394.9</ele>
      </trkpt>
      <trkpt lat="32.42288" lon="-110.73567">
        <ele>2394.4</ele>
      </trkpt>
      <trkpt lat="32.4231399" lon="-110.73654">
        <ele>2411.1</ele>
      </trkpt>
      <trkpt lat="32.42377" lon="-110.7383">
        <ele>2410.2</ele>
      </trkpt>
      <trkpt lat="32.42378" lon="-110.7387">
        <ele>2413.9</ele>
      </trkpt>
      <trkpt lat="32.42362" lon="-110.7391">
        <ele>2417.6</ele>
      </trkpt>
      <trkpt lat="32.42335" lon="-110.73935">
        <ele>2419.4</ele>
      </trkpt>
      <trkpt lat="32.423" lon="-110.73944">
        <ele>2420.8</ele>
      </trkpt>
      <trkpt lat="32.42251" lon="-110.73939">
        <ele>2421.6</ele>
      </trkpt>
      <trkpt lat="32.4221999" lon="-110.7394">
        <ele>2422.7</ele>
      </trkpt>
      <trkpt lat="32.4218" lon="-110.73956">
        <ele>2429.6</ele>
      </trkpt>
      <trkpt lat="32.42131" lon="-110.73981">
        <ele>2429.9</ele>
      </trkpt>
      <trkpt lat="32.42078" lon="-110.73999">
        <ele>2433.1</ele>
      </trkpt>
      <trkpt lat="32.42026" lon="-110.74003">
        <ele>2439.1</ele>
      </trkpt>
      <trkpt lat="32.41996" lon="-110.73993">
        <ele>2448.9</ele>
      </trkpt>
      <trkpt lat="32.41969" lon="-110.73976">
        <ele>2447.4</ele>
      </trkpt>
      <trkpt lat="32.4194" lon="-110.73943">
        <ele>2444.9</ele>
      </trkpt>
      <trkpt lat="32.41864" lon="-110.73835">
        <ele>2448.2</ele>
      </trkpt>
      <trkpt lat="32.41828" lon="-110.73773">
        <ele>2448.3</ele>
      </trkpt>
      <trkpt lat="32.4179699" lon="-110.73731">
        <ele>2446.6</ele>
      </trkpt>
      <trkpt lat="32.41765" lon="-110.73699">
        <ele>2450.5</ele>
      </trkpt>
      <trkpt lat="32.41727" lon="-110.73678">
        <ele>2454.9</ele>
      </trkpt>
      <trkpt lat="32.4162899" lon="-110.73648">
        <ele>2458.5</ele>
      </trkpt>
      <trkpt lat="32.41583" lon="-110.73626">
        <ele>2460.5</ele>
      </trkpt>
      <trkpt lat="32.4156199" lon="-110.73602">
        <ele>2461.5</ele>
      </trkpt>
      <trkpt lat="32.41549" lon="-110.7354">
        <ele>2462.9</ele>
      </trkpt>
      <trkpt lat="32.41551" lon="-110.7349">
        <ele>2463.0</ele>
      </trkpt>
      <trkpt lat="32.41574" lon="-110.7335">
        <ele>2471.7</ele>
      </trkpt>
      <trkpt lat="32.41573" lon="-110.73303">
        <ele>2472.6</ele>
      </trkpt>
      <trkpt lat="32.4156199" lon="-110.7326">
        <ele>2474.0</ele>
      </trkpt>
      <trkpt lat="32.41534" lon="-110.73227">
        <ele>2477.3</ele>
      </trkpt>
      <trkpt lat="32.41507" lon="-110.73207">
        <ele>2479.1</ele>
      </trkpt>
      <trkpt lat="32.41469" lon="-110.73197">
        <ele>2479.0</ele>
      </trkpt>
      <trkpt lat="32.41375" lon="-110.73178">
        <ele>2489.1</ele>
      </trkpt>
      <trkpt lat="32.41305" lon="-110.73152">
        <ele>2488.3</ele>
      </trkpt>
      <trkpt lat="32.41286" lon="-110.73139">
        <ele>2485.8</ele>
      </trkpt>
      <trkpt lat="32.41257" lon="-110.73116">
        <ele>2488.7</ele>
      </trkpt>
      <trkpt lat="32.41228" lon="-110.73085">
        <ele>2489.6</ele>
      </trkpt>
      <trkpt lat="32.412" lon="-110.73051">
        <ele>2490.4</ele>
      </trkpt>
      <trkpt lat="32.41059" lon="-110.72804">
        <ele>2490.4</ele>
      </trkpt>
      <trkpt lat="32.41035" lon="-110.72748">
        <ele>2494.9</ele>
      </trkpt>
      <trkpt lat="32.4102" lon="-110.72684">
        <ele>2495.5</ele>
      </trkpt>
      <trkpt lat="32.40978" lon="-110.72454">
        <ele>2479.1</ele>
      </trkpt>
      <trkpt lat="32.40979" lon="-110.7241">
        <ele>2477.5</ele>
      </trkpt>
      <trkpt lat="32.4099" lon="-110.72373">
        <ele>2470.2</ele>
      </trkpt>
      <trkpt lat="32.41004" lon="-110.72356">
        <ele>2471.2</ele>
      </trkpt>
      <trkpt lat="32.4107399" lon="-110.7232">
        <ele>2471.5</ele>
      </trkpt>
      <trkpt lat="32.41099" lon="-110.72299">
        <ele>2467.5</ele>
      </trkpt>
      <trkpt lat="32.41109" lon="-110.72273">
        <ele>2466.3</ele>
      </trkpt>
      <trkpt lat="32.41113" lon="-110.72247">
        <ele>2468.2</ele>
      </trkpt>
      <trkpt lat="32.4111" lon="-110.72198">
        <ele>2461.3</ele>
      </trkpt>
      <trkpt lat="32.41082" lon="-110.72062">
        <ele>2458.3</ele>
      </trkpt>
      <trkpt lat="32.41071" lon="-110.71989">
        <ele>2448.9</ele>
      </trkpt>
      <trkpt lat="32.41075" lon="-110.7193">
        <ele>2447.2</ele>
      </trkpt>
      <trkpt lat="32.41082" lon="-110.71861">
        <ele>2445.7</ele>
      </trkpt>
      <trkpt lat="32.41085" lon="-110.718">
        <ele>2441.9</ele>
      </trkpt>
      <trkpt lat="32.41064" lon="-110.71697">
        <ele>2432.7</ele>
      </trkpt>
      <trkpt lat="32.41064" lon="-110.71647">
        <ele>2432.3</ele>
      </trkpt>
      <trkpt lat="32.41075" lon="-110.716">
        <ele>2428.7</ele>
      </trkpt>
      <trkpt lat="32.41091" lon="-110.71555">
        <ele>2423.3</ele>
      </trkpt>
      <trkpt lat="32.41091" lon="-110.71512">
        <ele>2425.0</ele>
      </trkpt>
      <trkpt lat="32.41085" lon="-110.71481">
        <ele>2423.3</ele>
      </trkpt>
      <trkpt lat="32.4107" lon="-110.71444">
        <ele>2422.8</ele>
      </trkpt>
      <trkpt lat="32.41045" lon="-110.71421">
        <ele>2422.3</ele>
      </trkpt>
      <trkpt lat="32.40989" lon="-110.71375">
        <ele>2421.7</ele>
      </trkpt>
      <trkpt lat="32.40925" lon="-110.71337">
        <ele>2418.3</ele>
      </trkpt>
      <trkpt lat="32.40892" lon="-110.71296">
        <ele>2414.4</ele>
      </trkpt>
      <trkpt lat="32.40873" lon="-110.71252">
        <ele>2412.3</ele>
      </trkpt>
      <trkpt lat="32.40867" lon="-110.71206">
        <ele>2411.4</ele>
      </trkpt>
      <trkpt lat="32.40894" lon="-110.70993">
        <ele>2401.6</ele>
      </trkpt>
      <trkpt lat="32.4091" lon="-110.70959">
        <ele>2401.7</ele>
      </trkpt>
      <trkpt lat="32.40938" lon="-110.70937">
        <ele>2398.3</ele>
      </trkpt>
      <trkpt lat="32.40982" lon="-110.70919">
        <ele>2394.1</ele>
      </trkpt>
      <trkpt lat="32.41011" lon="-110.70897">
        <ele>2389.3</ele>
      </trkpt>
      <trkpt lat="32.41025" lon="-110.70859">
        <ele>2384.6</ele>
      </trkpt>
      <trkpt lat="32.41026" lon="-110.70821">
        <ele>2385.7</ele>
      </trkpt>
      <trkpt lat="32.41016" lon="-110.70784">
        <ele>2386.0</ele>
      </trkpt>
      <trkpt lat="32.40977" lon="-110.70721">
        <ele>2386.4</ele>
      </trkpt>
      <trkpt lat="32.4096199" lon="-110.70682">
        <ele>2386.5</ele>
      </trkpt>
      <trkpt lat="32.40956" lon="-110.70648">
        <ele>2385.1</ele>
      </trkpt>
      <trkpt lat="32.40963" lon="-110.70536">
        <ele>2372.8</ele>
      </trkpt>
      <trkpt lat="32.4096199" lon="-110.70504">
        <ele>2372.0</ele>
      </trkpt>
      <trkpt lat="32.4095299" lon="-110.70481">
        <ele>2371.6</ele>
      </trkpt>
      <trkpt lat="32.40939" lon="-110.70464">
        <ele>2370.9</ele>
      </trkpt>
      <trkpt lat="32.40914" lon="-110.70445">
        <ele>2371.9</ele>
      </trkpt>
      <trkpt lat="32.40695" lon="-110.70395">
        <ele>2359.8</ele>
      </trkpt>
      <trkpt lat="32.4067099" lon="-110.7038">
        <ele>2357.8</ele>
      </trkpt>
      <trkpt lat="32.40651" lon="-110.7036">
        <ele>2352.2</ele>
      </trkpt>
      <trkpt lat="32.40638" lon="-110.70341">
        <ele>2351.3</ele>
      </trkpt>
      <trkpt lat="32.40625" lon="-110.70309">
        <ele>2350.2</ele>
      </trkpt>
      <trkpt lat="32.4062" lon="-110.70282">
        <ele>2349.6</ele>
      </trkpt>
      <trkpt lat="32.40618" lon="-110.70255">
        <ele>2348.6</ele>
      </trkpt>
      <trkpt lat="32.40618" lon="-110.70215">
        <ele>2346.9</ele>
      </trkpt>
      <trkpt lat="32.4062" lon="-110.70179">
        <ele>2339.7</ele>
      </trkpt>
      <trkpt lat="32.40631" lon="-110.70119">
        <ele>2337.0</ele>
      </trkpt>
      <trkpt lat="32.4063299" lon="-110.70097">
        <ele>2335.5</ele>
      </trkpt>
      <trkpt lat="32.40632" lon="-110.70066">
        <ele>2334.6</ele>
      </trkpt>
      <trkpt lat="32.40626" lon="-110.70037">
        <ele>2335.4</ele>
      </trkpt>
      <trkpt lat="32.40617" lon="-110.70013">
        <ele>2334.6</ele>
      </trkpt>
      <trkpt lat="32.40599" lon="-110.69984">
        <ele>2329.7</ele>
      </trkpt>
      <trkpt lat="32.40587" lon="-110.69971">
        <ele>2328.6</ele>
      </trkpt>
      <trkpt lat="32.4057" lon="-110.6996">
        <ele>2329.1</ele>
      </trkpt>
      <trkpt lat="32.40539" lon="-110.69951">
        <ele>2331.6</ele>
      </trkpt>
      <trkpt lat="32.40507" lon="-110.69955">
        <ele>2328.1</ele>
      </trkpt>
      <trkpt lat="32.40479" lon="-110.69966">
        <ele>2326.1</ele>
      </trkpt>
      <trkpt lat="32.40434" lon="-110.70026">
        <ele>2318.3</ele>
      </trkpt>
      <trkpt lat="32.40408" lon="-110.70042">
        <ele>2315.4</ele>
      </trkpt>
      <trkpt lat="32.40374" lon="-110.70043">
        <ele>2315.4</ele>
      </trkpt>
      <trkpt lat="32.40344" lon="-110.70036">
        <ele>2313.9</ele>
      </trkpt>
      <trkpt lat="32.40323" lon="-110.70041">
        <ele>2312.1</ele>
      </trkpt>
      <trkpt lat="32.40306" lon="-110.70057">
        <ele>2308.9</ele>
      </trkpt>
      <trkpt lat="32.40283" lon="-110.70083">
        <ele>2308.1</ele>
      </trkpt>
      <trkpt lat="32.40253" lon="-110.7011">
        <ele>2303.5</ele>
      </trkpt>
      <trkpt lat="32.40217" lon="-110.70122">
        <ele>2301.8</ele>
      </trkpt>
      <trkpt lat="32.40185" lon="-110.70112">
        <ele>2301.2</ele>
      </trkpt>
      <trkpt lat="32.40154" lon="-110.70084">
        <ele>2300.4</ele>
      </trkpt>
      <trkpt lat="32.40129" lon="-110.70037">
        <ele>2298.5</ele>
      </trkpt>
      <trkpt lat="32.4008899" lon="-110.6998">
        <ele>2292.0</ele>
      </trkpt>
      <trkpt lat="32.40069" lon="-110.69935">
        <ele>2291.5</ele>
      </trkpt>
      <trkpt lat="32.40063" lon="-110.69889">
        <ele>2288.6</ele>
      </trkpt>
      <trkpt lat="32.40067" lon="-110.6985">
        <ele>2287.6</ele>
      </trkpt>
      <trkpt lat="32.40088" lon="-110.69778">
        <ele>2280.6</ele>
      </trkpt>
      <trkpt lat="32.40082" lon="-110.69738">
        <ele>2280.0</ele>
      </trkpt>
      <trkpt lat="32.40051" lon="-110.69639">
        <ele>2278.2</ele>
      </trkpt>
      <trkpt lat="32.4005" lon="-110.69613">
        <ele>2288.5</ele>
      </trkpt>
      <trkpt lat="32.40051" lon="-110.69582">
        <ele>2285.3</ele>
      </trkpt>
      <trkpt lat="32.40063" lon="-110.69551">
        <ele>2283.9</ele>
      </trkpt>
      <trkpt lat="32.40164" lon="-110.69378">
        <ele>2262.7</ele>
      </trkpt>
      <trkpt lat="32.40172" lon="-110.69337">
        <ele>2262.6</ele>
      </trkpt>
      <trkpt lat="32.40173" lon="-110.69297">
        <ele>2262.3</ele>
      </trkpt>
      <trkpt lat="32.40156" lon="-110.69199">
        <ele>2253.8</ele>
      </trkpt>
      <trkpt lat="32.4013599" lon="-110.69115">
        <ele>2252.5</ele>
      </trkpt>
      <trkpt lat="32.40116" lon="-110.69079">
        <ele>2254.1</ele>
      </trkpt>
      <trkpt lat="32.4009" lon="-110.69055">
        <ele>2252.8</ele>
      </trkpt>
      <trkpt lat="32.40062" lon="-110.69037">
        <ele>2243.4</ele>
      </trkpt>
      <trkpt lat="32.4002399" lon="-110.69022">
        <ele>2237.4</ele>
      </trkpt>
      <trkpt lat="32.3998599" lon="-110.69022">
        <ele>2237.5</ele>
      </trkpt>
      <trkpt lat="32.39899" lon="-110.69034">
        <ele>2246.3</ele>
      </trkpt>
      <trkpt lat="32.39858" lon="-110.69025">
        <ele>2237.3</ele>
      </trkpt>
      <trkpt lat="32.39779" lon="-110.68969">
        <ele>2219.6</ele>
      </trkpt>
      <trkpt lat="32.39757" lon="-110.6896">
        <ele>2219.9</ele>
      </trkpt>
      <trkpt lat="32.39738" lon="-110.68961">
        <ele>2219.7</ele>
      </trkpt>
      <trkpt lat="32.3972" lon="-110.68968">
        <ele>2217.7</ele>
      </trkpt>
      <trkpt lat="32.3949" lon="-110.69184">
        <ele>2203.5</ele>
      </trkpt>
      <trkpt lat="32.39474" lon="-110.69211">
        <ele>2199.3</ele>
      </trkpt>
      <trkpt lat="32.39468" lon="-110.69232">
        <ele>2198.6</ele>
      </trkpt>
      <trkpt lat="32.39465" lon="-110.69253">
        <ele>2197.0</ele>
      </trkpt>
      <trkpt lat="32.39466" lon="-110.69271">
        <ele>2197.6</ele>
      </trkpt>
      <trkpt lat="32.39471" lon="-110.69288">
        <ele>2198.9</ele>
      </trkpt>
      <trkpt lat="32.39491" lon="-110.69339">
        <ele>2201.9</ele>
      </trkpt>
      <trkpt lat="32.39511" lon="-110.69375">
        <ele>2202.0</ele>
      </trkpt>
      <trkpt lat="32.39516" lon="-110.69394">
        <ele>2202.5</ele>
      </trkpt>
      <trkpt lat="32.39516" lon="-110.69426">
        <ele>2203.3</ele>
      </trkpt>
      <trkpt lat="32.39512" lon="-110.69441">
        <ele>2203.4</ele>
      </trkpt>
      <trkpt lat="32.39504" lon="-110.69459">
        <ele>2202.9</ele>
      </trkpt>
      <trkpt lat="32.39494" lon="-110.69474">
        <ele>2201.8</ele>
      </trkpt>
      <trkpt lat="32.39382" lon="-110.69561">
        <ele>2189.8</ele>
      </trkpt>
      <trkpt lat="32.39364" lon="-110.69604">
        <ele>2187.6</ele>
      </trkpt>
      <trkpt lat="32.39344" lon="-110.69668">
        <ele>2185.7</ele>
      </trkpt>
      <trkpt lat="32.39325" lon="-110.69699">
        <ele>2180.6</ele>
      </trkpt>
      <trkpt lat="32.3930999" lon="-110.69709">
        <ele>2182.4</ele>
      </trkpt>
      <trkpt lat="32.39298" lon="-110.69717">
        <ele>2182.5</ele>
      </trkpt>
      <trkpt lat="32.39266" lon="-110.69725">
        <ele>2181.9</ele>
      </trkpt>
      <trkpt lat="32.39241" lon="-110.69717">
        <ele>2181.6</ele>
      </trkpt>
      <trkpt lat="32.39201" lon="-110.69678">
        <ele>2178.2</ele>
      </trkpt>
      <trkpt lat="32.39127" lon="-110.69612">
        <ele>2167.2</ele>
      </trkpt>
      <trkpt lat="32.39087" lon="-110.69563">
        <ele>2168.5</ele>
      </trkpt>
      <trkpt lat="32.3905699" lon="-110.69512">
        <ele>2154.5</ele>
      </trkpt>
      <trkpt lat="32.39037" lon="-110.69495">
        <ele>2157.6</ele>
      </trkpt>
      <trkpt lat="32.39013" lon="-110.6949">
        <ele>2158.7</ele>
      </trkpt>
      <trkpt lat="32.38965" lon="-110.69495">
        <ele>2157.2</ele>
      </trkpt>
      <trkpt lat="32.38946" lon="-110.69493">
        <ele>2158.0</ele>
      </trkpt>
      <trkpt lat="32.38922" lon="-110.69483">
        <ele>2153.7</ele>
      </trkpt>
      <trkpt lat="32.38891" lon="-110.69466">
        <ele>2145.4</ele>
      </trkpt>
      <trkpt lat="32.38872" lon="-110.6946">
        <ele>2145.1</ele>
      </trkpt>
      <trkpt lat="32.3885" lon="-110.69463">
        <ele>2137.5</ele>
      </trkpt>
      <trkpt lat="32.38818" lon="-110.69484">
        <ele>2141.3</ele>
      </trkpt>
      <trkpt lat="32.38761" lon="-110.69549">
        <ele>2142.8</ele>
      </trkpt>
      <trkpt lat="32.3871899" lon="-110.69575">
        <ele>2143.0</ele>
      </trkpt>
      <trkpt lat="32.38677" lon="-110.69585">
        <ele>2144.2</ele>
      </trkpt>
      <trkpt lat="32.38639" lon="-110.69575">
        <ele>2133.5</ele>
      </trkpt>
      <trkpt lat="32.386" lon="-110.69556">
        <ele>2131.1</ele>
      </trkpt>
      <trkpt lat="32.38486" lon="-110.6945">
        <ele>2119.6</ele>
      </trkpt>
      <trkpt lat="32.38452" lon="-110.69433">
        <ele>2115.6</ele>
      </trkpt>
      <trkpt lat="32.3840999" lon="-110.6942">
        <ele>2120.5</ele>
      </trkpt>
      <trkpt lat="32.38366" lon="-110.69418">
        <ele>2118.4</ele>
      </trkpt>
      <trkpt lat="32.38315" lon="-110.69429">
        <ele>2122.6</ele>
      </trkpt>
      <trkpt lat="32.38243" lon="-110.69475">
        <ele>2128.6</ele>
      </trkpt>
      <trkpt lat="32.38174" lon="-110.69544">
        <ele>2117.3</ele>
      </trkpt>
      <trkpt lat="32.37944" lon="-110.69716">
        <ele>2113.6</ele>
      </trkpt>
      <trkpt lat="32.37913" lon="-110.69747">
        <ele>2113.3</ele>
      </trkpt>
      <trkpt lat="32.37902" lon="-110.69791">
        <ele>2113.1</ele>
      </trkpt>
      <trkpt lat="32.37909" lon="-110.69879">
        <ele>2105.1</ele>
      </trkpt>
      <trkpt lat="32.37898" lon="-110.69921">
        <ele>2103.1</ele>
      </trkpt>
      <trkpt lat="32.3788399" lon="-110.69953">
        <ele>2102.8</ele>
      </trkpt>
      <trkpt lat="32.37858" lon="-110.69976">
        <ele>2098.0</ele>
      </trkpt>
      <trkpt lat="32.37803" lon="-110.69998">
        <ele>2095.8</ele>
      </trkpt>
      <trkpt lat="32.37776" lon="-110.70019">
        <ele>2091.1</ele>
      </trkpt>
      <trkpt lat="32.37751" lon="-110.70083">
        <ele>2090.7</ele>
      </trkpt>
      <trkpt lat="32.37717" lon="-110.7014">
        <ele>2085.9</ele>
      </trkpt>
      <trkpt lat="32.377" lon="-110.70203">
        <ele>2079.0</ele>
      </trkpt>
      <trkpt lat="32.37681" lon="-110.70225">
        <ele>2076.8</ele>
      </trkpt>
      <trkpt lat="32.3765" lon="-110.70238">
        <ele>2067.7</ele>
      </trkpt>
      <trkpt lat="32.376" lon="-110.70242">
        <ele>2070.3</ele>
      </trkpt>
      <trkpt lat="32.37582" lon="-110.70251">
        <ele>2070.2</ele>
      </trkpt>
      <trkpt lat="32.37558" lon="-110.70277">
        <ele>2063.2</ele>
      </trkpt>
      <trkpt lat="32.37511" lon="-110.70395">
        <ele>2068.1</ele>
      </trkpt>
      <trkpt lat="32.37511" lon="-110.70429">
        <ele>2066.0</ele>
      </trkpt>
      <trkpt lat="32.37517" lon="-110.70456">
        <ele>2064.4</ele>
      </trkpt>
      <trkpt lat="32.37534" lon="-110.70496">
        <ele>2060.6</ele>
      </trkpt>
      <trkpt lat="32.37544" lon="-110.7053">
        <ele>2057.8</ele>
      </trkpt>
      <trkpt lat="32.37544" lon="-110.70556">
        <ele>2055.8</ele>
      </trkpt>
      <trkpt lat="32.37515" lon="-110.70649">
        <ele>2044.2</ele>
      </trkpt>
      <trkpt lat="32.37478" lon="-110.70755">
        <ele>2038.7</ele>
      </trkpt>
      <trkpt lat="32.3746" lon="-110.70794">
        <ele>2039.9</ele>
      </trkpt>
      <trkpt lat="32.37435" lon="-110.70823">
        <ele>2041.0</ele>
      </trkpt>
      <trkpt lat="32.37398" lon="-110.7084">
        <ele>2035.4</ele>
      </trkpt>
      <trkpt lat="32.37323" lon="-110.7088">
        <ele>2030.5</ele>
      </trkpt>
      <trkpt lat="32.37266" lon="-110.7092">
        <ele>2038.9</ele>
      </trkpt>
      <trkpt lat="32.37206" lon="-110.70995">
        <ele>2040.3</ele>
      </trkpt>
      <trkpt lat="32.37151" lon="-110.71048">
        <ele>2041.2</ele>
      </trkpt>
      <trkpt lat="32.37117" lon="-110.71079">
        <ele>2041.0</ele>
      </trkpt>
      <trkpt lat="32.37083" lon="-110.71121">
        <ele>2042.4</ele>
      </trkpt>
      <trkpt lat="32.37056" lon="-110.71194">
        <ele>2041.9</ele>
      </trkpt>
      <trkpt lat="32.37025" lon="-110.71283">
        <ele>2040.9</ele>
      </trkpt>
      <trkpt lat="32.37024" lon="-110.71318">
        <ele>2036.0</ele>
      </trkpt>
      <trkpt lat="32.37028" lon="-110.71359">
        <ele>2032.0</ele>
      </trkpt>
      <trkpt lat="32.37023" lon="-110.71396">
        <ele>2030.9</ele>
      </trkpt>
      <trkpt lat="32.36996" lon="-110.71475">
        <ele>2030.3</ele>
      </trkpt>
      <trkpt lat="32.36976" lon="-110.71506">
        <ele>2029.3</ele>
      </trkpt>
      <trkpt lat="32.36931" lon="-110.71558">
        <ele>2022.1</ele>
      </trkpt>
      <trkpt lat="32.36918" lon="-110.71601">
        <ele>2020.3</ele>
      </trkpt>
      <trkpt lat="32.369" lon="-110.7164">
        <ele>2017.4</ele>
      </trkpt>
      <trkpt lat="32.36879" lon="-110.71657">
        <ele>2015.6</ele>
      </trkpt>
      <trkpt lat="32.36855" lon="-110.71665">
        <ele>2012.0</ele>
      </trkpt>
      <trkpt lat="32.36839" lon="-110.71665">
        <ele>2008.8</ele>
      </trkpt>
      <trkpt lat="32.36822" lon="-110.7166">
        <ele>2004.4</ele>
      </trkpt>
      <trkpt lat="32.36803" lon="-110.71649">
        <ele>2004.1</ele>
      </trkpt>
      <trkpt lat="32.36781" lon="-110.71628">
        <ele>2003.7</ele>
      </trkpt>
      <trkpt lat="32.36771" lon="-110.71607">
        <ele>2006.7</ele>
      </trkpt>
      <trkpt lat="32.36765" lon="-110.71587">
        <ele>2006.2</ele>
      </trkpt>
      <trkpt lat="32.36759" lon="-110.71476">
        <ele>1993.9</ele>
      </trkpt>
      <trkpt lat="32.36764" lon="-110.7145">
        <ele>1993.2</ele>
      </trkpt>
      <trkpt lat="32.36787" lon="-110.71403">
        <ele>1990.9</ele>
      </trkpt>
      <trkpt lat="32.36812" lon="-110.71365">
        <ele>1992.9</ele>
      </trkpt>
      <trkpt lat="32.36851" lon="-110.71272">
        <ele>1986.5</ele>
      </trkpt>
      <trkpt lat="32.36877" lon="-110.71239">
        <ele>1986.7</ele>
      </trkpt>
      <trkpt lat="32.36927" lon="-110.71207">
        <ele>1980.4</ele>
      </trkpt>
      <trkpt lat="32.36948" lon="-110.71189">
        <ele>1980.7</ele>
      </trkpt>
      <trkpt lat="32.3696" lon="-110.71168">
        <ele>1980.1</ele>
      </trkpt>
      <trkpt lat="32.36963" lon="-110.71143">
        <ele>1980.6</ele>
      </trkpt>
      <trkpt lat="32.36961" lon="-110.7108">
        <ele>1971.0</ele>
      </trkpt>
      <trkpt lat="32.36966" lon="-110.71052">
        <ele>1966.7</ele>
      </trkpt>
      <trkpt lat="32.36987" lon="-110.7102">
        <ele>1966.7</ele>
      </trkpt>
      <trkpt lat="32.37022" lon="-110.70987">
        <ele>1966.3</ele>
      </trkpt>
      <trkpt lat="32.37039" lon="-110.7096">
        <ele>1965.8</ele>
      </trkpt>
      <trkpt lat="32.3705799" lon="-110.70893">
        <ele>1967.8</ele>
      </trkpt>
      <trkpt lat="32.37085" lon="-110.70825">
        <ele>1956.4</ele>
      </trkpt>
      <trkpt lat="32.37104" lon="-110.70745">
        <ele>1955.2</ele>
      </trkpt>
      <trkpt lat="32.37123" lon="-110.70711">
        <ele>1953.8</ele>
      </trkpt>
      <trkpt lat="32.3716099" lon="-110.70678">
        <ele>1946.1</ele>
      </trkpt>
      <trkpt lat="32.37178" lon="-110.70669">
        <ele>1945.8</ele>
      </trkpt>
      <trkpt lat="32.37202" lon="-110.70665">
        <ele>1945.7</ele>
      </trkpt>
      <trkpt lat="32.37263" lon="-110.70669">
        <ele>1934.8</ele>
      </trkpt>
      <trkpt lat="32.37285" lon="-110.70663">
        <ele>1932.9</ele>
      </trkpt>
      <trkpt lat="32.37305" lon="-110.70648">
        <ele>1934.3</ele>
      </trkpt>
      <trkpt lat="32.3732" lon="-110.70627">
        <ele>1933.5</ele>
      </trkpt>
      <trkpt lat="32.37327" lon="-110.70606">
        <ele>1936.0</ele>
      </trkpt>
      <trkpt lat="32.37327" lon="-110.70577">
        <ele>1936.0</ele>
      </trkpt>
      <trkpt lat="32.37313" lon="-110.70463">
        <ele>1934.3</ele>
      </trkpt>
      <trkpt lat="32.37317" lon="-110.70426">
        <ele>1925.5</ele>
      </trkpt>
      <trkpt lat="32.37336" lon="-110.70382">
        <ele>1922.8</ele>
      </trkpt>
      <trkpt lat="32.37342" lon="-110.70352">
        <ele>1923.0</ele>
      </trkpt>
      <trkpt lat="32.37338" lon="-110.70283">
        <ele>1920.6</ele>
      </trkpt>
      <trkpt lat="32.37346" lon="-110.70225">
        <ele>1919.6</ele>
      </trkpt>
      <trkpt lat="32.37359" lon="-110.70182">
        <ele>1918.3</ele>
      </trkpt>
      <trkpt lat="32.37392" lon="-110.70146">
        <ele>1911.7</ele>
      </trkpt>
      <trkpt lat="32.37429" lon="-110.70118">
        <ele>1911.3</ele>
      </trkpt>
      <trkpt lat="32.37448" lon="-110.70099">
        <ele>1911.2</ele>
      </trkpt>
      <trkpt lat="32.3748999" lon="-110.70046">
        <ele>1907.7</ele>
      </trkpt>
      <trkpt lat="32.37496" lon="-110.70035">
        <ele>1903.9</ele>
      </trkpt>
      <trkpt lat="32.37502" lon="-110.70017">
        <ele>1900.3</ele>
      </trkpt>
      <trkpt lat="32.37505" lon="-110.70003">
        <ele>1903.3</ele>
      </trkpt>
      <trkpt lat="32.37505" lon="-110.69988">
        <ele>1901.8</ele>
      </trkpt>
      <trkpt lat="32.37502" lon="-110.69969">
        <ele>1900.8</ele>
      </trkpt>
      <trkpt lat="32.37487" lon="-110.69923">
        <ele>1898.9</ele>
      </trkpt>
      <trkpt lat="32.37483" lon="-110.69906">
        <ele>1895.4</ele>
      </trkpt>
      <trkpt lat="32.3748099" lon="-110.69874">
        <ele>1893.3</ele>
      </trkpt>
      <trkpt lat="32.37483" lon="-110.69855">
        <ele>1894.5</ele>
      </trkpt>
      <trkpt lat="32.37495" lon="-110.69813">
        <ele>1886.2</ele>
      </trkpt>
      <trkpt lat="32.37514" lon="-110.69766">
        <ele>1886.6</ele>
      </trkpt>
      <trkpt lat="32.37522" lon="-110.69692">
        <ele>1885.1</ele>
      </trkpt>
      <trkpt lat="32.37535" lon="-110.69638">
        <ele>1876.0</ele>
      </trkpt>
      <trkpt lat="32.37538" lon="-110.69621">
        <ele>1876.1</ele>
      </trkpt>
      <trkpt lat="32.37545" lon="-110.69555">
        <ele>1874.2</ele>
      </trkpt>
      <trkpt lat="32.37556" lon="-110.69479">
        <ele>1868.6</ele>
      </trkpt>
      <trkpt lat="32.37552" lon="-110.69442">
        <ele>1864.5</ele>
      </trkpt>
      <trkpt lat="32.37527" lon="-110.69372">
        <ele>1860.1</ele>
      </trkpt>
      <trkpt lat="32.37527" lon="-110.69355">
        <ele>1861.2</ele>
      </trkpt>
      <trkpt lat="32.3752799" lon="-110.69339">
        <ele>1861.5</ele>
      </trkpt>
      <trkpt lat="32.37531" lon="-110.69326">
        <ele>1860.4</ele>
      </trkpt>
      <trkpt lat="32.37536" lon="-110.69312">
        <ele>1858.5</ele>
      </trkpt>
      <trkpt lat="32.3754599" lon="-110.69297">
        <ele>1857.5</ele>
      </trkpt>
      <trkpt lat="32.37557" lon="-110.69287">
        <ele>1857.9</ele>
      </trkpt>
      <trkpt lat="32.37594" lon="-110.69258">
        <ele>1847.2</ele>
      </trkpt>
      <trkpt lat="32.37673" lon="-110.69187">
        <ele>1839.8</ele>
      </trkpt>
      <trkpt lat="32.37683" lon="-110.69164">
        <ele>1837.2</ele>
      </trkpt>
      <trkpt lat="32.37686" lon="-110.6915">
        <ele>1838.2</ele>
      </trkpt>
      <trkpt lat="32.37691" lon="-110.69078">
        <ele>1841.3</ele>
      </trkpt>
      <trkpt lat="32.37695" lon="-110.69062">
        <ele>1839.3</ele>
      </trkpt>
      <trkpt lat="32.37701" lon="-110.69047">
        <ele>1836.5</ele>
      </trkpt>
      <trkpt lat="32.37736" lon="-110.68969">
        <ele>1825.5</ele>
      </trkpt>
      <trkpt lat="32.37742" lon="-110.68958">
        <ele>1825.1</ele>
      </trkpt>
      <trkpt lat="32.3777199" lon="-110.68924">
        <ele>1822.4</ele>
      </trkpt>
      <trkpt lat="32.37785" lon="-110.68906">
        <ele>1820.9</ele>
      </trkpt>
      <trkpt lat="32.37796" lon="-110.68875">
        <ele>1820.4</ele>
      </trkpt>
      <trkpt lat="32.37798" lon="-110.68844">
        <ele>1822.0</ele>
      </trkpt>
      <trkpt lat="32.37795" lon="-110.68829">
        <ele>1822.2</ele>
      </trkpt>
      <trkpt lat="32.37786" lon="-110.68801">
        <ele>1818.8</ele>
      </trkpt>
      <trkpt lat="32.37778" lon="-110.68789">
        <ele>1816.3</ele>
      </trkpt>
      <trkpt lat="32.37766" lon="-110.68777">
        <ele>1816.2</ele>
      </trkpt>
      <trkpt lat="32.37753" lon="-110.68766">
        <ele>1816.5</ele>
      </trkpt>
      <trkpt lat="32.37738" lon="-110.6876">
        <ele>1815.7</ele>
      </trkpt>
      <trkpt lat="32.3772" lon="-110.68756">
        <ele>1811.9</ele>
      </trkpt>
      <trkpt lat="32.37699" lon="-110.6876">
        <ele>1807.6</ele>
      </trkpt>
      <trkpt lat="32.37682" lon="-110.68765">
        <ele>1807.9</ele>
      </trkpt>
      <trkpt lat="32.37666" lon="-110.68777">
        <ele>1809.8</ele>
      </trkpt>
      <trkpt lat="32.37606" lon="-110.68838">
        <ele>1805.2</ele>
      </trkpt>
      <trkpt lat="32.37562" lon="-110.68862">
        <ele>1804.2</ele>
      </trkpt>
      <trkpt lat="32.37519" lon="-110.68903">
        <ele>1804.7</ele>
      </trkpt>
      <trkpt lat="32.37484" lon="-110.6895">
        <ele>1800.4</ele>
      </trkpt>
      <trkpt lat="32.37447" lon="-110.69018">
        <ele>1801.6</ele>
      </trkpt>
      <trkpt lat="32.37393" lon="-110.69147">
        <ele>1791.0</ele>
      </trkpt>
      <trkpt lat="32.37355" lon="-110.69261">
        <ele>1791.1</ele>
      </trkpt>
      <trkpt lat="32.37321" lon="-110.69382">
        <ele>1787.7</ele>
      </trkpt>
      <trkpt lat="32.37292" lon="-110.69452">
        <ele>1787.2</ele>
      </trkpt>
      <trkpt lat="32.3725" lon="-110.69545">
        <ele>1784.8</ele>
      </trkpt>
      <trkpt lat="32.37218" lon="-110.69657">
        <ele>1783.8</ele>
      </trkpt>
      <trkpt lat="32.37204" lon="-110.69737">
        <ele>1781.5</ele>
      </trkpt>
      <trkpt lat="32.37197" lon="-110.69845">
        <ele>1777.0</ele>
      </trkpt>
      <trkpt lat="32.3718999" lon="-110.69876">
        <ele>1777.1</ele>
      </trkpt>
      <trkpt lat="32.37174" lon="-110.69909">
        <ele>1776.4</ele>
      </trkpt>
      <trkpt lat="32.37122" lon="-110.69973">
        <ele>1772.9</ele>
      </trkpt>
      <trkpt lat="32.37112" lon="-110.70002">
        <ele>1774.3</ele>
      </trkpt>
      <trkpt lat="32.3710499" lon="-110.70042">
        <ele>1773.1</ele>
      </trkpt>
      <trkpt lat="32.37101" lon="-110.70091">
        <ele>1764.4</ele>
      </trkpt>
      <trkpt lat="32.37094" lon="-110.70118">
        <ele>1763.7</ele>
      </trkpt>
      <trkpt lat="32.37078" lon="-110.70143">
        <ele>1763.5</ele>
      </trkpt>
      <trkpt lat="32.37016" lon="-110.70206">
        <ele>1757.3</ele>
      </trkpt>
      <trkpt lat="32.36992" lon="-110.70245">
        <ele>1750.9</ele>
      </trkpt>
      <trkpt lat="32.36975" lon="-110.70289">
        <ele>1749.8</ele>
      </trkpt>
      <trkpt lat="32.36959" lon="-110.70321">
        <ele>1748.1</ele>
      </trkpt>
      <trkpt lat="32.3691699" lon="-110.7037">
        <ele>1746.6</ele>
      </trkpt>
      <trkpt lat="32.36895" lon="-110.70404">
        <ele>1746.1</ele>
      </trkpt>
      <trkpt lat="32.36853" lon="-110.70515">
        <ele>1747.3</ele>
      </trkpt>
      <trkpt lat="32.36817" lon="-110.70602">
        <ele>1736.0</ele>
      </trkpt>
      <trkpt lat="32.36799" lon="-110.70626">
        <ele>1736.5</ele>
      </trkpt>
      <trkpt lat="32.36771" lon="-110.70655">
        <ele>1734.5</ele>
      </trkpt>
      <trkpt lat="32.3675" lon="-110.70688">
        <ele>1727.1</ele>
      </trkpt>
      <trkpt lat="32.36738" lon="-110.70755">
        <ele>1724.5</ele>
      </trkpt>
      <trkpt lat="32.36718" lon="-110.70797">
        <ele>1722.4</ele>
      </trkpt>
      <trkpt lat="32.3665" lon="-110.70875">
        <ele>1713.1</ele>
      </trkpt>
      <trkpt lat="32.36574" lon="-110.70932">
        <ele>1699.9</ele>
      </trkpt>
      <trkpt lat="32.36494" lon="-110.71034">
        <ele>1699.6</ele>
      </trkpt>
      <trkpt lat="32.36472" lon="-110.71071">
        <ele>1695.0</ele>
      </trkpt>
      <trkpt lat="32.36435" lon="-110.71113">
        <ele>1689.1</ele>
      </trkpt>
      <trkpt lat="32.36419" lon="-110.71147">
        <ele>1688.6</ele>
      </trkpt>
      <trkpt lat="32.3641" lon="-110.71189">
        <ele>1688.3</ele>
      </trkpt>
      <trkpt lat="32.36398" lon="-110.71226">
        <ele>1681.4</ele>
      </trkpt>
      <trkpt lat="32.36359" lon="-110.71283">
        <ele>1677.3</ele>
      </trkpt>
      <trkpt lat="32.36332" lon="-110.71336">
        <ele>1676.8</ele>
      </trkpt>
      <trkpt lat="32.36314" lon="-110.71384">
        <ele>1674.6</ele>
      </trkpt>
      <trkpt lat="32.36294" lon="-110.71414">
        <ele>1662.7</ele>
      </trkpt>
      <trkpt lat="32.36267" lon="-110.71448">
        <ele>1665.6</ele>
      </trkpt>
      <trkpt lat="32.36224" lon="-110.71471">
        <ele>1667.4</ele>
      </trkpt>
      <trkpt lat="32.36199" lon="-110.71497">
        <ele>1666.9</ele>
      </trkpt>
      <trkpt lat="32.36183" lon="-110.7154">
        <ele>1667.4</ele>
      </trkpt>
      <trkpt lat="32.36177" lon="-110.71602">
        <ele>1665.2</ele>
      </trkpt>
      <trkpt lat="32.3618" lon="-110.71652">
        <ele>1667.2</ele>
      </trkpt>
      <trkpt lat="32.36216" lon="-110.71738">
        <ele>1663.5</ele>
      </trkpt>
      <trkpt lat="32.36221" lon="-110.71774">
        <ele>1664.5</ele>
      </trkpt>
      <trkpt lat="32.36221" lon="-110.71872">
        <ele>1663.7</ele>
      </trkpt>
      <trkpt lat="32.36218" lon="-110.71908">
        <ele>1655.6</ele>
      </trkpt>
      <trkpt lat="32.36207" lon="-110.71957">
        <ele>1653.6</ele>
      </trkpt>
      <trkpt lat="32.36191" lon="-110.72005">
        <ele>1652.3</ele>
      </trkpt>
      <trkpt lat="32.36172" lon="-110.72034">
        <ele>1652.4</ele>
      </trkpt>
      <trkpt lat="32.36145" lon="-110.72054">
        <ele>1651.2</ele>
      </trkpt>
      <trkpt lat="32.36118" lon="-110.72078">
        <ele>1639.6</ele>
      </trkpt>
      <trkpt lat="32.36093" lon="-110.72111">
        <ele>1641.2</ele>
      </trkpt>
      <trkpt lat="32.36074" lon="-110.72145">
        <ele>1640.1</ele>
      </trkpt>
      <trkpt lat="32.36049" lon="-110.72171">
        <ele>1640.1</ele>
      </trkpt>
      <trkpt lat="32.3602" lon="-110.72191">
        <ele>1638.7</ele>
      </trkpt>
      <trkpt lat="32.35971" lon="-110.72205">
        <ele>1639.6</ele>
      </trkpt>
      <trkpt lat="32.35939" lon="-110.72229">
        <ele>1637.5</ele>
      </trkpt>
      <trkpt lat="32.35907" lon="-110.72262">
        <ele>1636.5</ele>
      </trkpt>
      <trkpt lat="32.35866" lon="-110.72281">
        <ele>1637.5</ele>
      </trkpt>
      <trkpt lat="32.35824" lon="-110.72306">
        <ele>1637.7</ele>
      </trkpt>
      <trkpt lat="32.3579999" lon="-110.7235">
        <ele>1640.8</ele>
      </trkpt>
      <trkpt lat="32.3579099" lon="-110.72393">
        <ele>1633.7</ele>
      </trkpt>
      <trkpt lat="32.35785" lon="-110.7244">
        <ele>1634.0</ele>
      </trkpt>
      <trkpt lat="32.35792" lon="-110.7249">
        <ele>1627.4</ele>
      </trkpt>
      <trkpt lat="32.35788" lon="-110.72524">
        <ele>1627.3</ele>
      </trkpt>
      <trkpt lat="32.35778" lon="-110.72553">
        <ele>1626.9</ele>
      </trkpt>
      <trkpt lat="32.35756" lon="-110.72574">
        <ele>1625.5</ele>
      </trkpt>
      <trkpt lat="32.35727" lon="-110.72584">
        <ele>1623.6</ele>
      </trkpt>
      <trkpt lat="32.35673" lon="-110.72583">
        <ele>1615.1</ele>
      </trkpt>
      <trkpt lat="32.35649" lon="-110.7259">
        <ele>1615.4</ele>
      </trkpt>
      <trkpt lat="32.35598" lon="-110.72615">
        <ele>1615.8</ele>
      </trkpt>
      <trkpt lat="32.35586" lon="-110.72618">
        <ele>1614.6</ele>
      </trkpt>
      <trkpt lat="32.3557" lon="-110.72618">
        <ele>1613.2</ele>
      </trkpt>
      <trkpt lat="32.35557" lon="-110.72615">
        <ele>1611.9</ele>
      </trkpt>
      <trkpt lat="32.3554" lon="-110.72609">
        <ele>1609.6</ele>
      </trkpt>
      <trkpt lat="32.35523" lon="-110.72597">
        <ele>1605.6</ele>
      </trkpt>
      <trkpt lat="32.35508" lon="-110.72582">
        <ele>1605.4</ele>
      </trkpt>
      <trkpt lat="32.35492" lon="-110.72564">
        <ele>1605.6</ele>
      </trkpt>
      <trkpt lat="32.3548199" lon="-110.72549">
        <ele>1605.5</ele>
      </trkpt>
      <trkpt lat="32.35474" lon="-110.72532">
        <ele>1605.3</ele>
      </trkpt>
      <trkpt lat="32.35467" lon="-110.72515">
        <ele>1604.7</ele>
      </trkpt>
      <trkpt lat="32.3546" lon="-110.72481">
        <ele>1604.5</ele>
      </trkpt>
      <trkpt lat="32.3546" lon="-110.72463">
        <ele>1604.7</ele>
      </trkpt>
      <trkpt lat="32.35464" lon="-110.7243">
        <ele>1605.1</ele>
      </trkpt>
      <trkpt lat="32.35483" lon="-110.72361">
        <ele>1603.0</ele>
      </trkpt>
      <trkpt lat="32.35485" lon="-110.72348">
        <ele>1599.0</ele>
      </trkpt>
      <trkpt lat="32.35484" lon="-110.72335">
        <ele>1590.7</ele>
      </trkpt>
      <trkpt lat="32.3548199" lon="-110.72324">
        <ele>1586.0</ele>
      </trkpt>
      <trkpt lat="32.35477" lon="-110.72316">
        <ele>1583.3</ele>
      </trkpt>
      <trkpt lat="32.35468" lon="-110.72305">
        <ele>1582.2</ele>
      </trkpt>
      <trkpt lat="32.35459" lon="-110.72299">
        <ele>1580.8</ele>
      </trkpt>
      <trkpt lat="32.35443" lon="-110.72291">
        <ele>1582.8</ele>
      </trkpt>
      <trkpt lat="32.35422" lon="-110.72291">
        <ele>1597.2</ele>
      </trkpt>
      <trkpt lat="32.35411" lon="-110.72295">
        <ele>1601.7</ele>
      </trkpt>
      <trkpt lat="32.35392" lon="-110.72309">
        <ele>1602.2</ele>
      </trkpt>
      <trkpt lat="32.35321" lon="-110.72388">
        <ele>1604.7</ele>
      </trkpt>
      <trkpt lat="32.35283" lon="-110.72447">
        <ele>1602.6</ele>
      </trkpt>
      <trkpt lat="32.35259" lon="-110.72468">
        <ele>1602.9</ele>
      </trkpt>
      <trkpt lat="32.3523799" lon="-110.7248">
        <ele>1602.8</ele>
      </trkpt>
      <trkpt lat="32.35212" lon="-110.72486">
        <ele>1604.3</ele>
      </trkpt>
      <trkpt lat="32.35149" lon="-110.72486">
        <ele>1592.7</ele>
      </trkpt>
      <trkpt lat="32.35084" lon="-110.72499">
        <ele>1592.0</ele>
      </trkpt>
      <trkpt lat="32.35055" lon="-110.72499">
        <ele>1591.2</ele>
      </trkpt>
      <trkpt lat="32.35031" lon="-110.72492">
        <ele>1591.0</ele>
      </trkpt>
      <trkpt lat="32.35005" lon="-110.72475">
        <ele>1589.9</ele>
      </trkpt>
      <trkpt lat="32.3497" lon="-110.72445">
        <ele>1583.5</ele>
      </trkpt>
      <trkpt lat="32.34914" lon="-110.72389">
        <ele>1581.4</ele>
      </trkpt>
      <trkpt lat="32.34883" lon="-110.72351">
        <ele>1578.9</ele>
      </trkpt>
      <trkpt lat="32.34863" lon="-110.7232">
        <ele>1576.5</ele>
      </trkpt>
      <trkpt lat="32.34842" lon="-110.72284">
        <ele>1572.2</ele>
      </trkpt>
      <trkpt lat="32.3482399" lon="-110.72233">
        <ele>1568.6</ele>
      </trkpt>
      <trkpt lat="32.34781" lon="-110.72032">
        <ele>1555.9</ele>
      </trkpt>
      <trkpt lat="32.34778" lon="-110.72">
        <ele>1554.1</ele>
      </trkpt>
      <trkpt lat="32.3478" lon="-110.71965">
        <ele>1552.9</ele>
      </trkpt>
      <trkpt lat="32.34802" lon="-110.71891">
        <ele>1547.0</ele>
      </trkpt>
      <trkpt lat="32.34808" lon="-110.71856">
        <ele>1545.4</ele>
      </trkpt>
      <trkpt lat="32.34807" lon="-110.71821">
        <ele>1544.6</ele>
      </trkpt>
      <trkpt lat="32.3479699" lon="-110.71792">
        <ele>1541.8</ele>
      </trkpt>
      <trkpt lat="32.34775" lon="-110.71768">
        <ele>1539.2</ele>
      </trkpt>
      <trkpt lat="32.34745" lon="-110.71753">
        <ele>1530.6</ele>
      </trkpt>
      <trkpt lat="32.34716" lon="-110.71754">
        <ele>1532.1</ele>
      </trkpt>
      <trkpt lat="32.34689" lon="-110.7177">
        <ele>1533.3</ele>
      </trkpt>
      <trkpt lat="32.3461799" lon="-110.71822">
        <ele>1529.9</ele>
      </trkpt>
      <trkpt lat="32.34592" lon="-110.71837">
        <ele>1528.3</ele>
      </trkpt>
      <trkpt lat="32.34558" lon="-110.7185">
        <ele>1523.4</ele>
      </trkpt>
      <trkpt lat="32.34352" lon="-110.71845">
        <ele>1510.4</ele>
      </trkpt>
      <trkpt lat="32.34284" lon="-110.71832">
        <ele>1502.0</ele>
      </trkpt>
      <trkpt lat="32.34229" lon="-110.71813">
        <ele>1496.3</ele>
      </trkpt>
      <trkpt lat="32.34204" lon="-110.71802">
        <ele>1493.2</ele>
      </trkpt>
      <trkpt lat="32.3418" lon="-110.71791">
        <ele>1490.9</ele>
      </trkpt>
      <trkpt lat="32.34125" lon="-110.7176">
        <ele>1487.8</ele>
      </trkpt>
      <trkpt lat="32.34077" lon="-110.71721">
        <ele>1481.7</ele>
      </trkpt>
      <trkpt lat="32.34044" lon="-110.71691">
        <ele>1479.6</ele>
      </trkpt>
      <trkpt lat="32.34025" lon="-110.7167">
        <ele>1482.4</ele>
      </trkpt>
      <trkpt lat="32.33985" lon="-110.71615">
        <ele>1486.0</ele>
      </trkpt>
      <trkpt lat="32.33954" lon="-110.71568">
        <ele>1485.2</ele>
      </trkpt>
      <trkpt lat="32.33927" lon="-110.71514">
        <ele>1479.9</ele>
      </trkpt>
      <trkpt lat="32.33904" lon="-110.71454">
        <ele>1470.6</ele>
      </trkpt>
      <trkpt lat="32.33875" lon="-110.71396">
        <ele>1470.9</ele>
      </trkpt>
      <trkpt lat="32.33855" lon="-110.7136">
        <ele>1467.5</ele>
      </trkpt>
      <trkpt lat="32.33845" lon="-110.71332">
        <ele>1466.5</ele>
      </trkpt>
      <trkpt lat="32.33843" lon="-110.71302">
        <ele>1466.5</ele>
      </trkpt>
      <trkpt lat="32.33846" lon="-110.71274">
        <ele>1467.0</ele>
      </trkpt>
      <trkpt lat="32.33884" lon="-110.71125">
        <ele>1455.1</ele>
      </trkpt>
      <trkpt lat="32.33941" lon="-110.70935">
        <ele>1444.3</ele>
      </trkpt>
      <trkpt lat="32.33946" lon="-110.70894">
        <ele>1444.4</ele>
      </trkpt>
      <trkpt lat="32.33944" lon="-110.70849">
        <ele>1436.4</ele>
      </trkpt>
      <trkpt lat="32.3393299" lon="-110.70804">
        <ele>1435.9</ele>
      </trkpt>
      <trkpt lat="32.33916" lon="-110.70763">
        <ele>1437.2</ele>
      </trkpt>
      <trkpt lat="32.33893" lon="-110.70734">
        <ele>1436.8</ele>
      </trkpt>
      <trkpt lat="32.33834" lon="-110.70679">
        <ele>1431.7</ele>
      </trkpt>
      <trkpt lat="32.33817" lon="-110.70656">
        <ele>1430.5</ele>
      </trkpt>
      <trkpt lat="32.33805" lon="-110.70627">
        <ele>1429.3</ele>
      </trkpt>
      <trkpt lat="32.33801" lon="-110.70594">
        <ele>1423.7</ele>
      </trkpt>
      <trkpt lat="32.33804" lon="-110.70564">
        <ele>1422.3</ele>
      </trkpt>
      <trkpt lat="32.3382099" lon="-110.70517">
        <ele>1422.0</ele>
      </trkpt>
      <trkpt lat="32.33829" lon="-110.70487">
        <ele>1419.6</ele>
      </trkpt>
      <trkpt lat="32.3382999" lon="-110.70458">
        <ele>1418.7</ele>
      </trkpt>
      <trkpt lat="32.33824" lon="-110.70426">
        <ele>1421.0</ele>
      </trkpt>
      <trkpt lat="32.33757" lon="-110.70276">
        <ele>1411.2</ele>
      </trkpt>
      <trkpt lat="32.33753" lon="-110.70246">
        <ele>1411.6</ele>
      </trkpt>
      <trkpt lat="32.3375" lon="-110.70216">
        <ele>1410.2</ele>
      </trkpt>
      <trkpt lat="32.33755" lon="-110.70165">
        <ele>1408.9</ele>
      </trkpt>
      <trkpt lat="32.33796" lon="-110.69957">
        <ele>1389.7</ele>
      </trkpt>
      <trkpt lat="32.33801" lon="-110.69919">
        <ele>1386.6</ele>
      </trkpt>
      <trkpt lat="32.33802" lon="-110.69888">
        <ele>1382.4</ele>
      </trkpt>
      <trkpt lat="32.33795" lon="-110.69862">
        <ele>1381.6</ele>
      </trkpt>
      <trkpt lat="32.33778" lon="-110.69837">
        <ele>1385.0</ele>
      </trkpt>
      <trkpt lat="32.33754" lon="-110.69807">
        <ele>1385.8</ele>
      </trkpt>
      <trkpt lat="32.33737" lon="-110.69781">
        <ele>1384.1</ele>
      </trkpt>
      <trkpt lat="32.3372" lon="-110.69743">
        <ele>1378.0</ele>
      </trkpt>
      <trkpt lat="32.33708" lon="-110.69691">
        <ele>1375.8</ele>
      </trkpt>
      <trkpt lat="32.33708" lon="-110.69643">
        <ele>1372.4</ele>
      </trkpt>
      <trkpt lat="32.33717" lon="-110.69609">
        <ele>1370.8</ele>
      </trkpt>
      <trkpt lat="32.33732" lon="-110.69573">
        <ele>1368.7</ele>
      </trkpt>
      <trkpt lat="32.33873" lon="-110.69335">
        <ele>1348.1</ele>
      </trkpt>
      <trkpt lat="32.33881" lon="-110.69307">
        <ele>1347.6</ele>
      </trkpt>
      <trkpt lat="32.33883" lon="-110.69282">
        <ele>1350.6</ele>
      </trkpt>
      <trkpt lat="32.33879" lon="-110.69257">
        <ele>1350.8</ele>
      </trkpt>
      <trkpt lat="32.33827" lon="-110.69119">
        <ele>1340.7</ele>
      </trkpt>
      <trkpt lat="32.33811" lon="-110.69085">
        <ele>1339.2</ele>
      </trkpt>
      <trkpt lat="32.3379199" lon="-110.69062">
        <ele>1335.9</ele>
      </trkpt>
      <trkpt lat="32.33767" lon="-110.69049">
        <ele>1333.1</ele>
      </trkpt>
      <trkpt lat="32.33753" lon="-110.69045">
        <ele>1331.9</ele>
      </trkpt>
      <trkpt lat="32.33737" lon="-110.69045">
        <ele>1330.1</ele>
      </trkpt>
      <trkpt lat="32.33715" lon="-110.69049">
        <ele>1327.9</ele>
      </trkpt>
      <trkpt lat="32.33692" lon="-110.69062">
        <ele>1326.6</ele>
      </trkpt>
      <trkpt lat="32.33676" lon="-110.69086">
        <ele>1326.2</ele>
      </trkpt>
      <trkpt lat="32.33662" lon="-110.69124">
        <ele>1326.3</ele>
      </trkpt>
      <trkpt lat="32.3364199" lon="-110.69164">
        <ele>1323.8</ele>
      </trkpt>
      <trkpt lat="32.33576" lon="-110.69245">
        <ele>1319.9</ele>
      </trkpt>
      <trkpt lat="32.3354799" lon="-110.69277">
        <ele>1315.9</ele>
      </trkpt>
      <trkpt lat="32.33517" lon="-110.69307">
        <ele>1314.4</ele>
      </trkpt>
      <trkpt lat="32.33452" lon="-110.69342">
        <ele>1314.2</ele>
      </trkpt>
      <trkpt lat="32.33425" lon="-110.69372">
        <ele>1315.8</ele>
      </trkpt>
      <trkpt lat="32.33404" lon="-110.69406">
        <ele>1316.2</ele>
      </trkpt>
      <trkpt lat="32.33387" lon="-110.69447">
        <ele>1312.5</ele>
      </trkpt>
      <trkpt lat="32.33367" lon="-110.69477">
        <ele>1309.5</ele>
      </trkpt>
      <trkpt lat="32.33339" lon="-110.69491">
        <ele>1308.8</ele>
      </trkpt>
      <trkpt lat="32.3332" lon="-110.69489">
        <ele>1308.4</ele>
      </trkpt>
      <trkpt lat="32.33303" lon="-110.69484">
        <ele>1307.7</ele>
      </trkpt>
      <trkpt lat="32.33284" lon="-110.69476">
        <ele>1306.6</ele>
      </trkpt>
      <trkpt lat="32.33218" lon="-110.69463">
        <ele>1301.8</ele>
      </trkpt>
      <trkpt lat="32.33193" lon="-110.69464">
        <ele>1301.9</ele>
      </trkpt>
      <trkpt lat="32.33166" lon="-110.69475">
        <ele>1301.4</ele>
      </trkpt>
      <trkpt lat="32.3301" lon="-110.69568">
        <ele>1285.3</ele>
      </trkpt>
      <trkpt lat="32.32974" lon="-110.69597">
        <ele>1286.1</ele>
      </trkpt>
      <trkpt lat="32.32947" lon="-110.69626">
        <ele>1285.2</ele>
      </trkpt>
      <trkpt lat="32.32923" lon="-110.69669">
        <ele>1284.5</ele>
      </trkpt>
      <trkpt lat="32.32902" lon="-110.6972">
        <ele>1277.3</ele>
      </trkpt>
      <trkpt lat="32.32835" lon="-110.69872">
        <ele>1270.7</ele>
      </trkpt>
      <trkpt lat="32.3280699" lon="-110.69916">
        <ele>1262.4</ele>
      </trkpt>
      <trkpt lat="32.32735" lon="-110.70008">
        <ele>1264.8</ele>
      </trkpt>
      <trkpt lat="32.32725" lon="-110.70041">
        <ele>1266.2</ele>
      </trkpt>
      <trkpt lat="32.32725" lon="-110.70076">
        <ele>1262.3</ele>
      </trkpt>
      <trkpt lat="32.32733" lon="-110.70113">
        <ele>1253.9</ele>
      </trkpt>
      <trkpt lat="32.32737" lon="-110.70148">
        <ele>1250.1</ele>
      </trkpt>
      <trkpt lat="32.32733" lon="-110.70178">
        <ele>1247.9</ele>
      </trkpt>
      <trkpt lat="32.32718" lon="-110.70208">
        <ele>1248.9</ele>
      </trkpt>
      <trkpt lat="32.32697" lon="-110.70244">
        <ele>1248.6</ele>
      </trkpt>
      <trkpt lat="32.32686" lon="-110.70278">
        <ele>1248.1</ele>
      </trkpt>
      <trkpt lat="32.32686" lon="-110.70316">
        <ele>1247.1</ele>
      </trkpt>
      <trkpt lat="32.32691" lon="-110.70342">
        <ele>1239.9</ele>
      </trkpt>
      <trkpt lat="32.32692" lon="-110.70367">
        <ele>1234.5</ele>
      </trkpt>
      <trkpt lat="32.32686" lon="-110.70392">
        <ele>1226.9</ele>
      </trkpt>
      <trkpt lat="32.3267499" lon="-110.70414">
        <ele>1223.0</ele>
      </trkpt>
      <trkpt lat="32.3265699" lon="-110.70429">
        <ele>1229.8</ele>
      </trkpt>
      <trkpt lat="32.32637" lon="-110.70438">
        <ele>1233.4</ele>
      </trkpt>
      <trkpt lat="32.32596" lon="-110.70442">
        <ele>1230.3</ele>
      </trkpt>
      <trkpt lat="32.3257" lon="-110.70451">
        <ele>1226.2</ele>
      </trkpt>
      <trkpt lat="32.32549" lon="-110.70467">
        <ele>1226.0</ele>
      </trkpt>
      <trkpt lat="32.32531" lon="-110.7049">
        <ele>1225.3</ele>
      </trkpt>
      <trkpt lat="32.32517" lon="-110.70524">
        <ele>1225.9</ele>
      </trkpt>
      <trkpt lat="32.32503" lon="-110.70569">
        <ele>1226.6</ele>
      </trkpt>
      <trkpt lat="32.32491" lon="-110.70595">
        <ele>1225.5</ele>
      </trkpt>
      <trkpt lat="32.32472" lon="-110.70616">
        <ele>1225.1</ele>
      </trkpt>
      <trkpt lat="32.32447" lon="-110.70626">
        <ele>1215.7</ele>
      </trkpt>
      <trkpt lat="32.32419" lon="-110.70628">
        <ele>1212.3</ele>
      </trkpt>
      <trkpt lat="32.32381" lon="-110.70619">
        <ele>1211.2</ele>
      </trkpt>
      <trkpt lat="32.32352" lon="-110.70618">
        <ele>1209.7</ele>
      </trkpt>
      <trkpt lat="32.32314" lon="-110.70631">
        <ele>1207.9</ele>
      </trkpt>
      <trkpt lat="32.32302" lon="-110.7064">
        <ele>1207.4</ele>
      </trkpt>
      <trkpt lat="32.32274" lon="-110.70659">
        <ele>1208.4</ele>
      </trkpt>
      <trkpt lat="32.32167" lon="-110.70754">
        <ele>1198.5</ele>
      </trkpt>
      <trkpt lat="32.32108" lon="-110.70795">
        <ele>1199.2</ele>
      </trkpt>
      <trkpt lat="32.32068" lon="-110.70843">
        <ele>1186.4</ele>
      </trkpt>
      <trkpt lat="32.32047" lon="-110.70854">
        <ele>1188.4</ele>
      </trkpt>
      <trkpt lat="32.32016" lon="-110.70859">
        <ele>1188.3</ele>
      </trkpt>
      <trkpt lat="32.31991" lon="-110.70867">
        <ele>1187.9</ele>
      </trkpt>
      <trkpt lat="32.31876" lon="-110.70944">
        <ele>1184.8</ele>
      </trkpt>
      <trkpt lat="32.31854" lon="-110.70954">
        <ele>1177.8</ele>
      </trkpt>
      <trkpt lat="32.3183099" lon="-110.70956">
        <ele>1177.0</ele>
      </trkpt>
      <trkpt lat="32.31722" lon="-110.70934">
        <ele>1177.0</ele>
      </trkpt>
      <trkpt lat="32.31696" lon="-110.70934">
        <ele>1182.1</ele>
      </trkpt>
      <trkpt lat="32.3167199" lon="-110.70946">
        <ele>1183.1</ele>
      </trkpt>
      <trkpt lat="32.3165" lon="-110.70971">
        <ele>1175.7</ele>
      </trkpt>
      <trkpt lat="32.3162" lon="-110.71051">
        <ele>1163.4</ele>
      </trkpt>
      <trkpt lat="32.31606" lon="-110.71072">
        <ele>1163.1</ele>
      </trkpt>
      <trkpt lat="32.31537" lon="-110.71133">
        <ele>1160.5</ele>
      </trkpt>
      <trkpt lat="32.31505" lon="-110.71151">
        <ele>1154.7</ele>
      </trkpt>
      <trkpt lat="32.31465" lon="-110.71155">
        <ele>1153.4</ele>
      </trkpt>
      <trkpt lat="32.31346" lon="-110.7115">
        <ele>1148.1</ele>
      </trkpt>
      <trkpt lat="32.31301" lon="-110.71158">
        <ele>1140.4</ele>
      </trkpt>
      <trkpt lat="32.3126" lon="-110.71175">
        <ele>1141.5</ele>
      </trkpt>
      <trkpt lat="32.31223" lon="-110.71202">
        <ele>1140.2</ele>
      </trkpt>
      <trkpt lat="32.31201" lon="-110.71225">
        <ele>1139.9</ele>
      </trkpt>
      <trkpt lat="32.31175" lon="-110.71257">
        <ele>1138.9</ele>
      </trkpt>
      <trkpt lat="32.31138" lon="-110.71335">
        <ele>1129.0</ele>
      </trkpt>
      <trkpt lat="32.31123" lon="-110.71392">
        <ele>1129.0</ele>
      </trkpt>
      <trkpt lat="32.31117" lon="-110.7145">
        <ele>1129.1</ele>
      </trkpt>
      <trkpt lat="32.31115" lon="-110.71537">
        <ele>1128.0</ele>
      </trkpt>
      <trkpt lat="32.31111" lon="-110.7159">
        <ele>1124.2</ele>
      </trkpt>
      <trkpt lat="32.31104" lon="-110.71618">
        <ele>1117.2</ele>
      </trkpt>
      <trkpt lat="32.31093" lon="-110.71647">
        <ele>1116.6</ele>
      </trkpt>
      <trkpt lat="32.31078" lon="-110.7168">
        <ele>1119.1</ele>
      </trkpt>
      <trkpt lat="32.30939" lon="-110.71893">
        <ele>1096.0</ele>
      </trkpt>
      <trkpt lat="32.30925" lon="-110.71925">
        <ele>1093.8</ele>
      </trkpt>
      <trkpt lat="32.30922" lon="-110.71959">
        <ele>1093.1</ele>
      </trkpt>
      <trkpt lat="32.30924" lon="-110.71994">
        <ele>1092.7</ele>
      </trkpt>
      <trkpt lat="32.30931" lon="-110.72021">
        <ele>1092.8</ele>
      </trkpt>
      <trkpt lat="32.3093999" lon="-110.72037">
        <ele>1092.8</ele>
      </trkpt>
      <trkpt lat="32.30964" lon="-110.72063">
        <ele>1092.0</ele>
      </trkpt>
      <trkpt lat="32.30989" lon="-110.72077">
        <ele>1090.5</ele>
      </trkpt>
      <trkpt lat="32.31015" lon="-110.72084">
        <ele>1087.8</ele>
      </trkpt>
      <trkpt lat="32.31051" lon="-110.7208">
        <ele>1080.3</ele>
      </trkpt>
      <trkpt lat="32.3108099" lon="-110.72069">
        <ele>1080.9</ele>
      </trkpt>
      <trkpt lat="32.31103" lon="-110.72067">
        <ele>1081.4</ele>
      </trkpt>
      <trkpt lat="32.31126" lon="-110.72077">
        <ele>1079.2</ele>
      </trkpt>
      <trkpt lat="32.31142" lon="-110.72094">
        <ele>1076.1</ele>
      </trkpt>
      <trkpt lat="32.31151" lon="-110.72118">
        <ele>1077.6</ele>
      </trkpt>
      <trkpt lat="32.31153" lon="-110.72133">
        <ele>1079.7</ele>
      </trkpt>
      <trkpt lat="32.3115" lon="-110.72153">
        <ele>1081.0</ele>
      </trkpt>
      <trkpt lat="32.31142" lon="-110.72169">
        <ele>1080.9</ele>
      </trkpt>
      <trkpt lat="32.3112799" lon="-110.7219">
        <ele>1082.4</ele>
      </trkpt>
      <trkpt lat="32.3106099" lon="-110.72257">
        <ele>1074.6</ele>
      </trkpt>
      <trkpt lat="32.31045" lon="-110.72283">
        <ele>1070.0</ele>
      </trkpt>
      <trkpt lat="32.31041" lon="-110.72313">
        <ele>1073.0</ele>
      </trkpt>
      <trkpt lat="32.31042" lon="-110.72339">
        <ele>1072.0</ele>
      </trkpt>
      <trkpt lat="32.31053" lon="-110.72368">
        <ele>1070.2</ele>
      </trkpt>
      <trkpt lat="32.31086" lon="-110.72417">
        <ele>1066.3</ele>
      </trkpt>
      <trkpt lat="32.31093" lon="-110.7244">
        <ele>1062.2</ele>
      </trkpt>
      <trkpt lat="32.31097" lon="-110.72462">
        <ele>1054.1</ele>
      </trkpt>
      <trkpt lat="32.31095" lon="-110.72489">
        <ele>1055.3</ele>
      </trkpt>
      <trkpt lat="32.31086" lon="-110.72511">
        <ele>1057.4</ele>
      </trkpt>
      <trkpt lat="32.31076" lon="-110.72526">
        <ele>1058.6</ele>
      </trkpt>
      <trkpt lat="32.30994" lon="-110.72591">
        <ele>1055.9</ele>
      </trkpt>
      <trkpt lat="32.30966" lon="-110.72616">
        <ele>1053.6</ele>
      </trkpt>
      <trkpt lat="32.30947" lon="-110.7264">
        <ele>1051.9</ele>
      </trkpt>
      <trkpt lat="32.3093999" lon="-110.72667">
        <ele>1050.6</ele>
      </trkpt>
      <trkpt lat="32.30936" lon="-110.72693">
        <ele>1048.5</ele>
      </trkpt>
      <trkpt lat="32.30942" lon="-110.72725">
        <ele>1047.2</ele>
      </trkpt>
      <trkpt lat="32.30955" lon="-110.72751">
        <ele>1043.6</ele>
      </trkpt>
      <trkpt lat="32.30979" lon="-110.72777">
        <ele>1041.8</ele>
      </trkpt>
      <trkpt lat="32.31003" lon="-110.72787">
        <ele>1041.1</ele>
      </trkpt>
      <trkpt lat="32.31055" lon="-110.72785">
        <ele>1042.3</ele>
      </trkpt>
      <trkpt lat="32.31079" lon="-110.72787">
        <ele>1041.8</ele>
      </trkpt>
      <trkpt lat="32.31092" lon="-110.72791">
        <ele>1040.2</ele>
      </trkpt>
      <trkpt lat="32.31104" lon="-110.72801">
        <ele>1035.0</ele>
      </trkpt>
      <trkpt lat="32.31114" lon="-110.7282">
        <ele>1029.4</ele>
      </trkpt>
      <trkpt lat="32.31119" lon="-110.72841">
        <ele>1025.1</ele>
      </trkpt>
      <trkpt lat="32.31118" lon="-110.72863">
        <ele>1028.7</ele>
      </trkpt>
      <trkpt lat="32.31107" lon="-110.72885">
        <ele>1031.7</ele>
      </trkpt>
      <trkpt lat="32.31089" lon="-110.72902">
        <ele>1032.4</ele>
      </trkpt>
      <trkpt lat="32.3105199" lon="-110.72928">
        <ele>1030.2</ele>
      </trkpt>
      <trkpt lat="32.31022" lon="-110.72955">
        <ele>1029.8</ele>
      </trkpt>
      <trkpt lat="32.3099599" lon="-110.72993">
        <ele>1029.6</ele>
      </trkpt>
      <trkpt lat="32.30982" lon="-110.73036">
        <ele>1031.2</ele>
      </trkpt>
      <trkpt lat="32.30972" lon="-110.73086">
        <ele>1024.5</ele>
      </trkpt>
      <trkpt lat="32.30973" lon="-110.73128">
        <ele>1021.8</ele>
      </trkpt>
      <trkpt lat="32.3098" lon="-110.73172">
        <ele>1017.8</ele>
      </trkpt>
      <trkpt lat="32.3100499" lon="-110.73244">
        <ele>1006.0</ele>
      </trkpt>
      <trkpt lat="32.31013" lon="-110.73273">
        <ele>1007.8</ele>
      </trkpt>
      <trkpt lat="32.3101399" lon="-110.73295">
        <ele>1006.1</ele>
      </trkpt>
      <trkpt lat="32.3100499" lon="-110.73325">
        <ele>1004.3</ele>
      </trkpt>
      <trkpt lat="32.30986" lon="-110.7335">
        <ele>1007.3</ele>
      </trkpt>
      <trkpt lat="32.30939" lon="-110.73376">
        <ele>1008.5</ele>
      </trkpt>
      <trkpt lat="32.30915" lon="-110.73392">
        <ele>1006.6</ele>
      </trkpt>
      <trkpt lat="32.30901" lon="-110.73412">
        <ele>1005.7</ele>
      </trkpt>
      <trkpt lat="32.30888" lon="-110.73444">
        <ele>1004.1</ele>
      </trkpt>
      <trkpt lat="32.30882" lon="-110.73475">
        <ele>998.5</ele>
      </trkpt>
      <trkpt lat="32.30869" lon="-110.73707">
        <ele>983.9</ele>
      </trkpt>
      <trkpt lat="32.30872" lon="-110.73737">
        <ele>982.9</ele>
      </trkpt>
      <trkpt lat="32.3088" lon="-110.73762">
        <ele>981.5</ele>
      </trkpt>
      <trkpt lat="32.30891" lon="-110.73782">
        <ele>980.1</ele>
      </trkpt>
      <trkpt lat="32.30909" lon="-110.73803">
        <ele>977.7</ele>
      </trkpt>
      <trkpt lat="32.30935" lon="-110.73822">
        <ele>972.7</ele>
      </trkpt>
      <trkpt lat="32.30955" lon="-110.73845">
        <ele>968.2</ele>
      </trkpt>
      <trkpt lat="32.30961" lon="-110.73865">
        <ele>964.4</ele>
      </trkpt>
      <trkpt lat="32.30962" lon="-110.7389">
        <ele>963.7</ele>
      </trkpt>
      <trkpt lat="32.3095799" lon="-110.73916">
        <ele>967.4</ele>
      </trkpt>
      <trkpt lat="32.30947" lon="-110.73937">
        <ele>969.5</ele>
      </trkpt>
      <trkpt lat="32.30933" lon="-110.73953">
        <ele>971.0</ele>
      </trkpt>
      <trkpt lat="32.30845" lon="-110.73997">
        <ele>959.6</ele>
      </trkpt>
      <trkpt lat="32.30825" lon="-110.74015">
        <ele>958.0</ele>
      </trkpt>
      <trkpt lat="32.30814" lon="-110.74037">
        <ele>957.4</ele>
      </trkpt>
      <trkpt lat="32.3080799" lon="-110.74063">
        <ele>957.0</ele>
      </trkpt>
      <trkpt lat="32.3080799" lon="-110.74097">
        <ele>957.3</ele>
      </trkpt>
      <trkpt lat="32.30815" lon="-110.74126">
        <ele>957.2</ele>
      </trkpt>
      <trkpt lat="32.30833" lon="-110.74151">
        <ele>958.8</ele>
      </trkpt>
      <trkpt lat="32.30853" lon="-110.74167">
        <ele>959.5</ele>
      </trkpt>
      <trkpt lat="32.30876" lon="-110.74174">
        <ele>958.0</ele>
      </trkpt>
      <trkpt lat="32.30896" lon="-110.74176">
        <ele>956.2</ele>
      </trkpt>
      <trkpt lat="32.30943" lon="-110.7417">
        <ele>954.6</ele>
      </trkpt>
      <trkpt lat="32.31077" lon="-110.74139">
        <ele>953.7</ele>
      </trkpt>
      <trkpt lat="32.31173" lon="-110.74119">
        <ele>942.6</ele>
      </trkpt>
      <trkpt lat="32.31189" lon="-110.74117">
        <ele>943.9</ele>
      </trkpt>
      <trkpt lat="32.3121099" lon="-110.74126">
        <ele>940.0</ele>
      </trkpt>
      <trkpt lat="32.31227" lon="-110.7414">
        <ele>932.9</ele>
      </trkpt>
      <trkpt lat="32.31234" lon="-110.74157">
        <ele>929.2</ele>
      </trkpt>
      <trkpt lat="32.31238" lon="-110.74176">
        <ele>928.4</ele>
      </trkpt>
      <trkpt lat="32.31235" lon="-110.74196">
        <ele>928.2</ele>
      </trkpt>
      <trkpt lat="32.3123" lon="-110.74213">
        <ele>929.6</ele>
      </trkpt>
      <trkpt lat="32.31219" lon="-110.74231">
        <ele>930.9</ele>
      </trkpt>
      <trkpt lat="32.3121" lon="-110.7424">
        <ele>931.7</ele>
      </trkpt>
      <trkpt lat="32.31195" lon="-110.74248">
        <ele>932.0</ele>
      </trkpt>
      <trkpt lat="32.31171" lon="-110.74248">
        <ele>930.2</ele>
      </trkpt>
      <trkpt lat="32.31149" lon="-110.74252">
        <ele>924.4</ele>
      </trkpt>
      <trkpt lat="32.31087" lon="-110.74276">
        <ele>921.8</ele>
      </trkpt>
      <trkpt lat="32.31058" lon="-110.74291">
        <ele>919.6</ele>
      </trkpt>
      <trkpt lat="32.3103" lon="-110.74309">
        <ele>919.2</ele>
      </trkpt>
      <trkpt lat="32.30961" lon="-110.7436">
        <ele>911.8</ele>
      </trkpt>
      <trkpt lat="32.30908" lon="-110.74394">
        <ele>910.2</ele>
      </trkpt>
      <trkpt lat="32.30851" lon="-110.7441">
        <ele>903.6</ele>
      </trkpt>
      <trkpt lat="32.30793" lon="-110.74417">
        <ele>898.7</ele>
      </trkpt>
      <trkpt lat="32.30637" lon="-110.74423">
        <ele>888.7</ele>
      </trkpt>
      <trkpt lat="32.3057" lon="-110.74434">
        <ele>884.8</ele>
      </trkpt>
      <trkpt lat="32.30486" lon="-110.74469">
        <ele>876.9</ele>
      </trkpt>
      <trkpt lat="32.30429" lon="-110.74503">
        <ele>872.8</ele>
      </trkpt>
      <trkpt lat="32.30398" lon="-110.74531">
        <ele>870.9</ele>
      </trkpt>
      <trkpt lat="32.30242" lon="-110.74687">
        <ele>863.1</ele>
      </trkpt>
      <trkpt lat="32.30209" lon="-110.74722">
        <ele>861.6</ele>
      </trkpt>
      <trkpt lat="32.30242" lon="-110.74687">
        <ele>863.1</ele>
      </trkpt>
      <trkpt lat="32.30209" lon="-110.74722">
        <ele>861.6</ele>
      </trkpt>
      <trkpt lat="32.29482" lon="-110.75446">
        <ele>841.1</ele>
      </trkpt>
      <trkpt lat="32.29484" lon="-110.755">
        <ele>840.8</ele>
      </trkpt>
      <trkpt lat="32.29431" lon="-110.75499">
        <ele>840.0</ele>
      </trkpt>
      <trkpt lat="32.29413" lon="-110.75515">
        <ele>839.6</ele>
      </trkpt>
      <trkpt lat="32.29339" lon="-110.75589">
        <ele>837.9</ele>
      </trkpt>
      <trkpt lat="32.29165" lon="-110.75762">
        <ele>834.2</ele>
      </trkpt>
      <trkpt lat="32.28839" lon="-110.76089">
        <ele>827.6</ele>
      </trkpt>
      <trkpt lat="32.2867" lon="-110.76255">
        <ele>825.4</ele>
      </trkpt>
      <trkpt lat="32.28395" lon="-110.76532">
        <ele>825.6</ele>
      </trkpt>
      <trkpt lat="32.28223" lon="-110.76701">
        <ele>823.7</ele>
      </trkpt>
      <trkpt lat="32.28147" lon="-110.76783">
        <ele>820.6</ele>
      </trkpt>
      <trkpt lat="32.2812399" lon="-110.76805">
        <ele>819.3</ele>
      </trkpt>
      <trkpt lat="32.27957" lon="-110.77026">
        <ele>829.8</ele>
      </trkpt>
      <trkpt lat="32.279" lon="-110.77124">
        <ele>829.6</ele>
      </trkpt>
      <trkpt lat="32.27852" lon="-110.7722">
        <ele>827.0</ele>
      </trkpt>
      <trkpt lat="32.2775" lon="-110.77437">
        <ele>824.6</ele>
      </trkpt>
      <trkpt lat="32.2771" lon="-110.77515">
        <ele>816.6</ele>
      </trkpt>
      <trkpt lat="32.27638" lon="-110.77671">
        <ele>813.5</ele>
      </trkpt>
      <trkpt lat="32.27587" lon="-110.77769">
        <ele>812.6</ele>
      </trkpt>
      <trkpt lat="32.27527" lon="-110.77857">
        <ele>811.2</ele>
      </trkpt>
      <trkpt lat="32.2748" lon="-110.77925">
        <ele>809.4</ele>
      </trkpt>
      <trkpt lat="32.2725" lon="-110.78243">
        <ele>803.8</ele>
      </trkpt>
      <trkpt lat="32.27228" lon="-110.78269">
        <ele>802.9</ele>
      </trkpt>
      <trkpt lat="32.2700699" lon="-110.78574">
        <ele>800.4</ele>
      </trkpt>
      <trkpt lat="32.2684799" lon="-110.78786">
        <ele>802.4</ele>
      </trkpt>
      <trkpt lat="32.26605" lon="-110.79136">
        <ele>793.9</ele>
      </trkpt>
      <trkpt lat="32.26424" lon="-110.7938">
        <ele>790.1</ele>
      </trkpt>
      <trkpt lat="32.26289" lon="-110.79569">
        <ele>786.5</ele>
      </trkpt>
      <trkpt lat="32.26169" lon="-110.79726">
        <ele>785.3</ele>
      </trkpt>
      <trkpt lat="32.26123" lon="-110.79778">
        <ele>784.4</ele>
      </trkpt>
      <trkpt lat="32.26099" lon="-110.79801">
        <ele>784.0</ele>
      </trkpt>
      <trkpt lat="32.2603" lon="-110.79844">
        <ele>783.2</ele>
      </trkpt>
      <trkpt lat="32.25971" lon="-110.79867">
        <ele>782.3</ele>
      </trkpt>
      <trkpt lat="32.25958" lon="-110.79871">
        <ele>782.1</ele>
      </trkpt>
      <trkpt lat="32.25893" lon="-110.79767">
        <ele>780.8</ele>
      </trkpt>
    </trkseg>
  </trk>
</gpx>
