<?xml version="1.0" encoding="UTF-8"?>
<gpx xmlns:xsi="http://www.w3.org/2001/XMLSchema-instance" xmlns="http://www.topografix.com/GPX/1/1" xmlns:gpxdata="http://www.cluetrust.com/XML/GPXDATA/1/0" xsi:schemaLocation="http://www.topografix.com/GPX/1/1 http://www.topografix.com/GPX/1/1/gpx.xsd http://www.cluetrust.com/XML/GPXDATA/1/0 http://www.cluetrust.com/Schemas/gpxdata10.xsd" version="1.1" creator="http://ridewithgps.com/">
  <metadata>
    <name>Sky Islands Odyssey East Loop (v2023)</name>
    <link href="https://ridewithgps.com/routes/42692528">
      <text>Sky Islands Odyssey East Loop (v2023)</text>
    </link>
    <time>2023-04-27T15:54:33Z</time>
  </metadata>
  <wpt lon="-110.75602170687347" lat="31.53894394597586">
    <name>Public Restrooms</name>
    <sym>Dot</sym>
    <type>Dot</type>
  </wpt>
  <wpt lon="-110.75585067272186" lat="31.538872478363327">
    <name>Free Public Parking</name>
    <cmt>Do not park in front of any businesses </cmt>
    <desc>Do not park in front of any businesses </desc>
    <sym>Dot</sym>
    <type>Dot</type>
  </wpt>
  <wpt lon="-110.75435035415961" lat="31.53934164079107">
    <name>Red Mountain Foods </name>
    <cmt>Organic Grocery Store (cash or check only). 

Hours: Sunday - Monday, 10 am - 5 pm</cmt>
    <desc>Organic Grocery Store (cash or check only). 

Hours: Sunday - Monday, 10 am - 5 pm</desc>
    <sym>Dot</sym>
    <type>Dot</type>
  </wpt>
  <wpt lon="-110.75344447870367" lat="31.539948445685962">
    <name>Gathering Grounds Cafe</name>
    <cmt>Coffee, Breakfast, Lunch, and Ice Cream

Open Everyday 7 A.M. - 4 P.M. </cmt>
    <desc>Coffee, Breakfast, Lunch, and Ice Cream

Open Everyday 7 A.M. - 4 P.M. </desc>
    <sym>Dot</sym>
    <type>Dot</type>
  </wpt>
  <wpt lon="-110.91666985991708" lat="31.818980901454708">
    <name>Seasonal Spring Water Tank</name>
    <cmt>Should not to be relied on</cmt>
    <desc>Should not to be relied on</desc>
    <sym>Dot</sym>
    <type>Dot</type>
  </wpt>
  <wpt lon="-110.99573135375977" lat="31.85218996892533">
    <name>Safeway Grocery Store</name>
    <sym>Dot</sym>
    <type>Dot</type>
  </wpt>
  <wpt lon="-110.87594926357269" lat="31.620534060235652">
    <name>Adobe Ruins</name>
    <cmt>Last good camping until Patagonia</cmt>
    <desc>Last good camping until Patagonia</desc>
    <sym>Dot</sym>
    <type>Dot</type>
  </wpt>
  <wpt lon="-110.74152767658234" lat="31.744440939389328">
    <name>Water Available at Kentucky Camp</name>
    <sym>Dot</sym>
    <type>Dot</type>
  </wpt>
  <wpt lon="-110.74190855026245" lat="31.744427253632324">
    <name>Kentucky Camp Cabins </name>
    <sym>Dot</sym>
    <type>Dot</type>
  </wpt>
  <wpt lon="-110.74152767658234" lat="31.744194595453628">
    <name>Kentucky Camp</name>
    <cmt>Kentucky Camp was built in 1904 as the headquarters of the Santa Rita Water and Mining Company, whose investors hoped to collect water from the Santa Rita Mountains for hydraulic gold mining. The venture was abandoned following the mysterious death of the chief engineer the following year. The property became a working cattle ranch for the next 50 years, before being sold to a mining conglomerate. The Coronado National Forest acquired the site in 1989; since then, the Forest and volunteers have been working together to preserve the site. Kentucky Camp (and associated features related to the development of the water system and mining in the area) is listed on the National Register of Historic Places.

A unique feature of this site is its collection of five century-old adobe buildings. The ten room headquarters building is one of the largest surviving adobe buildings of its era. A three room adobe building is available for overnight rental. Go to the Forest Service "Cabins and Camping" web page for additional details on renting this building. (http://kentuckycamp.org/)</cmt>
    <desc>Kentucky Camp was built in 1904 as the headquarters of the Santa Rita Water and Mining Company, whose investors hoped to collect water from the Santa Rita Mountains for hydraulic gold mining. The venture was abandoned following the mysterious death of the chief engineer the following year. The property became a working cattle ranch for the next 50 years, before being sold to a mining conglomerate. The Coronado National Forest acquired the site in 1989; since then, the Forest and volunteers have been working together to preserve the site. Kentucky Camp (and associated features related to the development of the water system and mining in the area) is listed on the National Register of Historic Places.

A unique feature of this site is its collection of five century-old adobe buildings. The ten room headquarters building is one of the largest surviving adobe buildings of its era. A three room adobe building is available for overnight rental. Go to the Forest Service "Cabins and Camping" web page for additional details on renting this building. (http://kentuckycamp.org/)</desc>
    <sym>Dot</sym>
    <type>Dot</type>
  </wpt>
  <wpt lon="-110.89777708053589" lat="31.816787486381973">
    <name>Seasonal Spring Water Tank</name>
    <cmt>Should not to be relied on</cmt>
    <desc>Should not to be relied on</desc>
    <sym>Dot</sym>
    <type>Dot</type>
  </wpt>
  <wpt lon="-111.0016158165239" lat="31.80698502799722">
    <name>Juan Batista de Anza Trail </name>
    <cmt>Follow signs for the Juan Batista Anza Trail </cmt>
    <desc>Follow signs for the Juan Batista Anza Trail </desc>
    <sym>Dot</sym>
    <type>Dot</type>
  </wpt>
  <wpt lon="-111.03763818740845" lat="31.746124272078692">
    <name>Trailhead to the Juan Batista de Anza Trail </name>
    <cmt>In 1775-76 Juan Bautista de Anza, an expeditionary leader, military officer, and politician primarily in California and New Mexico under the Spanish Empire led some 240 men, women, and children on an epic journey to colonize the first non-Native settlement at San Francisco Bay. Today, the 1,200-mile Juan Bautista de Anza National Historic Trail connects history, culture, and outdoor recreation from Nogales, Arizona, to the San Francisco Bay Area. (https://www.nps.gov/juba/index.htm)</cmt>
    <desc>In 1775-76 Juan Bautista de Anza, an expeditionary leader, military officer, and politician primarily in California and New Mexico under the Spanish Empire led some 240 men, women, and children on an epic journey to colonize the first non-Native settlement at San Francisco Bay. Today, the 1,200-mile Juan Bautista de Anza National Historic Trail connects history, culture, and outdoor recreation from Nogales, Arizona, to the San Francisco Bay Area. (https://www.nps.gov/juba/index.htm)</desc>
    <sym>Dot</sym>
    <type>Dot</type>
  </wpt>
  <wpt lon="-111.01562261581421" lat="31.793628159204626">
    <name>Canoa Ranch National Historic Site</name>
    <sym>Dot</sym>
    <type>Dot</type>
  </wpt>
  <wpt lon="-111.00165367126465" lat="31.807524452160873">
    <name>Juan Batista De Anza Trail</name>
    <cmt>In 1775-76 Juan Bautista de Anza, an expeditionary leader, military officer, and politician primarily in California and New Mexico under the Spanish Empire, led some 240 men, women, and children on an epic journey to colonize the first non-Native settlement at San Francisco Bay. Today, the 1,200-mile Juan Bautista de Anza National Historic Trail connects history, culture, and outdoor recreation from Nogales, Arizona, to the San Francisco Bay Area. </cmt>
    <desc>In 1775-76 Juan Bautista de Anza, an expeditionary leader, military officer, and politician primarily in California and New Mexico under the Spanish Empire, led some 240 men, women, and children on an epic journey to colonize the first non-Native settlement at San Francisco Bay. Today, the 1,200-mile Juan Bautista de Anza National Historic Trail connects history, culture, and outdoor recreation from Nogales, Arizona, to the San Francisco Bay Area. </desc>
    <sym>Dot</sym>
    <type>Dot</type>
  </wpt>
  <wpt lon="-110.76064109802246" lat="31.53885876231556">
    <name>Paton Center for Hummingbird </name>
    <sym>Dot</sym>
    <type>Dot</type>
  </wpt>
  <wpt lon="-110.97841135336729" lat="31.68188768984518">
    <name>Camping along this road</name>
    <sym>Dot</sym>
    <type>Dot</type>
  </wpt>
  <wpt lon="-110.76523497880885" lat="31.707669307899202">
    <name>Water in creek Feb 2023</name>
    <sym>Dot</sym>
    <type>Dot</type>
  </wpt>
  <wpt lon="-110.67673928411676" lat="31.734385351181704">
    <name>Kentucky Camp Alternative</name>
    <sym>Dot</sym>
    <type>Dot</type>
  </wpt>
  <wpt lon="-110.65553385663442" lat="31.678787420485538">
    <name>Sonoita Mercantile Country Store and Deli</name>
    <sym>Dot</sym>
    <type>Dot</type>
  </wpt>
  <wpt lon="-110.65638575413838" lat="31.678734139054836">
    <name>Convenience Store </name>
    <cmt>a little more affordable than the mercantile</cmt>
    <desc>a little more affordable than the mercantile</desc>
    <sym>Dot</sym>
    <type>Dot</type>
  </wpt>
  <wpt lon="-110.65403151829331" lat="31.679059167329726">
    <name>Sonoita Inn</name>
    <sym>Dot</sym>
    <type>Dot</type>
  </wpt>
  <wpt lon="-110.6550162358815" lat="31.678842183399016">
    <name>Steak Out Restaurant and Saloon</name>
    <sym>Dot</sym>
    <type>Dot</type>
  </wpt>
  <wpt lon="-110.64624556275606" lat="31.456348606174604">
    <name>San Rafael State Natural Area </name>
    <cmt>Starting in the counterclockwise direction, expansive views of the San Rafael State Natural Area welcome riders at the top of the first climb from Patagonia. The San Rafael State Natural Area is a unique area with rolling hills, native grasses, and oak and cottonwood trees. This beautiful valley serves as the headwaters of the Santa Cruz River, which flows into Mexico then turns north back into the United States and eventually joins the Gila River. While this valley is largely private land and used for cattle grazing, much of the valley is protected by conservation easements to ensure that the sustainable grazing practices that have preserved this valley continue (https://www.audubon.org/important-bird-areas/san-rafael-grasslands). 

The riparian areas and native grass prairie in the San Rafael State Natural Area are home to many species of plants and animals including; the endangered plant, Huachuca Water Umbel, the state-protected Sonoran Tiger Salamander, as well as mule deer, javalina, antelope, bobcats, cougar, coyote and many birds unique to the prairie. (https://azstateparks.com/san-rafael/about-the-ranch/about). As some of the last remaining un-fragmented prairie grassland habitat left in the American Southwest, this area is of vital importance for grassland bird species. It is best known for wintering raptors, sparrows, pipits, and longspurs. 

The most relevant current conservation threat to the San Rafael Valley is mining. As the headwaters of the Santa Cruz River, this area is particularly vulnerable to the water depletion and fouling associated with mining. The Patagonia, Arizona area is presently the location of multiple mining exploration projects.</cmt>
    <desc>Starting in the counterclockwise direction, expansive views of the San Rafael State Natural Area welcome riders at the top of the first climb from Patagonia. The San Rafael State Natural Area is a unique area with rolling hills, native grasses, and oak and cottonwood trees. This beautiful valley serves as the headwaters of the Santa Cruz River, which flows into Mexico then turns north back into the United States and eventually joins the Gila River. While this valley is largely private land and used for cattle grazing, much of the valley is protected by conservation easements to ensure that the sustainable grazing practices that have preserved this valley continue (https://www.audubon.org/important-bird-areas/san-rafael-grasslands). 

The riparian areas and native grass prairie in the San Rafael State Natural Area are home to many species of plants and animals including; the endangered plant, Huachuca Water Umbel, the state-protected Sonoran Tiger Salamander, as well as mule deer, javalina, antelope, bobcats, cougar, coyote and many birds unique to the prairie. (https://azstateparks.com/san-rafael/about-the-ranch/about). As some of the last remaining un-fragmented prairie grassland habitat left in the American Southwest, this area is of vital importance for grassland bird species. It is best known for wintering raptors, sparrows, pipits, and longspurs. 

The most relevant current conservation threat to the San Rafael Valley is mining. As the headwaters of the Santa Cruz River, this area is particularly vulnerable to the water depletion and fouling associated with mining. The Patagonia, Arizona area is presently the location of multiple mining exploration projects.</desc>
    <sym>Dot</sym>
    <type>Dot</type>
  </wpt>
  <wpt lon="-110.55832" lat="31.50222999999999">
    <name>Canelo Pass</name>
    <sym>Dot</sym>
    <type>Dot</type>
  </wpt>
  <wpt lon="-110.65672151609688" lat="31.676444403755692">
    <name>Sonoita Fairgrounds</name>
    <cmt>Inquire about camping at the Mercantile</cmt>
    <desc>Inquire about camping at the Mercantile</desc>
    <sym>Dot</sym>
    <type>Dot</type>
  </wpt>
  <wpt lon="-110.72428284704877" lat="31.71267656878995">
    <name>Next 4 Miles are rocky, loose, and technical!</name>
    <cmt>The next four miles are very rocky and loose. They will require some hike-a-bike for most. </cmt>
    <desc>The next four miles are very rocky and loose. They will require some hike-a-bike for most. </desc>
    <sym>Dot</sym>
    <type>Dot</type>
  </wpt>
  <wpt lon="-110.76459042790525" lat="31.715087822965316">
    <name>Technical Terrain for the next six miles</name>
    <cmt>The next six miles include steep grades, off camber, and rutted terrain. The surfaces can be very rocky and loose. They will require some hike-a-bike for most. </cmt>
    <desc>The next six miles include steep grades, off camber, and rutted terrain. The surfaces can be very rocky and loose. They will require some hike-a-bike for most. </desc>
    <sym>Dot</sym>
    <type>Dot</type>
  </wpt>
  <wpt lon="-110.75302061381691" lat="31.54124340692032">
    <name>Patagonia Market</name>
    <cmt>ATM, groceries, beer, wine, and liquor </cmt>
    <desc>ATM, groceries, beer, wine, and liquor </desc>
    <sym>Dot</sym>
    <type>Dot</type>
  </wpt>
  <wpt lon="-110.75394417101616" lat="31.539494981230668">
    <name>Velvet Elvis Pizza</name>
    <cmt>Pizza in a pinch</cmt>
    <desc>Pizza in a pinch</desc>
    <sym>Dot</sym>
    <type>Dot</type>
  </wpt>
  <wpt lon="-110.7524514022641" lat="31.5404307865833">
    <name>Patagonia Lumber Co. </name>
    <cmt>Presta coffee on the weekends, wine, beer, bike shop, occasional food trucks, live music, and a great atmosphere.

Hours: Sat &amp; Sun: 8 am - 9 pm
Mon &amp; Tues: Closed
Weds - Fri: 4 - 9 pm</cmt>
    <desc>Presta coffee on the weekends, wine, beer, bike shop, occasional food trucks, live music, and a great atmosphere.

Hours: Sat &amp; Sun: 8 am - 9 pm
Mon &amp; Tues: Closed
Weds - Fri: 4 - 9 pm</desc>
    <sym>Dot</sym>
    <type>Dot</type>
  </wpt>
  <wpt lon="-110.7523977580838" lat="31.540412498824455">
    <name>Patagonia Lumber Co. </name>
    <cmt>Serving Presta coffee Saturday and Sunday mornings</cmt>
    <desc>Serving Presta coffee Saturday and Sunday mornings</desc>
    <sym>Dot</sym>
    <type>Dot</type>
  </wpt>
  <wpt lon="-110.75226901205109" lat="31.540412498824455">
    <name>Patagonia Lumber Co. </name>
    <cmt>A small bike shop behind Patagonia Lumber Co. offering the basics and mechanical support. </cmt>
    <desc>A small bike shop behind Patagonia Lumber Co. offering the basics and mechanical support. </desc>
    <sym>Dot</sym>
    <type>Dot</type>
  </wpt>
  <wpt lon="-110.75169066555176" lat="31.5409476995056">
    <name>Ovens of Patagonia</name>
    <cmt>Bread, cakes, and other delicious baked goods. </cmt>
    <desc>Bread, cakes, and other delicious baked goods. </desc>
    <sym>Dot</sym>
    <type>Dot</type>
  </wpt>
  <wpt lon="-110.75646347057895" lat="31.5385644531739">
    <name>Free Public Parking</name>
    <cmt>Do not park in front of any businesses </cmt>
    <desc>Do not park in front of any businesses </desc>
    <sym>Dot</sym>
    <type>Dot</type>
  </wpt>
  <wpt lon="-110.75279445781946" lat="31.54017462595443">
    <name>Town of Patagonia</name>
    <cmt>The charming town of Patagonia serves as the start and end point of all the Sky Islands Odyssey routes. Once a supply town for nearby mines and cattle ranches, today, Patagonia is home to multigeneration ranching families, artists, conservationists, retirees, and a flurry of newcomers who are moving to the region specifically for its excellent access to trails and gravel roads. Among many of its varying hats, Patagonia serves as a trail community for Arizona Trail and the launching point for the growing popularity of gravel cycling in the San Rafael Valley. Home to local art galleries, a natural food co-op, a café, a hummingbird sanctuary, a new gathering place for cyclists, and a few places to stay, Patagonia remains a quiet desert hamlet with an eclectic vibe. </cmt>
    <desc>The charming town of Patagonia serves as the start and end point of all the Sky Islands Odyssey routes. Once a supply town for nearby mines and cattle ranches, today, Patagonia is home to multigeneration ranching families, artists, conservationists, retirees, and a flurry of newcomers who are moving to the region specifically for its excellent access to trails and gravel roads. Among many of its varying hats, Patagonia serves as a trail community for Arizona Trail and the launching point for the growing popularity of gravel cycling in the San Rafael Valley. Home to local art galleries, a natural food co-op, a café, a hummingbird sanctuary, a new gathering place for cyclists, and a few places to stay, Patagonia remains a quiet desert hamlet with an eclectic vibe. </desc>
    <sym>Dot</sym>
    <type>Dot</type>
  </wpt>
  <wpt lon="-110.74922203027634" lat="31.539630913495593">
    <name>The Patagonia Museum </name>
    <sym>Dot</sym>
    <type>Dot</type>
  </wpt>
  <wpt lon="-110.65638747553965" lat="31.67972793954003">
    <name>Sonoita </name>
    <cmt>Sonoita serves as a little respite for resupply. Grab some food from the Sonoita Mercantile or Mini Mart, a meal at the Steak House Restaurant Saloon, a place to sleep at the Sonoita Inn, camp at the fairgrounds, or some ice cream at the Corner Scoop. Sonoita is literally and figuratively at a crossroads; as the only place to fill up with gasoline for miles around, it is a gathering place for ranchers, semi-truck drivers, recreationists, hunters, wine tasters, border patrol agents, and residents. In essence, enjoy the people-watching!</cmt>
    <desc>Sonoita serves as a little respite for resupply. Grab some food from the Sonoita Mercantile or Mini Mart, a meal at the Steak House Restaurant Saloon, a place to sleep at the Sonoita Inn, camp at the fairgrounds, or some ice cream at the Corner Scoop. Sonoita is literally and figuratively at a crossroads; as the only place to fill up with gasoline for miles around, it is a gathering place for ranchers, semi-truck drivers, recreationists, hunters, wine tasters, border patrol agents, and residents. In essence, enjoy the people-watching!</desc>
    <sym>Dot</sym>
    <type>Dot</type>
  </wpt>
  <wpt lon="-110.58657603675678" lat="31.659060536766198">
    <name>Sonoita Wine Country</name>
    <cmt>There are approximately twenty wineries, meaderies, and cideries in the Sonoita Elgin area. With climate and soil conditions comparable to wine regions in California and Argentina, Arizona’s southern high deserts made the state a major player in international wine circles. Sonoita is one of the most prolific Arizona wine regions, with vast valley farmlands producing nearly three quarters of the state’s grapes to produce award-winning Sauvignon Blanc, Cabernet Sauvignon, Malbec and Merlot varietals.Sonoita was the first location in Arizona to be designated as an American Viticultural Area. 

The Sonoita valley receives no outside water, relying entirely on rainfall; precipitation averages 17 inches per year. Climate change, urbanization, a dwindling water table in the Sonoita Valley, and the reality that each grape plant requires 960 gallons of water per season, will likely impact the sustainability of the Sonoita Wine Country in years to come. 
</cmt>
    <desc>There are approximately twenty wineries, meaderies, and cideries in the Sonoita Elgin area. With climate and soil conditions comparable to wine regions in California and Argentina, Arizona’s southern high deserts made the state a major player in international wine circles. Sonoita is one of the most prolific Arizona wine regions, with vast valley farmlands producing nearly three quarters of the state’s grapes to produce award-winning Sauvignon Blanc, Cabernet Sauvignon, Malbec and Merlot varietals.Sonoita was the first location in Arizona to be designated as an American Viticultural Area. 

The Sonoita valley receives no outside water, relying entirely on rainfall; precipitation averages 17 inches per year. Climate change, urbanization, a dwindling water table in the Sonoita Valley, and the reality that each grape plant requires 960 gallons of water per season, will likely impact the sustainability of the Sonoita Wine Country in years to come. 
</desc>
    <sym>Dot</sym>
    <type>Dot</type>
  </wpt>
  <wpt lon="-110.76557164305247" lat="31.715695677908982">
    <name>Water in creek Feb 2023</name>
    <sym>Dot</sym>
    <type>Dot</type>
  </wpt>
  <wpt lon="-110.83339525162617" lat="31.663757532088056">
    <name>El Jefe the Jaguar</name>
    <cmt>Jaguars once existed throughout northern Mexico and the southern United States. However, due to habitat loss, poaching, and human-wildlife conflict, jaguars have been eliminated from the U.S. They have been listed as endangered under the U.S. Endangered Species Act since 1997 and near threatened by IUCN Red List since 2002. Jaguars are the largest cat species in the Western Hemisphere, and as apex predators, they play an essential role in the ecosystem and regulate prey populations. In addition, these majestic creatures have been prominent mythological symbols of indigenous cultures of the Americas, including those of the Pueblo, Aztec, Mayan, and Incan civilizations. Historically, their natural habitat has ranged from northern Argentina to the Grand Canyon in the U.S. Southwest. 

El Jefe, "the boss," is the name of a male jaguar that roamed southern Arizona's Santa Rita Mountains from 2011-2015. For years, El Jefe was believed to have been killed or migrated south to find a mate, but his spirit lived on through conservation efforts to protect the habitat for threatened and endangered species in the borderlands. Finally, during the summer of 2022, a camera trap in Sonora captured an image of legendary El Jefe, alive, healthy, and one of the oldest living jaguars. This image confirmed that El Jefe had indeed migrated south of the border, providing hope and inspiration to all fighting to protect viable habitats for jaguars in the U.S. and Mexico. 
</cmt>
    <desc>Jaguars once existed throughout northern Mexico and the southern United States. However, due to habitat loss, poaching, and human-wildlife conflict, jaguars have been eliminated from the U.S. They have been listed as endangered under the U.S. Endangered Species Act since 1997 and near threatened by IUCN Red List since 2002. Jaguars are the largest cat species in the Western Hemisphere, and as apex predators, they play an essential role in the ecosystem and regulate prey populations. In addition, these majestic creatures have been prominent mythological symbols of indigenous cultures of the Americas, including those of the Pueblo, Aztec, Mayan, and Incan civilizations. Historically, their natural habitat has ranged from northern Argentina to the Grand Canyon in the U.S. Southwest. 

El Jefe, "the boss," is the name of a male jaguar that roamed southern Arizona's Santa Rita Mountains from 2011-2015. For years, El Jefe was believed to have been killed or migrated south to find a mate, but his spirit lived on through conservation efforts to protect the habitat for threatened and endangered species in the borderlands. Finally, during the summer of 2022, a camera trap in Sonora captured an image of legendary El Jefe, alive, healthy, and one of the oldest living jaguars. This image confirmed that El Jefe had indeed migrated south of the border, providing hope and inspiration to all fighting to protect viable habitats for jaguars in the U.S. and Mexico. 
</desc>
    <sym>Dot</sym>
    <type>Dot</type>
  </wpt>
  <wpt lon="-110.8474430651639" lat="31.69533577336471">
    <name>Santa Rita Mountains</name>
    <cmt>Serving as the focal point of the East Loop, the Santa Rita Mountains are the fourth highest of the Sky Island mountain ranges in southeastern Arizona and rise nearly 6,000 feet above the desert floor. They are incredibly rugged, with steep slopes, sharp peaks, and narrow ridges. Much of the vegetation is pine forest mixed into the oak-pine forest at lower elevations. Several of the deeper canyons have perennial streams and well-developed riparian communities. 

Riders of the East Loop will experience grasslands on the south and east side of the Santa Rita Mountains, pine and oak-pine forests as they climb in elevation and ride through the Santa Rita's foothills, and low-desert environment on the west side of the range, once they cross Box Canyon Pass on the north side of the course.

The Santa Rita Mountains are best known for their birding opportunities, particularly in Madera Canyon, dark night skies for stargazing, and being the habitat of the infamous Jaguar "El Jefe," who was documented living in the Santa Rita Mountains from 2010-2015, until he migrated south to Sonora. 
</cmt>
    <desc>Serving as the focal point of the East Loop, the Santa Rita Mountains are the fourth highest of the Sky Island mountain ranges in southeastern Arizona and rise nearly 6,000 feet above the desert floor. They are incredibly rugged, with steep slopes, sharp peaks, and narrow ridges. Much of the vegetation is pine forest mixed into the oak-pine forest at lower elevations. Several of the deeper canyons have perennial streams and well-developed riparian communities. 

Riders of the East Loop will experience grasslands on the south and east side of the Santa Rita Mountains, pine and oak-pine forests as they climb in elevation and ride through the Santa Rita's foothills, and low-desert environment on the west side of the range, once they cross Box Canyon Pass on the north side of the course.

The Santa Rita Mountains are best known for their birding opportunities, particularly in Madera Canyon, dark night skies for stargazing, and being the habitat of the infamous Jaguar "El Jefe," who was documented living in the Santa Rita Mountains from 2010-2015, until he migrated south to Sonora. 
</desc>
    <sym>Dot</sym>
    <type>Dot</type>
  </wpt>
  <wpt lon="-110.88541137589324" lat="31.738501908830766">
    <name>Madera Canyon</name>
    <cmt>Just slightly off route is Madera Canyon, one of the most famous birding areas in the United States. It is a north-facing valley in the Santa Rita Mountains with riparian woodland along an intermittent stream, bordered by mesquite, juniper-oak woodlands, and pine forests. Madera Canyon is home to over 250 species of birds, including 15 hummingbird species. Visitors from all over the world search for avian specialties such as the Elegant Trogon, Elf Owl, Sulphur-bellied Flycatcher, Red-faced Warbler, and Painted Redstart. A comprehensive bird list published by FoMC is available at the Proctor Visitor Info Station and at trailheads. (https://friendsofmaderacanyon.org/)</cmt>
    <desc>Just slightly off route is Madera Canyon, one of the most famous birding areas in the United States. It is a north-facing valley in the Santa Rita Mountains with riparian woodland along an intermittent stream, bordered by mesquite, juniper-oak woodlands, and pine forests. Madera Canyon is home to over 250 species of birds, including 15 hummingbird species. Visitors from all over the world search for avian specialties such as the Elegant Trogon, Elf Owl, Sulphur-bellied Flycatcher, Red-faced Warbler, and Painted Redstart. A comprehensive bird list published by FoMC is available at the Proctor Visitor Info Station and at trailheads. (https://friendsofmaderacanyon.org/)</desc>
    <sym>Dot</sym>
    <type>Dot</type>
  </wpt>
  <wpt lon="-110.97345781020665" lat="31.687740340674793">
    <name>Forest Service Road 143 / Salero Canyon Road </name>
    <cmt>The surface and difficulty of Forest Road 143/Salero Canyon Road change year-to-year due to monsoons and the way the road is maintained. While the road offers some camping opportunities, incredible views of the Santa Cruz River Valley, and a vast diversity of fauna (a prickly pear cactus next to a cedar tree), this road has a reputation for crushing tired souls who are not mentally prepared for the persistent steep grades and loose surfaces. The rough and tough stuff lasts for approximately 12 miles. Plan accordingly! </cmt>
    <desc>The surface and difficulty of Forest Road 143/Salero Canyon Road change year-to-year due to monsoons and the way the road is maintained. While the road offers some camping opportunities, incredible views of the Santa Cruz River Valley, and a vast diversity of fauna (a prickly pear cactus next to a cedar tree), this road has a reputation for crushing tired souls who are not mentally prepared for the persistent steep grades and loose surfaces. The rough and tough stuff lasts for approximately 12 miles. Plan accordingly! </desc>
    <sym>Dot</sym>
    <type>Dot</type>
  </wpt>
  <wpt lon="-110.95036999077064" lat="31.674218554141326">
    <name>Fred Lawrence Whipple Observatory</name>
    <cmt>Visible from the route is the Fred Lawrance Whipple Observatory. The Fred Lawrence Whipple Observatory (FLWO) is the largest satellite facility of the Smithsonian Astrophysical Observatory (SAO), part of the Center for Astrophysics | Harvard &amp; Smithsonian. Located​ on Mt. Hopkins in southern Arizona​, this remote site is home to several telescopes, including the 6.5-meter MMT Observatory. The observatory also includes:
The Very Energetic Radiation Imaging Telescope Array System (VERITAS) gamma-ray observatory.
Telescope arrays designed to find Earth-like exoplanets.
Several other telescopes used for a wide range of astronomical observations.
The observatory is currently closed to the public; however, cyclists can enjoy a long dirt road climb with beautiful views to the 12 KM mark, before turning around. 
</cmt>
    <desc>Visible from the route is the Fred Lawrance Whipple Observatory. The Fred Lawrence Whipple Observatory (FLWO) is the largest satellite facility of the Smithsonian Astrophysical Observatory (SAO), part of the Center for Astrophysics | Harvard &amp; Smithsonian. Located​ on Mt. Hopkins in southern Arizona​, this remote site is home to several telescopes, including the 6.5-meter MMT Observatory. The observatory also includes:
The Very Energetic Radiation Imaging Telescope Array System (VERITAS) gamma-ray observatory.
Telescope arrays designed to find Earth-like exoplanets.
Several other telescopes used for a wide range of astronomical observations.
The observatory is currently closed to the public; however, cyclists can enjoy a long dirt road climb with beautiful views to the 12 KM mark, before turning around. 
</desc>
    <sym>Dot</sym>
    <type>Dot</type>
  </wpt>
  <wpt lon="-110.77434043304908" lat="31.79726268613396">
    <name>Box Canyon </name>
    <cmt>Epic view and change in environment</cmt>
    <desc>Epic view and change in environment</desc>
    <sym>Dot</sym>
    <type>Dot</type>
  </wpt>
  <wpt lon="-110.75357369550268" lat="31.768196213002916">
    <name>End of rough stuff</name>
    <sym>Dot</sym>
    <type>Dot</type>
  </wpt>
  <wpt lon="-110.74553298474139" lat="31.710886875272443">
    <name>Good primitive camping</name>
    <cmt>for the next 13miles</cmt>
    <desc>for the next 13miles</desc>
    <sym>Dot</sym>
    <type>Dot</type>
  </wpt>
  <trk>
    <name>Sky Islands Odyssey East Loop (v2023)</name>
    <trkseg>
      <trkpt lat="31.53897" lon="-110.75545">
        <ele>1238.6</ele>
      </trkpt>
      <trkpt lat="31.53957" lon="-110.75442">
        <ele>1239.7</ele>
      </trkpt>
      <trkpt lat="31.54004" lon="-110.75357">
        <ele>1240.4</ele>
      </trkpt>
      <trkpt lat="31.54049" lon="-110.75272">
        <ele>1241.3</ele>
      </trkpt>
      <trkpt lat="31.54068" lon="-110.75236">
        <ele>1242.0</ele>
      </trkpt>
      <trkpt lat="31.54082" lon="-110.75213">
        <ele>1242.2</ele>
      </trkpt>
      <trkpt lat="31.54106" lon="-110.75172">
        <ele>1242.6</ele>
      </trkpt>
      <trkpt lat="31.54114" lon="-110.75157">
        <ele>1242.8</ele>
      </trkpt>
      <trkpt lat="31.54118" lon="-110.75149">
        <ele>1242.9</ele>
      </trkpt>
      <trkpt lat="31.54146" lon="-110.75095">
        <ele>1243.0</ele>
      </trkpt>
      <trkpt lat="31.54155" lon="-110.75056">
        <ele>1242.3</ele>
      </trkpt>
      <trkpt lat="31.54155" lon="-110.75056">
        <ele>1242.3</ele>
      </trkpt>
      <trkpt lat="31.54158" lon="-110.75024">
        <ele>1242.3</ele>
      </trkpt>
      <trkpt lat="31.54152" lon="-110.75">
        <ele>1243.1</ele>
      </trkpt>
      <trkpt lat="31.54149" lon="-110.7499">
        <ele>1243.3</ele>
      </trkpt>
      <trkpt lat="31.54121" lon="-110.74939">
        <ele>1243.9</ele>
      </trkpt>
      <trkpt lat="31.54069" lon="-110.74837">
        <ele>1241.7</ele>
      </trkpt>
      <trkpt lat="31.54059" lon="-110.74816">
        <ele>1241.5</ele>
      </trkpt>
      <trkpt lat="31.54052" lon="-110.74802">
        <ele>1241.4</ele>
      </trkpt>
      <trkpt lat="31.54044" lon="-110.74785">
        <ele>1241.3</ele>
      </trkpt>
      <trkpt lat="31.54032" lon="-110.74754">
        <ele>1241.4</ele>
      </trkpt>
      <trkpt lat="31.54029" lon="-110.74745">
        <ele>1241.4</ele>
      </trkpt>
      <trkpt lat="31.54024" lon="-110.74729">
        <ele>1241.4</ele>
      </trkpt>
      <trkpt lat="31.54022" lon="-110.74719">
        <ele>1241.3</ele>
      </trkpt>
      <trkpt lat="31.54009" lon="-110.74619">
        <ele>1241.3</ele>
      </trkpt>
      <trkpt lat="31.54007" lon="-110.74589">
        <ele>1241.3</ele>
      </trkpt>
      <trkpt lat="31.54006" lon="-110.74551">
        <ele>1241.3</ele>
      </trkpt>
      <trkpt lat="31.54008" lon="-110.7451">
        <ele>1241.7</ele>
      </trkpt>
      <trkpt lat="31.54009" lon="-110.74497">
        <ele>1242.4</ele>
      </trkpt>
      <trkpt lat="31.54009" lon="-110.74477">
        <ele>1242.8</ele>
      </trkpt>
      <trkpt lat="31.54009" lon="-110.74332">
        <ele>1247.7</ele>
      </trkpt>
      <trkpt lat="31.54008" lon="-110.74316">
        <ele>1247.9</ele>
      </trkpt>
      <trkpt lat="31.54007" lon="-110.74276">
        <ele>1248.4</ele>
      </trkpt>
      <trkpt lat="31.54009" lon="-110.74215">
        <ele>1248.7</ele>
      </trkpt>
      <trkpt lat="31.54008" lon="-110.74108">
        <ele>1249.4</ele>
      </trkpt>
      <trkpt lat="31.54007" lon="-110.74076">
        <ele>1249.6</ele>
      </trkpt>
      <trkpt lat="31.54006" lon="-110.74039">
        <ele>1249.6</ele>
      </trkpt>
      <trkpt lat="31.54005" lon="-110.73992">
        <ele>1249.6</ele>
      </trkpt>
      <trkpt lat="31.54006" lon="-110.73906">
        <ele>1249.7</ele>
      </trkpt>
      <trkpt lat="31.54006" lon="-110.7382">
        <ele>1249.8</ele>
      </trkpt>
      <trkpt lat="31.54006" lon="-110.73725">
        <ele>1250.1</ele>
      </trkpt>
      <trkpt lat="31.54007" lon="-110.73695">
        <ele>1250.4</ele>
      </trkpt>
      <trkpt lat="31.54007" lon="-110.73688">
        <ele>1250.5</ele>
      </trkpt>
      <trkpt lat="31.54007" lon="-110.73679">
        <ele>1250.6</ele>
      </trkpt>
      <trkpt lat="31.54006" lon="-110.73666">
        <ele>1250.7</ele>
      </trkpt>
      <trkpt lat="31.54005" lon="-110.73548">
        <ele>1254.7</ele>
      </trkpt>
      <trkpt lat="31.54006" lon="-110.73476">
        <ele>1254.7</ele>
      </trkpt>
      <trkpt lat="31.54006" lon="-110.73369">
        <ele>1253.6</ele>
      </trkpt>
      <trkpt lat="31.54009" lon="-110.73342">
        <ele>1253.0</ele>
      </trkpt>
      <trkpt lat="31.5401" lon="-110.73318">
        <ele>1252.6</ele>
      </trkpt>
      <trkpt lat="31.5401" lon="-110.733">
        <ele>1252.3</ele>
      </trkpt>
      <trkpt lat="31.5401" lon="-110.73246">
        <ele>1251.6</ele>
      </trkpt>
      <trkpt lat="31.54008" lon="-110.73221">
        <ele>1251.6</ele>
      </trkpt>
      <trkpt lat="31.54007" lon="-110.73202">
        <ele>1251.7</ele>
      </trkpt>
      <trkpt lat="31.54003" lon="-110.73177">
        <ele>1251.9</ele>
      </trkpt>
      <trkpt lat="31.53994" lon="-110.73153">
        <ele>1252.1</ele>
      </trkpt>
      <trkpt lat="31.53983" lon="-110.73137">
        <ele>1252.3</ele>
      </trkpt>
      <trkpt lat="31.53967" lon="-110.73121">
        <ele>1252.5</ele>
      </trkpt>
      <trkpt lat="31.5395" lon="-110.73109">
        <ele>1252.7</ele>
      </trkpt>
      <trkpt lat="31.53903" lon="-110.73081">
        <ele>1253.2</ele>
      </trkpt>
      <trkpt lat="31.53871" lon="-110.73058">
        <ele>1253.7</ele>
      </trkpt>
      <trkpt lat="31.53867" lon="-110.73054">
        <ele>1253.8</ele>
      </trkpt>
      <trkpt lat="31.53817" lon="-110.7302">
        <ele>1254.7</ele>
      </trkpt>
      <trkpt lat="31.53725" lon="-110.72951">
        <ele>1260.2</ele>
      </trkpt>
      <trkpt lat="31.53695" lon="-110.72927">
        <ele>1261.1</ele>
      </trkpt>
      <trkpt lat="31.53676" lon="-110.72905">
        <ele>1261.7</ele>
      </trkpt>
      <trkpt lat="31.53668" lon="-110.72893">
        <ele>1261.6</ele>
      </trkpt>
      <trkpt lat="31.53664" lon="-110.72886">
        <ele>1261.5</ele>
      </trkpt>
      <trkpt lat="31.53655" lon="-110.72867">
        <ele>1261.3</ele>
      </trkpt>
      <trkpt lat="31.53649" lon="-110.7285">
        <ele>1260.9</ele>
      </trkpt>
      <trkpt lat="31.53642" lon="-110.72826">
        <ele>1259.9</ele>
      </trkpt>
      <trkpt lat="31.5364" lon="-110.72795">
        <ele>1260.0</ele>
      </trkpt>
      <trkpt lat="31.53635" lon="-110.72754">
        <ele>1260.0</ele>
      </trkpt>
      <trkpt lat="31.53625" lon="-110.72672">
        <ele>1259.5</ele>
      </trkpt>
      <trkpt lat="31.53625" lon="-110.72667">
        <ele>1259.5</ele>
      </trkpt>
      <trkpt lat="31.5362" lon="-110.72639">
        <ele>1259.4</ele>
      </trkpt>
      <trkpt lat="31.53616" lon="-110.72621">
        <ele>1259.4</ele>
      </trkpt>
      <trkpt lat="31.5361" lon="-110.72599">
        <ele>1259.3</ele>
      </trkpt>
      <trkpt lat="31.53599" lon="-110.7257">
        <ele>1259.3</ele>
      </trkpt>
      <trkpt lat="31.53587" lon="-110.72546">
        <ele>1259.8</ele>
      </trkpt>
      <trkpt lat="31.5357" lon="-110.72517">
        <ele>1260.6</ele>
      </trkpt>
      <trkpt lat="31.53543" lon="-110.72478">
        <ele>1262.5</ele>
      </trkpt>
      <trkpt lat="31.53524" lon="-110.72456">
        <ele>1264.0</ele>
      </trkpt>
      <trkpt lat="31.53473" lon="-110.72395">
        <ele>1268.1</ele>
      </trkpt>
      <trkpt lat="31.53443" lon="-110.72363">
        <ele>1268.2</ele>
      </trkpt>
      <trkpt lat="31.53383" lon="-110.72303">
        <ele>1268.7</ele>
      </trkpt>
      <trkpt lat="31.53368" lon="-110.72282">
        <ele>1269.4</ele>
      </trkpt>
      <trkpt lat="31.53354" lon="-110.72261">
        <ele>1270.0</ele>
      </trkpt>
      <trkpt lat="31.53343" lon="-110.72237">
        <ele>1271.2</ele>
      </trkpt>
      <trkpt lat="31.53335" lon="-110.72209">
        <ele>1272.0</ele>
      </trkpt>
      <trkpt lat="31.53329" lon="-110.72176">
        <ele>1271.5</ele>
      </trkpt>
      <trkpt lat="31.53307" lon="-110.72063">
        <ele>1269.3</ele>
      </trkpt>
      <trkpt lat="31.53296" lon="-110.72022">
        <ele>1268.6</ele>
      </trkpt>
      <trkpt lat="31.53285" lon="-110.71989">
        <ele>1268.0</ele>
      </trkpt>
      <trkpt lat="31.53281" lon="-110.71974">
        <ele>1268.7</ele>
      </trkpt>
      <trkpt lat="31.53257" lon="-110.71923">
        <ele>1274.8</ele>
      </trkpt>
      <trkpt lat="31.53239" lon="-110.71897">
        <ele>1275.4</ele>
      </trkpt>
      <trkpt lat="31.53219" lon="-110.71877">
        <ele>1275.4</ele>
      </trkpt>
      <trkpt lat="31.53188" lon="-110.71858">
        <ele>1275.8</ele>
      </trkpt>
      <trkpt lat="31.53128" lon="-110.71824">
        <ele>1277.0</ele>
      </trkpt>
      <trkpt lat="31.53103" lon="-110.71806">
        <ele>1280.7</ele>
      </trkpt>
      <trkpt lat="31.53086" lon="-110.71788">
        <ele>1280.3</ele>
      </trkpt>
      <trkpt lat="31.53069" lon="-110.71768">
        <ele>1277.5</ele>
      </trkpt>
      <trkpt lat="31.53053" lon="-110.71739">
        <ele>1277.3</ele>
      </trkpt>
      <trkpt lat="31.5303" lon="-110.71685">
        <ele>1277.9</ele>
      </trkpt>
      <trkpt lat="31.53022" lon="-110.71649">
        <ele>1278.0</ele>
      </trkpt>
      <trkpt lat="31.53021" lon="-110.71626">
        <ele>1278.2</ele>
      </trkpt>
      <trkpt lat="31.53025" lon="-110.71591">
        <ele>1278.7</ele>
      </trkpt>
      <trkpt lat="31.53044" lon="-110.71506">
        <ele>1277.4</ele>
      </trkpt>
      <trkpt lat="31.53054" lon="-110.71454">
        <ele>1278.9</ele>
      </trkpt>
      <trkpt lat="31.53058" lon="-110.71412">
        <ele>1278.9</ele>
      </trkpt>
      <trkpt lat="31.5306" lon="-110.7138">
        <ele>1279.1</ele>
      </trkpt>
      <trkpt lat="31.53056" lon="-110.71354">
        <ele>1279.1</ele>
      </trkpt>
      <trkpt lat="31.53044" lon="-110.71304">
        <ele>1280.0</ele>
      </trkpt>
      <trkpt lat="31.53028" lon="-110.71281">
        <ele>1280.3</ele>
      </trkpt>
      <trkpt lat="31.53016" lon="-110.71269">
        <ele>1280.6</ele>
      </trkpt>
      <trkpt lat="31.53007" lon="-110.71259">
        <ele>1281.0</ele>
      </trkpt>
      <trkpt lat="31.52984" lon="-110.71238">
        <ele>1281.9</ele>
      </trkpt>
      <trkpt lat="31.5294" lon="-110.71213">
        <ele>1283.1</ele>
      </trkpt>
      <trkpt lat="31.52895" lon="-110.71189">
        <ele>1283.8</ele>
      </trkpt>
      <trkpt lat="31.52852" lon="-110.71167">
        <ele>1283.6</ele>
      </trkpt>
      <trkpt lat="31.52822" lon="-110.7115">
        <ele>1284.1</ele>
      </trkpt>
      <trkpt lat="31.52798" lon="-110.71135">
        <ele>1285.1</ele>
      </trkpt>
      <trkpt lat="31.52793" lon="-110.71131">
        <ele>1285.3</ele>
      </trkpt>
      <trkpt lat="31.5278" lon="-110.7112">
        <ele>1286.0</ele>
      </trkpt>
      <trkpt lat="31.52761" lon="-110.71096">
        <ele>1287.2</ele>
      </trkpt>
      <trkpt lat="31.52749" lon="-110.71072">
        <ele>1287.5</ele>
      </trkpt>
      <trkpt lat="31.5274" lon="-110.7105">
        <ele>1287.4</ele>
      </trkpt>
      <trkpt lat="31.52732" lon="-110.71015">
        <ele>1286.9</ele>
      </trkpt>
      <trkpt lat="31.52725" lon="-110.70977">
        <ele>1287.4</ele>
      </trkpt>
      <trkpt lat="31.52716" lon="-110.70938">
        <ele>1287.7</ele>
      </trkpt>
      <trkpt lat="31.52708" lon="-110.70915">
        <ele>1287.7</ele>
      </trkpt>
      <trkpt lat="31.52695" lon="-110.70889">
        <ele>1287.7</ele>
      </trkpt>
      <trkpt lat="31.5268" lon="-110.70863">
        <ele>1288.2</ele>
      </trkpt>
      <trkpt lat="31.52662" lon="-110.70842">
        <ele>1288.4</ele>
      </trkpt>
      <trkpt lat="31.5264" lon="-110.70824">
        <ele>1288.9</ele>
      </trkpt>
      <trkpt lat="31.5262" lon="-110.7081">
        <ele>1289.8</ele>
      </trkpt>
      <trkpt lat="31.526" lon="-110.70799">
        <ele>1290.1</ele>
      </trkpt>
      <trkpt lat="31.5257" lon="-110.70784">
        <ele>1290.3</ele>
      </trkpt>
      <trkpt lat="31.52548" lon="-110.70776">
        <ele>1290.1</ele>
      </trkpt>
      <trkpt lat="31.52548" lon="-110.70776">
        <ele>1290.1</ele>
      </trkpt>
      <trkpt lat="31.5249" lon="-110.70732">
        <ele>1290.0</ele>
      </trkpt>
      <trkpt lat="31.52444" lon="-110.707">
        <ele>1292.2</ele>
      </trkpt>
      <trkpt lat="31.52407" lon="-110.70665">
        <ele>1293.8</ele>
      </trkpt>
      <trkpt lat="31.52365" lon="-110.7062">
        <ele>1297.5</ele>
      </trkpt>
      <trkpt lat="31.52298" lon="-110.70537">
        <ele>1298.1</ele>
      </trkpt>
      <trkpt lat="31.52287" lon="-110.7052">
        <ele>1297.9</ele>
      </trkpt>
      <trkpt lat="31.52284" lon="-110.70509">
        <ele>1298.2</ele>
      </trkpt>
      <trkpt lat="31.52281" lon="-110.70495">
        <ele>1298.6</ele>
      </trkpt>
      <trkpt lat="31.52281" lon="-110.7048">
        <ele>1299.0</ele>
      </trkpt>
      <trkpt lat="31.52283" lon="-110.70459">
        <ele>1299.0</ele>
      </trkpt>
      <trkpt lat="31.52285" lon="-110.70439">
        <ele>1299.1</ele>
      </trkpt>
      <trkpt lat="31.52285" lon="-110.70425">
        <ele>1299.0</ele>
      </trkpt>
      <trkpt lat="31.52278" lon="-110.70394">
        <ele>1297.8</ele>
      </trkpt>
      <trkpt lat="31.52269" lon="-110.70362">
        <ele>1297.1</ele>
      </trkpt>
      <trkpt lat="31.52263" lon="-110.70339">
        <ele>1298.0</ele>
      </trkpt>
      <trkpt lat="31.5226" lon="-110.70316">
        <ele>1299.1</ele>
      </trkpt>
      <trkpt lat="31.52259" lon="-110.70295">
        <ele>1300.2</ele>
      </trkpt>
      <trkpt lat="31.52263" lon="-110.70254">
        <ele>1300.9</ele>
      </trkpt>
      <trkpt lat="31.52262" lon="-110.70232">
        <ele>1300.9</ele>
      </trkpt>
      <trkpt lat="31.5226" lon="-110.70217">
        <ele>1300.8</ele>
      </trkpt>
      <trkpt lat="31.52257" lon="-110.70204">
        <ele>1300.7</ele>
      </trkpt>
      <trkpt lat="31.52251" lon="-110.70189">
        <ele>1300.8</ele>
      </trkpt>
      <trkpt lat="31.5224" lon="-110.70173">
        <ele>1301.1</ele>
      </trkpt>
      <trkpt lat="31.52228" lon="-110.7016">
        <ele>1301.5</ele>
      </trkpt>
      <trkpt lat="31.5219" lon="-110.70135">
        <ele>1303.6</ele>
      </trkpt>
      <trkpt lat="31.52164" lon="-110.70112">
        <ele>1307.6</ele>
      </trkpt>
      <trkpt lat="31.52142" lon="-110.70089">
        <ele>1308.8</ele>
      </trkpt>
      <trkpt lat="31.52129" lon="-110.70071">
        <ele>1308.8</ele>
      </trkpt>
      <trkpt lat="31.52114" lon="-110.70042">
        <ele>1308.5</ele>
      </trkpt>
      <trkpt lat="31.52102" lon="-110.70009">
        <ele>1308.0</ele>
      </trkpt>
      <trkpt lat="31.52101" lon="-110.69998">
        <ele>1307.5</ele>
      </trkpt>
      <trkpt lat="31.52095" lon="-110.69986">
        <ele>1307.4</ele>
      </trkpt>
      <trkpt lat="31.5209" lon="-110.69964">
        <ele>1306.4</ele>
      </trkpt>
      <trkpt lat="31.52082" lon="-110.69943">
        <ele>1305.6</ele>
      </trkpt>
      <trkpt lat="31.52062" lon="-110.69915">
        <ele>1305.0</ele>
      </trkpt>
      <trkpt lat="31.52045" lon="-110.699">
        <ele>1305.1</ele>
      </trkpt>
      <trkpt lat="31.52023" lon="-110.69881">
        <ele>1304.7</ele>
      </trkpt>
      <trkpt lat="31.51998" lon="-110.69866">
        <ele>1305.2</ele>
      </trkpt>
      <trkpt lat="31.51968" lon="-110.69851">
        <ele>1306.2</ele>
      </trkpt>
      <trkpt lat="31.51912" lon="-110.69826">
        <ele>1308.7</ele>
      </trkpt>
      <trkpt lat="31.51889" lon="-110.69811">
        <ele>1309.4</ele>
      </trkpt>
      <trkpt lat="31.51867" lon="-110.69793">
        <ele>1309.9</ele>
      </trkpt>
      <trkpt lat="31.51864" lon="-110.69789">
        <ele>1310.2</ele>
      </trkpt>
      <trkpt lat="31.51852" lon="-110.69773">
        <ele>1311.9</ele>
      </trkpt>
      <trkpt lat="31.51841" lon="-110.69741">
        <ele>1311.7</ele>
      </trkpt>
      <trkpt lat="31.51839" lon="-110.69715">
        <ele>1312.0</ele>
      </trkpt>
      <trkpt lat="31.51841" lon="-110.6969">
        <ele>1317.5</ele>
      </trkpt>
      <trkpt lat="31.51855" lon="-110.69641">
        <ele>1316.7</ele>
      </trkpt>
      <trkpt lat="31.51864" lon="-110.69623">
        <ele>1316.7</ele>
      </trkpt>
      <trkpt lat="31.51879" lon="-110.69595">
        <ele>1318.8</ele>
      </trkpt>
      <trkpt lat="31.51893" lon="-110.69566">
        <ele>1321.3</ele>
      </trkpt>
      <trkpt lat="31.51905" lon="-110.69534">
        <ele>1322.5</ele>
      </trkpt>
      <trkpt lat="31.51906" lon="-110.69507">
        <ele>1322.2</ele>
      </trkpt>
      <trkpt lat="31.51902" lon="-110.69499">
        <ele>1323.0</ele>
      </trkpt>
      <trkpt lat="31.51894" lon="-110.69489">
        <ele>1324.3</ele>
      </trkpt>
      <trkpt lat="31.51875" lon="-110.69473">
        <ele>1325.8</ele>
      </trkpt>
      <trkpt lat="31.51846" lon="-110.69459">
        <ele>1329.5</ele>
      </trkpt>
      <trkpt lat="31.51838" lon="-110.69454">
        <ele>1330.4</ele>
      </trkpt>
      <trkpt lat="31.51838" lon="-110.69454">
        <ele>1330.4</ele>
      </trkpt>
      <trkpt lat="31.51816" lon="-110.69441">
        <ele>1331.1</ele>
      </trkpt>
      <trkpt lat="31.51805" lon="-110.6943">
        <ele>1330.4</ele>
      </trkpt>
      <trkpt lat="31.51789" lon="-110.69414">
        <ele>1329.1</ele>
      </trkpt>
      <trkpt lat="31.51739" lon="-110.69325">
        <ele>1317.5</ele>
      </trkpt>
      <trkpt lat="31.51737" lon="-110.69321">
        <ele>1317.3</ele>
      </trkpt>
      <trkpt lat="31.51723" lon="-110.69302">
        <ele>1321.1</ele>
      </trkpt>
      <trkpt lat="31.51709" lon="-110.69286">
        <ele>1325.6</ele>
      </trkpt>
      <trkpt lat="31.51691" lon="-110.69283">
        <ele>1324.4</ele>
      </trkpt>
      <trkpt lat="31.51672" lon="-110.69283">
        <ele>1324.2</ele>
      </trkpt>
      <trkpt lat="31.51646" lon="-110.69286">
        <ele>1323.8</ele>
      </trkpt>
      <trkpt lat="31.5162" lon="-110.69291">
        <ele>1323.3</ele>
      </trkpt>
      <trkpt lat="31.51592" lon="-110.69295">
        <ele>1323.4</ele>
      </trkpt>
      <trkpt lat="31.51558" lon="-110.69293">
        <ele>1323.8</ele>
      </trkpt>
      <trkpt lat="31.51536" lon="-110.69293">
        <ele>1323.7</ele>
      </trkpt>
      <trkpt lat="31.51516" lon="-110.69282">
        <ele>1324.6</ele>
      </trkpt>
      <trkpt lat="31.51496" lon="-110.69271">
        <ele>1324.7</ele>
      </trkpt>
      <trkpt lat="31.51483" lon="-110.69251">
        <ele>1325.1</ele>
      </trkpt>
      <trkpt lat="31.51476" lon="-110.69233">
        <ele>1325.1</ele>
      </trkpt>
      <trkpt lat="31.51475" lon="-110.69211">
        <ele>1325.4</ele>
      </trkpt>
      <trkpt lat="31.5148" lon="-110.69177">
        <ele>1325.8</ele>
      </trkpt>
      <trkpt lat="31.51489" lon="-110.69149">
        <ele>1326.2</ele>
      </trkpt>
      <trkpt lat="31.51506" lon="-110.69117">
        <ele>1332.8</ele>
      </trkpt>
      <trkpt lat="31.51522" lon="-110.69082">
        <ele>1329.2</ele>
      </trkpt>
      <trkpt lat="31.51535" lon="-110.69048">
        <ele>1327.0</ele>
      </trkpt>
      <trkpt lat="31.51549" lon="-110.6898">
        <ele>1330.7</ele>
      </trkpt>
      <trkpt lat="31.51562" lon="-110.68932">
        <ele>1331.6</ele>
      </trkpt>
      <trkpt lat="31.51578" lon="-110.68896">
        <ele>1333.3</ele>
      </trkpt>
      <trkpt lat="31.51592" lon="-110.68869">
        <ele>1333.6</ele>
      </trkpt>
      <trkpt lat="31.51608" lon="-110.68832">
        <ele>1333.6</ele>
      </trkpt>
      <trkpt lat="31.51617" lon="-110.68803">
        <ele>1336.9</ele>
      </trkpt>
      <trkpt lat="31.51629" lon="-110.68758">
        <ele>1338.1</ele>
      </trkpt>
      <trkpt lat="31.51635" lon="-110.6869">
        <ele>1336.5</ele>
      </trkpt>
      <trkpt lat="31.51641" lon="-110.68656">
        <ele>1337.4</ele>
      </trkpt>
      <trkpt lat="31.51639" lon="-110.68637">
        <ele>1338.5</ele>
      </trkpt>
      <trkpt lat="31.5162" lon="-110.68583">
        <ele>1338.0</ele>
      </trkpt>
      <trkpt lat="31.5161" lon="-110.68553">
        <ele>1334.8</ele>
      </trkpt>
      <trkpt lat="31.51579" lon="-110.68487">
        <ele>1333.7</ele>
      </trkpt>
      <trkpt lat="31.51551" lon="-110.68457">
        <ele>1334.2</ele>
      </trkpt>
      <trkpt lat="31.51513" lon="-110.68428">
        <ele>1336.9</ele>
      </trkpt>
      <trkpt lat="31.5146" lon="-110.68411">
        <ele>1337.7</ele>
      </trkpt>
      <trkpt lat="31.51418" lon="-110.68406">
        <ele>1339.9</ele>
      </trkpt>
      <trkpt lat="31.51314" lon="-110.68424">
        <ele>1341.0</ele>
      </trkpt>
      <trkpt lat="31.51295" lon="-110.68423">
        <ele>1340.9</ele>
      </trkpt>
      <trkpt lat="31.51253" lon="-110.68419">
        <ele>1344.1</ele>
      </trkpt>
      <trkpt lat="31.51228" lon="-110.68414">
        <ele>1344.9</ele>
      </trkpt>
      <trkpt lat="31.512" lon="-110.684">
        <ele>1343.4</ele>
      </trkpt>
      <trkpt lat="31.51189" lon="-110.68392">
        <ele>1343.0</ele>
      </trkpt>
      <trkpt lat="31.51165" lon="-110.68377">
        <ele>1343.9</ele>
      </trkpt>
      <trkpt lat="31.51134" lon="-110.68366">
        <ele>1346.4</ele>
      </trkpt>
      <trkpt lat="31.51118" lon="-110.68347">
        <ele>1346.0</ele>
      </trkpt>
      <trkpt lat="31.51106" lon="-110.68323">
        <ele>1345.6</ele>
      </trkpt>
      <trkpt lat="31.51104" lon="-110.68306">
        <ele>1345.7</ele>
      </trkpt>
      <trkpt lat="31.51092" lon="-110.68278">
        <ele>1347.5</ele>
      </trkpt>
      <trkpt lat="31.51081" lon="-110.68264">
        <ele>1347.8</ele>
      </trkpt>
      <trkpt lat="31.51058" lon="-110.68247">
        <ele>1349.5</ele>
      </trkpt>
      <trkpt lat="31.51042" lon="-110.68236">
        <ele>1349.4</ele>
      </trkpt>
      <trkpt lat="31.51027" lon="-110.68235">
        <ele>1350.0</ele>
      </trkpt>
      <trkpt lat="31.51008" lon="-110.68254">
        <ele>1354.1</ele>
      </trkpt>
      <trkpt lat="31.51" lon="-110.68263">
        <ele>1355.4</ele>
      </trkpt>
      <trkpt lat="31.50993" lon="-110.68279">
        <ele>1359.8</ele>
      </trkpt>
      <trkpt lat="31.50974" lon="-110.68289">
        <ele>1360.3</ele>
      </trkpt>
      <trkpt lat="31.50959" lon="-110.68287">
        <ele>1356.9</ele>
      </trkpt>
      <trkpt lat="31.50939" lon="-110.68277">
        <ele>1355.4</ele>
      </trkpt>
      <trkpt lat="31.50924" lon="-110.68267">
        <ele>1355.8</ele>
      </trkpt>
      <trkpt lat="31.50903" lon="-110.68242">
        <ele>1359.6</ele>
      </trkpt>
      <trkpt lat="31.50886" lon="-110.68218">
        <ele>1359.7</ele>
      </trkpt>
      <trkpt lat="31.50856" lon="-110.68177">
        <ele>1358.4</ele>
      </trkpt>
      <trkpt lat="31.5083" lon="-110.68147">
        <ele>1358.0</ele>
      </trkpt>
      <trkpt lat="31.50796" lon="-110.6813">
        <ele>1358.5</ele>
      </trkpt>
      <trkpt lat="31.50723" lon="-110.68053">
        <ele>1365.5</ele>
      </trkpt>
      <trkpt lat="31.50711" lon="-110.68026">
        <ele>1364.0</ele>
      </trkpt>
      <trkpt lat="31.50682" lon="-110.67889">
        <ele>1361.1</ele>
      </trkpt>
      <trkpt lat="31.5067" lon="-110.67824">
        <ele>1361.9</ele>
      </trkpt>
      <trkpt lat="31.50663" lon="-110.678">
        <ele>1362.2</ele>
      </trkpt>
      <trkpt lat="31.50654" lon="-110.67783">
        <ele>1362.3</ele>
      </trkpt>
      <trkpt lat="31.50641" lon="-110.67772">
        <ele>1362.6</ele>
      </trkpt>
      <trkpt lat="31.50627" lon="-110.67766">
        <ele>1362.8</ele>
      </trkpt>
      <trkpt lat="31.50606" lon="-110.67763">
        <ele>1363.1</ele>
      </trkpt>
      <trkpt lat="31.50587" lon="-110.67769">
        <ele>1363.7</ele>
      </trkpt>
      <trkpt lat="31.50565" lon="-110.67783">
        <ele>1364.1</ele>
      </trkpt>
      <trkpt lat="31.50511" lon="-110.67815">
        <ele>1365.9</ele>
      </trkpt>
      <trkpt lat="31.50452" lon="-110.67843">
        <ele>1369.6</ele>
      </trkpt>
      <trkpt lat="31.50406" lon="-110.67865">
        <ele>1371.3</ele>
      </trkpt>
      <trkpt lat="31.50328" lon="-110.67871">
        <ele>1369.2</ele>
      </trkpt>
      <trkpt lat="31.50267" lon="-110.67873">
        <ele>1368.3</ele>
      </trkpt>
      <trkpt lat="31.50223" lon="-110.67895">
        <ele>1368.5</ele>
      </trkpt>
      <trkpt lat="31.50193" lon="-110.67933">
        <ele>1369.0</ele>
      </trkpt>
      <trkpt lat="31.50162" lon="-110.67978">
        <ele>1373.2</ele>
      </trkpt>
      <trkpt lat="31.50079" lon="-110.68059">
        <ele>1379.1</ele>
      </trkpt>
      <trkpt lat="31.50001" lon="-110.68124">
        <ele>1378.8</ele>
      </trkpt>
      <trkpt lat="31.49968" lon="-110.68151">
        <ele>1376.7</ele>
      </trkpt>
      <trkpt lat="31.49919" lon="-110.68158">
        <ele>1374.8</ele>
      </trkpt>
      <trkpt lat="31.49807" lon="-110.68172">
        <ele>1379.9</ele>
      </trkpt>
      <trkpt lat="31.49781" lon="-110.68182">
        <ele>1381.8</ele>
      </trkpt>
      <trkpt lat="31.49684" lon="-110.68295">
        <ele>1384.3</ele>
      </trkpt>
      <trkpt lat="31.49647" lon="-110.68351">
        <ele>1386.3</ele>
      </trkpt>
      <trkpt lat="31.4962" lon="-110.68397">
        <ele>1386.6</ele>
      </trkpt>
      <trkpt lat="31.49595" lon="-110.68425">
        <ele>1385.9</ele>
      </trkpt>
      <trkpt lat="31.49576" lon="-110.68438">
        <ele>1386.0</ele>
      </trkpt>
      <trkpt lat="31.49474" lon="-110.68456">
        <ele>1386.3</ele>
      </trkpt>
      <trkpt lat="31.49422" lon="-110.68465">
        <ele>1386.4</ele>
      </trkpt>
      <trkpt lat="31.4936" lon="-110.68476">
        <ele>1385.9</ele>
      </trkpt>
      <trkpt lat="31.49302" lon="-110.68507">
        <ele>1390.6</ele>
      </trkpt>
      <trkpt lat="31.49255" lon="-110.68537">
        <ele>1391.8</ele>
      </trkpt>
      <trkpt lat="31.49214" lon="-110.68568">
        <ele>1391.3</ele>
      </trkpt>
      <trkpt lat="31.49187" lon="-110.68577">
        <ele>1390.0</ele>
      </trkpt>
      <trkpt lat="31.49172" lon="-110.68578">
        <ele>1389.5</ele>
      </trkpt>
      <trkpt lat="31.4915" lon="-110.68575">
        <ele>1390.4</ele>
      </trkpt>
      <trkpt lat="31.49132" lon="-110.68566">
        <ele>1391.0</ele>
      </trkpt>
      <trkpt lat="31.49113" lon="-110.68554">
        <ele>1391.5</ele>
      </trkpt>
      <trkpt lat="31.49092" lon="-110.68542">
        <ele>1391.7</ele>
      </trkpt>
      <trkpt lat="31.49057" lon="-110.68534">
        <ele>1392.2</ele>
      </trkpt>
      <trkpt lat="31.4902" lon="-110.68534">
        <ele>1392.4</ele>
      </trkpt>
      <trkpt lat="31.4902" lon="-110.68534">
        <ele>1392.4</ele>
      </trkpt>
      <trkpt lat="31.48856" lon="-110.6862">
        <ele>1392.5</ele>
      </trkpt>
      <trkpt lat="31.48856" lon="-110.6862">
        <ele>1392.5</ele>
      </trkpt>
      <trkpt lat="31.48858" lon="-110.68606">
        <ele>1391.3</ele>
      </trkpt>
      <trkpt lat="31.48861" lon="-110.68584">
        <ele>1389.6</ele>
      </trkpt>
      <trkpt lat="31.48861" lon="-110.68564">
        <ele>1389.7</ele>
      </trkpt>
      <trkpt lat="31.48862" lon="-110.68552">
        <ele>1389.9</ele>
      </trkpt>
      <trkpt lat="31.48857" lon="-110.68535">
        <ele>1390.3</ele>
      </trkpt>
      <trkpt lat="31.48844" lon="-110.68492">
        <ele>1393.0</ele>
      </trkpt>
      <trkpt lat="31.48844" lon="-110.68492">
        <ele>1393.0</ele>
      </trkpt>
      <trkpt lat="31.4882" lon="-110.68484">
        <ele>1393.9</ele>
      </trkpt>
      <trkpt lat="31.4882" lon="-110.684845">
        <ele>1393.8</ele>
      </trkpt>
      <trkpt lat="31.48726" lon="-110.68455">
        <ele>1391.7</ele>
      </trkpt>
      <trkpt lat="31.4868" lon="-110.68432">
        <ele>1395.1</ele>
      </trkpt>
      <trkpt lat="31.4863" lon="-110.68394">
        <ele>1398.5</ele>
      </trkpt>
      <trkpt lat="31.48575" lon="-110.68355">
        <ele>1399.4</ele>
      </trkpt>
      <trkpt lat="31.48557" lon="-110.68331">
        <ele>1399.0</ele>
      </trkpt>
      <trkpt lat="31.48546" lon="-110.68285">
        <ele>1396.7</ele>
      </trkpt>
      <trkpt lat="31.48523" lon="-110.68229">
        <ele>1396.2</ele>
      </trkpt>
      <trkpt lat="31.48481" lon="-110.68187">
        <ele>1399.3</ele>
      </trkpt>
      <trkpt lat="31.48379" lon="-110.68125">
        <ele>1401.0</ele>
      </trkpt>
      <trkpt lat="31.48347" lon="-110.68103">
        <ele>1405.7</ele>
      </trkpt>
      <trkpt lat="31.48292" lon="-110.68052">
        <ele>1407.2</ele>
      </trkpt>
      <trkpt lat="31.48271" lon="-110.67999">
        <ele>1405.9</ele>
      </trkpt>
      <trkpt lat="31.48254" lon="-110.67914">
        <ele>1404.7</ele>
      </trkpt>
      <trkpt lat="31.48242" lon="-110.6784">
        <ele>1404.1</ele>
      </trkpt>
      <trkpt lat="31.48216" lon="-110.6779">
        <ele>1406.8</ele>
      </trkpt>
      <trkpt lat="31.48149" lon="-110.67696">
        <ele>1407.7</ele>
      </trkpt>
      <trkpt lat="31.48059" lon="-110.67625">
        <ele>1407.7</ele>
      </trkpt>
      <trkpt lat="31.4803" lon="-110.67608">
        <ele>1406.6</ele>
      </trkpt>
      <trkpt lat="31.47996" lon="-110.67587">
        <ele>1409.5</ele>
      </trkpt>
      <trkpt lat="31.47971" lon="-110.67573">
        <ele>1409.7</ele>
      </trkpt>
      <trkpt lat="31.47956" lon="-110.67538">
        <ele>1409.4</ele>
      </trkpt>
      <trkpt lat="31.47952" lon="-110.67504">
        <ele>1411.8</ele>
      </trkpt>
      <trkpt lat="31.47959" lon="-110.67418">
        <ele>1412.7</ele>
      </trkpt>
      <trkpt lat="31.4794" lon="-110.67362">
        <ele>1417.2</ele>
      </trkpt>
      <trkpt lat="31.47917" lon="-110.67259">
        <ele>1420.4</ele>
      </trkpt>
      <trkpt lat="31.47905" lon="-110.67222">
        <ele>1419.9</ele>
      </trkpt>
      <trkpt lat="31.47886" lon="-110.672">
        <ele>1419.9</ele>
      </trkpt>
      <trkpt lat="31.47846" lon="-110.67186">
        <ele>1420.6</ele>
      </trkpt>
      <trkpt lat="31.47716" lon="-110.67173">
        <ele>1422.6</ele>
      </trkpt>
      <trkpt lat="31.47602" lon="-110.67167">
        <ele>1424.8</ele>
      </trkpt>
      <trkpt lat="31.4753" lon="-110.67124">
        <ele>1430.1</ele>
      </trkpt>
      <trkpt lat="31.47462" lon="-110.67078">
        <ele>1431.0</ele>
      </trkpt>
      <trkpt lat="31.47422" lon="-110.67076">
        <ele>1428.8</ele>
      </trkpt>
      <trkpt lat="31.47398" lon="-110.67092">
        <ele>1429.9</ele>
      </trkpt>
      <trkpt lat="31.47372" lon="-110.67104">
        <ele>1430.7</ele>
      </trkpt>
      <trkpt lat="31.47334" lon="-110.67099">
        <ele>1429.2</ele>
      </trkpt>
      <trkpt lat="31.47285" lon="-110.67087">
        <ele>1431.2</ele>
      </trkpt>
      <trkpt lat="31.47227" lon="-110.67079">
        <ele>1431.5</ele>
      </trkpt>
      <trkpt lat="31.47112" lon="-110.67083">
        <ele>1433.0</ele>
      </trkpt>
      <trkpt lat="31.47079" lon="-110.67068">
        <ele>1437.6</ele>
      </trkpt>
      <trkpt lat="31.47046" lon="-110.67038">
        <ele>1439.0</ele>
      </trkpt>
      <trkpt lat="31.46988" lon="-110.66988">
        <ele>1436.4</ele>
      </trkpt>
      <trkpt lat="31.46953" lon="-110.66971">
        <ele>1437.0</ele>
      </trkpt>
      <trkpt lat="31.46929" lon="-110.66962">
        <ele>1438.1</ele>
      </trkpt>
      <trkpt lat="31.46895" lon="-110.66965">
        <ele>1438.7</ele>
      </trkpt>
      <trkpt lat="31.46876" lon="-110.66957">
        <ele>1440.4</ele>
      </trkpt>
      <trkpt lat="31.46851" lon="-110.66942">
        <ele>1442.4</ele>
      </trkpt>
      <trkpt lat="31.46817" lon="-110.66929">
        <ele>1443.4</ele>
      </trkpt>
      <trkpt lat="31.46764" lon="-110.66934">
        <ele>1442.6</ele>
      </trkpt>
      <trkpt lat="31.46708" lon="-110.6695">
        <ele>1444.3</ele>
      </trkpt>
      <trkpt lat="31.46655" lon="-110.66962">
        <ele>1446.5</ele>
      </trkpt>
      <trkpt lat="31.46544" lon="-110.67">
        <ele>1449.9</ele>
      </trkpt>
      <trkpt lat="31.46459" lon="-110.67026">
        <ele>1451.0</ele>
      </trkpt>
      <trkpt lat="31.46428" lon="-110.67028">
        <ele>1451.3</ele>
      </trkpt>
      <trkpt lat="31.46383" lon="-110.67026">
        <ele>1451.4</ele>
      </trkpt>
      <trkpt lat="31.46307" lon="-110.6705">
        <ele>1452.1</ele>
      </trkpt>
      <trkpt lat="31.46255" lon="-110.67069">
        <ele>1452.5</ele>
      </trkpt>
      <trkpt lat="31.46228" lon="-110.67083">
        <ele>1452.5</ele>
      </trkpt>
      <trkpt lat="31.46191" lon="-110.67099">
        <ele>1453.5</ele>
      </trkpt>
      <trkpt lat="31.46153" lon="-110.67116">
        <ele>1454.5</ele>
      </trkpt>
      <trkpt lat="31.46092" lon="-110.67137">
        <ele>1456.8</ele>
      </trkpt>
      <trkpt lat="31.4604" lon="-110.67154">
        <ele>1457.7</ele>
      </trkpt>
      <trkpt lat="31.45999" lon="-110.67157">
        <ele>1458.2</ele>
      </trkpt>
      <trkpt lat="31.4597" lon="-110.67148">
        <ele>1459.1</ele>
      </trkpt>
      <trkpt lat="31.4595" lon="-110.67133">
        <ele>1460.0</ele>
      </trkpt>
      <trkpt lat="31.45899" lon="-110.6707">
        <ele>1463.0</ele>
      </trkpt>
      <trkpt lat="31.45883" lon="-110.67058">
        <ele>1463.6</ele>
      </trkpt>
      <trkpt lat="31.45867" lon="-110.67037">
        <ele>1465.0</ele>
      </trkpt>
      <trkpt lat="31.4585" lon="-110.67011">
        <ele>1465.7</ele>
      </trkpt>
      <trkpt lat="31.4584" lon="-110.6698">
        <ele>1467.5</ele>
      </trkpt>
      <trkpt lat="31.45827" lon="-110.66944">
        <ele>1468.2</ele>
      </trkpt>
      <trkpt lat="31.45817" lon="-110.66896">
        <ele>1469.0</ele>
      </trkpt>
      <trkpt lat="31.45778" lon="-110.66821">
        <ele>1469.2</ele>
      </trkpt>
      <trkpt lat="31.45757" lon="-110.66781">
        <ele>1470.1</ele>
      </trkpt>
      <trkpt lat="31.45745" lon="-110.66751">
        <ele>1470.2</ele>
      </trkpt>
      <trkpt lat="31.45728" lon="-110.66666">
        <ele>1475.3</ele>
      </trkpt>
      <trkpt lat="31.45725" lon="-110.66601">
        <ele>1480.4</ele>
      </trkpt>
      <trkpt lat="31.45734" lon="-110.66547">
        <ele>1484.6</ele>
      </trkpt>
      <trkpt lat="31.45743" lon="-110.66473">
        <ele>1483.5</ele>
      </trkpt>
      <trkpt lat="31.45753" lon="-110.66396">
        <ele>1483.1</ele>
      </trkpt>
      <trkpt lat="31.45747" lon="-110.66343">
        <ele>1483.5</ele>
      </trkpt>
      <trkpt lat="31.45729" lon="-110.66308">
        <ele>1483.2</ele>
      </trkpt>
      <trkpt lat="31.45697" lon="-110.6629">
        <ele>1481.2</ele>
      </trkpt>
      <trkpt lat="31.4568" lon="-110.66277">
        <ele>1481.7</ele>
      </trkpt>
      <trkpt lat="31.45662" lon="-110.66259">
        <ele>1483.5</ele>
      </trkpt>
      <trkpt lat="31.45633" lon="-110.66224">
        <ele>1484.7</ele>
      </trkpt>
      <trkpt lat="31.4561" lon="-110.66196">
        <ele>1485.0</ele>
      </trkpt>
      <trkpt lat="31.45596" lon="-110.66178">
        <ele>1484.5</ele>
      </trkpt>
      <trkpt lat="31.45563" lon="-110.6614">
        <ele>1486.2</ele>
      </trkpt>
      <trkpt lat="31.45524" lon="-110.66119">
        <ele>1488.7</ele>
      </trkpt>
      <trkpt lat="31.45492" lon="-110.661">
        <ele>1488.8</ele>
      </trkpt>
      <trkpt lat="31.45462" lon="-110.66065">
        <ele>1492.7</ele>
      </trkpt>
      <trkpt lat="31.4543" lon="-110.6602">
        <ele>1497.1</ele>
      </trkpt>
      <trkpt lat="31.45393" lon="-110.65949">
        <ele>1500.1</ele>
      </trkpt>
      <trkpt lat="31.45367" lon="-110.659">
        <ele>1499.7</ele>
      </trkpt>
      <trkpt lat="31.45358" lon="-110.65873">
        <ele>1500.3</ele>
      </trkpt>
      <trkpt lat="31.45357" lon="-110.65843">
        <ele>1506.4</ele>
      </trkpt>
      <trkpt lat="31.45351" lon="-110.658">
        <ele>1507.7</ele>
      </trkpt>
      <trkpt lat="31.45357" lon="-110.65769">
        <ele>1507.5</ele>
      </trkpt>
      <trkpt lat="31.45402" lon="-110.65671">
        <ele>1514.4</ele>
      </trkpt>
      <trkpt lat="31.45414" lon="-110.65592">
        <ele>1519.4</ele>
      </trkpt>
      <trkpt lat="31.4542" lon="-110.65485">
        <ele>1527.9</ele>
      </trkpt>
      <trkpt lat="31.45416" lon="-110.65446">
        <ele>1529.1</ele>
      </trkpt>
      <trkpt lat="31.45423" lon="-110.65405">
        <ele>1535.0</ele>
      </trkpt>
      <trkpt lat="31.45432" lon="-110.65374">
        <ele>1536.0</ele>
      </trkpt>
      <trkpt lat="31.45448" lon="-110.65345">
        <ele>1537.7</ele>
      </trkpt>
      <trkpt lat="31.45459" lon="-110.6532">
        <ele>1542.8</ele>
      </trkpt>
      <trkpt lat="31.45461" lon="-110.65282">
        <ele>1545.1</ele>
      </trkpt>
      <trkpt lat="31.45461" lon="-110.65251">
        <ele>1544.9</ele>
      </trkpt>
      <trkpt lat="31.45465" lon="-110.65225">
        <ele>1544.7</ele>
      </trkpt>
      <trkpt lat="31.45476" lon="-110.65192">
        <ele>1547.8</ele>
      </trkpt>
      <trkpt lat="31.45478" lon="-110.65187">
        <ele>1548.2</ele>
      </trkpt>
      <trkpt lat="31.45499" lon="-110.6512">
        <ele>1549.8</ele>
      </trkpt>
      <trkpt lat="31.45512" lon="-110.65071">
        <ele>1548.9</ele>
      </trkpt>
      <trkpt lat="31.45525" lon="-110.65024">
        <ele>1548.5</ele>
      </trkpt>
      <trkpt lat="31.45532" lon="-110.6498">
        <ele>1548.2</ele>
      </trkpt>
      <trkpt lat="31.45539" lon="-110.64936">
        <ele>1546.5</ele>
      </trkpt>
      <trkpt lat="31.45544" lon="-110.64902">
        <ele>1545.7</ele>
      </trkpt>
      <trkpt lat="31.45545" lon="-110.64872">
        <ele>1545.5</ele>
      </trkpt>
      <trkpt lat="31.45546" lon="-110.64839">
        <ele>1545.7</ele>
      </trkpt>
      <trkpt lat="31.45546" lon="-110.64805">
        <ele>1545.9</ele>
      </trkpt>
      <trkpt lat="31.45547" lon="-110.64752">
        <ele>1546.0</ele>
      </trkpt>
      <trkpt lat="31.45547" lon="-110.64691">
        <ele>1545.5</ele>
      </trkpt>
      <trkpt lat="31.45547" lon="-110.64644">
        <ele>1543.8</ele>
      </trkpt>
      <trkpt lat="31.45545" lon="-110.64537">
        <ele>1540.6</ele>
      </trkpt>
      <trkpt lat="31.45546" lon="-110.64417">
        <ele>1536.9</ele>
      </trkpt>
      <trkpt lat="31.45547" lon="-110.64319">
        <ele>1533.7</ele>
      </trkpt>
      <trkpt lat="31.45548" lon="-110.64287">
        <ele>1533.0</ele>
      </trkpt>
      <trkpt lat="31.45549" lon="-110.64209">
        <ele>1533.6</ele>
      </trkpt>
      <trkpt lat="31.4555" lon="-110.64147">
        <ele>1534.0</ele>
      </trkpt>
      <trkpt lat="31.4555" lon="-110.64071">
        <ele>1534.9</ele>
      </trkpt>
      <trkpt lat="31.4555" lon="-110.64014">
        <ele>1535.4</ele>
      </trkpt>
      <trkpt lat="31.45549" lon="-110.63931">
        <ele>1535.9</ele>
      </trkpt>
      <trkpt lat="31.4555" lon="-110.63861">
        <ele>1537.3</ele>
      </trkpt>
      <trkpt lat="31.45548" lon="-110.63818">
        <ele>1538.4</ele>
      </trkpt>
      <trkpt lat="31.45542" lon="-110.63769">
        <ele>1538.8</ele>
      </trkpt>
      <trkpt lat="31.45535" lon="-110.63733">
        <ele>1538.9</ele>
      </trkpt>
      <trkpt lat="31.45528" lon="-110.63705">
        <ele>1538.9</ele>
      </trkpt>
      <trkpt lat="31.45501" lon="-110.63599">
        <ele>1536.9</ele>
      </trkpt>
      <trkpt lat="31.45465" lon="-110.63447">
        <ele>1534.5</ele>
      </trkpt>
      <trkpt lat="31.45446" lon="-110.63372">
        <ele>1534.7</ele>
      </trkpt>
      <trkpt lat="31.45425" lon="-110.63294">
        <ele>1533.8</ele>
      </trkpt>
      <trkpt lat="31.45419" lon="-110.63268">
        <ele>1533.5</ele>
      </trkpt>
      <trkpt lat="31.45416" lon="-110.63231">
        <ele>1532.2</ele>
      </trkpt>
      <trkpt lat="31.45419" lon="-110.63198">
        <ele>1531.2</ele>
      </trkpt>
      <trkpt lat="31.45426" lon="-110.63168">
        <ele>1530.4</ele>
      </trkpt>
      <trkpt lat="31.45433" lon="-110.63138">
        <ele>1530.2</ele>
      </trkpt>
      <trkpt lat="31.45446" lon="-110.63122">
        <ele>1530.5</ele>
      </trkpt>
      <trkpt lat="31.45467" lon="-110.63102">
        <ele>1530.4</ele>
      </trkpt>
      <trkpt lat="31.45506" lon="-110.63069">
        <ele>1529.2</ele>
      </trkpt>
      <trkpt lat="31.45524" lon="-110.6305">
        <ele>1528.8</ele>
      </trkpt>
      <trkpt lat="31.45539" lon="-110.63027">
        <ele>1527.7</ele>
      </trkpt>
      <trkpt lat="31.45554" lon="-110.62999">
        <ele>1526.0</ele>
      </trkpt>
      <trkpt lat="31.45563" lon="-110.62976">
        <ele>1525.5</ele>
      </trkpt>
      <trkpt lat="31.45574" lon="-110.6294">
        <ele>1524.9</ele>
      </trkpt>
      <trkpt lat="31.45585" lon="-110.62892">
        <ele>1522.9</ele>
      </trkpt>
      <trkpt lat="31.45589" lon="-110.62862">
        <ele>1522.1</ele>
      </trkpt>
      <trkpt lat="31.45592" lon="-110.6282">
        <ele>1521.2</ele>
      </trkpt>
      <trkpt lat="31.45592" lon="-110.62767">
        <ele>1519.0</ele>
      </trkpt>
      <trkpt lat="31.45587" lon="-110.62722">
        <ele>1516.6</ele>
      </trkpt>
      <trkpt lat="31.45583" lon="-110.62693">
        <ele>1514.8</ele>
      </trkpt>
      <trkpt lat="31.45575" lon="-110.62666">
        <ele>1513.4</ele>
      </trkpt>
      <trkpt lat="31.45562" lon="-110.62632">
        <ele>1512.1</ele>
      </trkpt>
      <trkpt lat="31.45551" lon="-110.62603">
        <ele>1511.3</ele>
      </trkpt>
      <trkpt lat="31.45545" lon="-110.62578">
        <ele>1510.8</ele>
      </trkpt>
      <trkpt lat="31.45543" lon="-110.62544">
        <ele>1510.3</ele>
      </trkpt>
      <trkpt lat="31.45544" lon="-110.62512">
        <ele>1510.0</ele>
      </trkpt>
      <trkpt lat="31.45543" lon="-110.62448">
        <ele>1509.3</ele>
      </trkpt>
      <trkpt lat="31.45543" lon="-110.62379">
        <ele>1508.8</ele>
      </trkpt>
      <trkpt lat="31.45543" lon="-110.62317">
        <ele>1508.2</ele>
      </trkpt>
      <trkpt lat="31.45544" lon="-110.62221">
        <ele>1511.3</ele>
      </trkpt>
      <trkpt lat="31.45545" lon="-110.621">
        <ele>1512.1</ele>
      </trkpt>
      <trkpt lat="31.45545" lon="-110.621">
        <ele>1512.1</ele>
      </trkpt>
      <trkpt lat="31.45546" lon="-110.62078">
        <ele>1512.2</ele>
      </trkpt>
      <trkpt lat="31.45547" lon="-110.62022">
        <ele>1512.8</ele>
      </trkpt>
      <trkpt lat="31.45547" lon="-110.61889">
        <ele>1510.9</ele>
      </trkpt>
      <trkpt lat="31.45548" lon="-110.6182">
        <ele>1506.5</ele>
      </trkpt>
      <trkpt lat="31.45547" lon="-110.61813">
        <ele>1506.2</ele>
      </trkpt>
      <trkpt lat="31.45548" lon="-110.61786">
        <ele>1509.5</ele>
      </trkpt>
      <trkpt lat="31.45546" lon="-110.6162">
        <ele>1508.0</ele>
      </trkpt>
      <trkpt lat="31.45544" lon="-110.61506">
        <ele>1504.6</ele>
      </trkpt>
      <trkpt lat="31.45544" lon="-110.61431">
        <ele>1502.1</ele>
      </trkpt>
      <trkpt lat="31.45541" lon="-110.61279">
        <ele>1501.0</ele>
      </trkpt>
      <trkpt lat="31.45541" lon="-110.61259">
        <ele>1500.7</ele>
      </trkpt>
      <trkpt lat="31.45539" lon="-110.61253">
        <ele>1500.7</ele>
      </trkpt>
      <trkpt lat="31.45532" lon="-110.61232">
        <ele>1500.5</ele>
      </trkpt>
      <trkpt lat="31.45511" lon="-110.61158">
        <ele>1500.4</ele>
      </trkpt>
      <trkpt lat="31.45482" lon="-110.61063">
        <ele>1500.7</ele>
      </trkpt>
      <trkpt lat="31.45455" lon="-110.60968">
        <ele>1501.0</ele>
      </trkpt>
      <trkpt lat="31.45433" lon="-110.60881">
        <ele>1501.1</ele>
      </trkpt>
      <trkpt lat="31.45423" lon="-110.60835">
        <ele>1501.1</ele>
      </trkpt>
      <trkpt lat="31.45412" lon="-110.60779">
        <ele>1501.1</ele>
      </trkpt>
      <trkpt lat="31.45409" lon="-110.60738">
        <ele>1501.0</ele>
      </trkpt>
      <trkpt lat="31.45401" lon="-110.60697">
        <ele>1500.9</ele>
      </trkpt>
      <trkpt lat="31.45397" lon="-110.60677">
        <ele>1500.7</ele>
      </trkpt>
      <trkpt lat="31.45391" lon="-110.60667">
        <ele>1500.8</ele>
      </trkpt>
      <trkpt lat="31.45385" lon="-110.60652">
        <ele>1500.7</ele>
      </trkpt>
      <trkpt lat="31.45374" lon="-110.60635">
        <ele>1500.4</ele>
      </trkpt>
      <trkpt lat="31.45362" lon="-110.60626">
        <ele>1500.0</ele>
      </trkpt>
      <trkpt lat="31.45349" lon="-110.60615">
        <ele>1499.2</ele>
      </trkpt>
      <trkpt lat="31.45299" lon="-110.60583">
        <ele>1497.0</ele>
      </trkpt>
      <trkpt lat="31.45271" lon="-110.60562">
        <ele>1496.4</ele>
      </trkpt>
      <trkpt lat="31.45255" lon="-110.60546">
        <ele>1496.1</ele>
      </trkpt>
      <trkpt lat="31.45243" lon="-110.60532">
        <ele>1495.9</ele>
      </trkpt>
      <trkpt lat="31.45237" lon="-110.60525">
        <ele>1495.9</ele>
      </trkpt>
      <trkpt lat="31.45223" lon="-110.60504">
        <ele>1496.1</ele>
      </trkpt>
      <trkpt lat="31.45185" lon="-110.60425">
        <ele>1496.6</ele>
      </trkpt>
      <trkpt lat="31.45174" lon="-110.60398">
        <ele>1496.6</ele>
      </trkpt>
      <trkpt lat="31.45166" lon="-110.60375">
        <ele>1496.7</ele>
      </trkpt>
      <trkpt lat="31.45158" lon="-110.60348">
        <ele>1497.0</ele>
      </trkpt>
      <trkpt lat="31.45154" lon="-110.60324">
        <ele>1497.1</ele>
      </trkpt>
      <trkpt lat="31.45154" lon="-110.60271">
        <ele>1496.8</ele>
      </trkpt>
      <trkpt lat="31.45155" lon="-110.60234">
        <ele>1496.3</ele>
      </trkpt>
      <trkpt lat="31.45158" lon="-110.60181">
        <ele>1495.1</ele>
      </trkpt>
      <trkpt lat="31.45157" lon="-110.60141">
        <ele>1495.0</ele>
      </trkpt>
      <trkpt lat="31.45158" lon="-110.60087">
        <ele>1495.7</ele>
      </trkpt>
      <trkpt lat="31.45159" lon="-110.59958">
        <ele>1495.0</ele>
      </trkpt>
      <trkpt lat="31.4516" lon="-110.59909">
        <ele>1495.1</ele>
      </trkpt>
      <trkpt lat="31.4516" lon="-110.59862">
        <ele>1495.6</ele>
      </trkpt>
      <trkpt lat="31.45161" lon="-110.59808">
        <ele>1495.6</ele>
      </trkpt>
      <trkpt lat="31.45162" lon="-110.59745">
        <ele>1495.3</ele>
      </trkpt>
      <trkpt lat="31.45163" lon="-110.59628">
        <ele>1495.1</ele>
      </trkpt>
      <trkpt lat="31.45163" lon="-110.59568">
        <ele>1494.7</ele>
      </trkpt>
      <trkpt lat="31.45164" lon="-110.59467">
        <ele>1492.0</ele>
      </trkpt>
      <trkpt lat="31.45168" lon="-110.59306">
        <ele>1487.9</ele>
      </trkpt>
      <trkpt lat="31.45169" lon="-110.59223">
        <ele>1487.1</ele>
      </trkpt>
      <trkpt lat="31.45169" lon="-110.59159">
        <ele>1485.8</ele>
      </trkpt>
      <trkpt lat="31.45168" lon="-110.59134">
        <ele>1485.2</ele>
      </trkpt>
      <trkpt lat="31.45168" lon="-110.59134">
        <ele>1485.2</ele>
      </trkpt>
      <trkpt lat="31.4517" lon="-110.59102">
        <ele>1484.2</ele>
      </trkpt>
      <trkpt lat="31.45171" lon="-110.58888">
        <ele>1480.4</ele>
      </trkpt>
      <trkpt lat="31.45172" lon="-110.58803">
        <ele>1478.7</ele>
      </trkpt>
      <trkpt lat="31.45173" lon="-110.58773">
        <ele>1478.8</ele>
      </trkpt>
      <trkpt lat="31.45174" lon="-110.58741">
        <ele>1479.5</ele>
      </trkpt>
      <trkpt lat="31.45179" lon="-110.58728">
        <ele>1479.6</ele>
      </trkpt>
      <trkpt lat="31.45191" lon="-110.58715">
        <ele>1479.8</ele>
      </trkpt>
      <trkpt lat="31.45204" lon="-110.58709">
        <ele>1480.0</ele>
      </trkpt>
      <trkpt lat="31.45218" lon="-110.58706">
        <ele>1480.1</ele>
      </trkpt>
      <trkpt lat="31.45301" lon="-110.58712">
        <ele>1480.8</ele>
      </trkpt>
      <trkpt lat="31.45391" lon="-110.58712">
        <ele>1480.4</ele>
      </trkpt>
      <trkpt lat="31.45408" lon="-110.58712">
        <ele>1480.3</ele>
      </trkpt>
      <trkpt lat="31.45461" lon="-110.58712">
        <ele>1480.4</ele>
      </trkpt>
      <trkpt lat="31.45461" lon="-110.58712">
        <ele>1480.4</ele>
      </trkpt>
      <trkpt lat="31.45464" lon="-110.58712">
        <ele>1480.4</ele>
      </trkpt>
      <trkpt lat="31.45483" lon="-110.58707">
        <ele>1480.6</ele>
      </trkpt>
      <trkpt lat="31.4551" lon="-110.58692">
        <ele>1480.8</ele>
      </trkpt>
      <trkpt lat="31.45567" lon="-110.58652">
        <ele>1483.1</ele>
      </trkpt>
      <trkpt lat="31.45602" lon="-110.58632">
        <ele>1486.8</ele>
      </trkpt>
      <trkpt lat="31.45627" lon="-110.58623">
        <ele>1488.1</ele>
      </trkpt>
      <trkpt lat="31.45643" lon="-110.58623">
        <ele>1488.8</ele>
      </trkpt>
      <trkpt lat="31.45655" lon="-110.58624">
        <ele>1489.3</ele>
      </trkpt>
      <trkpt lat="31.45717" lon="-110.58647">
        <ele>1493.5</ele>
      </trkpt>
      <trkpt lat="31.45743" lon="-110.58655">
        <ele>1494.7</ele>
      </trkpt>
      <trkpt lat="31.45788" lon="-110.58665">
        <ele>1494.8</ele>
      </trkpt>
      <trkpt lat="31.45841" lon="-110.58667">
        <ele>1495.3</ele>
      </trkpt>
      <trkpt lat="31.45874" lon="-110.58667">
        <ele>1495.5</ele>
      </trkpt>
      <trkpt lat="31.45897" lon="-110.58656">
        <ele>1496.0</ele>
      </trkpt>
      <trkpt lat="31.45905" lon="-110.58649">
        <ele>1496.0</ele>
      </trkpt>
      <trkpt lat="31.45912" lon="-110.58644">
        <ele>1496.0</ele>
      </trkpt>
      <trkpt lat="31.45912" lon="-110.58644">
        <ele>1496.0</ele>
      </trkpt>
      <trkpt lat="31.45902" lon="-110.58401">
        <ele>1492.1</ele>
      </trkpt>
      <trkpt lat="31.45908" lon="-110.58295">
        <ele>1492.0</ele>
      </trkpt>
      <trkpt lat="31.45912" lon="-110.58275">
        <ele>1492.0</ele>
      </trkpt>
      <trkpt lat="31.45923" lon="-110.58239">
        <ele>1492.7</ele>
      </trkpt>
      <trkpt lat="31.45952" lon="-110.5817">
        <ele>1493.7</ele>
      </trkpt>
      <trkpt lat="31.45982" lon="-110.58107">
        <ele>1494.6</ele>
      </trkpt>
      <trkpt lat="31.4599" lon="-110.5808">
        <ele>1495.7</ele>
      </trkpt>
      <trkpt lat="31.45997" lon="-110.58055">
        <ele>1496.9</ele>
      </trkpt>
      <trkpt lat="31.46002" lon="-110.58042">
        <ele>1497.1</ele>
      </trkpt>
      <trkpt lat="31.46002" lon="-110.58042">
        <ele>1497.1</ele>
      </trkpt>
      <trkpt lat="31.46006" lon="-110.58031">
        <ele>1497.5</ele>
      </trkpt>
      <trkpt lat="31.46028" lon="-110.58">
        <ele>1499.9</ele>
      </trkpt>
      <trkpt lat="31.46048" lon="-110.57974">
        <ele>1500.7</ele>
      </trkpt>
      <trkpt lat="31.4607" lon="-110.57959">
        <ele>1501.5</ele>
      </trkpt>
      <trkpt lat="31.46092" lon="-110.57951">
        <ele>1503.8</ele>
      </trkpt>
      <trkpt lat="31.46123" lon="-110.57953">
        <ele>1507.7</ele>
      </trkpt>
      <trkpt lat="31.46157" lon="-110.57957">
        <ele>1508.9</ele>
      </trkpt>
      <trkpt lat="31.46186" lon="-110.57953">
        <ele>1510.9</ele>
      </trkpt>
      <trkpt lat="31.46211" lon="-110.57939">
        <ele>1512.3</ele>
      </trkpt>
      <trkpt lat="31.46231" lon="-110.57921">
        <ele>1513.5</ele>
      </trkpt>
      <trkpt lat="31.46251" lon="-110.57899">
        <ele>1514.2</ele>
      </trkpt>
      <trkpt lat="31.46266" lon="-110.57873">
        <ele>1515.7</ele>
      </trkpt>
      <trkpt lat="31.46283" lon="-110.57859">
        <ele>1516.7</ele>
      </trkpt>
      <trkpt lat="31.46306" lon="-110.5785">
        <ele>1518.7</ele>
      </trkpt>
      <trkpt lat="31.4633" lon="-110.57843">
        <ele>1519.9</ele>
      </trkpt>
      <trkpt lat="31.46394" lon="-110.57809">
        <ele>1523.6</ele>
      </trkpt>
      <trkpt lat="31.46419" lon="-110.57803">
        <ele>1525.9</ele>
      </trkpt>
      <trkpt lat="31.46443" lon="-110.57802">
        <ele>1527.2</ele>
      </trkpt>
      <trkpt lat="31.46592" lon="-110.57803">
        <ele>1526.7</ele>
      </trkpt>
      <trkpt lat="31.46695" lon="-110.57804">
        <ele>1526.9</ele>
      </trkpt>
      <trkpt lat="31.46722" lon="-110.578">
        <ele>1527.9</ele>
      </trkpt>
      <trkpt lat="31.46736" lon="-110.57793">
        <ele>1528.2</ele>
      </trkpt>
      <trkpt lat="31.46751" lon="-110.57781">
        <ele>1528.1</ele>
      </trkpt>
      <trkpt lat="31.4678" lon="-110.57744">
        <ele>1527.4</ele>
      </trkpt>
      <trkpt lat="31.4681" lon="-110.57708">
        <ele>1528.5</ele>
      </trkpt>
      <trkpt lat="31.46827" lon="-110.57695">
        <ele>1529.5</ele>
      </trkpt>
      <trkpt lat="31.46842" lon="-110.5769">
        <ele>1530.6</ele>
      </trkpt>
      <trkpt lat="31.46865" lon="-110.57689">
        <ele>1531.7</ele>
      </trkpt>
      <trkpt lat="31.46887" lon="-110.57695">
        <ele>1532.7</ele>
      </trkpt>
      <trkpt lat="31.46918" lon="-110.57706">
        <ele>1533.2</ele>
      </trkpt>
      <trkpt lat="31.46946" lon="-110.57709">
        <ele>1533.5</ele>
      </trkpt>
      <trkpt lat="31.46976" lon="-110.57706">
        <ele>1533.2</ele>
      </trkpt>
      <trkpt lat="31.47006" lon="-110.57692">
        <ele>1533.6</ele>
      </trkpt>
      <trkpt lat="31.4709" lon="-110.57642">
        <ele>1534.5</ele>
      </trkpt>
      <trkpt lat="31.47151" lon="-110.57592">
        <ele>1537.3</ele>
      </trkpt>
      <trkpt lat="31.47175" lon="-110.57565">
        <ele>1538.8</ele>
      </trkpt>
      <trkpt lat="31.47194" lon="-110.57534">
        <ele>1540.0</ele>
      </trkpt>
      <trkpt lat="31.47195" lon="-110.57533">
        <ele>1540.1</ele>
      </trkpt>
      <trkpt lat="31.47219" lon="-110.57486">
        <ele>1542.7</ele>
      </trkpt>
      <trkpt lat="31.47247" lon="-110.57428">
        <ele>1543.6</ele>
      </trkpt>
      <trkpt lat="31.47267" lon="-110.57393">
        <ele>1543.9</ele>
      </trkpt>
      <trkpt lat="31.47288" lon="-110.57367">
        <ele>1544.0</ele>
      </trkpt>
      <trkpt lat="31.47323" lon="-110.5733">
        <ele>1544.9</ele>
      </trkpt>
      <trkpt lat="31.47376" lon="-110.57282">
        <ele>1544.9</ele>
      </trkpt>
      <trkpt lat="31.47421" lon="-110.57249">
        <ele>1545.3</ele>
      </trkpt>
      <trkpt lat="31.47464" lon="-110.57228">
        <ele>1545.0</ele>
      </trkpt>
      <trkpt lat="31.47501" lon="-110.57213">
        <ele>1544.7</ele>
      </trkpt>
      <trkpt lat="31.47549" lon="-110.572">
        <ele>1543.9</ele>
      </trkpt>
      <trkpt lat="31.47592" lon="-110.57195">
        <ele>1544.6</ele>
      </trkpt>
      <trkpt lat="31.47631" lon="-110.57188">
        <ele>1543.7</ele>
      </trkpt>
      <trkpt lat="31.47656" lon="-110.57178">
        <ele>1543.7</ele>
      </trkpt>
      <trkpt lat="31.47687" lon="-110.57164">
        <ele>1544.9</ele>
      </trkpt>
      <trkpt lat="31.47702" lon="-110.57158">
        <ele>1546.2</ele>
      </trkpt>
      <trkpt lat="31.47752" lon="-110.57133">
        <ele>1548.4</ele>
      </trkpt>
      <trkpt lat="31.47808" lon="-110.57103">
        <ele>1550.8</ele>
      </trkpt>
      <trkpt lat="31.47834" lon="-110.57089">
        <ele>1551.5</ele>
      </trkpt>
      <trkpt lat="31.47887" lon="-110.57061">
        <ele>1550.9</ele>
      </trkpt>
      <trkpt lat="31.47927" lon="-110.57044">
        <ele>1549.8</ele>
      </trkpt>
      <trkpt lat="31.47941" lon="-110.57039">
        <ele>1549.7</ele>
      </trkpt>
      <trkpt lat="31.47983" lon="-110.57023">
        <ele>1549.8</ele>
      </trkpt>
      <trkpt lat="31.48026" lon="-110.57004">
        <ele>1550.0</ele>
      </trkpt>
      <trkpt lat="31.48068" lon="-110.56981">
        <ele>1551.9</ele>
      </trkpt>
      <trkpt lat="31.48107" lon="-110.56958">
        <ele>1555.8</ele>
      </trkpt>
      <trkpt lat="31.48134" lon="-110.56932">
        <ele>1556.2</ele>
      </trkpt>
      <trkpt lat="31.4815" lon="-110.5691">
        <ele>1556.4</ele>
      </trkpt>
      <trkpt lat="31.48162" lon="-110.56884">
        <ele>1557.0</ele>
      </trkpt>
      <trkpt lat="31.48172" lon="-110.56856">
        <ele>1558.0</ele>
      </trkpt>
      <trkpt lat="31.48181" lon="-110.56826">
        <ele>1558.8</ele>
      </trkpt>
      <trkpt lat="31.48196" lon="-110.56763">
        <ele>1560.1</ele>
      </trkpt>
      <trkpt lat="31.48217" lon="-110.56665">
        <ele>1562.5</ele>
      </trkpt>
      <trkpt lat="31.48225" lon="-110.56615">
        <ele>1563.0</ele>
      </trkpt>
      <trkpt lat="31.48226" lon="-110.56583">
        <ele>1563.0</ele>
      </trkpt>
      <trkpt lat="31.48219" lon="-110.56523">
        <ele>1563.8</ele>
      </trkpt>
      <trkpt lat="31.48218" lon="-110.56512">
        <ele>1564.1</ele>
      </trkpt>
      <trkpt lat="31.48212" lon="-110.56453">
        <ele>1564.9</ele>
      </trkpt>
      <trkpt lat="31.48209" lon="-110.56415">
        <ele>1565.0</ele>
      </trkpt>
      <trkpt lat="31.48208" lon="-110.56388">
        <ele>1565.4</ele>
      </trkpt>
      <trkpt lat="31.48212" lon="-110.56363">
        <ele>1565.6</ele>
      </trkpt>
      <trkpt lat="31.48218" lon="-110.56348">
        <ele>1565.9</ele>
      </trkpt>
      <trkpt lat="31.48231" lon="-110.56313">
        <ele>1566.5</ele>
      </trkpt>
      <trkpt lat="31.4825" lon="-110.56289">
        <ele>1566.8</ele>
      </trkpt>
      <trkpt lat="31.48277" lon="-110.56263">
        <ele>1567.8</ele>
      </trkpt>
      <trkpt lat="31.48307" lon="-110.56229">
        <ele>1569.1</ele>
      </trkpt>
      <trkpt lat="31.48348" lon="-110.56166">
        <ele>1571.8</ele>
      </trkpt>
      <trkpt lat="31.48386" lon="-110.56106">
        <ele>1572.1</ele>
      </trkpt>
      <trkpt lat="31.48407" lon="-110.56079">
        <ele>1572.0</ele>
      </trkpt>
      <trkpt lat="31.48427" lon="-110.56065">
        <ele>1572.5</ele>
      </trkpt>
      <trkpt lat="31.48442" lon="-110.5606">
        <ele>1572.9</ele>
      </trkpt>
      <trkpt lat="31.48457" lon="-110.56057">
        <ele>1573.4</ele>
      </trkpt>
      <trkpt lat="31.4851" lon="-110.56049">
        <ele>1575.6</ele>
      </trkpt>
      <trkpt lat="31.48529" lon="-110.56043">
        <ele>1576.3</ele>
      </trkpt>
      <trkpt lat="31.48584" lon="-110.56029">
        <ele>1579.3</ele>
      </trkpt>
      <trkpt lat="31.48597" lon="-110.56022">
        <ele>1579.6</ele>
      </trkpt>
      <trkpt lat="31.48608" lon="-110.56008">
        <ele>1579.9</ele>
      </trkpt>
      <trkpt lat="31.48621" lon="-110.55985">
        <ele>1580.0</ele>
      </trkpt>
      <trkpt lat="31.48639" lon="-110.55952">
        <ele>1580.7</ele>
      </trkpt>
      <trkpt lat="31.4865" lon="-110.55932">
        <ele>1580.9</ele>
      </trkpt>
      <trkpt lat="31.48668" lon="-110.5591">
        <ele>1580.6</ele>
      </trkpt>
      <trkpt lat="31.48697" lon="-110.55885">
        <ele>1580.8</ele>
      </trkpt>
      <trkpt lat="31.48724" lon="-110.55871">
        <ele>1582.0</ele>
      </trkpt>
      <trkpt lat="31.48746" lon="-110.55862">
        <ele>1583.1</ele>
      </trkpt>
      <trkpt lat="31.48778" lon="-110.5586">
        <ele>1584.8</ele>
      </trkpt>
      <trkpt lat="31.48823" lon="-110.55858">
        <ele>1587.6</ele>
      </trkpt>
      <trkpt lat="31.48866" lon="-110.5586">
        <ele>1587.2</ele>
      </trkpt>
      <trkpt lat="31.48885" lon="-110.5586">
        <ele>1587.3</ele>
      </trkpt>
      <trkpt lat="31.48902" lon="-110.55857">
        <ele>1587.5</ele>
      </trkpt>
      <trkpt lat="31.48953" lon="-110.55828">
        <ele>1589.5</ele>
      </trkpt>
      <trkpt lat="31.48977" lon="-110.55808">
        <ele>1589.2</ele>
      </trkpt>
      <trkpt lat="31.49007" lon="-110.5578">
        <ele>1590.0</ele>
      </trkpt>
      <trkpt lat="31.49033" lon="-110.55752">
        <ele>1593.6</ele>
      </trkpt>
      <trkpt lat="31.491" lon="-110.55667">
        <ele>1596.6</ele>
      </trkpt>
      <trkpt lat="31.49123" lon="-110.5564">
        <ele>1597.4</ele>
      </trkpt>
      <trkpt lat="31.49142" lon="-110.55623">
        <ele>1598.4</ele>
      </trkpt>
      <trkpt lat="31.49167" lon="-110.55607">
        <ele>1599.7</ele>
      </trkpt>
      <trkpt lat="31.49185" lon="-110.55597">
        <ele>1601.0</ele>
      </trkpt>
      <trkpt lat="31.49226" lon="-110.55583">
        <ele>1603.5</ele>
      </trkpt>
      <trkpt lat="31.49258" lon="-110.55574">
        <ele>1604.7</ele>
      </trkpt>
      <trkpt lat="31.49284" lon="-110.55566">
        <ele>1605.7</ele>
      </trkpt>
      <trkpt lat="31.49318" lon="-110.55553">
        <ele>1607.3</ele>
      </trkpt>
      <trkpt lat="31.49345" lon="-110.5554">
        <ele>1608.1</ele>
      </trkpt>
      <trkpt lat="31.49386" lon="-110.55511">
        <ele>1611.1</ele>
      </trkpt>
      <trkpt lat="31.49435" lon="-110.55475">
        <ele>1614.4</ele>
      </trkpt>
      <trkpt lat="31.49485" lon="-110.55434">
        <ele>1617.9</ele>
      </trkpt>
      <trkpt lat="31.49507" lon="-110.55413">
        <ele>1619.3</ele>
      </trkpt>
      <trkpt lat="31.49539" lon="-110.55388">
        <ele>1622.1</ele>
      </trkpt>
      <trkpt lat="31.49545" lon="-110.55383">
        <ele>1622.6</ele>
      </trkpt>
      <trkpt lat="31.49564" lon="-110.55375">
        <ele>1623.8</ele>
      </trkpt>
      <trkpt lat="31.49581" lon="-110.55372">
        <ele>1625.3</ele>
      </trkpt>
      <trkpt lat="31.49593" lon="-110.55373">
        <ele>1626.5</ele>
      </trkpt>
      <trkpt lat="31.49606" lon="-110.55385">
        <ele>1628.8</ele>
      </trkpt>
      <trkpt lat="31.49624" lon="-110.55408">
        <ele>1630.3</ele>
      </trkpt>
      <trkpt lat="31.49651" lon="-110.5545">
        <ele>1630.8</ele>
      </trkpt>
      <trkpt lat="31.49669" lon="-110.55488">
        <ele>1631.2</ele>
      </trkpt>
      <trkpt lat="31.49693" lon="-110.55543">
        <ele>1631.1</ele>
      </trkpt>
      <trkpt lat="31.49702" lon="-110.55553">
        <ele>1631.2</ele>
      </trkpt>
      <trkpt lat="31.49709" lon="-110.55556">
        <ele>1632.3</ele>
      </trkpt>
      <trkpt lat="31.49735" lon="-110.55561">
        <ele>1638.8</ele>
      </trkpt>
      <trkpt lat="31.49747" lon="-110.55565">
        <ele>1639.8</ele>
      </trkpt>
      <trkpt lat="31.49753" lon="-110.55568">
        <ele>1640.3</ele>
      </trkpt>
      <trkpt lat="31.49756" lon="-110.55581">
        <ele>1638.7</ele>
      </trkpt>
      <trkpt lat="31.49753" lon="-110.55615">
        <ele>1636.2</ele>
      </trkpt>
      <trkpt lat="31.49757" lon="-110.55629">
        <ele>1636.6</ele>
      </trkpt>
      <trkpt lat="31.49774" lon="-110.55658">
        <ele>1640.8</ele>
      </trkpt>
      <trkpt lat="31.49792" lon="-110.55684">
        <ele>1645.7</ele>
      </trkpt>
      <trkpt lat="31.49815" lon="-110.55708">
        <ele>1646.6</ele>
      </trkpt>
      <trkpt lat="31.49831" lon="-110.55717">
        <ele>1646.5</ele>
      </trkpt>
      <trkpt lat="31.49872" lon="-110.55731">
        <ele>1649.2</ele>
      </trkpt>
      <trkpt lat="31.49882" lon="-110.55736">
        <ele>1649.4</ele>
      </trkpt>
      <trkpt lat="31.49895" lon="-110.55752">
        <ele>1650.4</ele>
      </trkpt>
      <trkpt lat="31.49906" lon="-110.55773">
        <ele>1655.1</ele>
      </trkpt>
      <trkpt lat="31.49909" lon="-110.55793">
        <ele>1653.7</ele>
      </trkpt>
      <trkpt lat="31.49917" lon="-110.5582">
        <ele>1654.9</ele>
      </trkpt>
      <trkpt lat="31.49921" lon="-110.55837">
        <ele>1657.3</ele>
      </trkpt>
      <trkpt lat="31.49922" lon="-110.55884">
        <ele>1658.9</ele>
      </trkpt>
      <trkpt lat="31.49926" lon="-110.55897">
        <ele>1658.9</ele>
      </trkpt>
      <trkpt lat="31.49936" lon="-110.55912">
        <ele>1657.4</ele>
      </trkpt>
      <trkpt lat="31.49951" lon="-110.55923">
        <ele>1656.3</ele>
      </trkpt>
      <trkpt lat="31.49966" lon="-110.5593">
        <ele>1656.1</ele>
      </trkpt>
      <trkpt lat="31.49982" lon="-110.55928">
        <ele>1658.1</ele>
      </trkpt>
      <trkpt lat="31.49995" lon="-110.55927">
        <ele>1659.4</ele>
      </trkpt>
      <trkpt lat="31.50018" lon="-110.55924">
        <ele>1661.5</ele>
      </trkpt>
      <trkpt lat="31.5002" lon="-110.55923">
        <ele>1661.7</ele>
      </trkpt>
      <trkpt lat="31.50065" lon="-110.5592">
        <ele>1660.3</ele>
      </trkpt>
      <trkpt lat="31.50074" lon="-110.55919">
        <ele>1659.6</ele>
      </trkpt>
      <trkpt lat="31.50083" lon="-110.55914">
        <ele>1659.4</ele>
      </trkpt>
      <trkpt lat="31.50095" lon="-110.55905">
        <ele>1659.1</ele>
      </trkpt>
      <trkpt lat="31.50118" lon="-110.55889">
        <ele>1656.9</ele>
      </trkpt>
      <trkpt lat="31.50148" lon="-110.55872">
        <ele>1654.2</ele>
      </trkpt>
      <trkpt lat="31.50187" lon="-110.55849">
        <ele>1651.3</ele>
      </trkpt>
      <trkpt lat="31.50223" lon="-110.55832">
        <ele>1648.9</ele>
      </trkpt>
      <trkpt lat="31.50248" lon="-110.55826">
        <ele>1647.3</ele>
      </trkpt>
      <trkpt lat="31.50288" lon="-110.55818">
        <ele>1644.2</ele>
      </trkpt>
      <trkpt lat="31.50338" lon="-110.55811">
        <ele>1640.9</ele>
      </trkpt>
      <trkpt lat="31.50379" lon="-110.5581">
        <ele>1638.3</ele>
      </trkpt>
      <trkpt lat="31.50417" lon="-110.55813">
        <ele>1635.9</ele>
      </trkpt>
      <trkpt lat="31.50485" lon="-110.55825">
        <ele>1633.0</ele>
      </trkpt>
      <trkpt lat="31.5052" lon="-110.55823">
        <ele>1629.3</ele>
      </trkpt>
      <trkpt lat="31.50525" lon="-110.55823">
        <ele>1629.2</ele>
      </trkpt>
      <trkpt lat="31.50562" lon="-110.55821">
        <ele>1629.1</ele>
      </trkpt>
      <trkpt lat="31.50586" lon="-110.55823">
        <ele>1628.8</ele>
      </trkpt>
      <trkpt lat="31.50619" lon="-110.55827">
        <ele>1627.9</ele>
      </trkpt>
      <trkpt lat="31.50639" lon="-110.55829">
        <ele>1627.3</ele>
      </trkpt>
      <trkpt lat="31.50664" lon="-110.55828">
        <ele>1626.2</ele>
      </trkpt>
      <trkpt lat="31.50687" lon="-110.55821">
        <ele>1625.6</ele>
      </trkpt>
      <trkpt lat="31.50731" lon="-110.55804">
        <ele>1624.3</ele>
      </trkpt>
      <trkpt lat="31.50751" lon="-110.55793">
        <ele>1622.8</ele>
      </trkpt>
      <trkpt lat="31.50761" lon="-110.5579">
        <ele>1622.6</ele>
      </trkpt>
      <trkpt lat="31.5077" lon="-110.55788">
        <ele>1622.5</ele>
      </trkpt>
      <trkpt lat="31.5078" lon="-110.55786">
        <ele>1622.6</ele>
      </trkpt>
      <trkpt lat="31.50811" lon="-110.55785">
        <ele>1623.5</ele>
      </trkpt>
      <trkpt lat="31.50878" lon="-110.55775">
        <ele>1622.2</ele>
      </trkpt>
      <trkpt lat="31.50948" lon="-110.55762">
        <ele>1621.3</ele>
      </trkpt>
      <trkpt lat="31.50989" lon="-110.55759">
        <ele>1620.7</ele>
      </trkpt>
      <trkpt lat="31.51025" lon="-110.55764">
        <ele>1620.3</ele>
      </trkpt>
      <trkpt lat="31.51056" lon="-110.55769">
        <ele>1619.4</ele>
      </trkpt>
      <trkpt lat="31.51075" lon="-110.55774">
        <ele>1619.2</ele>
      </trkpt>
      <trkpt lat="31.51112" lon="-110.55774">
        <ele>1618.7</ele>
      </trkpt>
      <trkpt lat="31.51116" lon="-110.55774">
        <ele>1618.8</ele>
      </trkpt>
      <trkpt lat="31.51149" lon="-110.55771">
        <ele>1620.2</ele>
      </trkpt>
      <trkpt lat="31.51181" lon="-110.55761">
        <ele>1621.1</ele>
      </trkpt>
      <trkpt lat="31.51237" lon="-110.55745">
        <ele>1625.4</ele>
      </trkpt>
      <trkpt lat="31.5127" lon="-110.55736">
        <ele>1625.9</ele>
      </trkpt>
      <trkpt lat="31.51293" lon="-110.55727">
        <ele>1624.1</ele>
      </trkpt>
      <trkpt lat="31.51318" lon="-110.55711">
        <ele>1622.5</ele>
      </trkpt>
      <trkpt lat="31.51377" lon="-110.55666">
        <ele>1617.7</ele>
      </trkpt>
      <trkpt lat="31.51408" lon="-110.55646">
        <ele>1615.7</ele>
      </trkpt>
      <trkpt lat="31.51446" lon="-110.55627">
        <ele>1613.4</ele>
      </trkpt>
      <trkpt lat="31.51471" lon="-110.55609">
        <ele>1613.0</ele>
      </trkpt>
      <trkpt lat="31.5148" lon="-110.55603">
        <ele>1613.5</ele>
      </trkpt>
      <trkpt lat="31.515" lon="-110.55578">
        <ele>1613.6</ele>
      </trkpt>
      <trkpt lat="31.51521" lon="-110.55547">
        <ele>1613.9</ele>
      </trkpt>
      <trkpt lat="31.51538" lon="-110.55521">
        <ele>1613.9</ele>
      </trkpt>
      <trkpt lat="31.51604" lon="-110.5539">
        <ele>1613.8</ele>
      </trkpt>
      <trkpt lat="31.51635" lon="-110.55357">
        <ele>1613.0</ele>
      </trkpt>
      <trkpt lat="31.51662" lon="-110.55331">
        <ele>1610.7</ele>
      </trkpt>
      <trkpt lat="31.51705" lon="-110.55288">
        <ele>1606.4</ele>
      </trkpt>
      <trkpt lat="31.51875" lon="-110.55117">
        <ele>1589.4</ele>
      </trkpt>
      <trkpt lat="31.51891" lon="-110.551">
        <ele>1587.9</ele>
      </trkpt>
      <trkpt lat="31.51899" lon="-110.55091">
        <ele>1587.5</ele>
      </trkpt>
      <trkpt lat="31.51912" lon="-110.55075">
        <ele>1588.4</ele>
      </trkpt>
      <trkpt lat="31.51927" lon="-110.55059">
        <ele>1589.6</ele>
      </trkpt>
      <trkpt lat="31.51941" lon="-110.55039">
        <ele>1590.3</ele>
      </trkpt>
      <trkpt lat="31.51965" lon="-110.55011">
        <ele>1592.0</ele>
      </trkpt>
      <trkpt lat="31.52003" lon="-110.54973">
        <ele>1590.9</ele>
      </trkpt>
      <trkpt lat="31.52041" lon="-110.54938">
        <ele>1589.2</ele>
      </trkpt>
      <trkpt lat="31.52075" lon="-110.54904">
        <ele>1591.6</ele>
      </trkpt>
      <trkpt lat="31.5213" lon="-110.54846">
        <ele>1597.7</ele>
      </trkpt>
      <trkpt lat="31.52165" lon="-110.54811">
        <ele>1600.5</ele>
      </trkpt>
      <trkpt lat="31.522" lon="-110.54773">
        <ele>1605.3</ele>
      </trkpt>
      <trkpt lat="31.52226" lon="-110.5474">
        <ele>1606.9</ele>
      </trkpt>
      <trkpt lat="31.52253" lon="-110.5469">
        <ele>1607.0</ele>
      </trkpt>
      <trkpt lat="31.52267" lon="-110.54654">
        <ele>1605.5</ele>
      </trkpt>
      <trkpt lat="31.52288" lon="-110.54583">
        <ele>1604.4</ele>
      </trkpt>
      <trkpt lat="31.523" lon="-110.5454">
        <ele>1604.6</ele>
      </trkpt>
      <trkpt lat="31.52305" lon="-110.54519">
        <ele>1604.9</ele>
      </trkpt>
      <trkpt lat="31.5231" lon="-110.54493">
        <ele>1605.3</ele>
      </trkpt>
      <trkpt lat="31.52319" lon="-110.5443">
        <ele>1605.8</ele>
      </trkpt>
      <trkpt lat="31.52319" lon="-110.54413">
        <ele>1605.6</ele>
      </trkpt>
      <trkpt lat="31.52322" lon="-110.54391">
        <ele>1604.8</ele>
      </trkpt>
      <trkpt lat="31.52328" lon="-110.54362">
        <ele>1604.8</ele>
      </trkpt>
      <trkpt lat="31.52334" lon="-110.54345">
        <ele>1604.7</ele>
      </trkpt>
      <trkpt lat="31.52356" lon="-110.54294">
        <ele>1604.2</ele>
      </trkpt>
      <trkpt lat="31.52399" lon="-110.54206">
        <ele>1603.8</ele>
      </trkpt>
      <trkpt lat="31.5243" lon="-110.54143">
        <ele>1603.7</ele>
      </trkpt>
      <trkpt lat="31.52458" lon="-110.54079">
        <ele>1603.7</ele>
      </trkpt>
      <trkpt lat="31.52474" lon="-110.54037">
        <ele>1603.7</ele>
      </trkpt>
      <trkpt lat="31.52496" lon="-110.53976">
        <ele>1602.7</ele>
      </trkpt>
      <trkpt lat="31.5257" lon="-110.53789">
        <ele>1602.2</ele>
      </trkpt>
      <trkpt lat="31.52595" lon="-110.53732">
        <ele>1599.9</ele>
      </trkpt>
      <trkpt lat="31.52599" lon="-110.53726">
        <ele>1599.7</ele>
      </trkpt>
      <trkpt lat="31.52617" lon="-110.5369">
        <ele>1599.1</ele>
      </trkpt>
      <trkpt lat="31.5262" lon="-110.53685">
        <ele>1599.0</ele>
      </trkpt>
      <trkpt lat="31.52636" lon="-110.53659">
        <ele>1598.4</ele>
      </trkpt>
      <trkpt lat="31.5266" lon="-110.53636">
        <ele>1597.2</ele>
      </trkpt>
      <trkpt lat="31.52717" lon="-110.53593">
        <ele>1595.2</ele>
      </trkpt>
      <trkpt lat="31.52807" lon="-110.53528">
        <ele>1590.8</ele>
      </trkpt>
      <trkpt lat="31.52862" lon="-110.53487">
        <ele>1588.4</ele>
      </trkpt>
      <trkpt lat="31.52946" lon="-110.53419">
        <ele>1577.6</ele>
      </trkpt>
      <trkpt lat="31.53026" lon="-110.53331">
        <ele>1581.5</ele>
      </trkpt>
      <trkpt lat="31.53059" lon="-110.53292">
        <ele>1579.5</ele>
      </trkpt>
      <trkpt lat="31.53083" lon="-110.53255">
        <ele>1576.5</ele>
      </trkpt>
      <trkpt lat="31.53097" lon="-110.5322">
        <ele>1575.9</ele>
      </trkpt>
      <trkpt lat="31.5311" lon="-110.53175">
        <ele>1575.4</ele>
      </trkpt>
      <trkpt lat="31.53125" lon="-110.53114">
        <ele>1574.0</ele>
      </trkpt>
      <trkpt lat="31.53135" lon="-110.53088">
        <ele>1570.3</ele>
      </trkpt>
      <trkpt lat="31.53148" lon="-110.53075">
        <ele>1567.9</ele>
      </trkpt>
      <trkpt lat="31.5317" lon="-110.53059">
        <ele>1566.4</ele>
      </trkpt>
      <trkpt lat="31.53291" lon="-110.52981">
        <ele>1557.0</ele>
      </trkpt>
      <trkpt lat="31.533" lon="-110.52975">
        <ele>1556.2</ele>
      </trkpt>
      <trkpt lat="31.53356" lon="-110.52941">
        <ele>1549.1</ele>
      </trkpt>
      <trkpt lat="31.53363" lon="-110.52936">
        <ele>1548.9</ele>
      </trkpt>
      <trkpt lat="31.53384" lon="-110.52931">
        <ele>1546.6</ele>
      </trkpt>
      <trkpt lat="31.53397" lon="-110.52928">
        <ele>1544.3</ele>
      </trkpt>
      <trkpt lat="31.53405" lon="-110.52927">
        <ele>1544.2</ele>
      </trkpt>
      <trkpt lat="31.53428" lon="-110.52923">
        <ele>1544.4</ele>
      </trkpt>
      <trkpt lat="31.53465" lon="-110.52919">
        <ele>1545.2</ele>
      </trkpt>
      <trkpt lat="31.53486" lon="-110.52917">
        <ele>1545.2</ele>
      </trkpt>
      <trkpt lat="31.53515" lon="-110.52917">
        <ele>1545.6</ele>
      </trkpt>
      <trkpt lat="31.53547" lon="-110.5292">
        <ele>1545.7</ele>
      </trkpt>
      <trkpt lat="31.53583" lon="-110.52925">
        <ele>1544.7</ele>
      </trkpt>
      <trkpt lat="31.53615" lon="-110.52933">
        <ele>1543.4</ele>
      </trkpt>
      <trkpt lat="31.53681" lon="-110.52956">
        <ele>1541.7</ele>
      </trkpt>
      <trkpt lat="31.53726" lon="-110.52973">
        <ele>1541.5</ele>
      </trkpt>
      <trkpt lat="31.53739" lon="-110.52979">
        <ele>1541.7</ele>
      </trkpt>
      <trkpt lat="31.53761" lon="-110.52986">
        <ele>1541.8</ele>
      </trkpt>
      <trkpt lat="31.53776" lon="-110.52993">
        <ele>1541.9</ele>
      </trkpt>
      <trkpt lat="31.53799" lon="-110.52996">
        <ele>1542.0</ele>
      </trkpt>
      <trkpt lat="31.5383" lon="-110.52996">
        <ele>1541.7</ele>
      </trkpt>
      <trkpt lat="31.53875" lon="-110.52993">
        <ele>1541.3</ele>
      </trkpt>
      <trkpt lat="31.53912" lon="-110.52991">
        <ele>1541.0</ele>
      </trkpt>
      <trkpt lat="31.53995" lon="-110.52983">
        <ele>1540.7</ele>
      </trkpt>
      <trkpt lat="31.54121" lon="-110.52976">
        <ele>1538.9</ele>
      </trkpt>
      <trkpt lat="31.5425" lon="-110.52969">
        <ele>1537.8</ele>
      </trkpt>
      <trkpt lat="31.54275" lon="-110.5297">
        <ele>1537.6</ele>
      </trkpt>
      <trkpt lat="31.54279" lon="-110.5297">
        <ele>1537.5</ele>
      </trkpt>
      <trkpt lat="31.54283" lon="-110.5297">
        <ele>1537.4</ele>
      </trkpt>
      <trkpt lat="31.54287" lon="-110.52969">
        <ele>1537.3</ele>
      </trkpt>
      <trkpt lat="31.54289" lon="-110.52968">
        <ele>1537.2</ele>
      </trkpt>
      <trkpt lat="31.54289" lon="-110.52968">
        <ele>1537.2</ele>
      </trkpt>
      <trkpt lat="31.54293" lon="-110.52968">
        <ele>1537.2</ele>
      </trkpt>
      <trkpt lat="31.54297" lon="-110.5297">
        <ele>1537.2</ele>
      </trkpt>
      <trkpt lat="31.54301" lon="-110.5297">
        <ele>1537.3</ele>
      </trkpt>
      <trkpt lat="31.54306" lon="-110.52971">
        <ele>1537.3</ele>
      </trkpt>
      <trkpt lat="31.54312" lon="-110.52971">
        <ele>1537.4</ele>
      </trkpt>
      <trkpt lat="31.5432" lon="-110.52971">
        <ele>1537.3</ele>
      </trkpt>
      <trkpt lat="31.54327" lon="-110.5297">
        <ele>1537.1</ele>
      </trkpt>
      <trkpt lat="31.5433" lon="-110.5297">
        <ele>1537.0</ele>
      </trkpt>
      <trkpt lat="31.54347" lon="-110.52969">
        <ele>1537.0</ele>
      </trkpt>
      <trkpt lat="31.5441" lon="-110.52964">
        <ele>1536.2</ele>
      </trkpt>
      <trkpt lat="31.54473" lon="-110.5296">
        <ele>1534.8</ele>
      </trkpt>
      <trkpt lat="31.54484" lon="-110.52959">
        <ele>1534.5</ele>
      </trkpt>
      <trkpt lat="31.54525" lon="-110.52956">
        <ele>1533.6</ele>
      </trkpt>
      <trkpt lat="31.54593" lon="-110.52953">
        <ele>1532.4</ele>
      </trkpt>
      <trkpt lat="31.54643" lon="-110.52951">
        <ele>1530.3</ele>
      </trkpt>
      <trkpt lat="31.54671" lon="-110.52949">
        <ele>1530.5</ele>
      </trkpt>
      <trkpt lat="31.54717" lon="-110.52946">
        <ele>1531.0</ele>
      </trkpt>
      <trkpt lat="31.54763" lon="-110.52943">
        <ele>1531.3</ele>
      </trkpt>
      <trkpt lat="31.5482" lon="-110.5294">
        <ele>1531.2</ele>
      </trkpt>
      <trkpt lat="31.54843" lon="-110.52938">
        <ele>1530.8</ele>
      </trkpt>
      <trkpt lat="31.54881" lon="-110.52935">
        <ele>1530.3</ele>
      </trkpt>
      <trkpt lat="31.54914" lon="-110.52933">
        <ele>1530.2</ele>
      </trkpt>
      <trkpt lat="31.54939" lon="-110.52931">
        <ele>1529.8</ele>
      </trkpt>
      <trkpt lat="31.55022" lon="-110.52924">
        <ele>1528.3</ele>
      </trkpt>
      <trkpt lat="31.55036" lon="-110.52923">
        <ele>1528.2</ele>
      </trkpt>
      <trkpt lat="31.55076" lon="-110.52919">
        <ele>1527.8</ele>
      </trkpt>
      <trkpt lat="31.5508" lon="-110.52919">
        <ele>1527.8</ele>
      </trkpt>
      <trkpt lat="31.55145" lon="-110.52914">
        <ele>1527.8</ele>
      </trkpt>
      <trkpt lat="31.55202" lon="-110.52909">
        <ele>1528.1</ele>
      </trkpt>
      <trkpt lat="31.5522" lon="-110.52907">
        <ele>1527.9</ele>
      </trkpt>
      <trkpt lat="31.55271" lon="-110.52903">
        <ele>1527.8</ele>
      </trkpt>
      <trkpt lat="31.55309" lon="-110.529">
        <ele>1527.7</ele>
      </trkpt>
      <trkpt lat="31.55327" lon="-110.52899">
        <ele>1527.6</ele>
      </trkpt>
      <trkpt lat="31.55346" lon="-110.52897">
        <ele>1527.3</ele>
      </trkpt>
      <trkpt lat="31.55363" lon="-110.52896">
        <ele>1526.7</ele>
      </trkpt>
      <trkpt lat="31.55381" lon="-110.52895">
        <ele>1525.9</ele>
      </trkpt>
      <trkpt lat="31.55417" lon="-110.52892">
        <ele>1519.8</ele>
      </trkpt>
      <trkpt lat="31.55435" lon="-110.5289">
        <ele>1521.4</ele>
      </trkpt>
      <trkpt lat="31.55436" lon="-110.5289">
        <ele>1521.5</ele>
      </trkpt>
      <trkpt lat="31.55453" lon="-110.52889">
        <ele>1522.8</ele>
      </trkpt>
      <trkpt lat="31.55454" lon="-110.52889">
        <ele>1522.9</ele>
      </trkpt>
      <trkpt lat="31.55462" lon="-110.52889">
        <ele>1523.6</ele>
      </trkpt>
      <trkpt lat="31.5547" lon="-110.5289">
        <ele>1524.2</ele>
      </trkpt>
      <trkpt lat="31.55476" lon="-110.52891">
        <ele>1524.9</ele>
      </trkpt>
      <trkpt lat="31.55483" lon="-110.52893">
        <ele>1526.0</ele>
      </trkpt>
      <trkpt lat="31.5549" lon="-110.52896">
        <ele>1527.5</ele>
      </trkpt>
      <trkpt lat="31.55493" lon="-110.52898">
        <ele>1528.3</ele>
      </trkpt>
      <trkpt lat="31.55498" lon="-110.52901">
        <ele>1529.6</ele>
      </trkpt>
      <trkpt lat="31.55502" lon="-110.52904">
        <ele>1530.5</ele>
      </trkpt>
      <trkpt lat="31.55505" lon="-110.52907">
        <ele>1531.3</ele>
      </trkpt>
      <trkpt lat="31.55509" lon="-110.52911">
        <ele>1532.2</ele>
      </trkpt>
      <trkpt lat="31.55512" lon="-110.52916">
        <ele>1532.8</ele>
      </trkpt>
      <trkpt lat="31.55515" lon="-110.52921">
        <ele>1533.4</ele>
      </trkpt>
      <trkpt lat="31.55517" lon="-110.52928">
        <ele>1533.9</ele>
      </trkpt>
      <trkpt lat="31.55519" lon="-110.52933">
        <ele>1534.2</ele>
      </trkpt>
      <trkpt lat="31.55521" lon="-110.5294">
        <ele>1534.6</ele>
      </trkpt>
      <trkpt lat="31.55522" lon="-110.52951">
        <ele>1535.1</ele>
      </trkpt>
      <trkpt lat="31.55523" lon="-110.52953">
        <ele>1535.3</ele>
      </trkpt>
      <trkpt lat="31.55524" lon="-110.52963">
        <ele>1535.7</ele>
      </trkpt>
      <trkpt lat="31.55524" lon="-110.52973">
        <ele>1536.1</ele>
      </trkpt>
      <trkpt lat="31.55524" lon="-110.52976">
        <ele>1536.2</ele>
      </trkpt>
      <trkpt lat="31.55525" lon="-110.52988">
        <ele>1536.5</ele>
      </trkpt>
      <trkpt lat="31.55525" lon="-110.52994">
        <ele>1536.6</ele>
      </trkpt>
      <trkpt lat="31.55525" lon="-110.52999">
        <ele>1536.7</ele>
      </trkpt>
      <trkpt lat="31.55524" lon="-110.53014">
        <ele>1536.7</ele>
      </trkpt>
      <trkpt lat="31.55523" lon="-110.53041">
        <ele>1536.8</ele>
      </trkpt>
      <trkpt lat="31.55522" lon="-110.53062">
        <ele>1536.6</ele>
      </trkpt>
      <trkpt lat="31.55521" lon="-110.53078">
        <ele>1536.5</ele>
      </trkpt>
      <trkpt lat="31.55521" lon="-110.53098">
        <ele>1536.4</ele>
      </trkpt>
      <trkpt lat="31.55521" lon="-110.53099">
        <ele>1536.4</ele>
      </trkpt>
      <trkpt lat="31.55519" lon="-110.53163">
        <ele>1538.8</ele>
      </trkpt>
      <trkpt lat="31.55519" lon="-110.5317">
        <ele>1539.1</ele>
      </trkpt>
      <trkpt lat="31.55518" lon="-110.53208">
        <ele>1540.8</ele>
      </trkpt>
      <trkpt lat="31.55518" lon="-110.53226">
        <ele>1540.9</ele>
      </trkpt>
      <trkpt lat="31.55518" lon="-110.53268">
        <ele>1541.4</ele>
      </trkpt>
      <trkpt lat="31.55518" lon="-110.53272">
        <ele>1541.7</ele>
      </trkpt>
      <trkpt lat="31.55517" lon="-110.53301">
        <ele>1544.5</ele>
      </trkpt>
      <trkpt lat="31.55516" lon="-110.53311">
        <ele>1545.6</ele>
      </trkpt>
      <trkpt lat="31.55515" lon="-110.53321">
        <ele>1546.7</ele>
      </trkpt>
      <trkpt lat="31.55514" lon="-110.5333">
        <ele>1547.5</ele>
      </trkpt>
      <trkpt lat="31.55511" lon="-110.53341">
        <ele>1548.0</ele>
      </trkpt>
      <trkpt lat="31.55509" lon="-110.5335">
        <ele>1548.3</ele>
      </trkpt>
      <trkpt lat="31.55508" lon="-110.53352">
        <ele>1548.2</ele>
      </trkpt>
      <trkpt lat="31.55504" lon="-110.53363">
        <ele>1548.3</ele>
      </trkpt>
      <trkpt lat="31.55499" lon="-110.53376">
        <ele>1548.5</ele>
      </trkpt>
      <trkpt lat="31.55492" lon="-110.5339">
        <ele>1548.6</ele>
      </trkpt>
      <trkpt lat="31.55479" lon="-110.53413">
        <ele>1549.2</ele>
      </trkpt>
      <trkpt lat="31.55466" lon="-110.53435">
        <ele>1550.1</ele>
      </trkpt>
      <trkpt lat="31.55464" lon="-110.53439">
        <ele>1550.2</ele>
      </trkpt>
      <trkpt lat="31.55453" lon="-110.53456">
        <ele>1550.7</ele>
      </trkpt>
      <trkpt lat="31.55443" lon="-110.53474">
        <ele>1551.0</ele>
      </trkpt>
      <trkpt lat="31.55434" lon="-110.53489">
        <ele>1551.2</ele>
      </trkpt>
      <trkpt lat="31.55426" lon="-110.53504">
        <ele>1551.4</ele>
      </trkpt>
      <trkpt lat="31.55423" lon="-110.53509">
        <ele>1551.5</ele>
      </trkpt>
      <trkpt lat="31.55414" lon="-110.53528">
        <ele>1551.7</ele>
      </trkpt>
      <trkpt lat="31.55408" lon="-110.53539">
        <ele>1551.7</ele>
      </trkpt>
      <trkpt lat="31.55388" lon="-110.53578">
        <ele>1551.5</ele>
      </trkpt>
      <trkpt lat="31.55378" lon="-110.53597">
        <ele>1551.1</ele>
      </trkpt>
      <trkpt lat="31.5537" lon="-110.53613">
        <ele>1550.8</ele>
      </trkpt>
      <trkpt lat="31.5536" lon="-110.53629">
        <ele>1550.5</ele>
      </trkpt>
      <trkpt lat="31.55356" lon="-110.53634">
        <ele>1550.4</ele>
      </trkpt>
      <trkpt lat="31.5535" lon="-110.53643">
        <ele>1550.4</ele>
      </trkpt>
      <trkpt lat="31.55333" lon="-110.53666">
        <ele>1549.9</ele>
      </trkpt>
      <trkpt lat="31.55329" lon="-110.53671">
        <ele>1549.9</ele>
      </trkpt>
      <trkpt lat="31.55297" lon="-110.53711">
        <ele>1551.7</ele>
      </trkpt>
      <trkpt lat="31.55284" lon="-110.53727">
        <ele>1553.1</ele>
      </trkpt>
      <trkpt lat="31.55267" lon="-110.53747">
        <ele>1554.4</ele>
      </trkpt>
      <trkpt lat="31.5525" lon="-110.5377">
        <ele>1555.7</ele>
      </trkpt>
      <trkpt lat="31.55241" lon="-110.53784">
        <ele>1555.8</ele>
      </trkpt>
      <trkpt lat="31.55233" lon="-110.53796">
        <ele>1555.8</ele>
      </trkpt>
      <trkpt lat="31.55224" lon="-110.53811">
        <ele>1555.8</ele>
      </trkpt>
      <trkpt lat="31.55216" lon="-110.53827">
        <ele>1556.0</ele>
      </trkpt>
      <trkpt lat="31.55208" lon="-110.53844">
        <ele>1556.1</ele>
      </trkpt>
      <trkpt lat="31.55207" lon="-110.53845">
        <ele>1556.1</ele>
      </trkpt>
      <trkpt lat="31.55194" lon="-110.53874">
        <ele>1556.4</ele>
      </trkpt>
      <trkpt lat="31.55181" lon="-110.53906">
        <ele>1556.8</ele>
      </trkpt>
      <trkpt lat="31.55173" lon="-110.53928">
        <ele>1557.4</ele>
      </trkpt>
      <trkpt lat="31.55164" lon="-110.53954">
        <ele>1558.9</ele>
      </trkpt>
      <trkpt lat="31.55155" lon="-110.53988">
        <ele>1561.7</ele>
      </trkpt>
      <trkpt lat="31.55152" lon="-110.54006">
        <ele>1562.8</ele>
      </trkpt>
      <trkpt lat="31.55149" lon="-110.54023">
        <ele>1563.4</ele>
      </trkpt>
      <trkpt lat="31.55149" lon="-110.54024">
        <ele>1563.4</ele>
      </trkpt>
      <trkpt lat="31.55148" lon="-110.54038">
        <ele>1563.6</ele>
      </trkpt>
      <trkpt lat="31.55148" lon="-110.54053">
        <ele>1563.7</ele>
      </trkpt>
      <trkpt lat="31.55149" lon="-110.54067">
        <ele>1563.7</ele>
      </trkpt>
      <trkpt lat="31.55149" lon="-110.54069">
        <ele>1563.7</ele>
      </trkpt>
      <trkpt lat="31.55151" lon="-110.54083">
        <ele>1563.7</ele>
      </trkpt>
      <trkpt lat="31.55154" lon="-110.541">
        <ele>1563.9</ele>
      </trkpt>
      <trkpt lat="31.55156" lon="-110.54115">
        <ele>1564.0</ele>
      </trkpt>
      <trkpt lat="31.55167" lon="-110.54164">
        <ele>1565.0</ele>
      </trkpt>
      <trkpt lat="31.55168" lon="-110.54171">
        <ele>1565.1</ele>
      </trkpt>
      <trkpt lat="31.5518" lon="-110.54227">
        <ele>1565.5</ele>
      </trkpt>
      <trkpt lat="31.55191" lon="-110.54281">
        <ele>1568.7</ele>
      </trkpt>
      <trkpt lat="31.55194" lon="-110.54294">
        <ele>1569.5</ele>
      </trkpt>
      <trkpt lat="31.55198" lon="-110.54314">
        <ele>1570.5</ele>
      </trkpt>
      <trkpt lat="31.552" lon="-110.5433">
        <ele>1570.6</ele>
      </trkpt>
      <trkpt lat="31.55203" lon="-110.54351">
        <ele>1571.0</ele>
      </trkpt>
      <trkpt lat="31.55205" lon="-110.54367">
        <ele>1571.4</ele>
      </trkpt>
      <trkpt lat="31.55205" lon="-110.54378">
        <ele>1571.5</ele>
      </trkpt>
      <trkpt lat="31.55205" lon="-110.54392">
        <ele>1571.8</ele>
      </trkpt>
      <trkpt lat="31.55205" lon="-110.54396">
        <ele>1572.0</ele>
      </trkpt>
      <trkpt lat="31.55205" lon="-110.54411">
        <ele>1571.8</ele>
      </trkpt>
      <trkpt lat="31.55204" lon="-110.54417">
        <ele>1571.9</ele>
      </trkpt>
      <trkpt lat="31.55203" lon="-110.5443">
        <ele>1571.7</ele>
      </trkpt>
      <trkpt lat="31.55202" lon="-110.54438">
        <ele>1571.2</ele>
      </trkpt>
      <trkpt lat="31.552" lon="-110.54451">
        <ele>1570.3</ele>
      </trkpt>
      <trkpt lat="31.55198" lon="-110.5447">
        <ele>1569.3</ele>
      </trkpt>
      <trkpt lat="31.55188" lon="-110.54542">
        <ele>1567.8</ele>
      </trkpt>
      <trkpt lat="31.55185" lon="-110.54563">
        <ele>1567.3</ele>
      </trkpt>
      <trkpt lat="31.55182" lon="-110.54584">
        <ele>1566.9</ele>
      </trkpt>
      <trkpt lat="31.55179" lon="-110.54605">
        <ele>1568.6</ele>
      </trkpt>
      <trkpt lat="31.55173" lon="-110.54659">
        <ele>1576.4</ele>
      </trkpt>
      <trkpt lat="31.55172" lon="-110.54665">
        <ele>1577.2</ele>
      </trkpt>
      <trkpt lat="31.55171" lon="-110.54678">
        <ele>1578.6</ele>
      </trkpt>
      <trkpt lat="31.55171" lon="-110.5468">
        <ele>1578.8</ele>
      </trkpt>
      <trkpt lat="31.55171" lon="-110.5469">
        <ele>1579.6</ele>
      </trkpt>
      <trkpt lat="31.55171" lon="-110.54701">
        <ele>1580.1</ele>
      </trkpt>
      <trkpt lat="31.55171" lon="-110.54702">
        <ele>1580.1</ele>
      </trkpt>
      <trkpt lat="31.55172" lon="-110.54712">
        <ele>1580.1</ele>
      </trkpt>
      <trkpt lat="31.55174" lon="-110.54722">
        <ele>1579.8</ele>
      </trkpt>
      <trkpt lat="31.55175" lon="-110.54724">
        <ele>1579.6</ele>
      </trkpt>
      <trkpt lat="31.55177" lon="-110.54732">
        <ele>1579.0</ele>
      </trkpt>
      <trkpt lat="31.5518" lon="-110.54739">
        <ele>1578.2</ele>
      </trkpt>
      <trkpt lat="31.55183" lon="-110.54744">
        <ele>1577.4</ele>
      </trkpt>
      <trkpt lat="31.55183" lon="-110.54745">
        <ele>1577.3</ele>
      </trkpt>
      <trkpt lat="31.55186" lon="-110.54751">
        <ele>1576.3</ele>
      </trkpt>
      <trkpt lat="31.55191" lon="-110.54757">
        <ele>1575.2</ele>
      </trkpt>
      <trkpt lat="31.55195" lon="-110.54761">
        <ele>1574.3</ele>
      </trkpt>
      <trkpt lat="31.55196" lon="-110.54763">
        <ele>1574.0</ele>
      </trkpt>
      <trkpt lat="31.55208" lon="-110.54776">
        <ele>1571.9</ele>
      </trkpt>
      <trkpt lat="31.5521" lon="-110.54778">
        <ele>1571.5</ele>
      </trkpt>
      <trkpt lat="31.55221" lon="-110.5479">
        <ele>1568.3</ele>
      </trkpt>
      <trkpt lat="31.55224" lon="-110.54794">
        <ele>1567.3</ele>
      </trkpt>
      <trkpt lat="31.55229" lon="-110.548">
        <ele>1567.2</ele>
      </trkpt>
      <trkpt lat="31.55234" lon="-110.54805">
        <ele>1567.6</ele>
      </trkpt>
      <trkpt lat="31.55242" lon="-110.54816">
        <ele>1568.8</ele>
      </trkpt>
      <trkpt lat="31.55254" lon="-110.54833">
        <ele>1570.3</ele>
      </trkpt>
      <trkpt lat="31.55255" lon="-110.54834">
        <ele>1570.3</ele>
      </trkpt>
      <trkpt lat="31.55265" lon="-110.54849">
        <ele>1571.3</ele>
      </trkpt>
      <trkpt lat="31.55277" lon="-110.54865">
        <ele>1572.1</ele>
      </trkpt>
      <trkpt lat="31.55278" lon="-110.54867">
        <ele>1572.2</ele>
      </trkpt>
      <trkpt lat="31.55295" lon="-110.54893">
        <ele>1572.9</ele>
      </trkpt>
      <trkpt lat="31.5532" lon="-110.54931">
        <ele>1574.2</ele>
      </trkpt>
      <trkpt lat="31.55321" lon="-110.54932">
        <ele>1574.3</ele>
      </trkpt>
      <trkpt lat="31.55353" lon="-110.54983">
        <ele>1576.3</ele>
      </trkpt>
      <trkpt lat="31.55365" lon="-110.55">
        <ele>1575.6</ele>
      </trkpt>
      <trkpt lat="31.55369" lon="-110.55006">
        <ele>1575.6</ele>
      </trkpt>
      <trkpt lat="31.55372" lon="-110.5501">
        <ele>1575.5</ele>
      </trkpt>
      <trkpt lat="31.55379" lon="-110.55018">
        <ele>1574.7</ele>
      </trkpt>
      <trkpt lat="31.55385" lon="-110.55024">
        <ele>1574.4</ele>
      </trkpt>
      <trkpt lat="31.55397" lon="-110.55035">
        <ele>1574.6</ele>
      </trkpt>
      <trkpt lat="31.55408" lon="-110.55042">
        <ele>1574.6</ele>
      </trkpt>
      <trkpt lat="31.55415" lon="-110.55046">
        <ele>1574.7</ele>
      </trkpt>
      <trkpt lat="31.55422" lon="-110.5505">
        <ele>1574.7</ele>
      </trkpt>
      <trkpt lat="31.55429" lon="-110.55053">
        <ele>1574.7</ele>
      </trkpt>
      <trkpt lat="31.55431" lon="-110.55053">
        <ele>1574.6</ele>
      </trkpt>
      <trkpt lat="31.55441" lon="-110.55057">
        <ele>1574.7</ele>
      </trkpt>
      <trkpt lat="31.55448" lon="-110.5506">
        <ele>1574.8</ele>
      </trkpt>
      <trkpt lat="31.5545" lon="-110.5506">
        <ele>1574.7</ele>
      </trkpt>
      <trkpt lat="31.55462" lon="-110.55064">
        <ele>1574.4</ele>
      </trkpt>
      <trkpt lat="31.55465" lon="-110.55065">
        <ele>1574.3</ele>
      </trkpt>
      <trkpt lat="31.55481" lon="-110.5507">
        <ele>1573.3</ele>
      </trkpt>
      <trkpt lat="31.55483" lon="-110.5507">
        <ele>1573.2</ele>
      </trkpt>
      <trkpt lat="31.55505" lon="-110.55078">
        <ele>1571.5</ele>
      </trkpt>
      <trkpt lat="31.55518" lon="-110.55081">
        <ele>1570.6</ele>
      </trkpt>
      <trkpt lat="31.5552" lon="-110.55082">
        <ele>1570.5</ele>
      </trkpt>
      <trkpt lat="31.55532" lon="-110.55086">
        <ele>1569.9</ele>
      </trkpt>
      <trkpt lat="31.55535" lon="-110.55087">
        <ele>1569.8</ele>
      </trkpt>
      <trkpt lat="31.55543" lon="-110.5509">
        <ele>1569.9</ele>
      </trkpt>
      <trkpt lat="31.5556" lon="-110.55096">
        <ele>1570.0</ele>
      </trkpt>
      <trkpt lat="31.55569" lon="-110.55099">
        <ele>1569.8</ele>
      </trkpt>
      <trkpt lat="31.55578" lon="-110.55103">
        <ele>1569.6</ele>
      </trkpt>
      <trkpt lat="31.55586" lon="-110.55106">
        <ele>1569.6</ele>
      </trkpt>
      <trkpt lat="31.55602" lon="-110.55112">
        <ele>1569.7</ele>
      </trkpt>
      <trkpt lat="31.55622" lon="-110.55121">
        <ele>1570.3</ele>
      </trkpt>
      <trkpt lat="31.55636" lon="-110.55128">
        <ele>1570.1</ele>
      </trkpt>
      <trkpt lat="31.55642" lon="-110.55131">
        <ele>1569.8</ele>
      </trkpt>
      <trkpt lat="31.55665" lon="-110.55142">
        <ele>1568.8</ele>
      </trkpt>
      <trkpt lat="31.55683" lon="-110.55151">
        <ele>1568.4</ele>
      </trkpt>
      <trkpt lat="31.55702" lon="-110.55161">
        <ele>1567.7</ele>
      </trkpt>
      <trkpt lat="31.55713" lon="-110.55166">
        <ele>1567.1</ele>
      </trkpt>
      <trkpt lat="31.55725" lon="-110.55172">
        <ele>1566.4</ele>
      </trkpt>
      <trkpt lat="31.5574" lon="-110.55181">
        <ele>1565.6</ele>
      </trkpt>
      <trkpt lat="31.55762" lon="-110.55196">
        <ele>1564.7</ele>
      </trkpt>
      <trkpt lat="31.55778" lon="-110.55209">
        <ele>1564.2</ele>
      </trkpt>
      <trkpt lat="31.55796" lon="-110.55225">
        <ele>1564.2</ele>
      </trkpt>
      <trkpt lat="31.5582" lon="-110.55247">
        <ele>1564.1</ele>
      </trkpt>
      <trkpt lat="31.55823" lon="-110.5525">
        <ele>1564.1</ele>
      </trkpt>
      <trkpt lat="31.55837" lon="-110.55263">
        <ele>1563.7</ele>
      </trkpt>
      <trkpt lat="31.55867" lon="-110.55293">
        <ele>1561.0</ele>
      </trkpt>
      <trkpt lat="31.55878" lon="-110.55304">
        <ele>1559.8</ele>
      </trkpt>
      <trkpt lat="31.55886" lon="-110.55312">
        <ele>1559.1</ele>
      </trkpt>
      <trkpt lat="31.5591" lon="-110.55338">
        <ele>1558.1</ele>
      </trkpt>
      <trkpt lat="31.55918" lon="-110.55346">
        <ele>1557.8</ele>
      </trkpt>
      <trkpt lat="31.55934" lon="-110.55361">
        <ele>1557.5</ele>
      </trkpt>
      <trkpt lat="31.55944" lon="-110.55369">
        <ele>1557.0</ele>
      </trkpt>
      <trkpt lat="31.55946" lon="-110.55371">
        <ele>1557.0</ele>
      </trkpt>
      <trkpt lat="31.55953" lon="-110.55376">
        <ele>1556.8</ele>
      </trkpt>
      <trkpt lat="31.55965" lon="-110.55383">
        <ele>1556.5</ele>
      </trkpt>
      <trkpt lat="31.55974" lon="-110.55388">
        <ele>1556.2</ele>
      </trkpt>
      <trkpt lat="31.55979" lon="-110.5539">
        <ele>1556.0</ele>
      </trkpt>
      <trkpt lat="31.55984" lon="-110.55393">
        <ele>1556.0</ele>
      </trkpt>
      <trkpt lat="31.55991" lon="-110.55396">
        <ele>1555.9</ele>
      </trkpt>
      <trkpt lat="31.55996" lon="-110.55398">
        <ele>1555.8</ele>
      </trkpt>
      <trkpt lat="31.56" lon="-110.55399">
        <ele>1555.7</ele>
      </trkpt>
      <trkpt lat="31.56008" lon="-110.55402">
        <ele>1555.3</ele>
      </trkpt>
      <trkpt lat="31.56013" lon="-110.55404">
        <ele>1554.9</ele>
      </trkpt>
      <trkpt lat="31.56022" lon="-110.55407">
        <ele>1553.7</ele>
      </trkpt>
      <trkpt lat="31.56032" lon="-110.55409">
        <ele>1552.6</ele>
      </trkpt>
      <trkpt lat="31.56046" lon="-110.55413">
        <ele>1552.1</ele>
      </trkpt>
      <trkpt lat="31.56049" lon="-110.55414">
        <ele>1552.1</ele>
      </trkpt>
      <trkpt lat="31.5606" lon="-110.55417">
        <ele>1552.4</ele>
      </trkpt>
      <trkpt lat="31.56066" lon="-110.55418">
        <ele>1552.6</ele>
      </trkpt>
      <trkpt lat="31.56084" lon="-110.55423">
        <ele>1553.3</ele>
      </trkpt>
      <trkpt lat="31.56101" lon="-110.55427">
        <ele>1552.1</ele>
      </trkpt>
      <trkpt lat="31.56108" lon="-110.55429">
        <ele>1552.0</ele>
      </trkpt>
      <trkpt lat="31.56119" lon="-110.55432">
        <ele>1553.1</ele>
      </trkpt>
      <trkpt lat="31.56121" lon="-110.55433">
        <ele>1553.5</ele>
      </trkpt>
      <trkpt lat="31.56136" lon="-110.55438">
        <ele>1556.0</ele>
      </trkpt>
      <trkpt lat="31.56152" lon="-110.55443">
        <ele>1558.0</ele>
      </trkpt>
      <trkpt lat="31.56178" lon="-110.55452">
        <ele>1560.7</ele>
      </trkpt>
      <trkpt lat="31.56187" lon="-110.55456">
        <ele>1561.2</ele>
      </trkpt>
      <trkpt lat="31.56201" lon="-110.55462">
        <ele>1560.8</ele>
      </trkpt>
      <trkpt lat="31.56204" lon="-110.55463">
        <ele>1560.7</ele>
      </trkpt>
      <trkpt lat="31.56225" lon="-110.55474">
        <ele>1559.8</ele>
      </trkpt>
      <trkpt lat="31.56237" lon="-110.55479">
        <ele>1559.4</ele>
      </trkpt>
      <trkpt lat="31.56256" lon="-110.55488">
        <ele>1558.6</ele>
      </trkpt>
      <trkpt lat="31.56287" lon="-110.55504">
        <ele>1556.5</ele>
      </trkpt>
      <trkpt lat="31.56288" lon="-110.55504">
        <ele>1556.5</ele>
      </trkpt>
      <trkpt lat="31.56311" lon="-110.55516">
        <ele>1555.2</ele>
      </trkpt>
      <trkpt lat="31.56336" lon="-110.5553">
        <ele>1554.1</ele>
      </trkpt>
      <trkpt lat="31.56339" lon="-110.55532">
        <ele>1554.0</ele>
      </trkpt>
      <trkpt lat="31.56352" lon="-110.55539">
        <ele>1553.9</ele>
      </trkpt>
      <trkpt lat="31.5637" lon="-110.55549">
        <ele>1553.7</ele>
      </trkpt>
      <trkpt lat="31.5638" lon="-110.55555">
        <ele>1553.6</ele>
      </trkpt>
      <trkpt lat="31.56391" lon="-110.55562">
        <ele>1553.3</ele>
      </trkpt>
      <trkpt lat="31.56399" lon="-110.55568">
        <ele>1553.3</ele>
      </trkpt>
      <trkpt lat="31.56408" lon="-110.55576">
        <ele>1553.4</ele>
      </trkpt>
      <trkpt lat="31.56413" lon="-110.55581">
        <ele>1553.4</ele>
      </trkpt>
      <trkpt lat="31.56417" lon="-110.55585">
        <ele>1553.4</ele>
      </trkpt>
      <trkpt lat="31.56426" lon="-110.55598">
        <ele>1553.7</ele>
      </trkpt>
      <trkpt lat="31.56432" lon="-110.55607">
        <ele>1553.8</ele>
      </trkpt>
      <trkpt lat="31.56438" lon="-110.5562">
        <ele>1553.8</ele>
      </trkpt>
      <trkpt lat="31.56444" lon="-110.55636">
        <ele>1553.9</ele>
      </trkpt>
      <trkpt lat="31.56449" lon="-110.5565">
        <ele>1554.7</ele>
      </trkpt>
      <trkpt lat="31.56451" lon="-110.55657">
        <ele>1555.2</ele>
      </trkpt>
      <trkpt lat="31.56455" lon="-110.5567">
        <ele>1555.7</ele>
      </trkpt>
      <trkpt lat="31.56462" lon="-110.55695">
        <ele>1556.1</ele>
      </trkpt>
      <trkpt lat="31.56466" lon="-110.55709">
        <ele>1556.2</ele>
      </trkpt>
      <trkpt lat="31.56466" lon="-110.5571">
        <ele>1556.2</ele>
      </trkpt>
      <trkpt lat="31.56472" lon="-110.55728">
        <ele>1556.0</ele>
      </trkpt>
      <trkpt lat="31.56473" lon="-110.5573">
        <ele>1556.0</ele>
      </trkpt>
      <trkpt lat="31.5648" lon="-110.55749">
        <ele>1556.1</ele>
      </trkpt>
      <trkpt lat="31.56483" lon="-110.55755">
        <ele>1556.1</ele>
      </trkpt>
      <trkpt lat="31.56488" lon="-110.55767">
        <ele>1556.3</ele>
      </trkpt>
      <trkpt lat="31.56488" lon="-110.55768">
        <ele>1556.3</ele>
      </trkpt>
      <trkpt lat="31.56494" lon="-110.5578">
        <ele>1556.4</ele>
      </trkpt>
      <trkpt lat="31.565" lon="-110.5579">
        <ele>1556.4</ele>
      </trkpt>
      <trkpt lat="31.56508" lon="-110.55802">
        <ele>1556.2</ele>
      </trkpt>
      <trkpt lat="31.56509" lon="-110.55803">
        <ele>1556.2</ele>
      </trkpt>
      <trkpt lat="31.56511" lon="-110.55805">
        <ele>1556.1</ele>
      </trkpt>
      <trkpt lat="31.56515" lon="-110.55811">
        <ele>1555.9</ele>
      </trkpt>
      <trkpt lat="31.56522" lon="-110.55818">
        <ele>1555.5</ele>
      </trkpt>
      <trkpt lat="31.5653" lon="-110.55826">
        <ele>1554.7</ele>
      </trkpt>
      <trkpt lat="31.56536" lon="-110.55832">
        <ele>1553.9</ele>
      </trkpt>
      <trkpt lat="31.56543" lon="-110.55838">
        <ele>1553.1</ele>
      </trkpt>
      <trkpt lat="31.56551" lon="-110.55845">
        <ele>1553.2</ele>
      </trkpt>
      <trkpt lat="31.56574" lon="-110.55862">
        <ele>1555.4</ele>
      </trkpt>
      <trkpt lat="31.56596" lon="-110.55879">
        <ele>1559.1</ele>
      </trkpt>
      <trkpt lat="31.56612" lon="-110.55892">
        <ele>1561.4</ele>
      </trkpt>
      <trkpt lat="31.5662" lon="-110.55897">
        <ele>1562.3</ele>
      </trkpt>
      <trkpt lat="31.56629" lon="-110.55904">
        <ele>1563.2</ele>
      </trkpt>
      <trkpt lat="31.56645" lon="-110.55916">
        <ele>1564.9</ele>
      </trkpt>
      <trkpt lat="31.56666" lon="-110.55931">
        <ele>1567.6</ele>
      </trkpt>
      <trkpt lat="31.5667" lon="-110.55935">
        <ele>1568.2</ele>
      </trkpt>
      <trkpt lat="31.5668" lon="-110.55943">
        <ele>1569.0</ele>
      </trkpt>
      <trkpt lat="31.56692" lon="-110.55952">
        <ele>1569.6</ele>
      </trkpt>
      <trkpt lat="31.56704" lon="-110.55961">
        <ele>1570.0</ele>
      </trkpt>
      <trkpt lat="31.5671" lon="-110.55965">
        <ele>1570.1</ele>
      </trkpt>
      <trkpt lat="31.56711" lon="-110.55966">
        <ele>1570.2</ele>
      </trkpt>
      <trkpt lat="31.56716" lon="-110.5597">
        <ele>1570.3</ele>
      </trkpt>
      <trkpt lat="31.56724" lon="-110.55975">
        <ele>1570.3</ele>
      </trkpt>
      <trkpt lat="31.56727" lon="-110.55977">
        <ele>1570.3</ele>
      </trkpt>
      <trkpt lat="31.56737" lon="-110.55982">
        <ele>1570.3</ele>
      </trkpt>
      <trkpt lat="31.56744" lon="-110.55984">
        <ele>1570.2</ele>
      </trkpt>
      <trkpt lat="31.56747" lon="-110.55986">
        <ele>1570.1</ele>
      </trkpt>
      <trkpt lat="31.56757" lon="-110.55989">
        <ele>1570.1</ele>
      </trkpt>
      <trkpt lat="31.5677" lon="-110.55992">
        <ele>1569.9</ele>
      </trkpt>
      <trkpt lat="31.5678" lon="-110.55995">
        <ele>1569.8</ele>
      </trkpt>
      <trkpt lat="31.56822" lon="-110.56005">
        <ele>1569.6</ele>
      </trkpt>
      <trkpt lat="31.56826" lon="-110.56006">
        <ele>1569.7</ele>
      </trkpt>
      <trkpt lat="31.56841" lon="-110.5601">
        <ele>1569.9</ele>
      </trkpt>
      <trkpt lat="31.56863" lon="-110.56014">
        <ele>1570.0</ele>
      </trkpt>
      <trkpt lat="31.5688" lon="-110.56016">
        <ele>1570.3</ele>
      </trkpt>
      <trkpt lat="31.56882" lon="-110.56016">
        <ele>1570.3</ele>
      </trkpt>
      <trkpt lat="31.56896" lon="-110.56016">
        <ele>1570.4</ele>
      </trkpt>
      <trkpt lat="31.56898" lon="-110.56016">
        <ele>1570.4</ele>
      </trkpt>
      <trkpt lat="31.56907" lon="-110.56016">
        <ele>1570.3</ele>
      </trkpt>
      <trkpt lat="31.56924" lon="-110.56013">
        <ele>1570.1</ele>
      </trkpt>
      <trkpt lat="31.56938" lon="-110.5601">
        <ele>1570.0</ele>
      </trkpt>
      <trkpt lat="31.56952" lon="-110.56006">
        <ele>1569.9</ele>
      </trkpt>
      <trkpt lat="31.56959" lon="-110.56004">
        <ele>1569.9</ele>
      </trkpt>
      <trkpt lat="31.5697" lon="-110.56">
        <ele>1569.8</ele>
      </trkpt>
      <trkpt lat="31.56986" lon="-110.55992">
        <ele>1569.5</ele>
      </trkpt>
      <trkpt lat="31.56995" lon="-110.55985">
        <ele>1569.1</ele>
      </trkpt>
      <trkpt lat="31.57004" lon="-110.55979">
        <ele>1568.6</ele>
      </trkpt>
      <trkpt lat="31.57018" lon="-110.55966">
        <ele>1567.9</ele>
      </trkpt>
      <trkpt lat="31.57028" lon="-110.55957">
        <ele>1567.3</ele>
      </trkpt>
      <trkpt lat="31.57046" lon="-110.55941">
        <ele>1566.2</ele>
      </trkpt>
      <trkpt lat="31.57052" lon="-110.55935">
        <ele>1565.6</ele>
      </trkpt>
      <trkpt lat="31.5706" lon="-110.55928">
        <ele>1565.1</ele>
      </trkpt>
      <trkpt lat="31.5707" lon="-110.55919">
        <ele>1564.7</ele>
      </trkpt>
      <trkpt lat="31.57084" lon="-110.55907">
        <ele>1564.7</ele>
      </trkpt>
      <trkpt lat="31.57093" lon="-110.559">
        <ele>1564.9</ele>
      </trkpt>
      <trkpt lat="31.57104" lon="-110.55892">
        <ele>1565.1</ele>
      </trkpt>
      <trkpt lat="31.57105" lon="-110.55891">
        <ele>1565.1</ele>
      </trkpt>
      <trkpt lat="31.57119" lon="-110.55882">
        <ele>1565.3</ele>
      </trkpt>
      <trkpt lat="31.57127" lon="-110.55876">
        <ele>1565.2</ele>
      </trkpt>
      <trkpt lat="31.57135" lon="-110.55872">
        <ele>1565.0</ele>
      </trkpt>
      <trkpt lat="31.57143" lon="-110.55867">
        <ele>1564.7</ele>
      </trkpt>
      <trkpt lat="31.57151" lon="-110.55863">
        <ele>1564.5</ele>
      </trkpt>
      <trkpt lat="31.57152" lon="-110.55862">
        <ele>1564.4</ele>
      </trkpt>
      <trkpt lat="31.5716" lon="-110.55858">
        <ele>1564.1</ele>
      </trkpt>
      <trkpt lat="31.57166" lon="-110.55855">
        <ele>1563.9</ele>
      </trkpt>
      <trkpt lat="31.57181" lon="-110.55849">
        <ele>1563.2</ele>
      </trkpt>
      <trkpt lat="31.57199" lon="-110.55842">
        <ele>1562.3</ele>
      </trkpt>
      <trkpt lat="31.57223" lon="-110.55832">
        <ele>1561.7</ele>
      </trkpt>
      <trkpt lat="31.57235" lon="-110.55827">
        <ele>1561.7</ele>
      </trkpt>
      <trkpt lat="31.57235" lon="-110.55826">
        <ele>1561.7</ele>
      </trkpt>
      <trkpt lat="31.57246" lon="-110.55821">
        <ele>1561.7</ele>
      </trkpt>
      <trkpt lat="31.57254" lon="-110.55816">
        <ele>1561.7</ele>
      </trkpt>
      <trkpt lat="31.57268" lon="-110.55807">
        <ele>1561.7</ele>
      </trkpt>
      <trkpt lat="31.57275" lon="-110.55801">
        <ele>1561.9</ele>
      </trkpt>
      <trkpt lat="31.57284" lon="-110.55793">
        <ele>1561.9</ele>
      </trkpt>
      <trkpt lat="31.57296" lon="-110.55779">
        <ele>1561.9</ele>
      </trkpt>
      <trkpt lat="31.57306" lon="-110.55765">
        <ele>1561.6</ele>
      </trkpt>
      <trkpt lat="31.57314" lon="-110.55755">
        <ele>1561.2</ele>
      </trkpt>
      <trkpt lat="31.57324" lon="-110.55736">
        <ele>1559.3</ele>
      </trkpt>
      <trkpt lat="31.57331" lon="-110.55723">
        <ele>1558.2</ele>
      </trkpt>
      <trkpt lat="31.57342" lon="-110.557">
        <ele>1557.6</ele>
      </trkpt>
      <trkpt lat="31.57353" lon="-110.55675">
        <ele>1557.0</ele>
      </trkpt>
      <trkpt lat="31.57355" lon="-110.55671">
        <ele>1557.1</ele>
      </trkpt>
      <trkpt lat="31.57358" lon="-110.55663">
        <ele>1557.2</ele>
      </trkpt>
      <trkpt lat="31.57362" lon="-110.55655">
        <ele>1557.3</ele>
      </trkpt>
      <trkpt lat="31.57369" lon="-110.55642">
        <ele>1557.5</ele>
      </trkpt>
      <trkpt lat="31.57376" lon="-110.55629">
        <ele>1557.4</ele>
      </trkpt>
      <trkpt lat="31.57383" lon="-110.55619">
        <ele>1557.2</ele>
      </trkpt>
      <trkpt lat="31.57391" lon="-110.55607">
        <ele>1556.5</ele>
      </trkpt>
      <trkpt lat="31.57405" lon="-110.55588">
        <ele>1555.3</ele>
      </trkpt>
      <trkpt lat="31.57417" lon="-110.5557">
        <ele>1554.1</ele>
      </trkpt>
      <trkpt lat="31.57419" lon="-110.55567">
        <ele>1553.8</ele>
      </trkpt>
      <trkpt lat="31.57442" lon="-110.55535">
        <ele>1551.0</ele>
      </trkpt>
      <trkpt lat="31.5746" lon="-110.5551">
        <ele>1550.0</ele>
      </trkpt>
      <trkpt lat="31.57471" lon="-110.55496">
        <ele>1549.7</ele>
      </trkpt>
      <trkpt lat="31.5748" lon="-110.55486">
        <ele>1549.4</ele>
      </trkpt>
      <trkpt lat="31.57493" lon="-110.55474">
        <ele>1549.1</ele>
      </trkpt>
      <trkpt lat="31.57503" lon="-110.55466">
        <ele>1548.9</ele>
      </trkpt>
      <trkpt lat="31.5751" lon="-110.55461">
        <ele>1548.8</ele>
      </trkpt>
      <trkpt lat="31.5752" lon="-110.55456">
        <ele>1548.5</ele>
      </trkpt>
      <trkpt lat="31.57528" lon="-110.55452">
        <ele>1548.4</ele>
      </trkpt>
      <trkpt lat="31.57539" lon="-110.55447">
        <ele>1548.2</ele>
      </trkpt>
      <trkpt lat="31.57547" lon="-110.55445">
        <ele>1547.9</ele>
      </trkpt>
      <trkpt lat="31.57563" lon="-110.5544">
        <ele>1547.3</ele>
      </trkpt>
      <trkpt lat="31.57577" lon="-110.55438">
        <ele>1546.6</ele>
      </trkpt>
      <trkpt lat="31.57587" lon="-110.55438">
        <ele>1546.1</ele>
      </trkpt>
      <trkpt lat="31.57588" lon="-110.55438">
        <ele>1546.1</ele>
      </trkpt>
      <trkpt lat="31.57598" lon="-110.55438">
        <ele>1545.5</ele>
      </trkpt>
      <trkpt lat="31.57612" lon="-110.55439">
        <ele>1544.7</ele>
      </trkpt>
      <trkpt lat="31.57621" lon="-110.5544">
        <ele>1544.1</ele>
      </trkpt>
      <trkpt lat="31.57628" lon="-110.55442">
        <ele>1543.6</ele>
      </trkpt>
      <trkpt lat="31.5765" lon="-110.55446">
        <ele>1542.2</ele>
      </trkpt>
      <trkpt lat="31.57675" lon="-110.55452">
        <ele>1541.4</ele>
      </trkpt>
      <trkpt lat="31.57678" lon="-110.55453">
        <ele>1541.3</ele>
      </trkpt>
      <trkpt lat="31.57707" lon="-110.55461">
        <ele>1541.0</ele>
      </trkpt>
      <trkpt lat="31.57727" lon="-110.55467">
        <ele>1540.4</ele>
      </trkpt>
      <trkpt lat="31.57731" lon="-110.55468">
        <ele>1540.3</ele>
      </trkpt>
      <trkpt lat="31.5775" lon="-110.55473">
        <ele>1539.2</ele>
      </trkpt>
      <trkpt lat="31.57759" lon="-110.55476">
        <ele>1538.4</ele>
      </trkpt>
      <trkpt lat="31.57771" lon="-110.5548">
        <ele>1537.3</ele>
      </trkpt>
      <trkpt lat="31.57779" lon="-110.55483">
        <ele>1536.5</ele>
      </trkpt>
      <trkpt lat="31.57782" lon="-110.55484">
        <ele>1536.3</ele>
      </trkpt>
      <trkpt lat="31.57789" lon="-110.55487">
        <ele>1535.7</ele>
      </trkpt>
      <trkpt lat="31.57796" lon="-110.55491">
        <ele>1535.1</ele>
      </trkpt>
      <trkpt lat="31.57802" lon="-110.55495">
        <ele>1534.8</ele>
      </trkpt>
      <trkpt lat="31.57805" lon="-110.55497">
        <ele>1534.6</ele>
      </trkpt>
      <trkpt lat="31.57809" lon="-110.55501">
        <ele>1534.4</ele>
      </trkpt>
      <trkpt lat="31.57824" lon="-110.55513">
        <ele>1533.6</ele>
      </trkpt>
      <trkpt lat="31.57835" lon="-110.55524">
        <ele>1533.3</ele>
      </trkpt>
      <trkpt lat="31.57842" lon="-110.55531">
        <ele>1533.8</ele>
      </trkpt>
      <trkpt lat="31.57851" lon="-110.5554">
        <ele>1534.5</ele>
      </trkpt>
      <trkpt lat="31.57893" lon="-110.55581">
        <ele>1538.2</ele>
      </trkpt>
      <trkpt lat="31.57894" lon="-110.55583">
        <ele>1538.3</ele>
      </trkpt>
      <trkpt lat="31.57937" lon="-110.55628">
        <ele>1541.0</ele>
      </trkpt>
      <trkpt lat="31.5797" lon="-110.55663">
        <ele>1541.5</ele>
      </trkpt>
      <trkpt lat="31.57993" lon="-110.55687">
        <ele>1542.0</ele>
      </trkpt>
      <trkpt lat="31.58016" lon="-110.5571">
        <ele>1542.4</ele>
      </trkpt>
      <trkpt lat="31.58029" lon="-110.55724">
        <ele>1542.6</ele>
      </trkpt>
      <trkpt lat="31.58051" lon="-110.55746">
        <ele>1543.4</ele>
      </trkpt>
      <trkpt lat="31.5808" lon="-110.55776">
        <ele>1545.4</ele>
      </trkpt>
      <trkpt lat="31.58084" lon="-110.5578">
        <ele>1545.5</ele>
      </trkpt>
      <trkpt lat="31.58106" lon="-110.55803">
        <ele>1545.6</ele>
      </trkpt>
      <trkpt lat="31.58127" lon="-110.55825">
        <ele>1545.1</ele>
      </trkpt>
      <trkpt lat="31.58137" lon="-110.55836">
        <ele>1544.6</ele>
      </trkpt>
      <trkpt lat="31.58191" lon="-110.55893">
        <ele>1542.2</ele>
      </trkpt>
      <trkpt lat="31.58201" lon="-110.55904">
        <ele>1543.2</ele>
      </trkpt>
      <trkpt lat="31.58211" lon="-110.55915">
        <ele>1544.2</ele>
      </trkpt>
      <trkpt lat="31.58217" lon="-110.55921">
        <ele>1544.8</ele>
      </trkpt>
      <trkpt lat="31.58238" lon="-110.55943">
        <ele>1547.0</ele>
      </trkpt>
      <trkpt lat="31.58248" lon="-110.55952">
        <ele>1547.8</ele>
      </trkpt>
      <trkpt lat="31.58258" lon="-110.55963">
        <ele>1548.4</ele>
      </trkpt>
      <trkpt lat="31.58264" lon="-110.5597">
        <ele>1548.6</ele>
      </trkpt>
      <trkpt lat="31.58299" lon="-110.56006">
        <ele>1550.1</ele>
      </trkpt>
      <trkpt lat="31.58312" lon="-110.56019">
        <ele>1550.6</ele>
      </trkpt>
      <trkpt lat="31.58321" lon="-110.56028">
        <ele>1550.8</ele>
      </trkpt>
      <trkpt lat="31.5833" lon="-110.56038">
        <ele>1551.0</ele>
      </trkpt>
      <trkpt lat="31.58346" lon="-110.56055">
        <ele>1551.5</ele>
      </trkpt>
      <trkpt lat="31.58364" lon="-110.56073">
        <ele>1551.9</ele>
      </trkpt>
      <trkpt lat="31.58366" lon="-110.56075">
        <ele>1551.9</ele>
      </trkpt>
      <trkpt lat="31.58377" lon="-110.56087">
        <ele>1552.1</ele>
      </trkpt>
      <trkpt lat="31.58418" lon="-110.56129">
        <ele>1551.0</ele>
      </trkpt>
      <trkpt lat="31.58431" lon="-110.56142">
        <ele>1551.2</ele>
      </trkpt>
      <trkpt lat="31.58432" lon="-110.56143">
        <ele>1551.2</ele>
      </trkpt>
      <trkpt lat="31.58458" lon="-110.5617">
        <ele>1552.4</ele>
      </trkpt>
      <trkpt lat="31.5847" lon="-110.56183">
        <ele>1553.1</ele>
      </trkpt>
      <trkpt lat="31.58472" lon="-110.56184">
        <ele>1553.2</ele>
      </trkpt>
      <trkpt lat="31.58492" lon="-110.56206">
        <ele>1554.4</ele>
      </trkpt>
      <trkpt lat="31.58498" lon="-110.56212">
        <ele>1554.9</ele>
      </trkpt>
      <trkpt lat="31.58536" lon="-110.56252">
        <ele>1556.8</ele>
      </trkpt>
      <trkpt lat="31.58551" lon="-110.56267">
        <ele>1556.7</ele>
      </trkpt>
      <trkpt lat="31.58553" lon="-110.56268">
        <ele>1556.7</ele>
      </trkpt>
      <trkpt lat="31.58559" lon="-110.56274">
        <ele>1556.6</ele>
      </trkpt>
      <trkpt lat="31.58568" lon="-110.56282">
        <ele>1556.3</ele>
      </trkpt>
      <trkpt lat="31.58568" lon="-110.56282">
        <ele>1556.3</ele>
      </trkpt>
      <trkpt lat="31.58561" lon="-110.56296">
        <ele>1556.1</ele>
      </trkpt>
      <trkpt lat="31.58561" lon="-110.56359">
        <ele>1550.3</ele>
      </trkpt>
      <trkpt lat="31.5856" lon="-110.56401">
        <ele>1549.3</ele>
      </trkpt>
      <trkpt lat="31.5856" lon="-110.56422">
        <ele>1550.3</ele>
      </trkpt>
      <trkpt lat="31.5856" lon="-110.56423">
        <ele>1550.4</ele>
      </trkpt>
      <trkpt lat="31.5856" lon="-110.56452">
        <ele>1555.6</ele>
      </trkpt>
      <trkpt lat="31.5856" lon="-110.56486">
        <ele>1556.4</ele>
      </trkpt>
      <trkpt lat="31.58561" lon="-110.56515">
        <ele>1556.3</ele>
      </trkpt>
      <trkpt lat="31.58561" lon="-110.56528">
        <ele>1556.2</ele>
      </trkpt>
      <trkpt lat="31.58561" lon="-110.56584">
        <ele>1556.6</ele>
      </trkpt>
      <trkpt lat="31.58561" lon="-110.56612">
        <ele>1557.3</ele>
      </trkpt>
      <trkpt lat="31.58561" lon="-110.56634">
        <ele>1557.8</ele>
      </trkpt>
      <trkpt lat="31.58561" lon="-110.56718">
        <ele>1563.1</ele>
      </trkpt>
      <trkpt lat="31.58561" lon="-110.56824">
        <ele>1565.7</ele>
      </trkpt>
      <trkpt lat="31.58561" lon="-110.56887">
        <ele>1567.8</ele>
      </trkpt>
      <trkpt lat="31.58561" lon="-110.56929">
        <ele>1568.3</ele>
      </trkpt>
      <trkpt lat="31.58561" lon="-110.5695">
        <ele>1567.9</ele>
      </trkpt>
      <trkpt lat="31.58561" lon="-110.56971">
        <ele>1567.3</ele>
      </trkpt>
      <trkpt lat="31.58561" lon="-110.57056">
        <ele>1562.8</ele>
      </trkpt>
      <trkpt lat="31.58561" lon="-110.57098">
        <ele>1560.2</ele>
      </trkpt>
      <trkpt lat="31.58561" lon="-110.5714">
        <ele>1558.1</ele>
      </trkpt>
      <trkpt lat="31.58561" lon="-110.57176">
        <ele>1557.1</ele>
      </trkpt>
      <trkpt lat="31.58561" lon="-110.57203">
        <ele>1559.0</ele>
      </trkpt>
      <trkpt lat="31.58561" lon="-110.57224">
        <ele>1561.0</ele>
      </trkpt>
      <trkpt lat="31.58561" lon="-110.57287">
        <ele>1565.1</ele>
      </trkpt>
      <trkpt lat="31.58561" lon="-110.57293">
        <ele>1565.3</ele>
      </trkpt>
      <trkpt lat="31.58561" lon="-110.57308">
        <ele>1565.6</ele>
      </trkpt>
      <trkpt lat="31.58561" lon="-110.5735">
        <ele>1565.0</ele>
      </trkpt>
      <trkpt lat="31.58561" lon="-110.57357">
        <ele>1564.9</ele>
      </trkpt>
      <trkpt lat="31.58562" lon="-110.57393">
        <ele>1563.4</ele>
      </trkpt>
      <trkpt lat="31.58563" lon="-110.57424">
        <ele>1561.9</ele>
      </trkpt>
      <trkpt lat="31.58563" lon="-110.57435">
        <ele>1561.3</ele>
      </trkpt>
      <trkpt lat="31.58566" lon="-110.57497">
        <ele>1557.4</ele>
      </trkpt>
      <trkpt lat="31.58566" lon="-110.57498">
        <ele>1557.3</ele>
      </trkpt>
      <trkpt lat="31.58568" lon="-110.57561">
        <ele>1552.5</ele>
      </trkpt>
      <trkpt lat="31.58568" lon="-110.57565">
        <ele>1552.1</ele>
      </trkpt>
      <trkpt lat="31.5857" lon="-110.57595">
        <ele>1550.5</ele>
      </trkpt>
      <trkpt lat="31.58571" lon="-110.57645">
        <ele>1551.3</ele>
      </trkpt>
      <trkpt lat="31.58571" lon="-110.57646">
        <ele>1551.4</ele>
      </trkpt>
      <trkpt lat="31.58578" lon="-110.57765">
        <ele>1549.2</ele>
      </trkpt>
      <trkpt lat="31.58578" lon="-110.57772">
        <ele>1549.1</ele>
      </trkpt>
      <trkpt lat="31.5858" lon="-110.57814">
        <ele>1548.6</ele>
      </trkpt>
      <trkpt lat="31.5858" lon="-110.57823">
        <ele>1548.7</ele>
      </trkpt>
      <trkpt lat="31.58582" lon="-110.57853">
        <ele>1549.8</ele>
      </trkpt>
      <trkpt lat="31.58583" lon="-110.57899">
        <ele>1552.2</ele>
      </trkpt>
      <trkpt lat="31.58584" lon="-110.57933">
        <ele>1554.0</ele>
      </trkpt>
      <trkpt lat="31.58588" lon="-110.57978">
        <ele>1556.4</ele>
      </trkpt>
      <trkpt lat="31.58589" lon="-110.58004">
        <ele>1557.9</ele>
      </trkpt>
      <trkpt lat="31.5859" lon="-110.58022">
        <ele>1559.2</ele>
      </trkpt>
      <trkpt lat="31.5859" lon="-110.58028">
        <ele>1559.6</ele>
      </trkpt>
      <trkpt lat="31.58589" lon="-110.58041">
        <ele>1560.4</ele>
      </trkpt>
      <trkpt lat="31.58585" lon="-110.58061">
        <ele>1561.3</ele>
      </trkpt>
      <trkpt lat="31.58584" lon="-110.58064">
        <ele>1561.5</ele>
      </trkpt>
      <trkpt lat="31.58566" lon="-110.58104">
        <ele>1563.7</ele>
      </trkpt>
      <trkpt lat="31.5855" lon="-110.58135">
        <ele>1565.4</ele>
      </trkpt>
      <trkpt lat="31.58546" lon="-110.58142">
        <ele>1565.8</ele>
      </trkpt>
      <trkpt lat="31.58541" lon="-110.58151">
        <ele>1566.3</ele>
      </trkpt>
      <trkpt lat="31.58533" lon="-110.58172">
        <ele>1567.4</ele>
      </trkpt>
      <trkpt lat="31.58532" lon="-110.58176">
        <ele>1567.6</ele>
      </trkpt>
      <trkpt lat="31.5853" lon="-110.58195">
        <ele>1568.4</ele>
      </trkpt>
      <trkpt lat="31.58529" lon="-110.58218">
        <ele>1569.5</ele>
      </trkpt>
      <trkpt lat="31.5853" lon="-110.58256">
        <ele>1571.3</ele>
      </trkpt>
      <trkpt lat="31.5853" lon="-110.58277">
        <ele>1572.2</ele>
      </trkpt>
      <trkpt lat="31.5853" lon="-110.58298">
        <ele>1572.2</ele>
      </trkpt>
      <trkpt lat="31.5853" lon="-110.58305">
        <ele>1571.9</ele>
      </trkpt>
      <trkpt lat="31.58532" lon="-110.58319">
        <ele>1570.9</ele>
      </trkpt>
      <trkpt lat="31.58533" lon="-110.58327">
        <ele>1570.0</ele>
      </trkpt>
      <trkpt lat="31.58537" lon="-110.58339">
        <ele>1568.4</ele>
      </trkpt>
      <trkpt lat="31.5854" lon="-110.58349">
        <ele>1566.8</ele>
      </trkpt>
      <trkpt lat="31.58543" lon="-110.5837">
        <ele>1563.4</ele>
      </trkpt>
      <trkpt lat="31.58542" lon="-110.58389">
        <ele>1561.4</ele>
      </trkpt>
      <trkpt lat="31.58544" lon="-110.58405">
        <ele>1559.7</ele>
      </trkpt>
      <trkpt lat="31.58548" lon="-110.58414">
        <ele>1558.6</ele>
      </trkpt>
      <trkpt lat="31.5856" lon="-110.58421">
        <ele>1557.4</ele>
      </trkpt>
      <trkpt lat="31.58575" lon="-110.58421">
        <ele>1556.8</ele>
      </trkpt>
      <trkpt lat="31.58589" lon="-110.58422">
        <ele>1555.9</ele>
      </trkpt>
      <trkpt lat="31.58595" lon="-110.58425">
        <ele>1554.9</ele>
      </trkpt>
      <trkpt lat="31.586" lon="-110.5843">
        <ele>1553.4</ele>
      </trkpt>
      <trkpt lat="31.586" lon="-110.58443">
        <ele>1552.0</ele>
      </trkpt>
      <trkpt lat="31.58595" lon="-110.58455">
        <ele>1551.8</ele>
      </trkpt>
      <trkpt lat="31.58595" lon="-110.58457">
        <ele>1552.0</ele>
      </trkpt>
      <trkpt lat="31.58584" lon="-110.58468">
        <ele>1553.0</ele>
      </trkpt>
      <trkpt lat="31.58566" lon="-110.58503">
        <ele>1555.8</ele>
      </trkpt>
      <trkpt lat="31.58561" lon="-110.58529">
        <ele>1556.4</ele>
      </trkpt>
      <trkpt lat="31.58563" lon="-110.5855">
        <ele>1556.8</ele>
      </trkpt>
      <trkpt lat="31.58573" lon="-110.58587">
        <ele>1557.5</ele>
      </trkpt>
      <trkpt lat="31.58584" lon="-110.58629">
        <ele>1558.7</ele>
      </trkpt>
      <trkpt lat="31.58601" lon="-110.58688">
        <ele>1560.8</ele>
      </trkpt>
      <trkpt lat="31.58612" lon="-110.58729">
        <ele>1561.9</ele>
      </trkpt>
      <trkpt lat="31.58614" lon="-110.58748">
        <ele>1562.4</ele>
      </trkpt>
      <trkpt lat="31.58615" lon="-110.5875">
        <ele>1562.5</ele>
      </trkpt>
      <trkpt lat="31.58615" lon="-110.58775">
        <ele>1563.3</ele>
      </trkpt>
      <trkpt lat="31.5861" lon="-110.58834">
        <ele>1565.2</ele>
      </trkpt>
      <trkpt lat="31.58604" lon="-110.58916">
        <ele>1568.2</ele>
      </trkpt>
      <trkpt lat="31.58588" lon="-110.59105">
        <ele>1572.0</ele>
      </trkpt>
      <trkpt lat="31.5858" lon="-110.59198">
        <ele>1572.9</ele>
      </trkpt>
      <trkpt lat="31.58566" lon="-110.59357">
        <ele>1577.6</ele>
      </trkpt>
      <trkpt lat="31.58565" lon="-110.59371">
        <ele>1578.3</ele>
      </trkpt>
      <trkpt lat="31.58558" lon="-110.59474">
        <ele>1579.2</ele>
      </trkpt>
      <trkpt lat="31.58552" lon="-110.59547">
        <ele>1578.7</ele>
      </trkpt>
      <trkpt lat="31.58552" lon="-110.59547">
        <ele>1578.7</ele>
      </trkpt>
      <trkpt lat="31.58548" lon="-110.59553">
        <ele>1578.8</ele>
      </trkpt>
      <trkpt lat="31.58541" lon="-110.59559">
        <ele>1579.0</ele>
      </trkpt>
      <trkpt lat="31.58516" lon="-110.59559">
        <ele>1579.4</ele>
      </trkpt>
      <trkpt lat="31.58483" lon="-110.59558">
        <ele>1579.5</ele>
      </trkpt>
      <trkpt lat="31.58441" lon="-110.59556">
        <ele>1579.1</ele>
      </trkpt>
      <trkpt lat="31.58418" lon="-110.59557">
        <ele>1579.0</ele>
      </trkpt>
      <trkpt lat="31.58411" lon="-110.59556">
        <ele>1578.9</ele>
      </trkpt>
      <trkpt lat="31.58357" lon="-110.59555">
        <ele>1578.6</ele>
      </trkpt>
      <trkpt lat="31.58347" lon="-110.59555">
        <ele>1578.6</ele>
      </trkpt>
      <trkpt lat="31.58313" lon="-110.59554">
        <ele>1578.3</ele>
      </trkpt>
      <trkpt lat="31.58267" lon="-110.59555">
        <ele>1574.6</ele>
      </trkpt>
      <trkpt lat="31.58264" lon="-110.59555">
        <ele>1574.4</ele>
      </trkpt>
      <trkpt lat="31.58261" lon="-110.59555">
        <ele>1574.2</ele>
      </trkpt>
      <trkpt lat="31.582" lon="-110.59553">
        <ele>1573.3</ele>
      </trkpt>
      <trkpt lat="31.58193" lon="-110.59553">
        <ele>1573.3</ele>
      </trkpt>
      <trkpt lat="31.58168" lon="-110.59554">
        <ele>1574.1</ele>
      </trkpt>
      <trkpt lat="31.58159" lon="-110.59557">
        <ele>1574.6</ele>
      </trkpt>
      <trkpt lat="31.5815" lon="-110.59559">
        <ele>1575.2</ele>
      </trkpt>
      <trkpt lat="31.58138" lon="-110.59571">
        <ele>1576.4</ele>
      </trkpt>
      <trkpt lat="31.58127" lon="-110.59585">
        <ele>1577.5</ele>
      </trkpt>
      <trkpt lat="31.5812" lon="-110.59594">
        <ele>1578.2</ele>
      </trkpt>
      <trkpt lat="31.58097" lon="-110.59621">
        <ele>1580.7</ele>
      </trkpt>
      <trkpt lat="31.58061" lon="-110.59657">
        <ele>1584.9</ele>
      </trkpt>
      <trkpt lat="31.5806" lon="-110.59658">
        <ele>1585.0</ele>
      </trkpt>
      <trkpt lat="31.58048" lon="-110.59675">
        <ele>1586.2</ele>
      </trkpt>
      <trkpt lat="31.5804" lon="-110.59691">
        <ele>1587.0</ele>
      </trkpt>
      <trkpt lat="31.58038" lon="-110.59695">
        <ele>1587.1</ele>
      </trkpt>
      <trkpt lat="31.58033" lon="-110.59725">
        <ele>1588.6</ele>
      </trkpt>
      <trkpt lat="31.58028" lon="-110.59779">
        <ele>1592.5</ele>
      </trkpt>
      <trkpt lat="31.58021" lon="-110.59813">
        <ele>1594.6</ele>
      </trkpt>
      <trkpt lat="31.58014" lon="-110.59835">
        <ele>1595.3</ele>
      </trkpt>
      <trkpt lat="31.58009" lon="-110.59849">
        <ele>1595.4</ele>
      </trkpt>
      <trkpt lat="31.57999" lon="-110.59878">
        <ele>1596.0</ele>
      </trkpt>
      <trkpt lat="31.57985" lon="-110.59908">
        <ele>1596.6</ele>
      </trkpt>
      <trkpt lat="31.57952" lon="-110.59962">
        <ele>1599.5</ele>
      </trkpt>
      <trkpt lat="31.57935" lon="-110.59989">
        <ele>1601.7</ele>
      </trkpt>
      <trkpt lat="31.57918" lon="-110.6001">
        <ele>1602.7</ele>
      </trkpt>
      <trkpt lat="31.57914" lon="-110.60019">
        <ele>1602.9</ele>
      </trkpt>
      <trkpt lat="31.57914" lon="-110.60019">
        <ele>1602.9</ele>
      </trkpt>
      <trkpt lat="31.57905" lon="-110.60034">
        <ele>1602.0</ele>
      </trkpt>
      <trkpt lat="31.57893" lon="-110.60067">
        <ele>1602.2</ele>
      </trkpt>
      <trkpt lat="31.57892" lon="-110.60071">
        <ele>1602.2</ele>
      </trkpt>
      <trkpt lat="31.57888" lon="-110.60085">
        <ele>1602.5</ele>
      </trkpt>
      <trkpt lat="31.57885" lon="-110.60114">
        <ele>1603.2</ele>
      </trkpt>
      <trkpt lat="31.57884" lon="-110.60157">
        <ele>1603.7</ele>
      </trkpt>
      <trkpt lat="31.57879" lon="-110.60192">
        <ele>1604.0</ele>
      </trkpt>
      <trkpt lat="31.57878" lon="-110.60197">
        <ele>1603.9</ele>
      </trkpt>
      <trkpt lat="31.5787" lon="-110.60226">
        <ele>1604.3</ele>
      </trkpt>
      <trkpt lat="31.57861" lon="-110.60247">
        <ele>1605.9</ele>
      </trkpt>
      <trkpt lat="31.57849" lon="-110.60277">
        <ele>1608.4</ele>
      </trkpt>
      <trkpt lat="31.57844" lon="-110.60298">
        <ele>1609.3</ele>
      </trkpt>
      <trkpt lat="31.57846" lon="-110.60324">
        <ele>1609.8</ele>
      </trkpt>
      <trkpt lat="31.57848" lon="-110.60337">
        <ele>1610.0</ele>
      </trkpt>
      <trkpt lat="31.5785" lon="-110.60345">
        <ele>1610.3</ele>
      </trkpt>
      <trkpt lat="31.57865" lon="-110.60378">
        <ele>1611.6</ele>
      </trkpt>
      <trkpt lat="31.57869" lon="-110.60398">
        <ele>1612.9</ele>
      </trkpt>
      <trkpt lat="31.57864" lon="-110.60427">
        <ele>1615.0</ele>
      </trkpt>
      <trkpt lat="31.5785" lon="-110.60453">
        <ele>1616.0</ele>
      </trkpt>
      <trkpt lat="31.57849" lon="-110.60454">
        <ele>1616.0</ele>
      </trkpt>
      <trkpt lat="31.57835" lon="-110.60465">
        <ele>1615.4</ele>
      </trkpt>
      <trkpt lat="31.57818" lon="-110.60469">
        <ele>1613.8</ele>
      </trkpt>
      <trkpt lat="31.57814" lon="-110.6047">
        <ele>1613.5</ele>
      </trkpt>
      <trkpt lat="31.57801" lon="-110.60468">
        <ele>1613.0</ele>
      </trkpt>
      <trkpt lat="31.57784" lon="-110.60462">
        <ele>1612.8</ele>
      </trkpt>
      <trkpt lat="31.57766" lon="-110.60458">
        <ele>1612.5</ele>
      </trkpt>
      <trkpt lat="31.57762" lon="-110.60461">
        <ele>1612.5</ele>
      </trkpt>
      <trkpt lat="31.57655" lon="-110.60444">
        <ele>1611.5</ele>
      </trkpt>
      <trkpt lat="31.57594" lon="-110.60434">
        <ele>1611.0</ele>
      </trkpt>
      <trkpt lat="31.57552" lon="-110.60456">
        <ele>1611.2</ele>
      </trkpt>
      <trkpt lat="31.57543" lon="-110.6046">
        <ele>1611.4</ele>
      </trkpt>
      <trkpt lat="31.575" lon="-110.60495">
        <ele>1612.3</ele>
      </trkpt>
      <trkpt lat="31.57493" lon="-110.60504">
        <ele>1612.7</ele>
      </trkpt>
      <trkpt lat="31.5746" lon="-110.60545">
        <ele>1615.1</ele>
      </trkpt>
      <trkpt lat="31.57457" lon="-110.60551">
        <ele>1615.3</ele>
      </trkpt>
      <trkpt lat="31.57407" lon="-110.60636">
        <ele>1615.4</ele>
      </trkpt>
      <trkpt lat="31.5739" lon="-110.60699">
        <ele>1616.7</ele>
      </trkpt>
      <trkpt lat="31.57379" lon="-110.60739">
        <ele>1617.3</ele>
      </trkpt>
      <trkpt lat="31.57377" lon="-110.60745">
        <ele>1616.7</ele>
      </trkpt>
      <trkpt lat="31.57364" lon="-110.60821">
        <ele>1615.6</ele>
      </trkpt>
      <trkpt lat="31.57349" lon="-110.60904">
        <ele>1618.0</ele>
      </trkpt>
      <trkpt lat="31.57341" lon="-110.60945">
        <ele>1616.0</ele>
      </trkpt>
      <trkpt lat="31.57327" lon="-110.61028">
        <ele>1619.6</ele>
      </trkpt>
      <trkpt lat="31.57319" lon="-110.61069">
        <ele>1622.1</ele>
      </trkpt>
      <trkpt lat="31.57304" lon="-110.61152">
        <ele>1615.9</ele>
      </trkpt>
      <trkpt lat="31.57301" lon="-110.61172">
        <ele>1615.7</ele>
      </trkpt>
      <trkpt lat="31.57297" lon="-110.61193">
        <ele>1617.1</ele>
      </trkpt>
      <trkpt lat="31.57293" lon="-110.61214">
        <ele>1619.6</ele>
      </trkpt>
      <trkpt lat="31.57276" lon="-110.61251">
        <ele>1623.4</ele>
      </trkpt>
      <trkpt lat="31.57267" lon="-110.61269">
        <ele>1623.4</ele>
      </trkpt>
      <trkpt lat="31.5725" lon="-110.61306">
        <ele>1623.9</ele>
      </trkpt>
      <trkpt lat="31.57233" lon="-110.61342">
        <ele>1622.9</ele>
      </trkpt>
      <trkpt lat="31.57225" lon="-110.61363">
        <ele>1620.0</ele>
      </trkpt>
      <trkpt lat="31.57211" lon="-110.61401">
        <ele>1615.8</ele>
      </trkpt>
      <trkpt lat="31.57196" lon="-110.61439">
        <ele>1616.2</ele>
      </trkpt>
      <trkpt lat="31.57179" lon="-110.61484">
        <ele>1615.7</ele>
      </trkpt>
      <trkpt lat="31.57184" lon="-110.61547">
        <ele>1617.9</ele>
      </trkpt>
      <trkpt lat="31.57185" lon="-110.61552">
        <ele>1618.9</ele>
      </trkpt>
      <trkpt lat="31.57201" lon="-110.61629">
        <ele>1625.6</ele>
      </trkpt>
      <trkpt lat="31.57207" lon="-110.61656">
        <ele>1624.3</ele>
      </trkpt>
      <trkpt lat="31.57208" lon="-110.61671">
        <ele>1623.9</ele>
      </trkpt>
      <trkpt lat="31.57218" lon="-110.61692">
        <ele>1623.5</ele>
      </trkpt>
      <trkpt lat="31.57214" lon="-110.61725">
        <ele>1624.3</ele>
      </trkpt>
      <trkpt lat="31.57217" lon="-110.61768">
        <ele>1625.9</ele>
      </trkpt>
      <trkpt lat="31.57221" lon="-110.61781">
        <ele>1625.9</ele>
      </trkpt>
      <trkpt lat="31.57221" lon="-110.61792">
        <ele>1625.9</ele>
      </trkpt>
      <trkpt lat="31.57218" lon="-110.61825">
        <ele>1624.2</ele>
      </trkpt>
      <trkpt lat="31.57216" lon="-110.61834">
        <ele>1624.1</ele>
      </trkpt>
      <trkpt lat="31.57211" lon="-110.61864">
        <ele>1624.8</ele>
      </trkpt>
      <trkpt lat="31.57197" lon="-110.61884">
        <ele>1626.3</ele>
      </trkpt>
      <trkpt lat="31.57196" lon="-110.61891">
        <ele>1626.3</ele>
      </trkpt>
      <trkpt lat="31.57194" lon="-110.61907">
        <ele>1626.1</ele>
      </trkpt>
      <trkpt lat="31.57191" lon="-110.61933">
        <ele>1625.9</ele>
      </trkpt>
      <trkpt lat="31.57189" lon="-110.61945">
        <ele>1626.0</ele>
      </trkpt>
      <trkpt lat="31.57187" lon="-110.61974">
        <ele>1625.3</ele>
      </trkpt>
      <trkpt lat="31.57184" lon="-110.62001">
        <ele>1623.8</ele>
      </trkpt>
      <trkpt lat="31.57176" lon="-110.6202">
        <ele>1624.8</ele>
      </trkpt>
      <trkpt lat="31.57165" lon="-110.62028">
        <ele>1628.0</ele>
      </trkpt>
      <trkpt lat="31.57149" lon="-110.62039">
        <ele>1631.3</ele>
      </trkpt>
      <trkpt lat="31.5714" lon="-110.62062">
        <ele>1633.0</ele>
      </trkpt>
      <trkpt lat="31.57133" lon="-110.62083">
        <ele>1633.8</ele>
      </trkpt>
      <trkpt lat="31.57138" lon="-110.62095">
        <ele>1633.2</ele>
      </trkpt>
      <trkpt lat="31.57144" lon="-110.62109">
        <ele>1632.1</ele>
      </trkpt>
      <trkpt lat="31.57142" lon="-110.62116">
        <ele>1631.8</ele>
      </trkpt>
      <trkpt lat="31.57139" lon="-110.62124">
        <ele>1631.6</ele>
      </trkpt>
      <trkpt lat="31.57136" lon="-110.62142">
        <ele>1631.5</ele>
      </trkpt>
      <trkpt lat="31.57153" lon="-110.62172">
        <ele>1631.2</ele>
      </trkpt>
      <trkpt lat="31.57161" lon="-110.62192">
        <ele>1631.6</ele>
      </trkpt>
      <trkpt lat="31.57166" lon="-110.62206">
        <ele>1631.3</ele>
      </trkpt>
      <trkpt lat="31.57164" lon="-110.62227">
        <ele>1632.4</ele>
      </trkpt>
      <trkpt lat="31.57165" lon="-110.62233">
        <ele>1632.9</ele>
      </trkpt>
      <trkpt lat="31.57175" lon="-110.6231">
        <ele>1639.7</ele>
      </trkpt>
      <trkpt lat="31.57185" lon="-110.62335">
        <ele>1639.9</ele>
      </trkpt>
      <trkpt lat="31.572" lon="-110.62373">
        <ele>1641.3</ele>
      </trkpt>
      <trkpt lat="31.57204" lon="-110.62384">
        <ele>1641.9</ele>
      </trkpt>
      <trkpt lat="31.57217" lon="-110.6241">
        <ele>1641.8</ele>
      </trkpt>
      <trkpt lat="31.57229" lon="-110.62436">
        <ele>1641.2</ele>
      </trkpt>
      <trkpt lat="31.57236" lon="-110.62472">
        <ele>1639.5</ele>
      </trkpt>
      <trkpt lat="31.57268" lon="-110.62519">
        <ele>1639.2</ele>
      </trkpt>
      <trkpt lat="31.57279" lon="-110.62534">
        <ele>1639.7</ele>
      </trkpt>
      <trkpt lat="31.57297" lon="-110.62563">
        <ele>1640.6</ele>
      </trkpt>
      <trkpt lat="31.57315" lon="-110.62572">
        <ele>1639.9</ele>
      </trkpt>
      <trkpt lat="31.57319" lon="-110.62575">
        <ele>1639.8</ele>
      </trkpt>
      <trkpt lat="31.57342" lon="-110.62595">
        <ele>1640.0</ele>
      </trkpt>
      <trkpt lat="31.57342" lon="-110.62618">
        <ele>1641.4</ele>
      </trkpt>
      <trkpt lat="31.57345" lon="-110.62654">
        <ele>1645.1</ele>
      </trkpt>
      <trkpt lat="31.57344" lon="-110.62668">
        <ele>1646.5</ele>
      </trkpt>
      <trkpt lat="31.57338" lon="-110.62677">
        <ele>1646.6</ele>
      </trkpt>
      <trkpt lat="31.57331" lon="-110.62688">
        <ele>1646.8</ele>
      </trkpt>
      <trkpt lat="31.57319" lon="-110.6271">
        <ele>1647.6</ele>
      </trkpt>
      <trkpt lat="31.57316" lon="-110.62733">
        <ele>1649.3</ele>
      </trkpt>
      <trkpt lat="31.57314" lon="-110.62745">
        <ele>1650.2</ele>
      </trkpt>
      <trkpt lat="31.57311" lon="-110.62751">
        <ele>1650.6</ele>
      </trkpt>
      <trkpt lat="31.57295" lon="-110.62754">
        <ele>1650.0</ele>
      </trkpt>
      <trkpt lat="31.57287" lon="-110.62761">
        <ele>1650.8</ele>
      </trkpt>
      <trkpt lat="31.57285" lon="-110.62774">
        <ele>1653.1</ele>
      </trkpt>
      <trkpt lat="31.57284" lon="-110.62778">
        <ele>1653.8</ele>
      </trkpt>
      <trkpt lat="31.5729" lon="-110.62797">
        <ele>1656.2</ele>
      </trkpt>
      <trkpt lat="31.57301" lon="-110.6281">
        <ele>1657.6</ele>
      </trkpt>
      <trkpt lat="31.57312" lon="-110.62824">
        <ele>1656.2</ele>
      </trkpt>
      <trkpt lat="31.57331" lon="-110.62847">
        <ele>1654.8</ele>
      </trkpt>
      <trkpt lat="31.57341" lon="-110.62871">
        <ele>1655.5</ele>
      </trkpt>
      <trkpt lat="31.57347" lon="-110.62894">
        <ele>1655.1</ele>
      </trkpt>
      <trkpt lat="31.57343" lon="-110.62913">
        <ele>1656.0</ele>
      </trkpt>
      <trkpt lat="31.57337" lon="-110.62937">
        <ele>1655.0</ele>
      </trkpt>
      <trkpt lat="31.57337" lon="-110.62939">
        <ele>1654.7</ele>
      </trkpt>
      <trkpt lat="31.57339" lon="-110.62952">
        <ele>1653.4</ele>
      </trkpt>
      <trkpt lat="31.57345" lon="-110.62958">
        <ele>1653.2</ele>
      </trkpt>
      <trkpt lat="31.57357" lon="-110.62965">
        <ele>1651.9</ele>
      </trkpt>
      <trkpt lat="31.57362" lon="-110.62979">
        <ele>1651.3</ele>
      </trkpt>
      <trkpt lat="31.57367" lon="-110.62986">
        <ele>1650.4</ele>
      </trkpt>
      <trkpt lat="31.57372" lon="-110.62993">
        <ele>1649.9</ele>
      </trkpt>
      <trkpt lat="31.5739" lon="-110.63002">
        <ele>1649.1</ele>
      </trkpt>
      <trkpt lat="31.57397" lon="-110.63009">
        <ele>1650.5</ele>
      </trkpt>
      <trkpt lat="31.57402" lon="-110.63014">
        <ele>1651.7</ele>
      </trkpt>
      <trkpt lat="31.57409" lon="-110.63022">
        <ele>1653.5</ele>
      </trkpt>
      <trkpt lat="31.57411" lon="-110.63022">
        <ele>1653.8</ele>
      </trkpt>
      <trkpt lat="31.57429" lon="-110.63028">
        <ele>1655.8</ele>
      </trkpt>
      <trkpt lat="31.57441" lon="-110.63036">
        <ele>1656.8</ele>
      </trkpt>
      <trkpt lat="31.57453" lon="-110.63053">
        <ele>1658.2</ele>
      </trkpt>
      <trkpt lat="31.57454" lon="-110.63055">
        <ele>1658.4</ele>
      </trkpt>
      <trkpt lat="31.57461" lon="-110.63066">
        <ele>1659.6</ele>
      </trkpt>
      <trkpt lat="31.57462" lon="-110.63083">
        <ele>1660.2</ele>
      </trkpt>
      <trkpt lat="31.57468" lon="-110.63093">
        <ele>1661.3</ele>
      </trkpt>
      <trkpt lat="31.57471" lon="-110.63099">
        <ele>1661.9</ele>
      </trkpt>
      <trkpt lat="31.57478" lon="-110.63117">
        <ele>1663.1</ele>
      </trkpt>
      <trkpt lat="31.5748" lon="-110.63132">
        <ele>1663.1</ele>
      </trkpt>
      <trkpt lat="31.57481" lon="-110.6314">
        <ele>1662.9</ele>
      </trkpt>
      <trkpt lat="31.57477" lon="-110.63157">
        <ele>1660.9</ele>
      </trkpt>
      <trkpt lat="31.57473" lon="-110.63178">
        <ele>1659.1</ele>
      </trkpt>
      <trkpt lat="31.57471" lon="-110.63193">
        <ele>1658.4</ele>
      </trkpt>
      <trkpt lat="31.57471" lon="-110.63194">
        <ele>1658.4</ele>
      </trkpt>
      <trkpt lat="31.5747" lon="-110.63209">
        <ele>1658.1</ele>
      </trkpt>
      <trkpt lat="31.57475" lon="-110.63231">
        <ele>1659.1</ele>
      </trkpt>
      <trkpt lat="31.57479" lon="-110.63256">
        <ele>1660.0</ele>
      </trkpt>
      <trkpt lat="31.57481" lon="-110.63264">
        <ele>1660.0</ele>
      </trkpt>
      <trkpt lat="31.57485" lon="-110.63277">
        <ele>1660.9</ele>
      </trkpt>
      <trkpt lat="31.57507" lon="-110.63315">
        <ele>1661.9</ele>
      </trkpt>
      <trkpt lat="31.57517" lon="-110.63338">
        <ele>1663.2</ele>
      </trkpt>
      <trkpt lat="31.57521" lon="-110.63349">
        <ele>1665.3</ele>
      </trkpt>
      <trkpt lat="31.5753" lon="-110.6337">
        <ele>1668.7</ele>
      </trkpt>
      <trkpt lat="31.57535" lon="-110.63392">
        <ele>1669.0</ele>
      </trkpt>
      <trkpt lat="31.57538" lon="-110.63424">
        <ele>1667.9</ele>
      </trkpt>
      <trkpt lat="31.57541" lon="-110.63443">
        <ele>1668.3</ele>
      </trkpt>
      <trkpt lat="31.57541" lon="-110.63451">
        <ele>1668.5</ele>
      </trkpt>
      <trkpt lat="31.57541" lon="-110.63472">
        <ele>1669.2</ele>
      </trkpt>
      <trkpt lat="31.57541" lon="-110.63493">
        <ele>1669.7</ele>
      </trkpt>
      <trkpt lat="31.57537" lon="-110.63515">
        <ele>1671.8</ele>
      </trkpt>
      <trkpt lat="31.57531" lon="-110.63525">
        <ele>1672.8</ele>
      </trkpt>
      <trkpt lat="31.5753" lon="-110.63532">
        <ele>1673.3</ele>
      </trkpt>
      <trkpt lat="31.5753" lon="-110.6354">
        <ele>1673.9</ele>
      </trkpt>
      <trkpt lat="31.57524" lon="-110.63556">
        <ele>1676.4</ele>
      </trkpt>
      <trkpt lat="31.57522" lon="-110.63573">
        <ele>1678.0</ele>
      </trkpt>
      <trkpt lat="31.57521" lon="-110.63582">
        <ele>1678.3</ele>
      </trkpt>
      <trkpt lat="31.57521" lon="-110.63595">
        <ele>1678.6</ele>
      </trkpt>
      <trkpt lat="31.57524" lon="-110.63611">
        <ele>1678.7</ele>
      </trkpt>
      <trkpt lat="31.57525" lon="-110.63647">
        <ele>1680.9</ele>
      </trkpt>
      <trkpt lat="31.57528" lon="-110.63656">
        <ele>1681.5</ele>
      </trkpt>
      <trkpt lat="31.57533" lon="-110.63677">
        <ele>1682.3</ele>
      </trkpt>
      <trkpt lat="31.57533" lon="-110.63679">
        <ele>1682.4</ele>
      </trkpt>
      <trkpt lat="31.57543" lon="-110.63732">
        <ele>1685.2</ele>
      </trkpt>
      <trkpt lat="31.57551" lon="-110.6376">
        <ele>1686.3</ele>
      </trkpt>
      <trkpt lat="31.57548" lon="-110.63775">
        <ele>1687.6</ele>
      </trkpt>
      <trkpt lat="31.57548" lon="-110.63779">
        <ele>1687.9</ele>
      </trkpt>
      <trkpt lat="31.57551" lon="-110.63794">
        <ele>1688.8</ele>
      </trkpt>
      <trkpt lat="31.5756" lon="-110.63811">
        <ele>1689.5</ele>
      </trkpt>
      <trkpt lat="31.57563" lon="-110.63816">
        <ele>1689.7</ele>
      </trkpt>
      <trkpt lat="31.57572" lon="-110.63827">
        <ele>1690.0</ele>
      </trkpt>
      <trkpt lat="31.57584" lon="-110.63858">
        <ele>1691.1</ele>
      </trkpt>
      <trkpt lat="31.57587" lon="-110.63886">
        <ele>1692.2</ele>
      </trkpt>
      <trkpt lat="31.57589" lon="-110.63914">
        <ele>1692.9</ele>
      </trkpt>
      <trkpt lat="31.5759" lon="-110.63914">
        <ele>1692.9</ele>
      </trkpt>
      <trkpt lat="31.57601" lon="-110.63937">
        <ele>1692.9</ele>
      </trkpt>
      <trkpt lat="31.5761" lon="-110.63949">
        <ele>1692.8</ele>
      </trkpt>
      <trkpt lat="31.57615" lon="-110.63957">
        <ele>1692.8</ele>
      </trkpt>
      <trkpt lat="31.5762" lon="-110.63972">
        <ele>1693.0</ele>
      </trkpt>
      <trkpt lat="31.57627" lon="-110.63985">
        <ele>1693.1</ele>
      </trkpt>
      <trkpt lat="31.57643" lon="-110.63995">
        <ele>1692.5</ele>
      </trkpt>
      <trkpt lat="31.57657" lon="-110.64007">
        <ele>1691.9</ele>
      </trkpt>
      <trkpt lat="31.57673" lon="-110.64019">
        <ele>1691.1</ele>
      </trkpt>
      <trkpt lat="31.57682" lon="-110.64027">
        <ele>1690.7</ele>
      </trkpt>
      <trkpt lat="31.57688" lon="-110.64042">
        <ele>1691.3</ele>
      </trkpt>
      <trkpt lat="31.57697" lon="-110.64048">
        <ele>1690.8</ele>
      </trkpt>
      <trkpt lat="31.57709" lon="-110.64055">
        <ele>1690.0</ele>
      </trkpt>
      <trkpt lat="31.57727" lon="-110.64061">
        <ele>1687.6</ele>
      </trkpt>
      <trkpt lat="31.57741" lon="-110.64071">
        <ele>1685.4</ele>
      </trkpt>
      <trkpt lat="31.57744" lon="-110.64077">
        <ele>1685.0</ele>
      </trkpt>
      <trkpt lat="31.57751" lon="-110.64093">
        <ele>1686.0</ele>
      </trkpt>
      <trkpt lat="31.57761" lon="-110.64103">
        <ele>1686.8</ele>
      </trkpt>
      <trkpt lat="31.57773" lon="-110.64108">
        <ele>1686.0</ele>
      </trkpt>
      <trkpt lat="31.57785" lon="-110.64128">
        <ele>1687.5</ele>
      </trkpt>
      <trkpt lat="31.57795" lon="-110.64132">
        <ele>1687.6</ele>
      </trkpt>
      <trkpt lat="31.57796" lon="-110.64133">
        <ele>1687.6</ele>
      </trkpt>
      <trkpt lat="31.57809" lon="-110.64136">
        <ele>1687.1</ele>
      </trkpt>
      <trkpt lat="31.57812" lon="-110.64138">
        <ele>1687.0</ele>
      </trkpt>
      <trkpt lat="31.57819" lon="-110.64143">
        <ele>1686.8</ele>
      </trkpt>
      <trkpt lat="31.57827" lon="-110.64142">
        <ele>1686.3</ele>
      </trkpt>
      <trkpt lat="31.57846" lon="-110.64137">
        <ele>1684.7</ele>
      </trkpt>
      <trkpt lat="31.57848" lon="-110.64136">
        <ele>1684.4</ele>
      </trkpt>
      <trkpt lat="31.57868" lon="-110.64141">
        <ele>1681.6</ele>
      </trkpt>
      <trkpt lat="31.57884" lon="-110.64144">
        <ele>1678.9</ele>
      </trkpt>
      <trkpt lat="31.57908" lon="-110.64133">
        <ele>1674.5</ele>
      </trkpt>
      <trkpt lat="31.57923" lon="-110.64119">
        <ele>1670.5</ele>
      </trkpt>
      <trkpt lat="31.57924" lon="-110.64111">
        <ele>1670.3</ele>
      </trkpt>
      <trkpt lat="31.57927" lon="-110.64103">
        <ele>1669.4</ele>
      </trkpt>
      <trkpt lat="31.5792" lon="-110.64076">
        <ele>1669.6</ele>
      </trkpt>
      <trkpt lat="31.57922" lon="-110.64071">
        <ele>1668.5</ele>
      </trkpt>
      <trkpt lat="31.57929" lon="-110.64054">
        <ele>1665.7</ele>
      </trkpt>
      <trkpt lat="31.57942" lon="-110.64041">
        <ele>1665.2</ele>
      </trkpt>
      <trkpt lat="31.57947" lon="-110.64032">
        <ele>1665.3</ele>
      </trkpt>
      <trkpt lat="31.5795" lon="-110.64019">
        <ele>1665.0</ele>
      </trkpt>
      <trkpt lat="31.5795" lon="-110.64017">
        <ele>1664.9</ele>
      </trkpt>
      <trkpt lat="31.57957" lon="-110.64009">
        <ele>1665.0</ele>
      </trkpt>
      <trkpt lat="31.57972" lon="-110.64012">
        <ele>1667.5</ele>
      </trkpt>
      <trkpt lat="31.57987" lon="-110.63995">
        <ele>1665.9</ele>
      </trkpt>
      <trkpt lat="31.57988" lon="-110.63995">
        <ele>1665.9</ele>
      </trkpt>
      <trkpt lat="31.57988" lon="-110.63995">
        <ele>1665.9</ele>
      </trkpt>
      <trkpt lat="31.57998" lon="-110.63984">
        <ele>1664.2</ele>
      </trkpt>
      <trkpt lat="31.58005" lon="-110.63964">
        <ele>1662.1</ele>
      </trkpt>
      <trkpt lat="31.58014" lon="-110.63948">
        <ele>1661.5</ele>
      </trkpt>
      <trkpt lat="31.58024" lon="-110.63941">
        <ele>1661.2</ele>
      </trkpt>
      <trkpt lat="31.58043" lon="-110.63907">
        <ele>1661.0</ele>
      </trkpt>
      <trkpt lat="31.58041" lon="-110.63901">
        <ele>1660.8</ele>
      </trkpt>
      <trkpt lat="31.58036" lon="-110.63893">
        <ele>1660.4</ele>
      </trkpt>
      <trkpt lat="31.58035" lon="-110.63892">
        <ele>1660.7</ele>
      </trkpt>
      <trkpt lat="31.58035" lon="-110.63884">
        <ele>1660.5</ele>
      </trkpt>
      <trkpt lat="31.58046" lon="-110.63858">
        <ele>1660.2</ele>
      </trkpt>
      <trkpt lat="31.58068" lon="-110.63822">
        <ele>1662.2</ele>
      </trkpt>
      <trkpt lat="31.58073" lon="-110.6381">
        <ele>1662.5</ele>
      </trkpt>
      <trkpt lat="31.58069" lon="-110.63802">
        <ele>1661.5</ele>
      </trkpt>
      <trkpt lat="31.58069" lon="-110.638">
        <ele>1661.4</ele>
      </trkpt>
      <trkpt lat="31.58062" lon="-110.63794">
        <ele>1659.8</ele>
      </trkpt>
      <trkpt lat="31.58059" lon="-110.63782">
        <ele>1658.6</ele>
      </trkpt>
      <trkpt lat="31.58069" lon="-110.63761">
        <ele>1658.0</ele>
      </trkpt>
      <trkpt lat="31.58087" lon="-110.6374">
        <ele>1657.5</ele>
      </trkpt>
      <trkpt lat="31.58092" lon="-110.63737">
        <ele>1657.6</ele>
      </trkpt>
      <trkpt lat="31.58098" lon="-110.63732">
        <ele>1657.4</ele>
      </trkpt>
      <trkpt lat="31.58111" lon="-110.63713">
        <ele>1655.9</ele>
      </trkpt>
      <trkpt lat="31.58127" lon="-110.63695">
        <ele>1655.4</ele>
      </trkpt>
      <trkpt lat="31.58142" lon="-110.63687">
        <ele>1654.9</ele>
      </trkpt>
      <trkpt lat="31.58145" lon="-110.63682">
        <ele>1655.2</ele>
      </trkpt>
      <trkpt lat="31.58148" lon="-110.63679">
        <ele>1655.2</ele>
      </trkpt>
      <trkpt lat="31.58149" lon="-110.63663">
        <ele>1656.6</ele>
      </trkpt>
      <trkpt lat="31.5815" lon="-110.63655">
        <ele>1657.0</ele>
      </trkpt>
      <trkpt lat="31.58153" lon="-110.63649">
        <ele>1657.1</ele>
      </trkpt>
      <trkpt lat="31.58163" lon="-110.63645">
        <ele>1656.3</ele>
      </trkpt>
      <trkpt lat="31.58172" lon="-110.63644">
        <ele>1655.7</ele>
      </trkpt>
      <trkpt lat="31.58186" lon="-110.63623">
        <ele>1653.6</ele>
      </trkpt>
      <trkpt lat="31.58187" lon="-110.63622">
        <ele>1653.3</ele>
      </trkpt>
      <trkpt lat="31.58191" lon="-110.63619">
        <ele>1652.5</ele>
      </trkpt>
      <trkpt lat="31.58197" lon="-110.63619">
        <ele>1651.8</ele>
      </trkpt>
      <trkpt lat="31.58224" lon="-110.63612">
        <ele>1654.5</ele>
      </trkpt>
      <trkpt lat="31.58229" lon="-110.63608">
        <ele>1654.2</ele>
      </trkpt>
      <trkpt lat="31.58237" lon="-110.63599">
        <ele>1653.3</ele>
      </trkpt>
      <trkpt lat="31.58245" lon="-110.63592">
        <ele>1653.8</ele>
      </trkpt>
      <trkpt lat="31.58247" lon="-110.63587">
        <ele>1654.1</ele>
      </trkpt>
      <trkpt lat="31.5825" lon="-110.63581">
        <ele>1654.6</ele>
      </trkpt>
      <trkpt lat="31.58261" lon="-110.63568">
        <ele>1655.5</ele>
      </trkpt>
      <trkpt lat="31.58265" lon="-110.63552">
        <ele>1653.9</ele>
      </trkpt>
      <trkpt lat="31.58271" lon="-110.63538">
        <ele>1652.0</ele>
      </trkpt>
      <trkpt lat="31.58274" lon="-110.63533">
        <ele>1651.8</ele>
      </trkpt>
      <trkpt lat="31.58293" lon="-110.635">
        <ele>1651.7</ele>
      </trkpt>
      <trkpt lat="31.58316" lon="-110.63466">
        <ele>1649.7</ele>
      </trkpt>
      <trkpt lat="31.58341" lon="-110.6345">
        <ele>1652.0</ele>
      </trkpt>
      <trkpt lat="31.58348" lon="-110.63445">
        <ele>1652.8</ele>
      </trkpt>
      <trkpt lat="31.5835" lon="-110.63443">
        <ele>1652.9</ele>
      </trkpt>
      <trkpt lat="31.58371" lon="-110.63418">
        <ele>1651.5</ele>
      </trkpt>
      <trkpt lat="31.58373" lon="-110.63415">
        <ele>1651.1</ele>
      </trkpt>
      <trkpt lat="31.58374" lon="-110.63414">
        <ele>1651.0</ele>
      </trkpt>
      <trkpt lat="31.58386" lon="-110.63405">
        <ele>1650.3</ele>
      </trkpt>
      <trkpt lat="31.58409" lon="-110.63391">
        <ele>1647.4</ele>
      </trkpt>
      <trkpt lat="31.58433" lon="-110.63368">
        <ele>1644.8</ele>
      </trkpt>
      <trkpt lat="31.58444" lon="-110.63358">
        <ele>1643.7</ele>
      </trkpt>
      <trkpt lat="31.58478" lon="-110.63334">
        <ele>1641.0</ele>
      </trkpt>
      <trkpt lat="31.58486" lon="-110.63327">
        <ele>1640.2</ele>
      </trkpt>
      <trkpt lat="31.58508" lon="-110.63311">
        <ele>1638.7</ele>
      </trkpt>
      <trkpt lat="31.58523" lon="-110.63304">
        <ele>1637.7</ele>
      </trkpt>
      <trkpt lat="31.5854" lon="-110.63291">
        <ele>1637.3</ele>
      </trkpt>
      <trkpt lat="31.58542" lon="-110.6329">
        <ele>1637.3</ele>
      </trkpt>
      <trkpt lat="31.58551" lon="-110.63281">
        <ele>1637.7</ele>
      </trkpt>
      <trkpt lat="31.58557" lon="-110.63259">
        <ele>1640.3</ele>
      </trkpt>
      <trkpt lat="31.58557" lon="-110.63234">
        <ele>1642.8</ele>
      </trkpt>
      <trkpt lat="31.58561" lon="-110.63225">
        <ele>1643.7</ele>
      </trkpt>
      <trkpt lat="31.58577" lon="-110.63211">
        <ele>1644.3</ele>
      </trkpt>
      <trkpt lat="31.58591" lon="-110.63205">
        <ele>1643.6</ele>
      </trkpt>
      <trkpt lat="31.58599" lon="-110.63199">
        <ele>1643.3</ele>
      </trkpt>
      <trkpt lat="31.58606" lon="-110.63194">
        <ele>1642.8</ele>
      </trkpt>
      <trkpt lat="31.58632" lon="-110.63183">
        <ele>1638.9</ele>
      </trkpt>
      <trkpt lat="31.58638" lon="-110.63181">
        <ele>1638.1</ele>
      </trkpt>
      <trkpt lat="31.58648" lon="-110.63174">
        <ele>1637.4</ele>
      </trkpt>
      <trkpt lat="31.58666" lon="-110.6318">
        <ele>1632.8</ele>
      </trkpt>
      <trkpt lat="31.58679" lon="-110.63181">
        <ele>1631.3</ele>
      </trkpt>
      <trkpt lat="31.5869" lon="-110.63178">
        <ele>1631.0</ele>
      </trkpt>
      <trkpt lat="31.58703" lon="-110.63166">
        <ele>1630.7</ele>
      </trkpt>
      <trkpt lat="31.58708" lon="-110.63162">
        <ele>1630.8</ele>
      </trkpt>
      <trkpt lat="31.58715" lon="-110.63162">
        <ele>1630.5</ele>
      </trkpt>
      <trkpt lat="31.58727" lon="-110.63166">
        <ele>1630.0</ele>
      </trkpt>
      <trkpt lat="31.58737" lon="-110.63165">
        <ele>1629.7</ele>
      </trkpt>
      <trkpt lat="31.58773" lon="-110.63155">
        <ele>1628.8</ele>
      </trkpt>
      <trkpt lat="31.58789" lon="-110.63133">
        <ele>1630.5</ele>
      </trkpt>
      <trkpt lat="31.58793" lon="-110.63129">
        <ele>1630.8</ele>
      </trkpt>
      <trkpt lat="31.58813" lon="-110.63112">
        <ele>1630.2</ele>
      </trkpt>
      <trkpt lat="31.58834" lon="-110.6309">
        <ele>1627.3</ele>
      </trkpt>
      <trkpt lat="31.58843" lon="-110.6307">
        <ele>1626.2</ele>
      </trkpt>
      <trkpt lat="31.58845" lon="-110.63066">
        <ele>1626.3</ele>
      </trkpt>
      <trkpt lat="31.58851" lon="-110.63059">
        <ele>1626.0</ele>
      </trkpt>
      <trkpt lat="31.5886" lon="-110.63057">
        <ele>1627.1</ele>
      </trkpt>
      <trkpt lat="31.58867" lon="-110.63054">
        <ele>1627.9</ele>
      </trkpt>
      <trkpt lat="31.58872" lon="-110.63049">
        <ele>1627.8</ele>
      </trkpt>
      <trkpt lat="31.58888" lon="-110.63034">
        <ele>1626.4</ele>
      </trkpt>
      <trkpt lat="31.58908" lon="-110.63025">
        <ele>1625.8</ele>
      </trkpt>
      <trkpt lat="31.5892" lon="-110.63021">
        <ele>1626.0</ele>
      </trkpt>
      <trkpt lat="31.58929" lon="-110.63018">
        <ele>1626.2</ele>
      </trkpt>
      <trkpt lat="31.58941" lon="-110.63007">
        <ele>1625.5</ele>
      </trkpt>
      <trkpt lat="31.591006" lon="-110.629634">
        <ele>1624.7</ele>
      </trkpt>
      <trkpt lat="31.591868" lon="-110.628047">
        <ele>1624.2</ele>
      </trkpt>
      <trkpt lat="31.593315" lon="-110.628347">
        <ele>1609.2</ele>
      </trkpt>
      <trkpt lat="31.593739" lon="-110.629677">
        <ele>1618.7</ele>
      </trkpt>
      <trkpt lat="31.594163" lon="-110.631523">
        <ele>1623.1</ele>
      </trkpt>
      <trkpt lat="31.594806" lon="-110.633196">
        <ele>1629.4</ele>
      </trkpt>
      <trkpt lat="31.59523" lon="-110.634527">
        <ele>1631.7</ele>
      </trkpt>
      <trkpt lat="31.594776" lon="-110.635342">
        <ele>1637.1</ele>
      </trkpt>
      <trkpt lat="31.595346" lon="-110.636587">
        <ele>1628.0</ele>
      </trkpt>
      <trkpt lat="31.596282" lon="-110.637831">
        <ele>1632.8</ele>
      </trkpt>
      <trkpt lat="31.597042" lon="-110.638453">
        <ele>1629.3</ele>
      </trkpt>
      <trkpt lat="31.597802" lon="-110.639076">
        <ele>1622.6</ele>
      </trkpt>
      <trkpt lat="31.598892" lon="-110.63914">
        <ele>1618.3</ele>
      </trkpt>
      <trkpt lat="31.599981" lon="-110.639204">
        <ele>1616.4</ele>
      </trkpt>
      <trkpt lat="31.600522" lon="-110.640428">
        <ele>1619.2</ele>
      </trkpt>
      <trkpt lat="31.601062" lon="-110.641651">
        <ele>1619.0</ele>
      </trkpt>
      <trkpt lat="31.601852" lon="-110.642209">
        <ele>1611.7</ele>
      </trkpt>
      <trkpt lat="31.603299" lon="-110.642766">
        <ele>1602.9</ele>
      </trkpt>
      <trkpt lat="31.603949" lon="-110.643818">
        <ele>1610.3</ele>
      </trkpt>
      <trkpt lat="31.6046" lon="-110.644869">
        <ele>1612.2</ele>
      </trkpt>
      <trkpt lat="31.60471" lon="-110.64507">
        <ele>1613.4</ele>
      </trkpt>
      <trkpt lat="31.60479" lon="-110.64501">
        <ele>1613.4</ele>
      </trkpt>
      <trkpt lat="31.60488" lon="-110.64487">
        <ele>1613.7</ele>
      </trkpt>
      <trkpt lat="31.60495" lon="-110.64467">
        <ele>1610.8</ele>
      </trkpt>
      <trkpt lat="31.60495" lon="-110.64465">
        <ele>1610.5</ele>
      </trkpt>
      <trkpt lat="31.60497" lon="-110.64429">
        <ele>1609.7</ele>
      </trkpt>
      <trkpt lat="31.60497" lon="-110.64404">
        <ele>1609.2</ele>
      </trkpt>
      <trkpt lat="31.60503" lon="-110.64384">
        <ele>1608.4</ele>
      </trkpt>
      <trkpt lat="31.60504" lon="-110.64383">
        <ele>1608.4</ele>
      </trkpt>
      <trkpt lat="31.60521" lon="-110.64363">
        <ele>1608.1</ele>
      </trkpt>
      <trkpt lat="31.60532" lon="-110.64356">
        <ele>1608.7</ele>
      </trkpt>
      <trkpt lat="31.60538" lon="-110.64352">
        <ele>1609.1</ele>
      </trkpt>
      <trkpt lat="31.60565" lon="-110.6434">
        <ele>1611.1</ele>
      </trkpt>
      <trkpt lat="31.60583" lon="-110.64339">
        <ele>1612.8</ele>
      </trkpt>
      <trkpt lat="31.60586" lon="-110.64339">
        <ele>1613.0</ele>
      </trkpt>
      <trkpt lat="31.606" lon="-110.64342">
        <ele>1614.2</ele>
      </trkpt>
      <trkpt lat="31.60613" lon="-110.64357">
        <ele>1615.8</ele>
      </trkpt>
      <trkpt lat="31.60629" lon="-110.64388">
        <ele>1620.1</ele>
      </trkpt>
      <trkpt lat="31.60636" lon="-110.64405">
        <ele>1622.0</ele>
      </trkpt>
      <trkpt lat="31.6065" lon="-110.64416">
        <ele>1621.8</ele>
      </trkpt>
      <trkpt lat="31.60658" lon="-110.6442">
        <ele>1621.0</ele>
      </trkpt>
      <trkpt lat="31.60667" lon="-110.64426">
        <ele>1620.2</ele>
      </trkpt>
      <trkpt lat="31.60674" lon="-110.64432">
        <ele>1619.8</ele>
      </trkpt>
      <trkpt lat="31.60687" lon="-110.64452">
        <ele>1621.3</ele>
      </trkpt>
      <trkpt lat="31.60698" lon="-110.6446">
        <ele>1620.9</ele>
      </trkpt>
      <trkpt lat="31.60709" lon="-110.64467">
        <ele>1620.3</ele>
      </trkpt>
      <trkpt lat="31.60723" lon="-110.64476">
        <ele>1619.8</ele>
      </trkpt>
      <trkpt lat="31.60733" lon="-110.64488">
        <ele>1621.5</ele>
      </trkpt>
      <trkpt lat="31.6074" lon="-110.64493">
        <ele>1622.2</ele>
      </trkpt>
      <trkpt lat="31.60749" lon="-110.64493">
        <ele>1622.2</ele>
      </trkpt>
      <trkpt lat="31.60762" lon="-110.6449">
        <ele>1622.0</ele>
      </trkpt>
      <trkpt lat="31.60774" lon="-110.64489">
        <ele>1622.0</ele>
      </trkpt>
      <trkpt lat="31.60778" lon="-110.64492">
        <ele>1622.3</ele>
      </trkpt>
      <trkpt lat="31.6079" lon="-110.64502">
        <ele>1623.0</ele>
      </trkpt>
      <trkpt lat="31.60794" lon="-110.64502">
        <ele>1623.0</ele>
      </trkpt>
      <trkpt lat="31.6081" lon="-110.64506">
        <ele>1623.0</ele>
      </trkpt>
      <trkpt lat="31.6083" lon="-110.64505">
        <ele>1621.6</ele>
      </trkpt>
      <trkpt lat="31.60852" lon="-110.64508">
        <ele>1620.6</ele>
      </trkpt>
      <trkpt lat="31.60864" lon="-110.64513">
        <ele>1620.7</ele>
      </trkpt>
      <trkpt lat="31.60874" lon="-110.64518">
        <ele>1621.0</ele>
      </trkpt>
      <trkpt lat="31.60881" lon="-110.64522">
        <ele>1621.2</ele>
      </trkpt>
      <trkpt lat="31.60887" lon="-110.64525">
        <ele>1621.3</ele>
      </trkpt>
      <trkpt lat="31.609" lon="-110.6453">
        <ele>1621.3</ele>
      </trkpt>
      <trkpt lat="31.6091" lon="-110.64539">
        <ele>1622.0</ele>
      </trkpt>
      <trkpt lat="31.60917" lon="-110.64543">
        <ele>1622.1</ele>
      </trkpt>
      <trkpt lat="31.60936" lon="-110.64547">
        <ele>1621.7</ele>
      </trkpt>
      <trkpt lat="31.60948" lon="-110.64545">
        <ele>1621.3</ele>
      </trkpt>
      <trkpt lat="31.60957" lon="-110.64544">
        <ele>1620.9</ele>
      </trkpt>
      <trkpt lat="31.60964" lon="-110.6454">
        <ele>1620.3</ele>
      </trkpt>
      <trkpt lat="31.60977" lon="-110.64532">
        <ele>1619.4</ele>
      </trkpt>
      <trkpt lat="31.60989" lon="-110.64528">
        <ele>1619.2</ele>
      </trkpt>
      <trkpt lat="31.60996" lon="-110.64528">
        <ele>1619.1</ele>
      </trkpt>
      <trkpt lat="31.60998" lon="-110.64529">
        <ele>1619.0</ele>
      </trkpt>
      <trkpt lat="31.61013" lon="-110.64538">
        <ele>1618.9</ele>
      </trkpt>
      <trkpt lat="31.61051" lon="-110.6455">
        <ele>1617.9</ele>
      </trkpt>
      <trkpt lat="31.61075" lon="-110.64559">
        <ele>1616.2</ele>
      </trkpt>
      <trkpt lat="31.61083" lon="-110.64564">
        <ele>1614.5</ele>
      </trkpt>
      <trkpt lat="31.61087" lon="-110.64566">
        <ele>1613.5</ele>
      </trkpt>
      <trkpt lat="31.61095" lon="-110.64582">
        <ele>1610.0</ele>
      </trkpt>
      <trkpt lat="31.611" lon="-110.6459">
        <ele>1609.4</ele>
      </trkpt>
      <trkpt lat="31.61112" lon="-110.64591">
        <ele>1609.5</ele>
      </trkpt>
      <trkpt lat="31.61125" lon="-110.64588">
        <ele>1609.3</ele>
      </trkpt>
      <trkpt lat="31.61132" lon="-110.64585">
        <ele>1609.2</ele>
      </trkpt>
      <trkpt lat="31.61143" lon="-110.64576">
        <ele>1608.8</ele>
      </trkpt>
      <trkpt lat="31.61154" lon="-110.64558">
        <ele>1608.0</ele>
      </trkpt>
      <trkpt lat="31.61163" lon="-110.64545">
        <ele>1607.4</ele>
      </trkpt>
      <trkpt lat="31.61181" lon="-110.64519">
        <ele>1606.2</ele>
      </trkpt>
      <trkpt lat="31.61222" lon="-110.64483">
        <ele>1605.1</ele>
      </trkpt>
      <trkpt lat="31.6123" lon="-110.64475">
        <ele>1604.9</ele>
      </trkpt>
      <trkpt lat="31.61263" lon="-110.64442">
        <ele>1603.8</ele>
      </trkpt>
      <trkpt lat="31.61277" lon="-110.64415">
        <ele>1602.6</ele>
      </trkpt>
      <trkpt lat="31.61284" lon="-110.64398">
        <ele>1601.9</ele>
      </trkpt>
      <trkpt lat="31.61302" lon="-110.64383">
        <ele>1600.8</ele>
      </trkpt>
      <trkpt lat="31.61317" lon="-110.64373">
        <ele>1599.1</ele>
      </trkpt>
      <trkpt lat="31.61323" lon="-110.64369">
        <ele>1598.3</ele>
      </trkpt>
      <trkpt lat="31.61336" lon="-110.64368">
        <ele>1597.7</ele>
      </trkpt>
      <trkpt lat="31.61349" lon="-110.64361">
        <ele>1596.4</ele>
      </trkpt>
      <trkpt lat="31.61361" lon="-110.64347">
        <ele>1594.8</ele>
      </trkpt>
      <trkpt lat="31.6138" lon="-110.64335">
        <ele>1593.5</ele>
      </trkpt>
      <trkpt lat="31.61381" lon="-110.64335">
        <ele>1593.5</ele>
      </trkpt>
      <trkpt lat="31.61397" lon="-110.64328">
        <ele>1592.8</ele>
      </trkpt>
      <trkpt lat="31.6141" lon="-110.6433">
        <ele>1592.4</ele>
      </trkpt>
      <trkpt lat="31.61419" lon="-110.64338">
        <ele>1592.4</ele>
      </trkpt>
      <trkpt lat="31.61443" lon="-110.64361">
        <ele>1592.1</ele>
      </trkpt>
      <trkpt lat="31.61457" lon="-110.64374">
        <ele>1591.7</ele>
      </trkpt>
      <trkpt lat="31.61469" lon="-110.64377">
        <ele>1591.5</ele>
      </trkpt>
      <trkpt lat="31.61483" lon="-110.64372">
        <ele>1591.2</ele>
      </trkpt>
      <trkpt lat="31.61496" lon="-110.64366">
        <ele>1591.0</ele>
      </trkpt>
      <trkpt lat="31.61502" lon="-110.64364">
        <ele>1590.8</ele>
      </trkpt>
      <trkpt lat="31.61507" lon="-110.64366">
        <ele>1590.8</ele>
      </trkpt>
      <trkpt lat="31.61509" lon="-110.64367">
        <ele>1590.7</ele>
      </trkpt>
      <trkpt lat="31.61523" lon="-110.64376">
        <ele>1591.0</ele>
      </trkpt>
      <trkpt lat="31.61541" lon="-110.64381">
        <ele>1591.4</ele>
      </trkpt>
      <trkpt lat="31.61542" lon="-110.64381">
        <ele>1591.3</ele>
      </trkpt>
      <trkpt lat="31.61551" lon="-110.64384">
        <ele>1591.5</ele>
      </trkpt>
      <trkpt lat="31.6156" lon="-110.64393">
        <ele>1592.1</ele>
      </trkpt>
      <trkpt lat="31.61573" lon="-110.64413">
        <ele>1593.5</ele>
      </trkpt>
      <trkpt lat="31.61581" lon="-110.6442">
        <ele>1594.3</ele>
      </trkpt>
      <trkpt lat="31.61595" lon="-110.64424">
        <ele>1595.3</ele>
      </trkpt>
      <trkpt lat="31.61611" lon="-110.64428">
        <ele>1596.7</ele>
      </trkpt>
      <trkpt lat="31.61633" lon="-110.64435">
        <ele>1598.7</ele>
      </trkpt>
      <trkpt lat="31.61635" lon="-110.64436">
        <ele>1599.0</ele>
      </trkpt>
      <trkpt lat="31.61667" lon="-110.64456">
        <ele>1601.3</ele>
      </trkpt>
      <trkpt lat="31.61696" lon="-110.64475">
        <ele>1604.9</ele>
      </trkpt>
      <trkpt lat="31.61713" lon="-110.64485">
        <ele>1605.4</ele>
      </trkpt>
      <trkpt lat="31.61744" lon="-110.64505">
        <ele>1604.6</ele>
      </trkpt>
      <trkpt lat="31.61749" lon="-110.64508">
        <ele>1604.7</ele>
      </trkpt>
      <trkpt lat="31.61772" lon="-110.64524">
        <ele>1605.2</ele>
      </trkpt>
      <trkpt lat="31.61791" lon="-110.64531">
        <ele>1605.8</ele>
      </trkpt>
      <trkpt lat="31.61809" lon="-110.64541">
        <ele>1606.3</ele>
      </trkpt>
      <trkpt lat="31.61827" lon="-110.64551">
        <ele>1606.4</ele>
      </trkpt>
      <trkpt lat="31.61862" lon="-110.64575">
        <ele>1605.1</ele>
      </trkpt>
      <trkpt lat="31.61864" lon="-110.64576">
        <ele>1605.1</ele>
      </trkpt>
      <trkpt lat="31.61872" lon="-110.64584">
        <ele>1605.0</ele>
      </trkpt>
      <trkpt lat="31.61887" lon="-110.64585">
        <ele>1604.3</ele>
      </trkpt>
      <trkpt lat="31.61888" lon="-110.64585">
        <ele>1604.3</ele>
      </trkpt>
      <trkpt lat="31.61907" lon="-110.64596">
        <ele>1604.4</ele>
      </trkpt>
      <trkpt lat="31.61927" lon="-110.64617">
        <ele>1604.4</ele>
      </trkpt>
      <trkpt lat="31.61947" lon="-110.64634">
        <ele>1604.4</ele>
      </trkpt>
      <trkpt lat="31.61962" lon="-110.64648">
        <ele>1604.4</ele>
      </trkpt>
      <trkpt lat="31.61975" lon="-110.6466">
        <ele>1604.3</ele>
      </trkpt>
      <trkpt lat="31.6199" lon="-110.64673">
        <ele>1604.3</ele>
      </trkpt>
      <trkpt lat="31.62007" lon="-110.64679">
        <ele>1604.0</ele>
      </trkpt>
      <trkpt lat="31.62013" lon="-110.64681">
        <ele>1603.9</ele>
      </trkpt>
      <trkpt lat="31.62047" lon="-110.64687">
        <ele>1603.4</ele>
      </trkpt>
      <trkpt lat="31.6211" lon="-110.64684">
        <ele>1602.3</ele>
      </trkpt>
      <trkpt lat="31.62136" lon="-110.64689">
        <ele>1601.7</ele>
      </trkpt>
      <trkpt lat="31.62161" lon="-110.64689">
        <ele>1600.4</ele>
      </trkpt>
      <trkpt lat="31.62185" lon="-110.64693">
        <ele>1599.4</ele>
      </trkpt>
      <trkpt lat="31.62189" lon="-110.64694">
        <ele>1599.2</ele>
      </trkpt>
      <trkpt lat="31.62208" lon="-110.64699">
        <ele>1598.5</ele>
      </trkpt>
      <trkpt lat="31.6224" lon="-110.64717">
        <ele>1597.4</ele>
      </trkpt>
      <trkpt lat="31.62279" lon="-110.64736">
        <ele>1597.7</ele>
      </trkpt>
      <trkpt lat="31.62286" lon="-110.64738">
        <ele>1597.7</ele>
      </trkpt>
      <trkpt lat="31.62294" lon="-110.64739">
        <ele>1597.6</ele>
      </trkpt>
      <trkpt lat="31.62321" lon="-110.64742">
        <ele>1597.6</ele>
      </trkpt>
      <trkpt lat="31.62367" lon="-110.64737">
        <ele>1596.6</ele>
      </trkpt>
      <trkpt lat="31.62411" lon="-110.6473">
        <ele>1595.4</ele>
      </trkpt>
      <trkpt lat="31.62435" lon="-110.64719">
        <ele>1594.3</ele>
      </trkpt>
      <trkpt lat="31.62461" lon="-110.64712">
        <ele>1592.7</ele>
      </trkpt>
      <trkpt lat="31.62491" lon="-110.6471">
        <ele>1589.2</ele>
      </trkpt>
      <trkpt lat="31.62515" lon="-110.64714">
        <ele>1589.1</ele>
      </trkpt>
      <trkpt lat="31.62536" lon="-110.64712">
        <ele>1588.1</ele>
      </trkpt>
      <trkpt lat="31.62551" lon="-110.64717">
        <ele>1587.7</ele>
      </trkpt>
      <trkpt lat="31.62576" lon="-110.64725">
        <ele>1587.1</ele>
      </trkpt>
      <trkpt lat="31.62628" lon="-110.64752">
        <ele>1586.5</ele>
      </trkpt>
      <trkpt lat="31.6267" lon="-110.64766">
        <ele>1585.7</ele>
      </trkpt>
      <trkpt lat="31.62672" lon="-110.64767">
        <ele>1585.7</ele>
      </trkpt>
      <trkpt lat="31.62694" lon="-110.6478">
        <ele>1585.4</ele>
      </trkpt>
      <trkpt lat="31.62716" lon="-110.64799">
        <ele>1585.2</ele>
      </trkpt>
      <trkpt lat="31.62744" lon="-110.64818">
        <ele>1584.7</ele>
      </trkpt>
      <trkpt lat="31.62747" lon="-110.6482">
        <ele>1584.6</ele>
      </trkpt>
      <trkpt lat="31.62767" lon="-110.6483">
        <ele>1583.9</ele>
      </trkpt>
      <trkpt lat="31.62799" lon="-110.64838">
        <ele>1582.8</ele>
      </trkpt>
      <trkpt lat="31.62799" lon="-110.64838">
        <ele>1582.8</ele>
      </trkpt>
      <trkpt lat="31.62811" lon="-110.64852">
        <ele>1582.5</ele>
      </trkpt>
      <trkpt lat="31.62828" lon="-110.64868">
        <ele>1582.2</ele>
      </trkpt>
      <trkpt lat="31.62849" lon="-110.64881">
        <ele>1582.4</ele>
      </trkpt>
      <trkpt lat="31.62858" lon="-110.64885">
        <ele>1582.7</ele>
      </trkpt>
      <trkpt lat="31.62918" lon="-110.64914">
        <ele>1581.8</ele>
      </trkpt>
      <trkpt lat="31.62924" lon="-110.64917">
        <ele>1581.7</ele>
      </trkpt>
      <trkpt lat="31.62966" lon="-110.64938">
        <ele>1580.6</ele>
      </trkpt>
      <trkpt lat="31.63007" lon="-110.64952">
        <ele>1578.6</ele>
      </trkpt>
      <trkpt lat="31.63025" lon="-110.64959">
        <ele>1576.6</ele>
      </trkpt>
      <trkpt lat="31.63026" lon="-110.64959">
        <ele>1576.5</ele>
      </trkpt>
      <trkpt lat="31.63058" lon="-110.64966">
        <ele>1574.0</ele>
      </trkpt>
      <trkpt lat="31.63077" lon="-110.64977">
        <ele>1571.9</ele>
      </trkpt>
      <trkpt lat="31.63092" lon="-110.64989">
        <ele>1571.1</ele>
      </trkpt>
      <trkpt lat="31.63159" lon="-110.65041">
        <ele>1568.7</ele>
      </trkpt>
      <trkpt lat="31.63167" lon="-110.65055">
        <ele>1568.0</ele>
      </trkpt>
      <trkpt lat="31.63176" lon="-110.65074">
        <ele>1567.0</ele>
      </trkpt>
      <trkpt lat="31.63195" lon="-110.65149">
        <ele>1563.4</ele>
      </trkpt>
      <trkpt lat="31.63197" lon="-110.65155">
        <ele>1563.2</ele>
      </trkpt>
      <trkpt lat="31.63206" lon="-110.65181">
        <ele>1562.4</ele>
      </trkpt>
      <trkpt lat="31.63217" lon="-110.65209">
        <ele>1562.2</ele>
      </trkpt>
      <trkpt lat="31.6323" lon="-110.65235">
        <ele>1561.4</ele>
      </trkpt>
      <trkpt lat="31.63243" lon="-110.65251">
        <ele>1560.6</ele>
      </trkpt>
      <trkpt lat="31.63254" lon="-110.65264">
        <ele>1559.9</ele>
      </trkpt>
      <trkpt lat="31.63279" lon="-110.6528">
        <ele>1559.7</ele>
      </trkpt>
      <trkpt lat="31.63302" lon="-110.65294">
        <ele>1559.1</ele>
      </trkpt>
      <trkpt lat="31.63311" lon="-110.65301">
        <ele>1558.6</ele>
      </trkpt>
      <trkpt lat="31.6332" lon="-110.65308">
        <ele>1558.1</ele>
      </trkpt>
      <trkpt lat="31.63336" lon="-110.6533">
        <ele>1557.2</ele>
      </trkpt>
      <trkpt lat="31.63354" lon="-110.65351">
        <ele>1556.6</ele>
      </trkpt>
      <trkpt lat="31.63375" lon="-110.65372">
        <ele>1556.5</ele>
      </trkpt>
      <trkpt lat="31.63376" lon="-110.65373">
        <ele>1556.5</ele>
      </trkpt>
      <trkpt lat="31.63396" lon="-110.65391">
        <ele>1556.1</ele>
      </trkpt>
      <trkpt lat="31.63416" lon="-110.65404">
        <ele>1555.9</ele>
      </trkpt>
      <trkpt lat="31.63422" lon="-110.65406">
        <ele>1555.9</ele>
      </trkpt>
      <trkpt lat="31.63455" lon="-110.65423">
        <ele>1556.1</ele>
      </trkpt>
      <trkpt lat="31.63472" lon="-110.6543">
        <ele>1556.0</ele>
      </trkpt>
      <trkpt lat="31.63481" lon="-110.65434">
        <ele>1556.0</ele>
      </trkpt>
      <trkpt lat="31.63493" lon="-110.65439">
        <ele>1555.7</ele>
      </trkpt>
      <trkpt lat="31.63509" lon="-110.65447">
        <ele>1555.2</ele>
      </trkpt>
      <trkpt lat="31.63537" lon="-110.65466">
        <ele>1553.6</ele>
      </trkpt>
      <trkpt lat="31.63538" lon="-110.65467">
        <ele>1553.5</ele>
      </trkpt>
      <trkpt lat="31.63552" lon="-110.65477">
        <ele>1552.7</ele>
      </trkpt>
      <trkpt lat="31.63576" lon="-110.65494">
        <ele>1551.6</ele>
      </trkpt>
      <trkpt lat="31.63583" lon="-110.65498">
        <ele>1551.4</ele>
      </trkpt>
      <trkpt lat="31.63591" lon="-110.65502">
        <ele>1551.1</ele>
      </trkpt>
      <trkpt lat="31.63607" lon="-110.65512">
        <ele>1550.8</ele>
      </trkpt>
      <trkpt lat="31.63629" lon="-110.65527">
        <ele>1550.2</ele>
      </trkpt>
      <trkpt lat="31.63652" lon="-110.65548">
        <ele>1549.5</ele>
      </trkpt>
      <trkpt lat="31.63662" lon="-110.65553">
        <ele>1549.2</ele>
      </trkpt>
      <trkpt lat="31.63669" lon="-110.65555">
        <ele>1549.2</ele>
      </trkpt>
      <trkpt lat="31.63727" lon="-110.65557">
        <ele>1549.0</ele>
      </trkpt>
      <trkpt lat="31.6378" lon="-110.65559">
        <ele>1548.3</ele>
      </trkpt>
      <trkpt lat="31.63809" lon="-110.65561">
        <ele>1548.1</ele>
      </trkpt>
      <trkpt lat="31.63847" lon="-110.65564">
        <ele>1547.9</ele>
      </trkpt>
      <trkpt lat="31.63878" lon="-110.65568">
        <ele>1546.8</ele>
      </trkpt>
      <trkpt lat="31.63907" lon="-110.65574">
        <ele>1545.2</ele>
      </trkpt>
      <trkpt lat="31.63919" lon="-110.65577">
        <ele>1544.4</ele>
      </trkpt>
      <trkpt lat="31.63941" lon="-110.65581">
        <ele>1543.4</ele>
      </trkpt>
      <trkpt lat="31.63955" lon="-110.65581">
        <ele>1543.0</ele>
      </trkpt>
      <trkpt lat="31.63981" lon="-110.65579">
        <ele>1542.6</ele>
      </trkpt>
      <trkpt lat="31.6401" lon="-110.65578">
        <ele>1542.5</ele>
      </trkpt>
      <trkpt lat="31.64035" lon="-110.65578">
        <ele>1542.4</ele>
      </trkpt>
      <trkpt lat="31.64037" lon="-110.65578">
        <ele>1542.4</ele>
      </trkpt>
      <trkpt lat="31.64109" lon="-110.65585">
        <ele>1542.3</ele>
      </trkpt>
      <trkpt lat="31.6414" lon="-110.65589">
        <ele>1542.3</ele>
      </trkpt>
      <trkpt lat="31.64183" lon="-110.65595">
        <ele>1542.0</ele>
      </trkpt>
      <trkpt lat="31.64212" lon="-110.65597">
        <ele>1541.5</ele>
      </trkpt>
      <trkpt lat="31.64244" lon="-110.656">
        <ele>1541.0</ele>
      </trkpt>
      <trkpt lat="31.64284" lon="-110.65602">
        <ele>1540.8</ele>
      </trkpt>
      <trkpt lat="31.64302" lon="-110.65604">
        <ele>1540.4</ele>
      </trkpt>
      <trkpt lat="31.64337" lon="-110.65607">
        <ele>1539.4</ele>
      </trkpt>
      <trkpt lat="31.64355" lon="-110.65609">
        <ele>1538.5</ele>
      </trkpt>
      <trkpt lat="31.64391" lon="-110.65613">
        <ele>1536.6</ele>
      </trkpt>
      <trkpt lat="31.64406" lon="-110.65614">
        <ele>1536.2</ele>
      </trkpt>
      <trkpt lat="31.6443" lon="-110.65615">
        <ele>1536.1</ele>
      </trkpt>
      <trkpt lat="31.64445" lon="-110.65613">
        <ele>1536.0</ele>
      </trkpt>
      <trkpt lat="31.6446" lon="-110.65607">
        <ele>1535.8</ele>
      </trkpt>
      <trkpt lat="31.64462" lon="-110.65605">
        <ele>1535.8</ele>
      </trkpt>
      <trkpt lat="31.6447" lon="-110.65597">
        <ele>1535.8</ele>
      </trkpt>
      <trkpt lat="31.64479" lon="-110.65588">
        <ele>1535.8</ele>
      </trkpt>
      <trkpt lat="31.64496" lon="-110.65568">
        <ele>1535.6</ele>
      </trkpt>
      <trkpt lat="31.64502" lon="-110.65563">
        <ele>1535.4</ele>
      </trkpt>
      <trkpt lat="31.64505" lon="-110.65561">
        <ele>1535.3</ele>
      </trkpt>
      <trkpt lat="31.6451" lon="-110.65559">
        <ele>1535.1</ele>
      </trkpt>
      <trkpt lat="31.64528" lon="-110.65555">
        <ele>1534.8</ele>
      </trkpt>
      <trkpt lat="31.6455" lon="-110.65555">
        <ele>1534.5</ele>
      </trkpt>
      <trkpt lat="31.64585" lon="-110.65555">
        <ele>1534.0</ele>
      </trkpt>
      <trkpt lat="31.64605" lon="-110.65556">
        <ele>1534.1</ele>
      </trkpt>
      <trkpt lat="31.64622" lon="-110.65556">
        <ele>1534.1</ele>
      </trkpt>
      <trkpt lat="31.6464" lon="-110.65557">
        <ele>1533.8</ele>
      </trkpt>
      <trkpt lat="31.64666" lon="-110.65559">
        <ele>1533.3</ele>
      </trkpt>
      <trkpt lat="31.64695" lon="-110.65552">
        <ele>1532.9</ele>
      </trkpt>
      <trkpt lat="31.64712" lon="-110.65553">
        <ele>1532.3</ele>
      </trkpt>
      <trkpt lat="31.6473" lon="-110.65553">
        <ele>1531.3</ele>
      </trkpt>
      <trkpt lat="31.64736" lon="-110.65554">
        <ele>1531.0</ele>
      </trkpt>
      <trkpt lat="31.64742" lon="-110.65553">
        <ele>1530.5</ele>
      </trkpt>
      <trkpt lat="31.64796" lon="-110.65552">
        <ele>1527.6</ele>
      </trkpt>
      <trkpt lat="31.64908" lon="-110.65554">
        <ele>1527.3</ele>
      </trkpt>
      <trkpt lat="31.64999" lon="-110.65552">
        <ele>1524.9</ele>
      </trkpt>
      <trkpt lat="31.65024" lon="-110.6555">
        <ele>1522.3</ele>
      </trkpt>
      <trkpt lat="31.65082" lon="-110.6555">
        <ele>1518.1</ele>
      </trkpt>
      <trkpt lat="31.65173" lon="-110.6555">
        <ele>1515.9</ele>
      </trkpt>
      <trkpt lat="31.65226" lon="-110.65551">
        <ele>1515.7</ele>
      </trkpt>
      <trkpt lat="31.6527" lon="-110.65552">
        <ele>1515.5</ele>
      </trkpt>
      <trkpt lat="31.6528" lon="-110.65552">
        <ele>1515.5</ele>
      </trkpt>
      <trkpt lat="31.6535" lon="-110.65551">
        <ele>1515.6</ele>
      </trkpt>
      <trkpt lat="31.6537" lon="-110.65551">
        <ele>1515.7</ele>
      </trkpt>
      <trkpt lat="31.65442" lon="-110.65551">
        <ele>1517.0</ele>
      </trkpt>
      <trkpt lat="31.65478" lon="-110.65552">
        <ele>1517.8</ele>
      </trkpt>
      <trkpt lat="31.65534" lon="-110.65552">
        <ele>1516.7</ele>
      </trkpt>
      <trkpt lat="31.65631" lon="-110.65555">
        <ele>1512.5</ele>
      </trkpt>
      <trkpt lat="31.65682" lon="-110.65556">
        <ele>1510.9</ele>
      </trkpt>
      <trkpt lat="31.65739" lon="-110.65556">
        <ele>1511.3</ele>
      </trkpt>
      <trkpt lat="31.65793" lon="-110.65556">
        <ele>1511.6</ele>
      </trkpt>
      <trkpt lat="31.65801" lon="-110.65556">
        <ele>1511.6</ele>
      </trkpt>
      <trkpt lat="31.65837" lon="-110.65557">
        <ele>1511.1</ele>
      </trkpt>
      <trkpt lat="31.65891" lon="-110.65558">
        <ele>1509.8</ele>
      </trkpt>
      <trkpt lat="31.65894" lon="-110.65558">
        <ele>1509.6</ele>
      </trkpt>
      <trkpt lat="31.65905" lon="-110.65559">
        <ele>1509.0</ele>
      </trkpt>
      <trkpt lat="31.65914" lon="-110.65563">
        <ele>1508.6</ele>
      </trkpt>
      <trkpt lat="31.65928" lon="-110.65573">
        <ele>1507.4</ele>
      </trkpt>
      <trkpt lat="31.65944" lon="-110.65586">
        <ele>1504.9</ele>
      </trkpt>
      <trkpt lat="31.65946" lon="-110.65588">
        <ele>1504.6</ele>
      </trkpt>
      <trkpt lat="31.65976" lon="-110.65612">
        <ele>1502.0</ele>
      </trkpt>
      <trkpt lat="31.6599" lon="-110.65619">
        <ele>1501.7</ele>
      </trkpt>
      <trkpt lat="31.66003" lon="-110.65626">
        <ele>1501.3</ele>
      </trkpt>
      <trkpt lat="31.66006" lon="-110.65628">
        <ele>1501.1</ele>
      </trkpt>
      <trkpt lat="31.66008" lon="-110.65629">
        <ele>1501.0</ele>
      </trkpt>
      <trkpt lat="31.6603" lon="-110.65634">
        <ele>1499.4</ele>
      </trkpt>
      <trkpt lat="31.66053" lon="-110.65633">
        <ele>1498.0</ele>
      </trkpt>
      <trkpt lat="31.66075" lon="-110.65627">
        <ele>1497.2</ele>
      </trkpt>
      <trkpt lat="31.66091" lon="-110.65617">
        <ele>1497.1</ele>
      </trkpt>
      <trkpt lat="31.66143" lon="-110.65591">
        <ele>1497.2</ele>
      </trkpt>
      <trkpt lat="31.66158" lon="-110.65586">
        <ele>1497.5</ele>
      </trkpt>
      <trkpt lat="31.6618" lon="-110.65584">
        <ele>1498.0</ele>
      </trkpt>
      <trkpt lat="31.66207" lon="-110.65587">
        <ele>1498.5</ele>
      </trkpt>
      <trkpt lat="31.66238" lon="-110.65596">
        <ele>1496.4</ele>
      </trkpt>
      <trkpt lat="31.66264" lon="-110.65606">
        <ele>1494.9</ele>
      </trkpt>
      <trkpt lat="31.66289" lon="-110.6562">
        <ele>1493.8</ele>
      </trkpt>
      <trkpt lat="31.66307" lon="-110.65633">
        <ele>1493.5</ele>
      </trkpt>
      <trkpt lat="31.66327" lon="-110.65647">
        <ele>1494.5</ele>
      </trkpt>
      <trkpt lat="31.66339" lon="-110.65656">
        <ele>1495.6</ele>
      </trkpt>
      <trkpt lat="31.66358" lon="-110.65667">
        <ele>1497.3</ele>
      </trkpt>
      <trkpt lat="31.66385" lon="-110.65681">
        <ele>1499.6</ele>
      </trkpt>
      <trkpt lat="31.66409" lon="-110.65687">
        <ele>1500.7</ele>
      </trkpt>
      <trkpt lat="31.66415" lon="-110.65689">
        <ele>1501.1</ele>
      </trkpt>
      <trkpt lat="31.6647" lon="-110.65697">
        <ele>1503.2</ele>
      </trkpt>
      <trkpt lat="31.66481" lon="-110.65698">
        <ele>1503.4</ele>
      </trkpt>
      <trkpt lat="31.66502" lon="-110.65701">
        <ele>1503.6</ele>
      </trkpt>
      <trkpt lat="31.66506" lon="-110.65701">
        <ele>1503.5</ele>
      </trkpt>
      <trkpt lat="31.66537" lon="-110.657">
        <ele>1503.2</ele>
      </trkpt>
      <trkpt lat="31.66627" lon="-110.65698">
        <ele>1501.1</ele>
      </trkpt>
      <trkpt lat="31.66644" lon="-110.65696">
        <ele>1500.6</ele>
      </trkpt>
      <trkpt lat="31.66653" lon="-110.65692">
        <ele>1500.3</ele>
      </trkpt>
      <trkpt lat="31.66669" lon="-110.65683">
        <ele>1499.9</ele>
      </trkpt>
      <trkpt lat="31.66689" lon="-110.65675">
        <ele>1499.6</ele>
      </trkpt>
      <trkpt lat="31.66704" lon="-110.65671">
        <ele>1499.2</ele>
      </trkpt>
      <trkpt lat="31.66726" lon="-110.6567">
        <ele>1498.5</ele>
      </trkpt>
      <trkpt lat="31.66848" lon="-110.65669">
        <ele>1493.7</ele>
      </trkpt>
      <trkpt lat="31.66857" lon="-110.65669">
        <ele>1493.3</ele>
      </trkpt>
      <trkpt lat="31.6693" lon="-110.65668">
        <ele>1488.8</ele>
      </trkpt>
      <trkpt lat="31.66959" lon="-110.65671">
        <ele>1488.0</ele>
      </trkpt>
      <trkpt lat="31.66991" lon="-110.65677">
        <ele>1487.2</ele>
      </trkpt>
      <trkpt lat="31.66994" lon="-110.65677">
        <ele>1487.1</ele>
      </trkpt>
      <trkpt lat="31.67025" lon="-110.65678">
        <ele>1486.8</ele>
      </trkpt>
      <trkpt lat="31.67043" lon="-110.65678">
        <ele>1486.8</ele>
      </trkpt>
      <trkpt lat="31.67076" lon="-110.65669">
        <ele>1486.5</ele>
      </trkpt>
      <trkpt lat="31.67102" lon="-110.65657">
        <ele>1486.4</ele>
      </trkpt>
      <trkpt lat="31.67121" lon="-110.65646">
        <ele>1486.2</ele>
      </trkpt>
      <trkpt lat="31.67145" lon="-110.65631">
        <ele>1486.0</ele>
      </trkpt>
      <trkpt lat="31.67159" lon="-110.65623">
        <ele>1485.9</ele>
      </trkpt>
      <trkpt lat="31.67198" lon="-110.65598">
        <ele>1485.8</ele>
      </trkpt>
      <trkpt lat="31.67222" lon="-110.65585">
        <ele>1485.4</ele>
      </trkpt>
      <trkpt lat="31.67245" lon="-110.65577">
        <ele>1485.1</ele>
      </trkpt>
      <trkpt lat="31.67287" lon="-110.65577">
        <ele>1484.7</ele>
      </trkpt>
      <trkpt lat="31.67346" lon="-110.65577">
        <ele>1483.0</ele>
      </trkpt>
      <trkpt lat="31.67357" lon="-110.65577">
        <ele>1482.6</ele>
      </trkpt>
      <trkpt lat="31.67361" lon="-110.65576">
        <ele>1482.4</ele>
      </trkpt>
      <trkpt lat="31.67372" lon="-110.65569">
        <ele>1482.0</ele>
      </trkpt>
      <trkpt lat="31.67372" lon="-110.65569">
        <ele>1482.0</ele>
      </trkpt>
      <trkpt lat="31.67378" lon="-110.65572">
        <ele>1481.9</ele>
      </trkpt>
      <trkpt lat="31.67381" lon="-110.65573">
        <ele>1481.9</ele>
      </trkpt>
      <trkpt lat="31.67384" lon="-110.65573">
        <ele>1481.8</ele>
      </trkpt>
      <trkpt lat="31.67387" lon="-110.65574">
        <ele>1481.7</ele>
      </trkpt>
      <trkpt lat="31.67397" lon="-110.65574">
        <ele>1481.4</ele>
      </trkpt>
      <trkpt lat="31.67451" lon="-110.65574">
        <ele>1479.8</ele>
      </trkpt>
      <trkpt lat="31.67483" lon="-110.65575">
        <ele>1479.0</ele>
      </trkpt>
      <trkpt lat="31.67555" lon="-110.65575">
        <ele>1479.4</ele>
      </trkpt>
      <trkpt lat="31.67641" lon="-110.65576">
        <ele>1481.4</ele>
      </trkpt>
      <trkpt lat="31.67745" lon="-110.65578">
        <ele>1484.6</ele>
      </trkpt>
      <trkpt lat="31.67816" lon="-110.65578">
        <ele>1486.3</ele>
      </trkpt>
      <trkpt lat="31.67859" lon="-110.65576">
        <ele>1487.3</ele>
      </trkpt>
      <trkpt lat="31.6788" lon="-110.65575">
        <ele>1487.9</ele>
      </trkpt>
      <trkpt lat="31.67929" lon="-110.65572">
        <ele>1489.1</ele>
      </trkpt>
      <trkpt lat="31.67938" lon="-110.65572">
        <ele>1489.2</ele>
      </trkpt>
      <trkpt lat="31.67954" lon="-110.65572">
        <ele>1489.5</ele>
      </trkpt>
      <trkpt lat="31.6799" lon="-110.65572">
        <ele>1490.2</ele>
      </trkpt>
      <trkpt lat="31.68038" lon="-110.65572">
        <ele>1491.1</ele>
      </trkpt>
      <trkpt lat="31.68056" lon="-110.65573">
        <ele>1491.5</ele>
      </trkpt>
      <trkpt lat="31.68074" lon="-110.65573">
        <ele>1491.8</ele>
      </trkpt>
      <trkpt lat="31.68146" lon="-110.65573">
        <ele>1492.6</ele>
      </trkpt>
      <trkpt lat="31.68169" lon="-110.65574">
        <ele>1493.4</ele>
      </trkpt>
      <trkpt lat="31.68224" lon="-110.65574">
        <ele>1493.8</ele>
      </trkpt>
      <trkpt lat="31.68313" lon="-110.65572">
        <ele>1486.5</ele>
      </trkpt>
      <trkpt lat="31.68324" lon="-110.65572">
        <ele>1486.3</ele>
      </trkpt>
      <trkpt lat="31.68326" lon="-110.65572">
        <ele>1486.3</ele>
      </trkpt>
      <trkpt lat="31.68387" lon="-110.65572">
        <ele>1486.2</ele>
      </trkpt>
      <trkpt lat="31.6845" lon="-110.65571">
        <ele>1487.2</ele>
      </trkpt>
      <trkpt lat="31.68545" lon="-110.65569">
        <ele>1486.2</ele>
      </trkpt>
      <trkpt lat="31.68607" lon="-110.65566">
        <ele>1483.1</ele>
      </trkpt>
      <trkpt lat="31.68667" lon="-110.65564">
        <ele>1479.5</ele>
      </trkpt>
      <trkpt lat="31.68895" lon="-110.65555">
        <ele>1478.6</ele>
      </trkpt>
      <trkpt lat="31.68997" lon="-110.65552">
        <ele>1478.1</ele>
      </trkpt>
      <trkpt lat="31.69091" lon="-110.6555">
        <ele>1477.0</ele>
      </trkpt>
      <trkpt lat="31.69253" lon="-110.65547">
        <ele>1476.5</ele>
      </trkpt>
      <trkpt lat="31.69289" lon="-110.65546">
        <ele>1476.7</ele>
      </trkpt>
      <trkpt lat="31.6936" lon="-110.65544">
        <ele>1479.1</ele>
      </trkpt>
      <trkpt lat="31.69414" lon="-110.65543">
        <ele>1480.4</ele>
      </trkpt>
      <trkpt lat="31.69504" lon="-110.65541">
        <ele>1483.0</ele>
      </trkpt>
      <trkpt lat="31.69549" lon="-110.6554">
        <ele>1484.4</ele>
      </trkpt>
      <trkpt lat="31.69611" lon="-110.65539">
        <ele>1486.1</ele>
      </trkpt>
      <trkpt lat="31.69626" lon="-110.65539">
        <ele>1486.5</ele>
      </trkpt>
      <trkpt lat="31.69698" lon="-110.65538">
        <ele>1487.0</ele>
      </trkpt>
      <trkpt lat="31.69698" lon="-110.65538">
        <ele>1487.0</ele>
      </trkpt>
      <trkpt lat="31.69698" lon="-110.65548">
        <ele>1487.1</ele>
      </trkpt>
      <trkpt lat="31.697" lon="-110.65569">
        <ele>1487.1</ele>
      </trkpt>
      <trkpt lat="31.69704" lon="-110.65587">
        <ele>1487.2</ele>
      </trkpt>
      <trkpt lat="31.69709" lon="-110.65598">
        <ele>1487.4</ele>
      </trkpt>
      <trkpt lat="31.69714" lon="-110.65607">
        <ele>1487.7</ele>
      </trkpt>
      <trkpt lat="31.69732" lon="-110.65645">
        <ele>1488.1</ele>
      </trkpt>
      <trkpt lat="31.69753" lon="-110.6569">
        <ele>1488.1</ele>
      </trkpt>
      <trkpt lat="31.69765" lon="-110.65717">
        <ele>1488.5</ele>
      </trkpt>
      <trkpt lat="31.69782" lon="-110.65748">
        <ele>1490.1</ele>
      </trkpt>
      <trkpt lat="31.69803" lon="-110.65778">
        <ele>1491.8</ele>
      </trkpt>
      <trkpt lat="31.69809" lon="-110.65788">
        <ele>1492.5</ele>
      </trkpt>
      <trkpt lat="31.69853" lon="-110.65857">
        <ele>1494.0</ele>
      </trkpt>
      <trkpt lat="31.69857" lon="-110.65863">
        <ele>1494.0</ele>
      </trkpt>
      <trkpt lat="31.69875" lon="-110.65895">
        <ele>1493.9</ele>
      </trkpt>
      <trkpt lat="31.69877" lon="-110.65898">
        <ele>1493.9</ele>
      </trkpt>
      <trkpt lat="31.69905" lon="-110.65959">
        <ele>1493.6</ele>
      </trkpt>
      <trkpt lat="31.69928" lon="-110.66003">
        <ele>1494.6</ele>
      </trkpt>
      <trkpt lat="31.69952" lon="-110.66039">
        <ele>1494.8</ele>
      </trkpt>
      <trkpt lat="31.69963" lon="-110.66059">
        <ele>1495.3</ele>
      </trkpt>
      <trkpt lat="31.69969" lon="-110.66076">
        <ele>1495.6</ele>
      </trkpt>
      <trkpt lat="31.69973" lon="-110.66093">
        <ele>1495.8</ele>
      </trkpt>
      <trkpt lat="31.69976" lon="-110.66111">
        <ele>1496.3</ele>
      </trkpt>
      <trkpt lat="31.69975" lon="-110.66131">
        <ele>1496.6</ele>
      </trkpt>
      <trkpt lat="31.69969" lon="-110.66151">
        <ele>1497.0</ele>
      </trkpt>
      <trkpt lat="31.69961" lon="-110.66166">
        <ele>1497.3</ele>
      </trkpt>
      <trkpt lat="31.69921" lon="-110.66218">
        <ele>1498.4</ele>
      </trkpt>
      <trkpt lat="31.699" lon="-110.6625">
        <ele>1499.6</ele>
      </trkpt>
      <trkpt lat="31.69884" lon="-110.66276">
        <ele>1500.7</ele>
      </trkpt>
      <trkpt lat="31.69874" lon="-110.66301">
        <ele>1501.4</ele>
      </trkpt>
      <trkpt lat="31.69868" lon="-110.66329">
        <ele>1501.4</ele>
      </trkpt>
      <trkpt lat="31.69864" lon="-110.66359">
        <ele>1500.5</ele>
      </trkpt>
      <trkpt lat="31.69864" lon="-110.66389">
        <ele>1499.5</ele>
      </trkpt>
      <trkpt lat="31.69867" lon="-110.66417">
        <ele>1498.9</ele>
      </trkpt>
      <trkpt lat="31.69873" lon="-110.66444">
        <ele>1499.1</ele>
      </trkpt>
      <trkpt lat="31.6989" lon="-110.66494">
        <ele>1500.9</ele>
      </trkpt>
      <trkpt lat="31.69911" lon="-110.66546">
        <ele>1502.9</ele>
      </trkpt>
      <trkpt lat="31.69927" lon="-110.66581">
        <ele>1503.7</ele>
      </trkpt>
      <trkpt lat="31.6998" lon="-110.66674">
        <ele>1503.8</ele>
      </trkpt>
      <trkpt lat="31.70009" lon="-110.6673">
        <ele>1503.8</ele>
      </trkpt>
      <trkpt lat="31.70019" lon="-110.66753">
        <ele>1503.7</ele>
      </trkpt>
      <trkpt lat="31.70027" lon="-110.6678">
        <ele>1504.0</ele>
      </trkpt>
      <trkpt lat="31.70034" lon="-110.66808">
        <ele>1504.6</ele>
      </trkpt>
      <trkpt lat="31.70048" lon="-110.66906">
        <ele>1508.6</ele>
      </trkpt>
      <trkpt lat="31.70066" lon="-110.67059">
        <ele>1515.6</ele>
      </trkpt>
      <trkpt lat="31.70078" lon="-110.67216">
        <ele>1525.9</ele>
      </trkpt>
      <trkpt lat="31.70086" lon="-110.67272">
        <ele>1527.4</ele>
      </trkpt>
      <trkpt lat="31.7009" lon="-110.67291">
        <ele>1528.0</ele>
      </trkpt>
      <trkpt lat="31.70126" lon="-110.67406">
        <ele>1529.4</ele>
      </trkpt>
      <trkpt lat="31.70189" lon="-110.67619">
        <ele>1536.3</ele>
      </trkpt>
      <trkpt lat="31.702" lon="-110.67658">
        <ele>1536.5</ele>
      </trkpt>
      <trkpt lat="31.7022" lon="-110.67751">
        <ele>1537.3</ele>
      </trkpt>
      <trkpt lat="31.70273" lon="-110.67895">
        <ele>1542.8</ele>
      </trkpt>
      <trkpt lat="31.70281" lon="-110.67926">
        <ele>1543.2</ele>
      </trkpt>
      <trkpt lat="31.70286" lon="-110.67956">
        <ele>1543.3</ele>
      </trkpt>
      <trkpt lat="31.70288" lon="-110.67983">
        <ele>1543.2</ele>
      </trkpt>
      <trkpt lat="31.70287" lon="-110.68169">
        <ele>1544.3</ele>
      </trkpt>
      <trkpt lat="31.70288" lon="-110.68193">
        <ele>1544.3</ele>
      </trkpt>
      <trkpt lat="31.70293" lon="-110.68225">
        <ele>1545.2</ele>
      </trkpt>
      <trkpt lat="31.70303" lon="-110.68262">
        <ele>1547.1</ele>
      </trkpt>
      <trkpt lat="31.7047" lon="-110.68704">
        <ele>1553.5</ele>
      </trkpt>
      <trkpt lat="31.70492" lon="-110.68752">
        <ele>1553.9</ele>
      </trkpt>
      <trkpt lat="31.70556" lon="-110.68865">
        <ele>1557.7</ele>
      </trkpt>
      <trkpt lat="31.70581" lon="-110.68921">
        <ele>1558.1</ele>
      </trkpt>
      <trkpt lat="31.70596" lon="-110.68969">
        <ele>1558.2</ele>
      </trkpt>
      <trkpt lat="31.70614" lon="-110.6902">
        <ele>1558.9</ele>
      </trkpt>
      <trkpt lat="31.70643" lon="-110.69121">
        <ele>1559.8</ele>
      </trkpt>
      <trkpt lat="31.70685" lon="-110.69318">
        <ele>1560.6</ele>
      </trkpt>
      <trkpt lat="31.70782" lon="-110.69777">
        <ele>1565.8</ele>
      </trkpt>
      <trkpt lat="31.70937" lon="-110.70223">
        <ele>1575.4</ele>
      </trkpt>
      <trkpt lat="31.70945" lon="-110.70247">
        <ele>1575.0</ele>
      </trkpt>
      <trkpt lat="31.7095" lon="-110.70268">
        <ele>1574.8</ele>
      </trkpt>
      <trkpt lat="31.70952" lon="-110.70288">
        <ele>1574.7</ele>
      </trkpt>
      <trkpt lat="31.70942" lon="-110.70527">
        <ele>1577.3</ele>
      </trkpt>
      <trkpt lat="31.70934" lon="-110.70644">
        <ele>1580.8</ele>
      </trkpt>
      <trkpt lat="31.7091" lon="-110.71209">
        <ele>1587.7</ele>
      </trkpt>
      <trkpt lat="31.70901" lon="-110.714">
        <ele>1588.2</ele>
      </trkpt>
      <trkpt lat="31.709" lon="-110.71444">
        <ele>1587.9</ele>
      </trkpt>
      <trkpt lat="31.70903" lon="-110.7146">
        <ele>1587.8</ele>
      </trkpt>
      <trkpt lat="31.70913" lon="-110.71481">
        <ele>1587.9</ele>
      </trkpt>
      <trkpt lat="31.7099" lon="-110.71616">
        <ele>1589.8</ele>
      </trkpt>
      <trkpt lat="31.71128" lon="-110.71864">
        <ele>1595.8</ele>
      </trkpt>
      <trkpt lat="31.71142" lon="-110.71897">
        <ele>1596.2</ele>
      </trkpt>
      <trkpt lat="31.71149" lon="-110.71918">
        <ele>1596.4</ele>
      </trkpt>
      <trkpt lat="31.71178" lon="-110.72036">
        <ele>1598.5</ele>
      </trkpt>
      <trkpt lat="31.71192" lon="-110.72102">
        <ele>1600.0</ele>
      </trkpt>
      <trkpt lat="31.71207" lon="-110.72156">
        <ele>1601.4</ele>
      </trkpt>
      <trkpt lat="31.71226" lon="-110.7225">
        <ele>1602.6</ele>
      </trkpt>
      <trkpt lat="31.71264" lon="-110.72407">
        <ele>1603.8</ele>
      </trkpt>
      <trkpt lat="31.71268" lon="-110.72432">
        <ele>1603.9</ele>
      </trkpt>
      <trkpt lat="31.71253" lon="-110.72493">
        <ele>1603.0</ele>
      </trkpt>
      <trkpt lat="31.71213" lon="-110.72619">
        <ele>1599.6</ele>
      </trkpt>
      <trkpt lat="31.71209" lon="-110.72642">
        <ele>1599.3</ele>
      </trkpt>
      <trkpt lat="31.71205" lon="-110.72654">
        <ele>1599.0</ele>
      </trkpt>
      <trkpt lat="31.71199" lon="-110.72663">
        <ele>1598.5</ele>
      </trkpt>
      <trkpt lat="31.71188" lon="-110.7267">
        <ele>1597.6</ele>
      </trkpt>
      <trkpt lat="31.71166" lon="-110.72679">
        <ele>1597.2</ele>
      </trkpt>
      <trkpt lat="31.7114" lon="-110.72682">
        <ele>1596.3</ele>
      </trkpt>
      <trkpt lat="31.71111" lon="-110.72679">
        <ele>1596.8</ele>
      </trkpt>
      <trkpt lat="31.711" lon="-110.72673">
        <ele>1600.7</ele>
      </trkpt>
      <trkpt lat="31.71093" lon="-110.72664">
        <ele>1602.2</ele>
      </trkpt>
      <trkpt lat="31.7108" lon="-110.7264">
        <ele>1602.9</ele>
      </trkpt>
      <trkpt lat="31.71072" lon="-110.72633">
        <ele>1603.5</ele>
      </trkpt>
      <trkpt lat="31.71065" lon="-110.7263">
        <ele>1604.0</ele>
      </trkpt>
      <trkpt lat="31.71056" lon="-110.72629">
        <ele>1604.7</ele>
      </trkpt>
      <trkpt lat="31.71046" lon="-110.7263">
        <ele>1605.5</ele>
      </trkpt>
      <trkpt lat="31.71037" lon="-110.72636">
        <ele>1606.3</ele>
      </trkpt>
      <trkpt lat="31.7103" lon="-110.72643">
        <ele>1606.8</ele>
      </trkpt>
      <trkpt lat="31.7102" lon="-110.72663">
        <ele>1607.9</ele>
      </trkpt>
      <trkpt lat="31.71006" lon="-110.72675">
        <ele>1609.0</ele>
      </trkpt>
      <trkpt lat="31.70965" lon="-110.72692">
        <ele>1609.6</ele>
      </trkpt>
      <trkpt lat="31.70935" lon="-110.72701">
        <ele>1609.6</ele>
      </trkpt>
      <trkpt lat="31.70906" lon="-110.72704">
        <ele>1609.7</ele>
      </trkpt>
      <trkpt lat="31.70899" lon="-110.72702">
        <ele>1609.5</ele>
      </trkpt>
      <trkpt lat="31.70891" lon="-110.72697">
        <ele>1609.3</ele>
      </trkpt>
      <trkpt lat="31.70848" lon="-110.72627">
        <ele>1606.7</ele>
      </trkpt>
      <trkpt lat="31.70828" lon="-110.72603">
        <ele>1605.5</ele>
      </trkpt>
      <trkpt lat="31.70815" lon="-110.72593">
        <ele>1604.8</ele>
      </trkpt>
      <trkpt lat="31.70762" lon="-110.72562">
        <ele>1602.6</ele>
      </trkpt>
      <trkpt lat="31.7075" lon="-110.72559">
        <ele>1602.0</ele>
      </trkpt>
      <trkpt lat="31.70743" lon="-110.72559">
        <ele>1601.7</ele>
      </trkpt>
      <trkpt lat="31.70727" lon="-110.72563">
        <ele>1600.8</ele>
      </trkpt>
      <trkpt lat="31.707" lon="-110.72558">
        <ele>1599.0</ele>
      </trkpt>
      <trkpt lat="31.70692" lon="-110.7256">
        <ele>1598.4</ele>
      </trkpt>
      <trkpt lat="31.70678" lon="-110.72571">
        <ele>1597.0</ele>
      </trkpt>
      <trkpt lat="31.70672" lon="-110.72574">
        <ele>1596.5</ele>
      </trkpt>
      <trkpt lat="31.7065" lon="-110.72576">
        <ele>1594.8</ele>
      </trkpt>
      <trkpt lat="31.7064" lon="-110.72581">
        <ele>1593.9</ele>
      </trkpt>
      <trkpt lat="31.70634" lon="-110.72587">
        <ele>1593.1</ele>
      </trkpt>
      <trkpt lat="31.70623" lon="-110.72606">
        <ele>1590.9</ele>
      </trkpt>
      <trkpt lat="31.70617" lon="-110.72613">
        <ele>1589.7</ele>
      </trkpt>
      <trkpt lat="31.70602" lon="-110.72623">
        <ele>1588.6</ele>
      </trkpt>
      <trkpt lat="31.70584" lon="-110.72669">
        <ele>1591.9</ele>
      </trkpt>
      <trkpt lat="31.70579" lon="-110.72671">
        <ele>1590.8</ele>
      </trkpt>
      <trkpt lat="31.70574" lon="-110.7267">
        <ele>1589.6</ele>
      </trkpt>
      <trkpt lat="31.70571" lon="-110.72666">
        <ele>1588.6</ele>
      </trkpt>
      <trkpt lat="31.70567" lon="-110.72658">
        <ele>1587.0</ele>
      </trkpt>
      <trkpt lat="31.70559" lon="-110.72628">
        <ele>1584.7</ele>
      </trkpt>
      <trkpt lat="31.70554" lon="-110.72618">
        <ele>1585.9</ele>
      </trkpt>
      <trkpt lat="31.7055" lon="-110.72615">
        <ele>1587.5</ele>
      </trkpt>
      <trkpt lat="31.70546" lon="-110.72613">
        <ele>1589.0</ele>
      </trkpt>
      <trkpt lat="31.70531" lon="-110.72621">
        <ele>1594.2</ele>
      </trkpt>
      <trkpt lat="31.70524" lon="-110.72624">
        <ele>1596.2</ele>
      </trkpt>
      <trkpt lat="31.70511" lon="-110.72626">
        <ele>1599.4</ele>
      </trkpt>
      <trkpt lat="31.70492" lon="-110.72625">
        <ele>1602.0</ele>
      </trkpt>
      <trkpt lat="31.70487" lon="-110.72621">
        <ele>1602.3</ele>
      </trkpt>
      <trkpt lat="31.70456" lon="-110.72586">
        <ele>1603.7</ele>
      </trkpt>
      <trkpt lat="31.7045" lon="-110.72582">
        <ele>1603.9</ele>
      </trkpt>
      <trkpt lat="31.70443" lon="-110.72581">
        <ele>1604.2</ele>
      </trkpt>
      <trkpt lat="31.70432" lon="-110.72583">
        <ele>1604.5</ele>
      </trkpt>
      <trkpt lat="31.70418" lon="-110.72589">
        <ele>1604.9</ele>
      </trkpt>
      <trkpt lat="31.70407" lon="-110.72597">
        <ele>1605.3</ele>
      </trkpt>
      <trkpt lat="31.70364" lon="-110.72639">
        <ele>1606.2</ele>
      </trkpt>
      <trkpt lat="31.70343" lon="-110.72667">
        <ele>1606.7</ele>
      </trkpt>
      <trkpt lat="31.70332" lon="-110.72676">
        <ele>1606.9</ele>
      </trkpt>
      <trkpt lat="31.70299" lon="-110.72697">
        <ele>1606.7</ele>
      </trkpt>
      <trkpt lat="31.70293" lon="-110.72707">
        <ele>1606.7</ele>
      </trkpt>
      <trkpt lat="31.70292" lon="-110.72719">
        <ele>1606.8</ele>
      </trkpt>
      <trkpt lat="31.70294" lon="-110.72761">
        <ele>1607.6</ele>
      </trkpt>
      <trkpt lat="31.70301" lon="-110.72809">
        <ele>1608.9</ele>
      </trkpt>
      <trkpt lat="31.70307" lon="-110.7283">
        <ele>1609.5</ele>
      </trkpt>
      <trkpt lat="31.70318" lon="-110.72856">
        <ele>1610.4</ele>
      </trkpt>
      <trkpt lat="31.70335" lon="-110.72889">
        <ele>1611.1</ele>
      </trkpt>
      <trkpt lat="31.70373" lon="-110.72956">
        <ele>1612.1</ele>
      </trkpt>
      <trkpt lat="31.70382" lon="-110.72977">
        <ele>1612.4</ele>
      </trkpt>
      <trkpt lat="31.70414" lon="-110.7307">
        <ele>1613.1</ele>
      </trkpt>
      <trkpt lat="31.70443" lon="-110.73142">
        <ele>1613.7</ele>
      </trkpt>
      <trkpt lat="31.70451" lon="-110.73174">
        <ele>1613.9</ele>
      </trkpt>
      <trkpt lat="31.7046" lon="-110.73241">
        <ele>1613.9</ele>
      </trkpt>
      <trkpt lat="31.70463" lon="-110.73253">
        <ele>1613.9</ele>
      </trkpt>
      <trkpt lat="31.70479" lon="-110.73285">
        <ele>1614.0</ele>
      </trkpt>
      <trkpt lat="31.70485" lon="-110.73328">
        <ele>1614.0</ele>
      </trkpt>
      <trkpt lat="31.705" lon="-110.73375">
        <ele>1614.6</ele>
      </trkpt>
      <trkpt lat="31.70509" lon="-110.73394">
        <ele>1615.0</ele>
      </trkpt>
      <trkpt lat="31.70524" lon="-110.73416">
        <ele>1615.5</ele>
      </trkpt>
      <trkpt lat="31.70529" lon="-110.73445">
        <ele>1616.1</ele>
      </trkpt>
      <trkpt lat="31.70546" lon="-110.73473">
        <ele>1617.2</ele>
      </trkpt>
      <trkpt lat="31.70546" lon="-110.73479">
        <ele>1617.3</ele>
      </trkpt>
      <trkpt lat="31.70543" lon="-110.73492">
        <ele>1617.6</ele>
      </trkpt>
      <trkpt lat="31.70544" lon="-110.73497">
        <ele>1617.8</ele>
      </trkpt>
      <trkpt lat="31.70547" lon="-110.73502">
        <ele>1618.0</ele>
      </trkpt>
      <trkpt lat="31.70551" lon="-110.73505">
        <ele>1618.2</ele>
      </trkpt>
      <trkpt lat="31.70562" lon="-110.73509">
        <ele>1618.4</ele>
      </trkpt>
      <trkpt lat="31.70568" lon="-110.73516">
        <ele>1618.6</ele>
      </trkpt>
      <trkpt lat="31.70573" lon="-110.73525">
        <ele>1619.0</ele>
      </trkpt>
      <trkpt lat="31.70582" lon="-110.73548">
        <ele>1619.8</ele>
      </trkpt>
      <trkpt lat="31.7059" lon="-110.73585">
        <ele>1620.4</ele>
      </trkpt>
      <trkpt lat="31.70599" lon="-110.73622">
        <ele>1620.6</ele>
      </trkpt>
      <trkpt lat="31.70605" lon="-110.73636">
        <ele>1620.7</ele>
      </trkpt>
      <trkpt lat="31.70624" lon="-110.73674">
        <ele>1621.1</ele>
      </trkpt>
      <trkpt lat="31.70637" lon="-110.7371">
        <ele>1621.2</ele>
      </trkpt>
      <trkpt lat="31.7066" lon="-110.73748">
        <ele>1621.0</ele>
      </trkpt>
      <trkpt lat="31.70668" lon="-110.73779">
        <ele>1621.2</ele>
      </trkpt>
      <trkpt lat="31.70682" lon="-110.73804">
        <ele>1621.6</ele>
      </trkpt>
      <trkpt lat="31.70688" lon="-110.73825">
        <ele>1622.2</ele>
      </trkpt>
      <trkpt lat="31.70693" lon="-110.73883">
        <ele>1624.2</ele>
      </trkpt>
      <trkpt lat="31.70714" lon="-110.73965">
        <ele>1626.1</ele>
      </trkpt>
      <trkpt lat="31.70718" lon="-110.73971">
        <ele>1626.3</ele>
      </trkpt>
      <trkpt lat="31.70736" lon="-110.7398">
        <ele>1626.3</ele>
      </trkpt>
      <trkpt lat="31.7074" lon="-110.73986">
        <ele>1626.3</ele>
      </trkpt>
      <trkpt lat="31.7081" lon="-110.74112">
        <ele>1629.5</ele>
      </trkpt>
      <trkpt lat="31.7083" lon="-110.74144">
        <ele>1630.5</ele>
      </trkpt>
      <trkpt lat="31.7087" lon="-110.74201">
        <ele>1632.4</ele>
      </trkpt>
      <trkpt lat="31.70925" lon="-110.74264">
        <ele>1633.0</ele>
      </trkpt>
      <trkpt lat="31.70967" lon="-110.74308">
        <ele>1632.4</ele>
      </trkpt>
      <trkpt lat="31.70986" lon="-110.74328">
        <ele>1632.7</ele>
      </trkpt>
      <trkpt lat="31.71005" lon="-110.74341">
        <ele>1633.4</ele>
      </trkpt>
      <trkpt lat="31.71018" lon="-110.74354">
        <ele>1634.4</ele>
      </trkpt>
      <trkpt lat="31.7108" lon="-110.74476">
        <ele>1639.1</ele>
      </trkpt>
      <trkpt lat="31.71089" lon="-110.74499">
        <ele>1639.7</ele>
      </trkpt>
      <trkpt lat="31.71093" lon="-110.74519">
        <ele>1640.3</ele>
      </trkpt>
      <trkpt lat="31.71092" lon="-110.74536">
        <ele>1640.8</ele>
      </trkpt>
      <trkpt lat="31.71083" lon="-110.74583">
        <ele>1641.8</ele>
      </trkpt>
      <trkpt lat="31.71082" lon="-110.74607">
        <ele>1642.5</ele>
      </trkpt>
      <trkpt lat="31.71073" lon="-110.74632">
        <ele>1643.4</ele>
      </trkpt>
      <trkpt lat="31.71064" lon="-110.74666">
        <ele>1644.3</ele>
      </trkpt>
      <trkpt lat="31.71055" lon="-110.74717">
        <ele>1644.3</ele>
      </trkpt>
      <trkpt lat="31.71043" lon="-110.74801">
        <ele>1645.1</ele>
      </trkpt>
      <trkpt lat="31.71038" lon="-110.74812">
        <ele>1646.2</ele>
      </trkpt>
      <trkpt lat="31.7102" lon="-110.74825">
        <ele>1648.1</ele>
      </trkpt>
      <trkpt lat="31.71007" lon="-110.74841">
        <ele>1648.6</ele>
      </trkpt>
      <trkpt lat="31.70991" lon="-110.74854">
        <ele>1649.0</ele>
      </trkpt>
      <trkpt lat="31.70968" lon="-110.74889">
        <ele>1648.8</ele>
      </trkpt>
      <trkpt lat="31.70959" lon="-110.74906">
        <ele>1649.2</ele>
      </trkpt>
      <trkpt lat="31.70956" lon="-110.74915">
        <ele>1649.4</ele>
      </trkpt>
      <trkpt lat="31.70952" lon="-110.74941">
        <ele>1650.4</ele>
      </trkpt>
      <trkpt lat="31.70935" lon="-110.74985">
        <ele>1651.0</ele>
      </trkpt>
      <trkpt lat="31.70932" lon="-110.75022">
        <ele>1652.0</ele>
      </trkpt>
      <trkpt lat="31.7093" lon="-110.75106">
        <ele>1653.3</ele>
      </trkpt>
      <trkpt lat="31.70934" lon="-110.7524">
        <ele>1652.7</ele>
      </trkpt>
      <trkpt lat="31.7093" lon="-110.75266">
        <ele>1652.6</ele>
      </trkpt>
      <trkpt lat="31.70912" lon="-110.75315">
        <ele>1650.0</ele>
      </trkpt>
      <trkpt lat="31.70909" lon="-110.75341">
        <ele>1650.2</ele>
      </trkpt>
      <trkpt lat="31.70907" lon="-110.75371">
        <ele>1650.1</ele>
      </trkpt>
      <trkpt lat="31.70905" lon="-110.75387">
        <ele>1649.7</ele>
      </trkpt>
      <trkpt lat="31.70899" lon="-110.75411">
        <ele>1649.7</ele>
      </trkpt>
      <trkpt lat="31.70892" lon="-110.75432">
        <ele>1648.9</ele>
      </trkpt>
      <trkpt lat="31.70885" lon="-110.7547">
        <ele>1648.4</ele>
      </trkpt>
      <trkpt lat="31.70886" lon="-110.75479">
        <ele>1648.7</ele>
      </trkpt>
      <trkpt lat="31.70896" lon="-110.75521">
        <ele>1652.0</ele>
      </trkpt>
      <trkpt lat="31.70897" lon="-110.75532">
        <ele>1652.5</ele>
      </trkpt>
      <trkpt lat="31.70896" lon="-110.75542">
        <ele>1652.6</ele>
      </trkpt>
      <trkpt lat="31.70892" lon="-110.75548">
        <ele>1652.3</ele>
      </trkpt>
      <trkpt lat="31.70886" lon="-110.75553">
        <ele>1652.0</ele>
      </trkpt>
      <trkpt lat="31.70876" lon="-110.75555">
        <ele>1651.5</ele>
      </trkpt>
      <trkpt lat="31.70868" lon="-110.75555">
        <ele>1651.2</ele>
      </trkpt>
      <trkpt lat="31.70845" lon="-110.75542">
        <ele>1649.7</ele>
      </trkpt>
      <trkpt lat="31.70824" lon="-110.75535">
        <ele>1648.8</ele>
      </trkpt>
      <trkpt lat="31.70819" lon="-110.75536">
        <ele>1648.7</ele>
      </trkpt>
      <trkpt lat="31.70812" lon="-110.75545">
        <ele>1648.8</ele>
      </trkpt>
      <trkpt lat="31.70807" lon="-110.75547">
        <ele>1648.6</ele>
      </trkpt>
      <trkpt lat="31.70801" lon="-110.75546">
        <ele>1648.8</ele>
      </trkpt>
      <trkpt lat="31.70782" lon="-110.75531">
        <ele>1649.9</ele>
      </trkpt>
      <trkpt lat="31.7078" lon="-110.75526">
        <ele>1650.2</ele>
      </trkpt>
      <trkpt lat="31.70782" lon="-110.75516">
        <ele>1650.1</ele>
      </trkpt>
      <trkpt lat="31.70781" lon="-110.75505">
        <ele>1649.9</ele>
      </trkpt>
      <trkpt lat="31.70778" lon="-110.75497">
        <ele>1650.2</ele>
      </trkpt>
      <trkpt lat="31.70775" lon="-110.75493">
        <ele>1650.5</ele>
      </trkpt>
      <trkpt lat="31.7076" lon="-110.75488">
        <ele>1652.4</ele>
      </trkpt>
      <trkpt lat="31.70746" lon="-110.75488">
        <ele>1654.1</ele>
      </trkpt>
      <trkpt lat="31.7073" lon="-110.75475">
        <ele>1656.0</ele>
      </trkpt>
      <trkpt lat="31.70695" lon="-110.75468">
        <ele>1658.3</ele>
      </trkpt>
      <trkpt lat="31.70688" lon="-110.75465">
        <ele>1659.1</ele>
      </trkpt>
      <trkpt lat="31.70669" lon="-110.75452">
        <ele>1660.8</ele>
      </trkpt>
      <trkpt lat="31.70663" lon="-110.75449">
        <ele>1660.8</ele>
      </trkpt>
      <trkpt lat="31.7065" lon="-110.75447">
        <ele>1659.8</ele>
      </trkpt>
      <trkpt lat="31.70644" lon="-110.7545">
        <ele>1658.4</ele>
      </trkpt>
      <trkpt lat="31.70639" lon="-110.75456">
        <ele>1656.5</ele>
      </trkpt>
      <trkpt lat="31.70636" lon="-110.75462">
        <ele>1654.6</ele>
      </trkpt>
      <trkpt lat="31.70636" lon="-110.75469">
        <ele>1653.1</ele>
      </trkpt>
      <trkpt lat="31.70642" lon="-110.75487">
        <ele>1650.3</ele>
      </trkpt>
      <trkpt lat="31.70691" lon="-110.75561">
        <ele>1642.8</ele>
      </trkpt>
      <trkpt lat="31.707" lon="-110.75583">
        <ele>1639.6</ele>
      </trkpt>
      <trkpt lat="31.707" lon="-110.7559">
        <ele>1638.6</ele>
      </trkpt>
      <trkpt lat="31.70698" lon="-110.75597">
        <ele>1637.7</ele>
      </trkpt>
      <trkpt lat="31.70688" lon="-110.75617">
        <ele>1635.7</ele>
      </trkpt>
      <trkpt lat="31.70681" lon="-110.75622">
        <ele>1635.7</ele>
      </trkpt>
      <trkpt lat="31.70658" lon="-110.75634">
        <ele>1639.9</ele>
      </trkpt>
      <trkpt lat="31.70644" lon="-110.75638">
        <ele>1642.6</ele>
      </trkpt>
      <trkpt lat="31.70616" lon="-110.75644">
        <ele>1643.9</ele>
      </trkpt>
      <trkpt lat="31.70612" lon="-110.75646">
        <ele>1644.0</ele>
      </trkpt>
      <trkpt lat="31.7061" lon="-110.7565">
        <ele>1644.4</ele>
      </trkpt>
      <trkpt lat="31.70611" lon="-110.75655">
        <ele>1645.3</ele>
      </trkpt>
      <trkpt lat="31.70635" lon="-110.75689">
        <ele>1651.1</ele>
      </trkpt>
      <trkpt lat="31.70642" lon="-110.7571">
        <ele>1654.7</ele>
      </trkpt>
      <trkpt lat="31.70654" lon="-110.75726">
        <ele>1658.3</ele>
      </trkpt>
      <trkpt lat="31.70659" lon="-110.75736">
        <ele>1659.9</ele>
      </trkpt>
      <trkpt lat="31.70662" lon="-110.75747">
        <ele>1660.9</ele>
      </trkpt>
      <trkpt lat="31.70664" lon="-110.75754">
        <ele>1661.4</ele>
      </trkpt>
      <trkpt lat="31.70663" lon="-110.75761">
        <ele>1662.1</ele>
      </trkpt>
      <trkpt lat="31.70655" lon="-110.75775">
        <ele>1663.4</ele>
      </trkpt>
      <trkpt lat="31.70651" lon="-110.75788">
        <ele>1664.3</ele>
      </trkpt>
      <trkpt lat="31.70651" lon="-110.75802">
        <ele>1665.5</ele>
      </trkpt>
      <trkpt lat="31.70662" lon="-110.75834">
        <ele>1668.7</ele>
      </trkpt>
      <trkpt lat="31.70661" lon="-110.75841">
        <ele>1669.4</ele>
      </trkpt>
      <trkpt lat="31.7066" lon="-110.75848">
        <ele>1670.1</ele>
      </trkpt>
      <trkpt lat="31.70658" lon="-110.75872">
        <ele>1672.7</ele>
      </trkpt>
      <trkpt lat="31.70655" lon="-110.7588">
        <ele>1673.6</ele>
      </trkpt>
      <trkpt lat="31.7065" lon="-110.75887">
        <ele>1674.3</ele>
      </trkpt>
      <trkpt lat="31.7063" lon="-110.75904">
        <ele>1674.9</ele>
      </trkpt>
      <trkpt lat="31.70625" lon="-110.75911">
        <ele>1675.3</ele>
      </trkpt>
      <trkpt lat="31.70611" lon="-110.75962">
        <ele>1678.5</ele>
      </trkpt>
      <trkpt lat="31.70608" lon="-110.75985">
        <ele>1679.3</ele>
      </trkpt>
      <trkpt lat="31.70599" lon="-110.75999">
        <ele>1679.1</ele>
      </trkpt>
      <trkpt lat="31.70595" lon="-110.76002">
        <ele>1678.9</ele>
      </trkpt>
      <trkpt lat="31.70588" lon="-110.76017">
        <ele>1677.6</ele>
      </trkpt>
      <trkpt lat="31.70588" lon="-110.76027">
        <ele>1676.7</ele>
      </trkpt>
      <trkpt lat="31.70593" lon="-110.7604">
        <ele>1675.8</ele>
      </trkpt>
      <trkpt lat="31.7063" lon="-110.76101">
        <ele>1674.2</ele>
      </trkpt>
      <trkpt lat="31.70664" lon="-110.76143">
        <ele>1672.7</ele>
      </trkpt>
      <trkpt lat="31.70682" lon="-110.76161">
        <ele>1672.8</ele>
      </trkpt>
      <trkpt lat="31.70687" lon="-110.76173">
        <ele>1672.6</ele>
      </trkpt>
      <trkpt lat="31.70691" lon="-110.76191">
        <ele>1670.9</ele>
      </trkpt>
      <trkpt lat="31.70696" lon="-110.76201">
        <ele>1670.0</ele>
      </trkpt>
      <trkpt lat="31.70714" lon="-110.76217">
        <ele>1667.9</ele>
      </trkpt>
      <trkpt lat="31.70739" lon="-110.76243">
        <ele>1666.3</ele>
      </trkpt>
      <trkpt lat="31.70748" lon="-110.7625">
        <ele>1666.2</ele>
      </trkpt>
      <trkpt lat="31.70778" lon="-110.7626">
        <ele>1668.8</ele>
      </trkpt>
      <trkpt lat="31.70787" lon="-110.76265">
        <ele>1669.8</ele>
      </trkpt>
      <trkpt lat="31.70795" lon="-110.76274">
        <ele>1670.1</ele>
      </trkpt>
      <trkpt lat="31.70796" lon="-110.76279">
        <ele>1669.6</ele>
      </trkpt>
      <trkpt lat="31.70795" lon="-110.76284">
        <ele>1668.7</ele>
      </trkpt>
      <trkpt lat="31.70793" lon="-110.76287">
        <ele>1667.9</ele>
      </trkpt>
      <trkpt lat="31.70787" lon="-110.7629">
        <ele>1666.3</ele>
      </trkpt>
      <trkpt lat="31.70753" lon="-110.76297">
        <ele>1661.6</ele>
      </trkpt>
      <trkpt lat="31.70727" lon="-110.76305">
        <ele>1658.4</ele>
      </trkpt>
      <trkpt lat="31.70718" lon="-110.76307">
        <ele>1657.0</ele>
      </trkpt>
      <trkpt lat="31.70703" lon="-110.76306">
        <ele>1655.4</ele>
      </trkpt>
      <trkpt lat="31.70681" lon="-110.76313">
        <ele>1650.4</ele>
      </trkpt>
      <trkpt lat="31.70671" lon="-110.76313">
        <ele>1648.9</ele>
      </trkpt>
      <trkpt lat="31.70656" lon="-110.76309">
        <ele>1647.0</ele>
      </trkpt>
      <trkpt lat="31.70652" lon="-110.76309">
        <ele>1646.2</ele>
      </trkpt>
      <trkpt lat="31.70649" lon="-110.76313">
        <ele>1645.1</ele>
      </trkpt>
      <trkpt lat="31.70648" lon="-110.76321">
        <ele>1643.8</ele>
      </trkpt>
      <trkpt lat="31.70648" lon="-110.7635">
        <ele>1638.9</ele>
      </trkpt>
      <trkpt lat="31.70656" lon="-110.76369">
        <ele>1637.0</ele>
      </trkpt>
      <trkpt lat="31.70667" lon="-110.76384">
        <ele>1635.7</ele>
      </trkpt>
      <trkpt lat="31.70677" lon="-110.76404">
        <ele>1633.2</ele>
      </trkpt>
      <trkpt lat="31.7068" lon="-110.76415">
        <ele>1631.6</ele>
      </trkpt>
      <trkpt lat="31.7068" lon="-110.76425">
        <ele>1630.1</ele>
      </trkpt>
      <trkpt lat="31.70678" lon="-110.76434">
        <ele>1629.2</ele>
      </trkpt>
      <trkpt lat="31.70662" lon="-110.76456">
        <ele>1626.4</ele>
      </trkpt>
      <trkpt lat="31.70659" lon="-110.76463">
        <ele>1625.6</ele>
      </trkpt>
      <trkpt lat="31.70659" lon="-110.76469">
        <ele>1625.6</ele>
      </trkpt>
      <trkpt lat="31.70662" lon="-110.76478">
        <ele>1625.8</ele>
      </trkpt>
      <trkpt lat="31.70665" lon="-110.76485">
        <ele>1625.9</ele>
      </trkpt>
      <trkpt lat="31.7067" lon="-110.7649">
        <ele>1625.8</ele>
      </trkpt>
      <trkpt lat="31.70689" lon="-110.76494">
        <ele>1624.5</ele>
      </trkpt>
      <trkpt lat="31.707" lon="-110.76505">
        <ele>1624.2</ele>
      </trkpt>
      <trkpt lat="31.70707" lon="-110.76509">
        <ele>1623.9</ele>
      </trkpt>
      <trkpt lat="31.70732" lon="-110.76513">
        <ele>1622.6</ele>
      </trkpt>
      <trkpt lat="31.7077" lon="-110.76524">
        <ele>1623.1</ele>
      </trkpt>
      <trkpt lat="31.70776" lon="-110.76528">
        <ele>1623.5</ele>
      </trkpt>
      <trkpt lat="31.70783" lon="-110.76542">
        <ele>1623.9</ele>
      </trkpt>
      <trkpt lat="31.70786" lon="-110.76568">
        <ele>1624.7</ele>
      </trkpt>
      <trkpt lat="31.70788" lon="-110.76571">
        <ele>1625.0</ele>
      </trkpt>
      <trkpt lat="31.70797" lon="-110.76573">
        <ele>1625.9</ele>
      </trkpt>
      <trkpt lat="31.70826" lon="-110.76563">
        <ele>1626.4</ele>
      </trkpt>
      <trkpt lat="31.7085" lon="-110.76557">
        <ele>1626.4</ele>
      </trkpt>
      <trkpt lat="31.70875" lon="-110.76552">
        <ele>1626.3</ele>
      </trkpt>
      <trkpt lat="31.70904" lon="-110.76549">
        <ele>1626.1</ele>
      </trkpt>
      <trkpt lat="31.70928" lon="-110.76538">
        <ele>1624.7</ele>
      </trkpt>
      <trkpt lat="31.70937" lon="-110.76536">
        <ele>1624.0</ele>
      </trkpt>
      <trkpt lat="31.70948" lon="-110.76535">
        <ele>1623.1</ele>
      </trkpt>
      <trkpt lat="31.70957" lon="-110.76537">
        <ele>1622.3</ele>
      </trkpt>
      <trkpt lat="31.70978" lon="-110.76548">
        <ele>1621.2</ele>
      </trkpt>
      <trkpt lat="31.70996" lon="-110.76559">
        <ele>1620.4</ele>
      </trkpt>
      <trkpt lat="31.71016" lon="-110.76568">
        <ele>1618.9</ele>
      </trkpt>
      <trkpt lat="31.71073" lon="-110.76589">
        <ele>1614.1</ele>
      </trkpt>
      <trkpt lat="31.71079" lon="-110.76587">
        <ele>1613.6</ele>
      </trkpt>
      <trkpt lat="31.71081" lon="-110.76584">
        <ele>1613.4</ele>
      </trkpt>
      <trkpt lat="31.71081" lon="-110.7658">
        <ele>1613.2</ele>
      </trkpt>
      <trkpt lat="31.71067" lon="-110.76561">
        <ele>1613.0</ele>
      </trkpt>
      <trkpt lat="31.71061" lon="-110.76547">
        <ele>1612.5</ele>
      </trkpt>
      <trkpt lat="31.71069" lon="-110.76513">
        <ele>1611.3</ele>
      </trkpt>
      <trkpt lat="31.71073" lon="-110.76507">
        <ele>1611.9</ele>
      </trkpt>
      <trkpt lat="31.71092" lon="-110.76492">
        <ele>1614.5</ele>
      </trkpt>
      <trkpt lat="31.71099" lon="-110.76489">
        <ele>1615.6</ele>
      </trkpt>
      <trkpt lat="31.71114" lon="-110.76491">
        <ele>1618.4</ele>
      </trkpt>
      <trkpt lat="31.71118" lon="-110.7645">
        <ele>1618.0</ele>
      </trkpt>
      <trkpt lat="31.71116" lon="-110.76416">
        <ele>1616.3</ele>
      </trkpt>
      <trkpt lat="31.71119" lon="-110.76394">
        <ele>1616.7</ele>
      </trkpt>
      <trkpt lat="31.71118" lon="-110.76374">
        <ele>1615.9</ele>
      </trkpt>
      <trkpt lat="31.71118" lon="-110.7633">
        <ele>1615.8</ele>
      </trkpt>
      <trkpt lat="31.71123" lon="-110.76287">
        <ele>1616.6</ele>
      </trkpt>
      <trkpt lat="31.71119" lon="-110.7619">
        <ele>1615.0</ele>
      </trkpt>
      <trkpt lat="31.71124" lon="-110.76153">
        <ele>1615.4</ele>
      </trkpt>
      <trkpt lat="31.71131" lon="-110.76131">
        <ele>1615.6</ele>
      </trkpt>
      <trkpt lat="31.7114" lon="-110.76113">
        <ele>1615.9</ele>
      </trkpt>
      <trkpt lat="31.71163" lon="-110.76082">
        <ele>1617.1</ele>
      </trkpt>
      <trkpt lat="31.7118" lon="-110.76052">
        <ele>1616.7</ele>
      </trkpt>
      <trkpt lat="31.71197" lon="-110.76027">
        <ele>1615.6</ele>
      </trkpt>
      <trkpt lat="31.71203" lon="-110.76025">
        <ele>1616.1</ele>
      </trkpt>
      <trkpt lat="31.71208" lon="-110.76025">
        <ele>1616.6</ele>
      </trkpt>
      <trkpt lat="31.71237" lon="-110.76053">
        <ele>1620.8</ele>
      </trkpt>
      <trkpt lat="31.71255" lon="-110.76075">
        <ele>1621.1</ele>
      </trkpt>
      <trkpt lat="31.71277" lon="-110.76095">
        <ele>1620.5</ele>
      </trkpt>
      <trkpt lat="31.71298" lon="-110.76122">
        <ele>1620.2</ele>
      </trkpt>
      <trkpt lat="31.71315" lon="-110.76141">
        <ele>1619.8</ele>
      </trkpt>
      <trkpt lat="31.71356" lon="-110.76163">
        <ele>1617.0</ele>
      </trkpt>
      <trkpt lat="31.71363" lon="-110.76169">
        <ele>1616.6</ele>
      </trkpt>
      <trkpt lat="31.71378" lon="-110.76188">
        <ele>1616.1</ele>
      </trkpt>
      <trkpt lat="31.71403" lon="-110.76204">
        <ele>1614.8</ele>
      </trkpt>
      <trkpt lat="31.71416" lon="-110.76218">
        <ele>1614.5</ele>
      </trkpt>
      <trkpt lat="31.71432" lon="-110.76256">
        <ele>1615.2</ele>
      </trkpt>
      <trkpt lat="31.71438" lon="-110.76279">
        <ele>1615.8</ele>
      </trkpt>
      <trkpt lat="31.71439" lon="-110.76315">
        <ele>1617.2</ele>
      </trkpt>
      <trkpt lat="31.71444" lon="-110.76351">
        <ele>1617.8</ele>
      </trkpt>
      <trkpt lat="31.71449" lon="-110.76375">
        <ele>1618.0</ele>
      </trkpt>
      <trkpt lat="31.71463" lon="-110.76404">
        <ele>1617.4</ele>
      </trkpt>
      <trkpt lat="31.71466" lon="-110.76447">
        <ele>1617.6</ele>
      </trkpt>
      <trkpt lat="31.71469" lon="-110.7646">
        <ele>1617.5</ele>
      </trkpt>
      <trkpt lat="31.71475" lon="-110.76469">
        <ele>1616.9</ele>
      </trkpt>
      <trkpt lat="31.71483" lon="-110.76476">
        <ele>1616.1</ele>
      </trkpt>
      <trkpt lat="31.71494" lon="-110.76444">
        <ele>1615.1</ele>
      </trkpt>
      <trkpt lat="31.71494" lon="-110.76443">
        <ele>1615.1</ele>
      </trkpt>
      <trkpt lat="31.71494" lon="-110.76443">
        <ele>1615.1</ele>
      </trkpt>
      <trkpt lat="31.715611" lon="-110.76568">
        <ele>1605.8</ele>
      </trkpt>
      <trkpt lat="31.715611" lon="-110.76568">
        <ele>1605.8</ele>
      </trkpt>
      <trkpt lat="31.715949" lon="-110.766867">
        <ele>1615.2</ele>
      </trkpt>
      <trkpt lat="31.716075" lon="-110.767064">
        <ele>1619.4</ele>
      </trkpt>
      <trkpt lat="31.716268" lon="-110.767153">
        <ele>1623.9</ele>
      </trkpt>
      <trkpt lat="31.716305" lon="-110.766999">
        <ele>1622.2</ele>
      </trkpt>
      <trkpt lat="31.716186" lon="-110.766738">
        <ele>1618.8</ele>
      </trkpt>
      <trkpt lat="31.716441" lon="-110.766456">
        <ele>1619.8</ele>
      </trkpt>
      <trkpt lat="31.716706" lon="-110.766463">
        <ele>1621.2</ele>
      </trkpt>
      <trkpt lat="31.716989" lon="-110.766738">
        <ele>1623.4</ele>
      </trkpt>
      <trkpt lat="31.71708" lon="-110.767024">
        <ele>1624.5</ele>
      </trkpt>
      <trkpt lat="31.717555" lon="-110.767343">
        <ele>1627.2</ele>
      </trkpt>
      <trkpt lat="31.717646" lon="-110.767757">
        <ele>1631.7</ele>
      </trkpt>
      <trkpt lat="31.718057" lon="-110.768183">
        <ele>1634.7</ele>
      </trkpt>
      <trkpt lat="31.718267" lon="-110.768147">
        <ele>1633.7</ele>
      </trkpt>
      <trkpt lat="31.718486" lon="-110.768444">
        <ele>1637.7</ele>
      </trkpt>
      <trkpt lat="31.718741" lon="-110.768655">
        <ele>1639.9</ele>
      </trkpt>
      <trkpt lat="31.719188" lon="-110.769091">
        <ele>1642.8</ele>
      </trkpt>
      <trkpt lat="31.719654" lon="-110.769581">
        <ele>1644.9</ele>
      </trkpt>
      <trkpt lat="31.719758" lon="-110.769724">
        <ele>1645.2</ele>
      </trkpt>
      <trkpt lat="31.719946" lon="-110.769685">
        <ele>1643.3</ele>
      </trkpt>
      <trkpt lat="31.720311" lon="-110.769864">
        <ele>1640.4</ele>
      </trkpt>
      <trkpt lat="31.720694" lon="-110.77015">
        <ele>1637.8</ele>
      </trkpt>
      <trkpt lat="31.721114" lon="-110.770543">
        <ele>1634.9</ele>
      </trkpt>
      <trkpt lat="31.721351" lon="-110.770733">
        <ele>1634.9</ele>
      </trkpt>
      <trkpt lat="31.721634" lon="-110.770762">
        <ele>1634.6</ele>
      </trkpt>
      <trkpt lat="31.721634" lon="-110.770762">
        <ele>1634.6</ele>
      </trkpt>
      <trkpt lat="31.7222" lon="-110.769395">
        <ele>1627.5</ele>
      </trkpt>
      <trkpt lat="31.7222" lon="-110.769395">
        <ele>1627.5</ele>
      </trkpt>
      <trkpt lat="31.72293" lon="-110.767628">
        <ele>1623.1</ele>
      </trkpt>
      <trkpt lat="31.723076" lon="-110.767041">
        <ele>1615.2</ele>
      </trkpt>
      <trkpt lat="31.723003" lon="-110.766562">
        <ele>1613.3</ele>
      </trkpt>
      <trkpt lat="31.723003" lon="-110.766562">
        <ele>1613.3</ele>
      </trkpt>
      <trkpt lat="31.723752" lon="-110.765829">
        <ele>1622.3</ele>
      </trkpt>
      <trkpt lat="31.7245" lon="-110.765096">
        <ele>1627.4</ele>
      </trkpt>
      <trkpt lat="31.724847" lon="-110.764681">
        <ele>1629.6</ele>
      </trkpt>
      <trkpt lat="31.724847" lon="-110.764681">
        <ele>1629.6</ele>
      </trkpt>
      <trkpt lat="31.725285" lon="-110.762786">
        <ele>1621.2</ele>
      </trkpt>
      <trkpt lat="31.725084" lon="-110.761942">
        <ele>1620.3</ele>
      </trkpt>
      <trkpt lat="31.724591" lon="-110.761205">
        <ele>1620.1</ele>
      </trkpt>
      <trkpt lat="31.72408" lon="-110.760747">
        <ele>1620.2</ele>
      </trkpt>
      <trkpt lat="31.72408" lon="-110.760747">
        <ele>1620.2</ele>
      </trkpt>
      <trkpt lat="31.723624" lon="-110.75971">
        <ele>1621.1</ele>
      </trkpt>
      <trkpt lat="31.723715" lon="-110.759102">
        <ele>1623.7</ele>
      </trkpt>
      <trkpt lat="31.724153" lon="-110.758623">
        <ele>1628.2</ele>
      </trkpt>
      <trkpt lat="31.723916" lon="-110.757843">
        <ele>1631.7</ele>
      </trkpt>
      <trkpt lat="31.72408" lon="-110.757042">
        <ele>1637.3</ele>
      </trkpt>
      <trkpt lat="31.724299" lon="-110.756391">
        <ele>1643.6</ele>
      </trkpt>
      <trkpt lat="31.724263" lon="-110.755676">
        <ele>1650.8</ele>
      </trkpt>
      <trkpt lat="31.724044" lon="-110.755025">
        <ele>1651.2</ele>
      </trkpt>
      <trkpt lat="31.724336" lon="-110.754718">
        <ele>1655.5</ele>
      </trkpt>
      <trkpt lat="31.725102" lon="-110.755011">
        <ele>1661.2</ele>
      </trkpt>
      <trkpt lat="31.725248" lon="-110.75569">
        <ele>1664.9</ele>
      </trkpt>
      <trkpt lat="31.725467" lon="-110.756434">
        <ele>1666.0</ele>
      </trkpt>
      <trkpt lat="31.725467" lon="-110.756434">
        <ele>1666.0</ele>
      </trkpt>
      <trkpt lat="31.725887" lon="-110.757457">
        <ele>1670.3</ele>
      </trkpt>
      <trkpt lat="31.726471" lon="-110.757643">
        <ele>1673.4</ele>
      </trkpt>
      <trkpt lat="31.727292" lon="-110.757271">
        <ele>1670.0</ele>
      </trkpt>
      <trkpt lat="31.727657" lon="-110.757006">
        <ele>1664.0</ele>
      </trkpt>
      <trkpt lat="31.727657" lon="-110.757006">
        <ele>1664.0</ele>
      </trkpt>
      <trkpt lat="31.728552" lon="-110.757772">
        <ele>1648.6</ele>
      </trkpt>
      <trkpt lat="31.728734" lon="-110.758215">
        <ele>1639.8</ele>
      </trkpt>
      <trkpt lat="31.728953" lon="-110.758272">
        <ele>1637.5</ele>
      </trkpt>
      <trkpt lat="31.729154" lon="-110.758544">
        <ele>1632.3</ele>
      </trkpt>
      <trkpt lat="31.72961" lon="-110.758258">
        <ele>1628.2</ele>
      </trkpt>
      <trkpt lat="31.730048" lon="-110.758208">
        <ele>1622.1</ele>
      </trkpt>
      <trkpt lat="31.730431" lon="-110.758544">
        <ele>1621.6</ele>
      </trkpt>
      <trkpt lat="31.730431" lon="-110.758544">
        <ele>1621.6</ele>
      </trkpt>
      <trkpt lat="31.73118" lon="-110.759224">
        <ele>1628.3</ele>
      </trkpt>
      <trkpt lat="31.731563" lon="-110.759238">
        <ele>1629.8</ele>
      </trkpt>
      <trkpt lat="31.732074" lon="-110.758909">
        <ele>1631.8</ele>
      </trkpt>
      <trkpt lat="31.732329" lon="-110.758494">
        <ele>1628.9</ele>
      </trkpt>
      <trkpt lat="31.732658" lon="-110.758423">
        <ele>1633.2</ele>
      </trkpt>
      <trkpt lat="31.732877" lon="-110.757986">
        <ele>1631.4</ele>
      </trkpt>
      <trkpt lat="31.733351" lon="-110.757915">
        <ele>1628.1</ele>
      </trkpt>
      <trkpt lat="31.733808" lon="-110.758315">
        <ele>1628.0</ele>
      </trkpt>
      <trkpt lat="31.733862" lon="-110.75893">
        <ele>1626.3</ele>
      </trkpt>
      <trkpt lat="31.734209" lon="-110.75961">
        <ele>1622.9</ele>
      </trkpt>
      <trkpt lat="31.734173" lon="-110.760118">
        <ele>1623.5</ele>
      </trkpt>
      <trkpt lat="31.73399" lon="-110.760347">
        <ele>1631.1</ele>
      </trkpt>
      <trkpt lat="31.734027" lon="-110.76094">
        <ele>1636.2</ele>
      </trkpt>
      <trkpt lat="31.734027" lon="-110.76094">
        <ele>1636.2</ele>
      </trkpt>
      <trkpt lat="31.733078" lon="-110.76147">
        <ele>1632.7</ele>
      </trkpt>
      <trkpt lat="31.733534" lon="-110.762192">
        <ele>1631.5</ele>
      </trkpt>
      <trkpt lat="31.733826" lon="-110.762635">
        <ele>1630.8</ele>
      </trkpt>
      <trkpt lat="31.734282" lon="-110.76295">
        <ele>1628.6</ele>
      </trkpt>
      <trkpt lat="31.734647" lon="-110.762857">
        <ele>1624.4</ele>
      </trkpt>
      <trkpt lat="31.735359" lon="-110.762571">
        <ele>1613.5</ele>
      </trkpt>
      <trkpt lat="31.735651" lon="-110.76192">
        <ele>1611.9</ele>
      </trkpt>
      <trkpt lat="31.735669" lon="-110.761162">
        <ele>1604.8</ele>
      </trkpt>
      <trkpt lat="31.735669" lon="-110.761162">
        <ele>1604.8</ele>
      </trkpt>
      <trkpt lat="31.736235" lon="-110.759653">
        <ele>1600.1</ele>
      </trkpt>
      <trkpt lat="31.736235" lon="-110.759653">
        <ele>1600.1</ele>
      </trkpt>
      <trkpt lat="31.73702" lon="-110.758101">
        <ele>1587.3</ele>
      </trkpt>
      <trkpt lat="31.73719" lon="-110.757964">
        <ele>1585.3</ele>
      </trkpt>
      <trkpt lat="31.73719" lon="-110.757964">
        <ele>1585.3</ele>
      </trkpt>
      <trkpt lat="31.73717" lon="-110.75781">
        <ele>1584.4</ele>
      </trkpt>
      <trkpt lat="31.73713" lon="-110.75769">
        <ele>1583.7</ele>
      </trkpt>
      <trkpt lat="31.73706" lon="-110.75753">
        <ele>1582.8</ele>
      </trkpt>
      <trkpt lat="31.73701" lon="-110.75746">
        <ele>1582.4</ele>
      </trkpt>
      <trkpt lat="31.73684" lon="-110.75722">
        <ele>1582.9</ele>
      </trkpt>
      <trkpt lat="31.73671" lon="-110.75701">
        <ele>1584.2</ele>
      </trkpt>
      <trkpt lat="31.73669" lon="-110.75676">
        <ele>1585.4</ele>
      </trkpt>
      <trkpt lat="31.73671" lon="-110.75657">
        <ele>1585.7</ele>
      </trkpt>
      <trkpt lat="31.73673" lon="-110.75654">
        <ele>1585.7</ele>
      </trkpt>
      <trkpt lat="31.73686" lon="-110.75637">
        <ele>1584.6</ele>
      </trkpt>
      <trkpt lat="31.73703" lon="-110.75621">
        <ele>1583.7</ele>
      </trkpt>
      <trkpt lat="31.73705" lon="-110.75606">
        <ele>1584.0</ele>
      </trkpt>
      <trkpt lat="31.73705" lon="-110.75601">
        <ele>1584.1</ele>
      </trkpt>
      <trkpt lat="31.73699" lon="-110.75571">
        <ele>1582.8</ele>
      </trkpt>
      <trkpt lat="31.73696" lon="-110.75566">
        <ele>1582.1</ele>
      </trkpt>
      <trkpt lat="31.73689" lon="-110.75554">
        <ele>1580.4</ele>
      </trkpt>
      <trkpt lat="31.73676" lon="-110.75507">
        <ele>1576.1</ele>
      </trkpt>
      <trkpt lat="31.73677" lon="-110.75477">
        <ele>1574.6</ele>
      </trkpt>
      <trkpt lat="31.73674" lon="-110.7546">
        <ele>1574.1</ele>
      </trkpt>
      <trkpt lat="31.73666" lon="-110.75446">
        <ele>1573.4</ele>
      </trkpt>
      <trkpt lat="31.73654" lon="-110.7543">
        <ele>1573.0</ele>
      </trkpt>
      <trkpt lat="31.73646" lon="-110.75413">
        <ele>1572.9</ele>
      </trkpt>
      <trkpt lat="31.73641" lon="-110.75404">
        <ele>1572.9</ele>
      </trkpt>
      <trkpt lat="31.73631" lon="-110.7537">
        <ele>1576.3</ele>
      </trkpt>
      <trkpt lat="31.73611" lon="-110.75335">
        <ele>1579.6</ele>
      </trkpt>
      <trkpt lat="31.73581" lon="-110.75282">
        <ele>1579.2</ele>
      </trkpt>
      <trkpt lat="31.73576" lon="-110.75274">
        <ele>1578.9</ele>
      </trkpt>
      <trkpt lat="31.73558" lon="-110.75247">
        <ele>1576.9</ele>
      </trkpt>
      <trkpt lat="31.73541" lon="-110.75206">
        <ele>1576.8</ele>
      </trkpt>
      <trkpt lat="31.73535" lon="-110.75172">
        <ele>1575.1</ele>
      </trkpt>
      <trkpt lat="31.73537" lon="-110.75144">
        <ele>1573.3</ele>
      </trkpt>
      <trkpt lat="31.73536" lon="-110.75128">
        <ele>1573.5</ele>
      </trkpt>
      <trkpt lat="31.73534" lon="-110.75109">
        <ele>1573.2</ele>
      </trkpt>
      <trkpt lat="31.7353" lon="-110.75077">
        <ele>1571.7</ele>
      </trkpt>
      <trkpt lat="31.7353" lon="-110.75044">
        <ele>1570.7</ele>
      </trkpt>
      <trkpt lat="31.7353" lon="-110.75029">
        <ele>1570.4</ele>
      </trkpt>
      <trkpt lat="31.73525" lon="-110.75017">
        <ele>1569.9</ele>
      </trkpt>
      <trkpt lat="31.7351" lon="-110.74992">
        <ele>1568.9</ele>
      </trkpt>
      <trkpt lat="31.73493" lon="-110.74976">
        <ele>1568.2</ele>
      </trkpt>
      <trkpt lat="31.73471" lon="-110.74955">
        <ele>1567.2</ele>
      </trkpt>
      <trkpt lat="31.73458" lon="-110.74936">
        <ele>1566.8</ele>
      </trkpt>
      <trkpt lat="31.73448" lon="-110.74911">
        <ele>1566.4</ele>
      </trkpt>
      <trkpt lat="31.73447" lon="-110.74908">
        <ele>1566.3</ele>
      </trkpt>
      <trkpt lat="31.73433" lon="-110.74863">
        <ele>1565.6</ele>
      </trkpt>
      <trkpt lat="31.73431" lon="-110.74851">
        <ele>1565.4</ele>
      </trkpt>
      <trkpt lat="31.73428" lon="-110.74836">
        <ele>1565.0</ele>
      </trkpt>
      <trkpt lat="31.73427" lon="-110.74817">
        <ele>1564.3</ele>
      </trkpt>
      <trkpt lat="31.73431" lon="-110.74771">
        <ele>1563.9</ele>
      </trkpt>
      <trkpt lat="31.73435" lon="-110.74748">
        <ele>1564.1</ele>
      </trkpt>
      <trkpt lat="31.73435" lon="-110.74747">
        <ele>1564.1</ele>
      </trkpt>
      <trkpt lat="31.73433" lon="-110.7472">
        <ele>1563.7</ele>
      </trkpt>
      <trkpt lat="31.7343" lon="-110.74698">
        <ele>1563.4</ele>
      </trkpt>
      <trkpt lat="31.73437" lon="-110.74673">
        <ele>1562.2</ele>
      </trkpt>
      <trkpt lat="31.7345" lon="-110.74647">
        <ele>1562.7</ele>
      </trkpt>
      <trkpt lat="31.73454" lon="-110.74639">
        <ele>1563.4</ele>
      </trkpt>
      <trkpt lat="31.73465" lon="-110.74588">
        <ele>1562.5</ele>
      </trkpt>
      <trkpt lat="31.73464" lon="-110.74565">
        <ele>1564.0</ele>
      </trkpt>
      <trkpt lat="31.73464" lon="-110.74523">
        <ele>1562.2</ele>
      </trkpt>
      <trkpt lat="31.73465" lon="-110.74507">
        <ele>1561.7</ele>
      </trkpt>
      <trkpt lat="31.73468" lon="-110.7446">
        <ele>1562.2</ele>
      </trkpt>
      <trkpt lat="31.73469" lon="-110.7445">
        <ele>1562.3</ele>
      </trkpt>
      <trkpt lat="31.73477" lon="-110.74422">
        <ele>1563.0</ele>
      </trkpt>
      <trkpt lat="31.73487" lon="-110.74406">
        <ele>1564.5</ele>
      </trkpt>
      <trkpt lat="31.7349" lon="-110.7438">
        <ele>1564.3</ele>
      </trkpt>
      <trkpt lat="31.73493" lon="-110.74332">
        <ele>1563.3</ele>
      </trkpt>
      <trkpt lat="31.73498" lon="-110.74297">
        <ele>1563.2</ele>
      </trkpt>
      <trkpt lat="31.73503" lon="-110.74255">
        <ele>1561.6</ele>
      </trkpt>
      <trkpt lat="31.73506" lon="-110.74232">
        <ele>1561.0</ele>
      </trkpt>
      <trkpt lat="31.7351" lon="-110.74214">
        <ele>1560.6</ele>
      </trkpt>
      <trkpt lat="31.73513" lon="-110.74195">
        <ele>1560.0</ele>
      </trkpt>
      <trkpt lat="31.7352" lon="-110.74179">
        <ele>1559.5</ele>
      </trkpt>
      <trkpt lat="31.73537" lon="-110.74166">
        <ele>1558.6</ele>
      </trkpt>
      <trkpt lat="31.73564" lon="-110.74156">
        <ele>1555.5</ele>
      </trkpt>
      <trkpt lat="31.73574" lon="-110.74155">
        <ele>1555.3</ele>
      </trkpt>
      <trkpt lat="31.73597" lon="-110.74151">
        <ele>1554.7</ele>
      </trkpt>
      <trkpt lat="31.73605" lon="-110.74151">
        <ele>1554.4</ele>
      </trkpt>
      <trkpt lat="31.73625" lon="-110.74142">
        <ele>1554.7</ele>
      </trkpt>
      <trkpt lat="31.73626" lon="-110.74141">
        <ele>1554.7</ele>
      </trkpt>
      <trkpt lat="31.73646" lon="-110.74122">
        <ele>1556.2</ele>
      </trkpt>
      <trkpt lat="31.73652" lon="-110.74098">
        <ele>1553.7</ele>
      </trkpt>
      <trkpt lat="31.73654" lon="-110.74071">
        <ele>1550.2</ele>
      </trkpt>
      <trkpt lat="31.73666" lon="-110.74046">
        <ele>1551.8</ele>
      </trkpt>
      <trkpt lat="31.73679" lon="-110.74023">
        <ele>1554.1</ele>
      </trkpt>
      <trkpt lat="31.7368" lon="-110.74014">
        <ele>1554.3</ele>
      </trkpt>
      <trkpt lat="31.73683" lon="-110.74001">
        <ele>1554.6</ele>
      </trkpt>
      <trkpt lat="31.73682" lon="-110.73986">
        <ele>1553.8</ele>
      </trkpt>
      <trkpt lat="31.73694" lon="-110.7396">
        <ele>1554.1</ele>
      </trkpt>
      <trkpt lat="31.73699" lon="-110.73949">
        <ele>1554.5</ele>
      </trkpt>
      <trkpt lat="31.73702" lon="-110.73927">
        <ele>1554.7</ele>
      </trkpt>
      <trkpt lat="31.73705" lon="-110.73914">
        <ele>1554.7</ele>
      </trkpt>
      <trkpt lat="31.7371" lon="-110.73896">
        <ele>1554.6</ele>
      </trkpt>
      <trkpt lat="31.73714" lon="-110.73873">
        <ele>1554.3</ele>
      </trkpt>
      <trkpt lat="31.73717" lon="-110.73854">
        <ele>1554.4</ele>
      </trkpt>
      <trkpt lat="31.7371" lon="-110.73821">
        <ele>1553.6</ele>
      </trkpt>
      <trkpt lat="31.73709" lon="-110.73806">
        <ele>1553.4</ele>
      </trkpt>
      <trkpt lat="31.73709" lon="-110.73758">
        <ele>1552.8</ele>
      </trkpt>
      <trkpt lat="31.7371" lon="-110.73727">
        <ele>1552.0</ele>
      </trkpt>
      <trkpt lat="31.7371" lon="-110.73715">
        <ele>1551.3</ele>
      </trkpt>
      <trkpt lat="31.73706" lon="-110.73691">
        <ele>1549.7</ele>
      </trkpt>
      <trkpt lat="31.73701" lon="-110.73668">
        <ele>1548.5</ele>
      </trkpt>
      <trkpt lat="31.73714" lon="-110.73611">
        <ele>1547.5</ele>
      </trkpt>
      <trkpt lat="31.73724" lon="-110.73524">
        <ele>1545.4</ele>
      </trkpt>
      <trkpt lat="31.73735" lon="-110.73468">
        <ele>1543.3</ele>
      </trkpt>
      <trkpt lat="31.73754" lon="-110.7342">
        <ele>1543.9</ele>
      </trkpt>
      <trkpt lat="31.73759" lon="-110.73408">
        <ele>1543.2</ele>
      </trkpt>
      <trkpt lat="31.73781" lon="-110.73373">
        <ele>1543.1</ele>
      </trkpt>
      <trkpt lat="31.73789" lon="-110.73356">
        <ele>1541.2</ele>
      </trkpt>
      <trkpt lat="31.73794" lon="-110.7334">
        <ele>1538.9</ele>
      </trkpt>
      <trkpt lat="31.73798" lon="-110.73316">
        <ele>1534.9</ele>
      </trkpt>
      <trkpt lat="31.73796" lon="-110.73296">
        <ele>1533.8</ele>
      </trkpt>
      <trkpt lat="31.73794" lon="-110.73284">
        <ele>1533.6</ele>
      </trkpt>
      <trkpt lat="31.73794" lon="-110.73273">
        <ele>1533.2</ele>
      </trkpt>
      <trkpt lat="31.73793" lon="-110.73264">
        <ele>1533.3</ele>
      </trkpt>
      <trkpt lat="31.73797" lon="-110.73254">
        <ele>1533.3</ele>
      </trkpt>
      <trkpt lat="31.73804" lon="-110.73249">
        <ele>1533.0</ele>
      </trkpt>
      <trkpt lat="31.73805" lon="-110.73248">
        <ele>1533.0</ele>
      </trkpt>
      <trkpt lat="31.73823" lon="-110.73239">
        <ele>1532.5</ele>
      </trkpt>
      <trkpt lat="31.73833" lon="-110.73232">
        <ele>1532.5</ele>
      </trkpt>
      <trkpt lat="31.73842" lon="-110.7322">
        <ele>1532.8</ele>
      </trkpt>
      <trkpt lat="31.73843" lon="-110.73218">
        <ele>1532.8</ele>
      </trkpt>
      <trkpt lat="31.73847" lon="-110.73209">
        <ele>1532.5</ele>
      </trkpt>
      <trkpt lat="31.73847" lon="-110.73209">
        <ele>1532.5</ele>
      </trkpt>
      <trkpt lat="31.73852" lon="-110.73217">
        <ele>1532.9</ele>
      </trkpt>
      <trkpt lat="31.73853" lon="-110.73228">
        <ele>1533.0</ele>
      </trkpt>
      <trkpt lat="31.73851" lon="-110.73246">
        <ele>1532.5</ele>
      </trkpt>
      <trkpt lat="31.73847" lon="-110.73302">
        <ele>1530.4</ele>
      </trkpt>
      <trkpt lat="31.73849" lon="-110.7333">
        <ele>1530.2</ele>
      </trkpt>
      <trkpt lat="31.73862" lon="-110.73367">
        <ele>1530.8</ele>
      </trkpt>
      <trkpt lat="31.73869" lon="-110.73405">
        <ele>1531.6</ele>
      </trkpt>
      <trkpt lat="31.738716" lon="-110.734174">
        <ele>1531.8</ele>
      </trkpt>
      <trkpt lat="31.738782" lon="-110.734336">
        <ele>1532.0</ele>
      </trkpt>
      <trkpt lat="31.738825" lon="-110.734373">
        <ele>1532.1</ele>
      </trkpt>
      <trkpt lat="31.738851" lon="-110.734398">
        <ele>1532.1</ele>
      </trkpt>
      <trkpt lat="31.73886" lon="-110.734491">
        <ele>1532.3</ele>
      </trkpt>
      <trkpt lat="31.738868" lon="-110.734594">
        <ele>1533.2</ele>
      </trkpt>
      <trkpt lat="31.738846" lon="-110.734657">
        <ele>1533.8</ele>
      </trkpt>
      <trkpt lat="31.73885" lon="-110.734727">
        <ele>1534.9</ele>
      </trkpt>
      <trkpt lat="31.738877" lon="-110.734833">
        <ele>1536.9</ele>
      </trkpt>
      <trkpt lat="31.738895" lon="-110.734951">
        <ele>1538.7</ele>
      </trkpt>
      <trkpt lat="31.738905" lon="-110.735085">
        <ele>1539.2</ele>
      </trkpt>
      <trkpt lat="31.738908" lon="-110.735225">
        <ele>1538.8</ele>
      </trkpt>
      <trkpt lat="31.738911" lon="-110.735282">
        <ele>1538.6</ele>
      </trkpt>
      <trkpt lat="31.738947" lon="-110.735375">
        <ele>1538.7</ele>
      </trkpt>
      <trkpt lat="31.738976" lon="-110.735485">
        <ele>1538.4</ele>
      </trkpt>
      <trkpt lat="31.738997" lon="-110.735622">
        <ele>1538.2</ele>
      </trkpt>
      <trkpt lat="31.739019" lon="-110.735752">
        <ele>1538.4</ele>
      </trkpt>
      <trkpt lat="31.739016" lon="-110.735835">
        <ele>1538.5</ele>
      </trkpt>
      <trkpt lat="31.739031" lon="-110.735918">
        <ele>1539.1</ele>
      </trkpt>
      <trkpt lat="31.739016" lon="-110.736023">
        <ele>1539.6</ele>
      </trkpt>
      <trkpt lat="31.739011" lon="-110.736127">
        <ele>1540.0</ele>
      </trkpt>
      <trkpt lat="31.73906" lon="-110.736261">
        <ele>1540.4</ele>
      </trkpt>
      <trkpt lat="31.739119" lon="-110.736382">
        <ele>1539.9</ele>
      </trkpt>
      <trkpt lat="31.739181" lon="-110.736517">
        <ele>1539.4</ele>
      </trkpt>
      <trkpt lat="31.739238" lon="-110.736653">
        <ele>1541.2</ele>
      </trkpt>
      <trkpt lat="31.73928" lon="-110.736774">
        <ele>1542.0</ele>
      </trkpt>
      <trkpt lat="31.739296" lon="-110.736876">
        <ele>1541.0</ele>
      </trkpt>
      <trkpt lat="31.739335" lon="-110.736992">
        <ele>1539.9</ele>
      </trkpt>
      <trkpt lat="31.739364" lon="-110.737086">
        <ele>1539.6</ele>
      </trkpt>
      <trkpt lat="31.739416" lon="-110.737158">
        <ele>1539.9</ele>
      </trkpt>
      <trkpt lat="31.739468" lon="-110.737231">
        <ele>1540.4</ele>
      </trkpt>
      <trkpt lat="31.739557" lon="-110.737306">
        <ele>1541.6</ele>
      </trkpt>
      <trkpt lat="31.739611" lon="-110.73738">
        <ele>1542.3</ele>
      </trkpt>
      <trkpt lat="31.739637" lon="-110.737431">
        <ele>1542.6</ele>
      </trkpt>
      <trkpt lat="31.739671" lon="-110.737475">
        <ele>1543.0</ele>
      </trkpt>
      <trkpt lat="31.739728" lon="-110.737513">
        <ele>1543.5</ele>
      </trkpt>
      <trkpt lat="31.739768" lon="-110.737555">
        <ele>1543.9</ele>
      </trkpt>
      <trkpt lat="31.739814" lon="-110.73759">
        <ele>1544.3</ele>
      </trkpt>
      <trkpt lat="31.739839" lon="-110.737656">
        <ele>1544.4</ele>
      </trkpt>
      <trkpt lat="31.739873" lon="-110.737734">
        <ele>1544.5</ele>
      </trkpt>
      <trkpt lat="31.73994" lon="-110.737771">
        <ele>1545.0</ele>
      </trkpt>
      <trkpt lat="31.740002" lon="-110.737838">
        <ele>1545.1</ele>
      </trkpt>
      <trkpt lat="31.74009" lon="-110.73791">
        <ele>1545.4</ele>
      </trkpt>
      <trkpt lat="31.740129" lon="-110.737981">
        <ele>1545.2</ele>
      </trkpt>
      <trkpt lat="31.74018" lon="-110.738052">
        <ele>1545.3</ele>
      </trkpt>
      <trkpt lat="31.740242" lon="-110.738129">
        <ele>1545.8</ele>
      </trkpt>
      <trkpt lat="31.740305" lon="-110.738214">
        <ele>1546.5</ele>
      </trkpt>
      <trkpt lat="31.740369" lon="-110.738302">
        <ele>1546.9</ele>
      </trkpt>
      <trkpt lat="31.740448" lon="-110.738402">
        <ele>1546.8</ele>
      </trkpt>
      <trkpt lat="31.74049" lon="-110.738493">
        <ele>1546.7</ele>
      </trkpt>
      <trkpt lat="31.740552" lon="-110.738571">
        <ele>1547.0</ele>
      </trkpt>
      <trkpt lat="31.740617" lon="-110.738648">
        <ele>1547.7</ele>
      </trkpt>
      <trkpt lat="31.740666" lon="-110.738728">
        <ele>1547.8</ele>
      </trkpt>
      <trkpt lat="31.740732" lon="-110.738777">
        <ele>1548.2</ele>
      </trkpt>
      <trkpt lat="31.740787" lon="-110.738859">
        <ele>1548.0</ele>
      </trkpt>
      <trkpt lat="31.740839" lon="-110.738941">
        <ele>1547.8</ele>
      </trkpt>
      <trkpt lat="31.740916" lon="-110.739009">
        <ele>1548.5</ele>
      </trkpt>
      <trkpt lat="31.740987" lon="-110.739055">
        <ele>1549.6</ele>
      </trkpt>
      <trkpt lat="31.741047" lon="-110.739084">
        <ele>1550.6</ele>
      </trkpt>
      <trkpt lat="31.741096" lon="-110.739162">
        <ele>1551.1</ele>
      </trkpt>
      <trkpt lat="31.741113" lon="-110.739217">
        <ele>1551.2</ele>
      </trkpt>
      <trkpt lat="31.74113" lon="-110.739273">
        <ele>1551.3</ele>
      </trkpt>
      <trkpt lat="31.74115" lon="-110.73934">
        <ele>1551.3</ele>
      </trkpt>
      <trkpt lat="31.741166" lon="-110.739389">
        <ele>1551.3</ele>
      </trkpt>
      <trkpt lat="31.741192" lon="-110.739438">
        <ele>1551.3</ele>
      </trkpt>
      <trkpt lat="31.741204" lon="-110.739508">
        <ele>1551.0</ele>
      </trkpt>
      <trkpt lat="31.741216" lon="-110.739578">
        <ele>1550.6</ele>
      </trkpt>
      <trkpt lat="31.74125" lon="-110.73963">
        <ele>1550.6</ele>
      </trkpt>
      <trkpt lat="31.741323" lon="-110.739668">
        <ele>1551.0</ele>
      </trkpt>
      <trkpt lat="31.741397" lon="-110.739693">
        <ele>1551.6</ele>
      </trkpt>
      <trkpt lat="31.741474" lon="-110.739748">
        <ele>1551.8</ele>
      </trkpt>
      <trkpt lat="31.741581" lon="-110.739806">
        <ele>1552.2</ele>
      </trkpt>
      <trkpt lat="31.741655" lon="-110.739851">
        <ele>1552.6</ele>
      </trkpt>
      <trkpt lat="31.741702" lon="-110.739889">
        <ele>1552.8</ele>
      </trkpt>
      <trkpt lat="31.741801" lon="-110.73991">
        <ele>1553.5</ele>
      </trkpt>
      <trkpt lat="31.741908" lon="-110.739948">
        <ele>1554.2</ele>
      </trkpt>
      <trkpt lat="31.741993" lon="-110.740002">
        <ele>1554.6</ele>
      </trkpt>
      <trkpt lat="31.742074" lon="-110.740069">
        <ele>1554.9</ele>
      </trkpt>
      <trkpt lat="31.742141" lon="-110.740083">
        <ele>1555.6</ele>
      </trkpt>
      <trkpt lat="31.742189" lon="-110.74014">
        <ele>1555.8</ele>
      </trkpt>
      <trkpt lat="31.742227" lon="-110.740184">
        <ele>1556.0</ele>
      </trkpt>
      <trkpt lat="31.742264" lon="-110.740228">
        <ele>1556.0</ele>
      </trkpt>
      <trkpt lat="31.742297" lon="-110.740275">
        <ele>1556.0</ele>
      </trkpt>
      <trkpt lat="31.742344" lon="-110.740325">
        <ele>1556.1</ele>
      </trkpt>
      <trkpt lat="31.742386" lon="-110.740389">
        <ele>1556.1</ele>
      </trkpt>
      <trkpt lat="31.74245" lon="-110.740455">
        <ele>1556.3</ele>
      </trkpt>
      <trkpt lat="31.742528" lon="-110.740518">
        <ele>1556.6</ele>
      </trkpt>
      <trkpt lat="31.742586" lon="-110.740608">
        <ele>1556.6</ele>
      </trkpt>
      <trkpt lat="31.742663" lon="-110.740695">
        <ele>1556.8</ele>
      </trkpt>
      <trkpt lat="31.742778" lon="-110.740714">
        <ele>1557.4</ele>
      </trkpt>
      <trkpt lat="31.742858" lon="-110.740777">
        <ele>1557.7</ele>
      </trkpt>
      <trkpt lat="31.742936" lon="-110.740855">
        <ele>1558.1</ele>
      </trkpt>
      <trkpt lat="31.743036" lon="-110.74093">
        <ele>1558.7</ele>
      </trkpt>
      <trkpt lat="31.743167" lon="-110.741085">
        <ele>1559.2</ele>
      </trkpt>
      <trkpt lat="31.743271" lon="-110.741235">
        <ele>1559.6</ele>
      </trkpt>
      <trkpt lat="31.743412" lon="-110.741332">
        <ele>1560.1</ele>
      </trkpt>
      <trkpt lat="31.743598" lon="-110.741493">
        <ele>1561.5</ele>
      </trkpt>
      <trkpt lat="31.743765" lon="-110.741624">
        <ele>1562.6</ele>
      </trkpt>
      <trkpt lat="31.743795" lon="-110.741576">
        <ele>1563.1</ele>
      </trkpt>
      <trkpt lat="31.743841" lon="-110.741525">
        <ele>1563.5</ele>
      </trkpt>
      <trkpt lat="31.743921" lon="-110.741565">
        <ele>1563.9</ele>
      </trkpt>
      <trkpt lat="31.744018" lon="-110.741673">
        <ele>1564.2</ele>
      </trkpt>
      <trkpt lat="31.744136" lon="-110.741762">
        <ele>1565.0</ele>
      </trkpt>
      <trkpt lat="31.744259" lon="-110.741789">
        <ele>1566.0</ele>
      </trkpt>
      <trkpt lat="31.744324" lon="-110.74178">
        <ele>1566.8</ele>
      </trkpt>
      <trkpt lat="31.744438" lon="-110.741721">
        <ele>1568.8</ele>
      </trkpt>
      <trkpt lat="31.744694" lon="-110.742107">
        <ele>1568.5</ele>
      </trkpt>
      <trkpt lat="31.744839" lon="-110.742128">
        <ele>1570.1</ele>
      </trkpt>
      <trkpt lat="31.745075" lon="-110.741801">
        <ele>1571.9</ele>
      </trkpt>
      <trkpt lat="31.74504" lon="-110.74176">
        <ele>1571.2</ele>
      </trkpt>
      <trkpt lat="31.74539" lon="-110.7414">
        <ele>1575.6</ele>
      </trkpt>
      <trkpt lat="31.74553" lon="-110.74128">
        <ele>1577.5</ele>
      </trkpt>
      <trkpt lat="31.74578" lon="-110.74121">
        <ele>1579.6</ele>
      </trkpt>
      <trkpt lat="31.74583" lon="-110.7412">
        <ele>1579.8</ele>
      </trkpt>
      <trkpt lat="31.74619" lon="-110.74119">
        <ele>1582.1</ele>
      </trkpt>
      <trkpt lat="31.74649" lon="-110.74123">
        <ele>1585.0</ele>
      </trkpt>
      <trkpt lat="31.74682" lon="-110.74136">
        <ele>1586.8</ele>
      </trkpt>
      <trkpt lat="31.74709" lon="-110.74158">
        <ele>1590.6</ele>
      </trkpt>
      <trkpt lat="31.74713" lon="-110.74161">
        <ele>1591.4</ele>
      </trkpt>
      <trkpt lat="31.74728" lon="-110.74176">
        <ele>1594.4</ele>
      </trkpt>
      <trkpt lat="31.74744" lon="-110.74178">
        <ele>1594.3</ele>
      </trkpt>
      <trkpt lat="31.74754" lon="-110.74179">
        <ele>1594.3</ele>
      </trkpt>
      <trkpt lat="31.74779" lon="-110.74173">
        <ele>1595.3</ele>
      </trkpt>
      <trkpt lat="31.7478" lon="-110.74173">
        <ele>1595.5</ele>
      </trkpt>
      <trkpt lat="31.74796" lon="-110.74165">
        <ele>1596.4</ele>
      </trkpt>
      <trkpt lat="31.74796" lon="-110.74165">
        <ele>1596.4</ele>
      </trkpt>
      <trkpt lat="31.74822" lon="-110.74216">
        <ele>1596.7</ele>
      </trkpt>
      <trkpt lat="31.74833" lon="-110.74247">
        <ele>1600.9</ele>
      </trkpt>
      <trkpt lat="31.74852" lon="-110.74295">
        <ele>1602.4</ele>
      </trkpt>
      <trkpt lat="31.74868" lon="-110.74335">
        <ele>1601.9</ele>
      </trkpt>
      <trkpt lat="31.74874" lon="-110.74347">
        <ele>1602.1</ele>
      </trkpt>
      <trkpt lat="31.7488" lon="-110.7437">
        <ele>1602.6</ele>
      </trkpt>
      <trkpt lat="31.7489" lon="-110.74388">
        <ele>1602.6</ele>
      </trkpt>
      <trkpt lat="31.74909" lon="-110.74418">
        <ele>1607.2</ele>
      </trkpt>
      <trkpt lat="31.74946" lon="-110.74463">
        <ele>1608.3</ele>
      </trkpt>
      <trkpt lat="31.7495" lon="-110.74472">
        <ele>1608.3</ele>
      </trkpt>
      <trkpt lat="31.74962" lon="-110.74496">
        <ele>1608.7</ele>
      </trkpt>
      <trkpt lat="31.74971" lon="-110.7453">
        <ele>1610.3</ele>
      </trkpt>
      <trkpt lat="31.74972" lon="-110.74533">
        <ele>1610.5</ele>
      </trkpt>
      <trkpt lat="31.74988" lon="-110.74561">
        <ele>1612.4</ele>
      </trkpt>
      <trkpt lat="31.75007" lon="-110.74583">
        <ele>1616.0</ele>
      </trkpt>
      <trkpt lat="31.7503" lon="-110.74607">
        <ele>1615.6</ele>
      </trkpt>
      <trkpt lat="31.75031" lon="-110.74607">
        <ele>1615.5</ele>
      </trkpt>
      <trkpt lat="31.75053" lon="-110.74629">
        <ele>1616.1</ele>
      </trkpt>
      <trkpt lat="31.75071" lon="-110.74659">
        <ele>1619.2</ele>
      </trkpt>
      <trkpt lat="31.75084" lon="-110.74693">
        <ele>1622.4</ele>
      </trkpt>
      <trkpt lat="31.75088" lon="-110.74711">
        <ele>1623.4</ele>
      </trkpt>
      <trkpt lat="31.75089" lon="-110.74718">
        <ele>1623.6</ele>
      </trkpt>
      <trkpt lat="31.75093" lon="-110.74749">
        <ele>1623.5</ele>
      </trkpt>
      <trkpt lat="31.75097" lon="-110.74765">
        <ele>1623.2</ele>
      </trkpt>
      <trkpt lat="31.75107" lon="-110.7479">
        <ele>1622.8</ele>
      </trkpt>
      <trkpt lat="31.75117" lon="-110.74817">
        <ele>1622.7</ele>
      </trkpt>
      <trkpt lat="31.75119" lon="-110.74832">
        <ele>1622.7</ele>
      </trkpt>
      <trkpt lat="31.75122" lon="-110.74853">
        <ele>1623.1</ele>
      </trkpt>
      <trkpt lat="31.7513" lon="-110.74892">
        <ele>1625.4</ele>
      </trkpt>
      <trkpt lat="31.75142" lon="-110.74925">
        <ele>1626.5</ele>
      </trkpt>
      <trkpt lat="31.75144" lon="-110.74933">
        <ele>1626.7</ele>
      </trkpt>
      <trkpt lat="31.75149" lon="-110.74949">
        <ele>1627.2</ele>
      </trkpt>
      <trkpt lat="31.75155" lon="-110.74988">
        <ele>1627.8</ele>
      </trkpt>
      <trkpt lat="31.75168" lon="-110.75036">
        <ele>1628.1</ele>
      </trkpt>
      <trkpt lat="31.75177" lon="-110.7508">
        <ele>1627.3</ele>
      </trkpt>
      <trkpt lat="31.75189" lon="-110.75118">
        <ele>1626.5</ele>
      </trkpt>
      <trkpt lat="31.75194" lon="-110.75136">
        <ele>1628.0</ele>
      </trkpt>
      <trkpt lat="31.75201" lon="-110.75161">
        <ele>1633.2</ele>
      </trkpt>
      <trkpt lat="31.75213" lon="-110.75195">
        <ele>1636.2</ele>
      </trkpt>
      <trkpt lat="31.75219" lon="-110.75207">
        <ele>1637.0</ele>
      </trkpt>
      <trkpt lat="31.75223" lon="-110.75213">
        <ele>1637.4</ele>
      </trkpt>
      <trkpt lat="31.75228" lon="-110.7522">
        <ele>1637.6</ele>
      </trkpt>
      <trkpt lat="31.75238" lon="-110.75234">
        <ele>1637.8</ele>
      </trkpt>
      <trkpt lat="31.75246" lon="-110.75253">
        <ele>1638.5</ele>
      </trkpt>
      <trkpt lat="31.75252" lon="-110.75272">
        <ele>1638.2</ele>
      </trkpt>
      <trkpt lat="31.75259" lon="-110.75286">
        <ele>1638.4</ele>
      </trkpt>
      <trkpt lat="31.75269" lon="-110.75301">
        <ele>1637.5</ele>
      </trkpt>
      <trkpt lat="31.75269" lon="-110.75302">
        <ele>1637.5</ele>
      </trkpt>
      <trkpt lat="31.75272" lon="-110.75311">
        <ele>1637.2</ele>
      </trkpt>
      <trkpt lat="31.75273" lon="-110.75322">
        <ele>1637.5</ele>
      </trkpt>
      <trkpt lat="31.7527" lon="-110.75332">
        <ele>1638.5</ele>
      </trkpt>
      <trkpt lat="31.75267" lon="-110.75343">
        <ele>1639.0</ele>
      </trkpt>
      <trkpt lat="31.75265" lon="-110.75353">
        <ele>1638.6</ele>
      </trkpt>
      <trkpt lat="31.75259" lon="-110.75379">
        <ele>1641.9</ele>
      </trkpt>
      <trkpt lat="31.75257" lon="-110.75384">
        <ele>1642.3</ele>
      </trkpt>
      <trkpt lat="31.75253" lon="-110.75398">
        <ele>1643.7</ele>
      </trkpt>
      <trkpt lat="31.75246" lon="-110.75418">
        <ele>1645.3</ele>
      </trkpt>
      <trkpt lat="31.75236" lon="-110.75442">
        <ele>1647.8</ele>
      </trkpt>
      <trkpt lat="31.75232" lon="-110.75452">
        <ele>1648.7</ele>
      </trkpt>
      <trkpt lat="31.75227" lon="-110.75472">
        <ele>1650.0</ele>
      </trkpt>
      <trkpt lat="31.75227" lon="-110.75482">
        <ele>1650.1</ele>
      </trkpt>
      <trkpt lat="31.75227" lon="-110.75489">
        <ele>1649.8</ele>
      </trkpt>
      <trkpt lat="31.75229" lon="-110.75504">
        <ele>1649.2</ele>
      </trkpt>
      <trkpt lat="31.75234" lon="-110.75518">
        <ele>1648.4</ele>
      </trkpt>
      <trkpt lat="31.75237" lon="-110.75522">
        <ele>1648.1</ele>
      </trkpt>
      <trkpt lat="31.75244" lon="-110.75532">
        <ele>1647.6</ele>
      </trkpt>
      <trkpt lat="31.75256" lon="-110.75542">
        <ele>1649.0</ele>
      </trkpt>
      <trkpt lat="31.75261" lon="-110.75551">
        <ele>1649.3</ele>
      </trkpt>
      <trkpt lat="31.75262" lon="-110.75552">
        <ele>1649.3</ele>
      </trkpt>
      <trkpt lat="31.75266" lon="-110.75563">
        <ele>1648.8</ele>
      </trkpt>
      <trkpt lat="31.75269" lon="-110.75573">
        <ele>1648.0</ele>
      </trkpt>
      <trkpt lat="31.75275" lon="-110.75582">
        <ele>1647.0</ele>
      </trkpt>
      <trkpt lat="31.75285" lon="-110.75594">
        <ele>1645.3</ele>
      </trkpt>
      <trkpt lat="31.75293" lon="-110.75602">
        <ele>1644.0</ele>
      </trkpt>
      <trkpt lat="31.75294" lon="-110.75603">
        <ele>1643.8</ele>
      </trkpt>
      <trkpt lat="31.75295" lon="-110.75611">
        <ele>1643.4</ele>
      </trkpt>
      <trkpt lat="31.75295" lon="-110.75622">
        <ele>1642.9</ele>
      </trkpt>
      <trkpt lat="31.75292" lon="-110.75633">
        <ele>1642.5</ele>
      </trkpt>
      <trkpt lat="31.75289" lon="-110.75643">
        <ele>1641.9</ele>
      </trkpt>
      <trkpt lat="31.75287" lon="-110.7565">
        <ele>1641.2</ele>
      </trkpt>
      <trkpt lat="31.75283" lon="-110.75661">
        <ele>1640.3</ele>
      </trkpt>
      <trkpt lat="31.75283" lon="-110.75674">
        <ele>1639.9</ele>
      </trkpt>
      <trkpt lat="31.75285" lon="-110.7569">
        <ele>1640.1</ele>
      </trkpt>
      <trkpt lat="31.75288" lon="-110.75705">
        <ele>1641.0</ele>
      </trkpt>
      <trkpt lat="31.75288" lon="-110.75706">
        <ele>1641.1</ele>
      </trkpt>
      <trkpt lat="31.75289" lon="-110.7572">
        <ele>1642.6</ele>
      </trkpt>
      <trkpt lat="31.75289" lon="-110.7573">
        <ele>1643.7</ele>
      </trkpt>
      <trkpt lat="31.75287" lon="-110.7574">
        <ele>1644.8</ele>
      </trkpt>
      <trkpt lat="31.75289" lon="-110.7575">
        <ele>1645.7</ele>
      </trkpt>
      <trkpt lat="31.75292" lon="-110.75762">
        <ele>1646.3</ele>
      </trkpt>
      <trkpt lat="31.75293" lon="-110.75775">
        <ele>1647.2</ele>
      </trkpt>
      <trkpt lat="31.75292" lon="-110.75794">
        <ele>1648.0</ele>
      </trkpt>
      <trkpt lat="31.75293" lon="-110.7581">
        <ele>1648.0</ele>
      </trkpt>
      <trkpt lat="31.75294" lon="-110.75822">
        <ele>1647.6</ele>
      </trkpt>
      <trkpt lat="31.75297" lon="-110.7583">
        <ele>1647.8</ele>
      </trkpt>
      <trkpt lat="31.75301" lon="-110.75838">
        <ele>1647.8</ele>
      </trkpt>
      <trkpt lat="31.75305" lon="-110.75857">
        <ele>1648.0</ele>
      </trkpt>
      <trkpt lat="31.7531" lon="-110.75886">
        <ele>1647.7</ele>
      </trkpt>
      <trkpt lat="31.75309" lon="-110.75903">
        <ele>1647.8</ele>
      </trkpt>
      <trkpt lat="31.75308" lon="-110.75918">
        <ele>1647.7</ele>
      </trkpt>
      <trkpt lat="31.75304" lon="-110.75928">
        <ele>1647.7</ele>
      </trkpt>
      <trkpt lat="31.75303" lon="-110.75932">
        <ele>1647.8</ele>
      </trkpt>
      <trkpt lat="31.75299" lon="-110.75948">
        <ele>1648.3</ele>
      </trkpt>
      <trkpt lat="31.75296" lon="-110.75964">
        <ele>1649.2</ele>
      </trkpt>
      <trkpt lat="31.75295" lon="-110.75973">
        <ele>1649.6</ele>
      </trkpt>
      <trkpt lat="31.75293" lon="-110.75987">
        <ele>1650.8</ele>
      </trkpt>
      <trkpt lat="31.75289" lon="-110.76001">
        <ele>1652.5</ele>
      </trkpt>
      <trkpt lat="31.75283" lon="-110.76021">
        <ele>1655.6</ele>
      </trkpt>
      <trkpt lat="31.75276" lon="-110.7604">
        <ele>1657.7</ele>
      </trkpt>
      <trkpt lat="31.7527" lon="-110.76051">
        <ele>1658.7</ele>
      </trkpt>
      <trkpt lat="31.75269" lon="-110.76051">
        <ele>1658.6</ele>
      </trkpt>
      <trkpt lat="31.7526" lon="-110.7606">
        <ele>1658.6</ele>
      </trkpt>
      <trkpt lat="31.75253" lon="-110.76071">
        <ele>1659.1</ele>
      </trkpt>
      <trkpt lat="31.75251" lon="-110.76089">
        <ele>1660.8</ele>
      </trkpt>
      <trkpt lat="31.75252" lon="-110.7611">
        <ele>1662.7</ele>
      </trkpt>
      <trkpt lat="31.75253" lon="-110.7612">
        <ele>1663.9</ele>
      </trkpt>
      <trkpt lat="31.75251" lon="-110.76128">
        <ele>1664.0</ele>
      </trkpt>
      <trkpt lat="31.75248" lon="-110.76137">
        <ele>1663.8</ele>
      </trkpt>
      <trkpt lat="31.75245" lon="-110.76142">
        <ele>1663.3</ele>
      </trkpt>
      <trkpt lat="31.75243" lon="-110.76153">
        <ele>1663.3</ele>
      </trkpt>
      <trkpt lat="31.75241" lon="-110.76166">
        <ele>1663.3</ele>
      </trkpt>
      <trkpt lat="31.75242" lon="-110.76185">
        <ele>1663.3</ele>
      </trkpt>
      <trkpt lat="31.75245" lon="-110.76198">
        <ele>1663.2</ele>
      </trkpt>
      <trkpt lat="31.75249" lon="-110.76208">
        <ele>1663.5</ele>
      </trkpt>
      <trkpt lat="31.7526" lon="-110.76229">
        <ele>1664.0</ele>
      </trkpt>
      <trkpt lat="31.75269" lon="-110.76249">
        <ele>1663.7</ele>
      </trkpt>
      <trkpt lat="31.75278" lon="-110.76262">
        <ele>1663.5</ele>
      </trkpt>
      <trkpt lat="31.75283" lon="-110.76268">
        <ele>1663.1</ele>
      </trkpt>
      <trkpt lat="31.75287" lon="-110.76283">
        <ele>1663.2</ele>
      </trkpt>
      <trkpt lat="31.75291" lon="-110.76307">
        <ele>1664.1</ele>
      </trkpt>
      <trkpt lat="31.75293" lon="-110.76323">
        <ele>1665.3</ele>
      </trkpt>
      <trkpt lat="31.75293" lon="-110.76343">
        <ele>1667.0</ele>
      </trkpt>
      <trkpt lat="31.75293" lon="-110.76347">
        <ele>1667.3</ele>
      </trkpt>
      <trkpt lat="31.75297" lon="-110.76363">
        <ele>1668.4</ele>
      </trkpt>
      <trkpt lat="31.75302" lon="-110.76374">
        <ele>1669.1</ele>
      </trkpt>
      <trkpt lat="31.75316" lon="-110.76389">
        <ele>1670.7</ele>
      </trkpt>
      <trkpt lat="31.75333" lon="-110.76403">
        <ele>1670.4</ele>
      </trkpt>
      <trkpt lat="31.75344" lon="-110.76408">
        <ele>1670.3</ele>
      </trkpt>
      <trkpt lat="31.75347" lon="-110.76409">
        <ele>1670.5</ele>
      </trkpt>
      <trkpt lat="31.75364" lon="-110.76416">
        <ele>1671.6</ele>
      </trkpt>
      <trkpt lat="31.753706" lon="-110.764198">
        <ele>1672.6</ele>
      </trkpt>
      <trkpt lat="31.75378" lon="-110.76424">
        <ele>1674.4</ele>
      </trkpt>
      <trkpt lat="31.75396" lon="-110.76436">
        <ele>1679.7</ele>
      </trkpt>
      <trkpt lat="31.7541" lon="-110.76447">
        <ele>1681.8</ele>
      </trkpt>
      <trkpt lat="31.75426" lon="-110.7646">
        <ele>1683.3</ele>
      </trkpt>
      <trkpt lat="31.75443" lon="-110.76475">
        <ele>1685.5</ele>
      </trkpt>
      <trkpt lat="31.75455" lon="-110.7649">
        <ele>1687.1</ele>
      </trkpt>
      <trkpt lat="31.75473" lon="-110.76506">
        <ele>1690.2</ele>
      </trkpt>
      <trkpt lat="31.75485" lon="-110.76519">
        <ele>1693.8</ele>
      </trkpt>
      <trkpt lat="31.75497" lon="-110.76528">
        <ele>1696.1</ele>
      </trkpt>
      <trkpt lat="31.75509" lon="-110.76537">
        <ele>1697.3</ele>
      </trkpt>
      <trkpt lat="31.75525" lon="-110.76549">
        <ele>1698.9</ele>
      </trkpt>
      <trkpt lat="31.75531" lon="-110.7656">
        <ele>1700.1</ele>
      </trkpt>
      <trkpt lat="31.75541" lon="-110.76573">
        <ele>1702.3</ele>
      </trkpt>
      <trkpt lat="31.75546" lon="-110.76575">
        <ele>1703.2</ele>
      </trkpt>
      <trkpt lat="31.75552" lon="-110.76574">
        <ele>1703.3</ele>
      </trkpt>
      <trkpt lat="31.7556" lon="-110.7657">
        <ele>1702.9</ele>
      </trkpt>
      <trkpt lat="31.75567" lon="-110.76562">
        <ele>1701.9</ele>
      </trkpt>
      <trkpt lat="31.75579" lon="-110.76552">
        <ele>1700.7</ele>
      </trkpt>
      <trkpt lat="31.75592" lon="-110.7655">
        <ele>1701.4</ele>
      </trkpt>
      <trkpt lat="31.75619" lon="-110.76547">
        <ele>1704.0</ele>
      </trkpt>
      <trkpt lat="31.75644" lon="-110.76549">
        <ele>1707.8</ele>
      </trkpt>
      <trkpt lat="31.75656" lon="-110.76544">
        <ele>1708.8</ele>
      </trkpt>
      <trkpt lat="31.75661" lon="-110.76538">
        <ele>1708.2</ele>
      </trkpt>
      <trkpt lat="31.75667" lon="-110.76532">
        <ele>1707.9</ele>
      </trkpt>
      <trkpt lat="31.75672" lon="-110.76522">
        <ele>1706.8</ele>
      </trkpt>
      <trkpt lat="31.75682" lon="-110.76511">
        <ele>1706.7</ele>
      </trkpt>
      <trkpt lat="31.75688" lon="-110.76509">
        <ele>1706.9</ele>
      </trkpt>
      <trkpt lat="31.75695" lon="-110.7651">
        <ele>1707.2</ele>
      </trkpt>
      <trkpt lat="31.75707" lon="-110.76515">
        <ele>1707.5</ele>
      </trkpt>
      <trkpt lat="31.75719" lon="-110.76516">
        <ele>1707.1</ele>
      </trkpt>
      <trkpt lat="31.75728" lon="-110.76517">
        <ele>1707.0</ele>
      </trkpt>
      <trkpt lat="31.75734" lon="-110.76516">
        <ele>1706.8</ele>
      </trkpt>
      <trkpt lat="31.75739" lon="-110.76512">
        <ele>1706.4</ele>
      </trkpt>
      <trkpt lat="31.75743" lon="-110.76505">
        <ele>1706.0</ele>
      </trkpt>
      <trkpt lat="31.75746" lon="-110.76495">
        <ele>1705.1</ele>
      </trkpt>
      <trkpt lat="31.75749" lon="-110.76484">
        <ele>1703.8</ele>
      </trkpt>
      <trkpt lat="31.75749" lon="-110.76474">
        <ele>1702.7</ele>
      </trkpt>
      <trkpt lat="31.7575" lon="-110.76465">
        <ele>1702.0</ele>
      </trkpt>
      <trkpt lat="31.75751" lon="-110.76459">
        <ele>1701.5</ele>
      </trkpt>
      <trkpt lat="31.75754" lon="-110.76454">
        <ele>1700.7</ele>
      </trkpt>
      <trkpt lat="31.7576" lon="-110.76449">
        <ele>1699.2</ele>
      </trkpt>
      <trkpt lat="31.75773" lon="-110.76438">
        <ele>1696.4</ele>
      </trkpt>
      <trkpt lat="31.75786" lon="-110.76424">
        <ele>1694.8</ele>
      </trkpt>
      <trkpt lat="31.75797" lon="-110.76419">
        <ele>1691.9</ele>
      </trkpt>
      <trkpt lat="31.75807" lon="-110.76414">
        <ele>1690.0</ele>
      </trkpt>
      <trkpt lat="31.75813" lon="-110.76411">
        <ele>1689.2</ele>
      </trkpt>
      <trkpt lat="31.75817" lon="-110.7641">
        <ele>1688.6</ele>
      </trkpt>
      <trkpt lat="31.7582" lon="-110.76409">
        <ele>1688.3</ele>
      </trkpt>
      <trkpt lat="31.75825" lon="-110.7641">
        <ele>1687.2</ele>
      </trkpt>
      <trkpt lat="31.75827" lon="-110.76412">
        <ele>1686.5</ele>
      </trkpt>
      <trkpt lat="31.75828" lon="-110.76414">
        <ele>1686.0</ele>
      </trkpt>
      <trkpt lat="31.75826" lon="-110.7642">
        <ele>1685.2</ele>
      </trkpt>
      <trkpt lat="31.75823" lon="-110.7643">
        <ele>1683.9</ele>
      </trkpt>
      <trkpt lat="31.75814" lon="-110.76441">
        <ele>1683.2</ele>
      </trkpt>
      <trkpt lat="31.75805" lon="-110.76453">
        <ele>1685.4</ele>
      </trkpt>
      <trkpt lat="31.75803" lon="-110.76457">
        <ele>1687.6</ele>
      </trkpt>
      <trkpt lat="31.75803" lon="-110.76461">
        <ele>1689.1</ele>
      </trkpt>
      <trkpt lat="31.75804" lon="-110.76465">
        <ele>1690.4</ele>
      </trkpt>
      <trkpt lat="31.75808" lon="-110.76467">
        <ele>1690.4</ele>
      </trkpt>
      <trkpt lat="31.75814" lon="-110.76465">
        <ele>1688.2</ele>
      </trkpt>
      <trkpt lat="31.75818" lon="-110.76463">
        <ele>1686.5</ele>
      </trkpt>
      <trkpt lat="31.75828" lon="-110.76459">
        <ele>1683.9</ele>
      </trkpt>
      <trkpt lat="31.7584" lon="-110.76459">
        <ele>1682.7</ele>
      </trkpt>
      <trkpt lat="31.75855" lon="-110.76457">
        <ele>1680.2</ele>
      </trkpt>
      <trkpt lat="31.75866" lon="-110.76449">
        <ele>1676.7</ele>
      </trkpt>
      <trkpt lat="31.75879" lon="-110.7644">
        <ele>1673.4</ele>
      </trkpt>
      <trkpt lat="31.75885" lon="-110.7643">
        <ele>1671.8</ele>
      </trkpt>
      <trkpt lat="31.75893" lon="-110.76415">
        <ele>1670.6</ele>
      </trkpt>
      <trkpt lat="31.75899" lon="-110.7641">
        <ele>1669.5</ele>
      </trkpt>
      <trkpt lat="31.75905" lon="-110.76407">
        <ele>1668.8</ele>
      </trkpt>
      <trkpt lat="31.75914" lon="-110.76404">
        <ele>1668.3</ele>
      </trkpt>
      <trkpt lat="31.75919" lon="-110.76399">
        <ele>1668.1</ele>
      </trkpt>
      <trkpt lat="31.75923" lon="-110.76396">
        <ele>1668.1</ele>
      </trkpt>
      <trkpt lat="31.75929" lon="-110.7639">
        <ele>1667.8</ele>
      </trkpt>
      <trkpt lat="31.75934" lon="-110.76388">
        <ele>1667.5</ele>
      </trkpt>
      <trkpt lat="31.7594" lon="-110.76386">
        <ele>1667.3</ele>
      </trkpt>
      <trkpt lat="31.75945" lon="-110.76387">
        <ele>1667.8</ele>
      </trkpt>
      <trkpt lat="31.75954" lon="-110.76388">
        <ele>1668.7</ele>
      </trkpt>
      <trkpt lat="31.75959" lon="-110.76385">
        <ele>1667.2</ele>
      </trkpt>
      <trkpt lat="31.75965" lon="-110.76382">
        <ele>1665.5</ele>
      </trkpt>
      <trkpt lat="31.75972" lon="-110.76379">
        <ele>1663.9</ele>
      </trkpt>
      <trkpt lat="31.75978" lon="-110.76376">
        <ele>1662.4</ele>
      </trkpt>
      <trkpt lat="31.75989" lon="-110.76371">
        <ele>1661.2</ele>
      </trkpt>
      <trkpt lat="31.75995" lon="-110.76364">
        <ele>1660.1</ele>
      </trkpt>
      <trkpt lat="31.75999" lon="-110.76358">
        <ele>1659.4</ele>
      </trkpt>
      <trkpt lat="31.76004" lon="-110.76356">
        <ele>1658.7</ele>
      </trkpt>
      <trkpt lat="31.76008" lon="-110.76353">
        <ele>1657.8</ele>
      </trkpt>
      <trkpt lat="31.76012" lon="-110.76349">
        <ele>1655.6</ele>
      </trkpt>
      <trkpt lat="31.76015" lon="-110.76345">
        <ele>1653.7</ele>
      </trkpt>
      <trkpt lat="31.7602" lon="-110.76338">
        <ele>1651.5</ele>
      </trkpt>
      <trkpt lat="31.76025" lon="-110.76335">
        <ele>1649.9</ele>
      </trkpt>
      <trkpt lat="31.76031" lon="-110.76336">
        <ele>1648.7</ele>
      </trkpt>
      <trkpt lat="31.76037" lon="-110.7634">
        <ele>1648.0</ele>
      </trkpt>
      <trkpt lat="31.76042" lon="-110.76344">
        <ele>1646.6</ele>
      </trkpt>
      <trkpt lat="31.76048" lon="-110.76345">
        <ele>1645.0</ele>
      </trkpt>
      <trkpt lat="31.76054" lon="-110.76342">
        <ele>1644.0</ele>
      </trkpt>
      <trkpt lat="31.76061" lon="-110.76339">
        <ele>1645.0</ele>
      </trkpt>
      <trkpt lat="31.76066" lon="-110.76338">
        <ele>1645.9</ele>
      </trkpt>
      <trkpt lat="31.7607" lon="-110.76339">
        <ele>1646.6</ele>
      </trkpt>
      <trkpt lat="31.7607" lon="-110.76339">
        <ele>1646.6</ele>
      </trkpt>
      <trkpt lat="31.761195" lon="-110.762444">
        <ele>1641.3</ele>
      </trkpt>
      <trkpt lat="31.761195" lon="-110.762444">
        <ele>1641.3</ele>
      </trkpt>
      <trkpt lat="31.761104" lon="-110.761285">
        <ele>1635.9</ele>
      </trkpt>
      <trkpt lat="31.761104" lon="-110.761285">
        <ele>1635.9</ele>
      </trkpt>
      <trkpt lat="31.761341" lon="-110.75974">
        <ele>1633.1</ele>
      </trkpt>
      <trkpt lat="31.761341" lon="-110.75974">
        <ele>1633.1</ele>
      </trkpt>
      <trkpt lat="31.761788" lon="-110.758517">
        <ele>1629.3</ele>
      </trkpt>
      <trkpt lat="31.762235" lon="-110.757294">
        <ele>1626.4</ele>
      </trkpt>
      <trkpt lat="31.762235" lon="-110.757294">
        <ele>1626.4</ele>
      </trkpt>
      <trkpt lat="31.763221" lon="-110.756932">
        <ele>1637.1</ele>
      </trkpt>
      <trkpt lat="31.764023" lon="-110.757251">
        <ele>1642.3</ele>
      </trkpt>
      <trkpt lat="31.764534" lon="-110.757101">
        <ele>1639.0</ele>
      </trkpt>
      <trkpt lat="31.764534" lon="-110.757101">
        <ele>1639.0</ele>
      </trkpt>
      <trkpt lat="31.765464" lon="-110.757744">
        <ele>1630.3</ele>
      </trkpt>
      <trkpt lat="31.765652" lon="-110.758129">
        <ele>1628.7</ele>
      </trkpt>
      <trkpt lat="31.766377" lon="-110.758131">
        <ele>1620.7</ele>
      </trkpt>
      <trkpt lat="31.766887" lon="-110.757809">
        <ele>1615.2</ele>
      </trkpt>
      <trkpt lat="31.766887" lon="-110.757809">
        <ele>1615.2</ele>
      </trkpt>
      <trkpt lat="31.767234" lon="-110.758796">
        <ele>1622.5</ele>
      </trkpt>
      <trkpt lat="31.76769" lon="-110.759332">
        <ele>1625.8</ele>
      </trkpt>
      <trkpt lat="31.76769" lon="-110.759332">
        <ele>1625.8</ele>
      </trkpt>
      <trkpt lat="31.768529" lon="-110.758688">
        <ele>1636.7</ele>
      </trkpt>
      <trkpt lat="31.768894" lon="-110.75783">
        <ele>1637.3</ele>
      </trkpt>
      <trkpt lat="31.769514" lon="-110.757358">
        <ele>1633.9</ele>
      </trkpt>
      <trkpt lat="31.769898" lon="-110.756736">
        <ele>1644.8</ele>
      </trkpt>
      <trkpt lat="31.770466" lon="-110.756657">
        <ele>1654.1</ele>
      </trkpt>
      <trkpt lat="31.770591" lon="-110.755856">
        <ele>1653.4</ele>
      </trkpt>
      <trkpt lat="31.770591" lon="-110.755856">
        <ele>1653.4</ele>
      </trkpt>
      <trkpt lat="31.76946" lon="-110.755062">
        <ele>1639.8</ele>
      </trkpt>
      <trkpt lat="31.768329" lon="-110.754268">
        <ele>1635.4</ele>
      </trkpt>
      <trkpt lat="31.768329" lon="-110.754268">
        <ele>1635.4</ele>
      </trkpt>
      <trkpt lat="31.768219" lon="-110.753174">
        <ele>1627.3</ele>
      </trkpt>
      <trkpt lat="31.76822" lon="-110.75308">
        <ele>1626.4</ele>
      </trkpt>
      <trkpt lat="31.7686" lon="-110.7531">
        <ele>1622.3</ele>
      </trkpt>
      <trkpt lat="31.76897" lon="-110.75321">
        <ele>1617.7</ele>
      </trkpt>
      <trkpt lat="31.76925" lon="-110.75321">
        <ele>1612.3</ele>
      </trkpt>
      <trkpt lat="31.76949" lon="-110.75315">
        <ele>1608.9</ele>
      </trkpt>
      <trkpt lat="31.77002" lon="-110.75307">
        <ele>1606.8</ele>
      </trkpt>
      <trkpt lat="31.77054" lon="-110.75325">
        <ele>1603.3</ele>
      </trkpt>
      <trkpt lat="31.77068" lon="-110.75331">
        <ele>1602.5</ele>
      </trkpt>
      <trkpt lat="31.77093" lon="-110.75332">
        <ele>1602.2</ele>
      </trkpt>
      <trkpt lat="31.77116" lon="-110.75326">
        <ele>1601.2</ele>
      </trkpt>
      <trkpt lat="31.77157" lon="-110.7531">
        <ele>1596.8</ele>
      </trkpt>
      <trkpt lat="31.77254" lon="-110.7527">
        <ele>1596.1</ele>
      </trkpt>
      <trkpt lat="31.77291" lon="-110.75264">
        <ele>1595.4</ele>
      </trkpt>
      <trkpt lat="31.77309" lon="-110.75268">
        <ele>1595.5</ele>
      </trkpt>
      <trkpt lat="31.77334" lon="-110.75281">
        <ele>1592.9</ele>
      </trkpt>
      <trkpt lat="31.7739" lon="-110.75297">
        <ele>1586.5</ele>
      </trkpt>
      <trkpt lat="31.7742" lon="-110.75298">
        <ele>1585.1</ele>
      </trkpt>
      <trkpt lat="31.77445" lon="-110.75293">
        <ele>1584.7</ele>
      </trkpt>
      <trkpt lat="31.77458" lon="-110.7529">
        <ele>1584.8</ele>
      </trkpt>
      <trkpt lat="31.77514" lon="-110.75268">
        <ele>1585.1</ele>
      </trkpt>
      <trkpt lat="31.77544" lon="-110.7525">
        <ele>1583.3</ele>
      </trkpt>
      <trkpt lat="31.77573" lon="-110.75222">
        <ele>1581.9</ele>
      </trkpt>
      <trkpt lat="31.77603" lon="-110.75187">
        <ele>1581.1</ele>
      </trkpt>
      <trkpt lat="31.77637" lon="-110.75174">
        <ele>1580.4</ele>
      </trkpt>
      <trkpt lat="31.77654" lon="-110.75161">
        <ele>1579.4</ele>
      </trkpt>
      <trkpt lat="31.77676" lon="-110.75127">
        <ele>1578.4</ele>
      </trkpt>
      <trkpt lat="31.77703" lon="-110.75063">
        <ele>1577.2</ele>
      </trkpt>
      <trkpt lat="31.77703" lon="-110.75051">
        <ele>1577.1</ele>
      </trkpt>
      <trkpt lat="31.77695" lon="-110.75036">
        <ele>1577.4</ele>
      </trkpt>
      <trkpt lat="31.77688" lon="-110.75013">
        <ele>1577.1</ele>
      </trkpt>
      <trkpt lat="31.7768" lon="-110.74979">
        <ele>1573.7</ele>
      </trkpt>
      <trkpt lat="31.77681" lon="-110.74962">
        <ele>1572.4</ele>
      </trkpt>
      <trkpt lat="31.77687" lon="-110.74941">
        <ele>1570.8</ele>
      </trkpt>
      <trkpt lat="31.77801" lon="-110.74785">
        <ele>1571.3</ele>
      </trkpt>
      <trkpt lat="31.77836" lon="-110.74769">
        <ele>1569.8</ele>
      </trkpt>
      <trkpt lat="31.77847" lon="-110.74747">
        <ele>1569.7</ele>
      </trkpt>
      <trkpt lat="31.77849" lon="-110.74727">
        <ele>1569.7</ele>
      </trkpt>
      <trkpt lat="31.77844" lon="-110.74698">
        <ele>1570.1</ele>
      </trkpt>
      <trkpt lat="31.77834" lon="-110.74643">
        <ele>1570.7</ele>
      </trkpt>
      <trkpt lat="31.77829" lon="-110.74599">
        <ele>1570.2</ele>
      </trkpt>
      <trkpt lat="31.77833" lon="-110.7456">
        <ele>1569.7</ele>
      </trkpt>
      <trkpt lat="31.77851" lon="-110.74516">
        <ele>1567.9</ele>
      </trkpt>
      <trkpt lat="31.77894" lon="-110.74456">
        <ele>1565.5</ele>
      </trkpt>
      <trkpt lat="31.77896" lon="-110.7444">
        <ele>1566.0</ele>
      </trkpt>
      <trkpt lat="31.77897" lon="-110.74417">
        <ele>1565.6</ele>
      </trkpt>
      <trkpt lat="31.77908" lon="-110.74388">
        <ele>1563.2</ele>
      </trkpt>
      <trkpt lat="31.77927" lon="-110.74366">
        <ele>1560.7</ele>
      </trkpt>
      <trkpt lat="31.78018" lon="-110.74263">
        <ele>1561.4</ele>
      </trkpt>
      <trkpt lat="31.78056" lon="-110.74217">
        <ele>1561.6</ele>
      </trkpt>
      <trkpt lat="31.78065" lon="-110.74198">
        <ele>1561.9</ele>
      </trkpt>
      <trkpt lat="31.78072" lon="-110.74168">
        <ele>1561.6</ele>
      </trkpt>
      <trkpt lat="31.78087" lon="-110.74109">
        <ele>1559.6</ele>
      </trkpt>
      <trkpt lat="31.78093" lon="-110.74083">
        <ele>1559.3</ele>
      </trkpt>
      <trkpt lat="31.78093" lon="-110.74083">
        <ele>1559.3</ele>
      </trkpt>
      <trkpt lat="31.781" lon="-110.74105">
        <ele>1559.2</ele>
      </trkpt>
      <trkpt lat="31.78106" lon="-110.7412">
        <ele>1559.4</ele>
      </trkpt>
      <trkpt lat="31.78113" lon="-110.74131">
        <ele>1559.2</ele>
      </trkpt>
      <trkpt lat="31.78124" lon="-110.74145">
        <ele>1558.4</ele>
      </trkpt>
      <trkpt lat="31.78133" lon="-110.74156">
        <ele>1557.9</ele>
      </trkpt>
      <trkpt lat="31.78169" lon="-110.7419">
        <ele>1556.9</ele>
      </trkpt>
      <trkpt lat="31.78216" lon="-110.74225">
        <ele>1557.4</ele>
      </trkpt>
      <trkpt lat="31.78253" lon="-110.74253">
        <ele>1557.6</ele>
      </trkpt>
      <trkpt lat="31.78433" lon="-110.74396">
        <ele>1558.8</ele>
      </trkpt>
      <trkpt lat="31.78469" lon="-110.74419">
        <ele>1560.6</ele>
      </trkpt>
      <trkpt lat="31.78487" lon="-110.74427">
        <ele>1560.7</ele>
      </trkpt>
      <trkpt lat="31.78549" lon="-110.74443">
        <ele>1561.2</ele>
      </trkpt>
      <trkpt lat="31.78634" lon="-110.74452">
        <ele>1561.2</ele>
      </trkpt>
      <trkpt lat="31.78663" lon="-110.74451">
        <ele>1562.2</ele>
      </trkpt>
      <trkpt lat="31.7871" lon="-110.74455">
        <ele>1566.6</ele>
      </trkpt>
      <trkpt lat="31.78735" lon="-110.74458">
        <ele>1568.3</ele>
      </trkpt>
      <trkpt lat="31.78752" lon="-110.74461">
        <ele>1568.9</ele>
      </trkpt>
      <trkpt lat="31.78787" lon="-110.74478">
        <ele>1569.6</ele>
      </trkpt>
      <trkpt lat="31.79023" lon="-110.74585">
        <ele>1573.5</ele>
      </trkpt>
      <trkpt lat="31.79077" lon="-110.74613">
        <ele>1573.8</ele>
      </trkpt>
      <trkpt lat="31.79099" lon="-110.74617">
        <ele>1573.7</ele>
      </trkpt>
      <trkpt lat="31.79151" lon="-110.74629">
        <ele>1577.2</ele>
      </trkpt>
      <trkpt lat="31.7918" lon="-110.74641">
        <ele>1579.5</ele>
      </trkpt>
      <trkpt lat="31.79194" lon="-110.74652">
        <ele>1580.9</ele>
      </trkpt>
      <trkpt lat="31.79218" lon="-110.74671">
        <ele>1582.5</ele>
      </trkpt>
      <trkpt lat="31.7928" lon="-110.74722">
        <ele>1583.7</ele>
      </trkpt>
      <trkpt lat="31.79301" lon="-110.74741">
        <ele>1584.4</ele>
      </trkpt>
      <trkpt lat="31.79422" lon="-110.74854">
        <ele>1584.8</ele>
      </trkpt>
      <trkpt lat="31.79549" lon="-110.74938">
        <ele>1576.0</ele>
      </trkpt>
      <trkpt lat="31.79577" lon="-110.74966">
        <ele>1574.5</ele>
      </trkpt>
      <trkpt lat="31.79612" lon="-110.74994">
        <ele>1574.2</ele>
      </trkpt>
      <trkpt lat="31.79725" lon="-110.75066">
        <ele>1569.9</ele>
      </trkpt>
      <trkpt lat="31.79773" lon="-110.75103">
        <ele>1569.8</ele>
      </trkpt>
      <trkpt lat="31.79812" lon="-110.7514">
        <ele>1569.6</ele>
      </trkpt>
      <trkpt lat="31.79853" lon="-110.75199">
        <ele>1562.9</ele>
      </trkpt>
      <trkpt lat="31.79871" lon="-110.75236">
        <ele>1559.7</ele>
      </trkpt>
      <trkpt lat="31.79885" lon="-110.75293">
        <ele>1559.9</ele>
      </trkpt>
      <trkpt lat="31.79902" lon="-110.75349">
        <ele>1559.9</ele>
      </trkpt>
      <trkpt lat="31.79929" lon="-110.75383">
        <ele>1560.7</ele>
      </trkpt>
      <trkpt lat="31.79945" lon="-110.75422">
        <ele>1559.4</ele>
      </trkpt>
      <trkpt lat="31.79991" lon="-110.75487">
        <ele>1550.9</ele>
      </trkpt>
      <trkpt lat="31.8004" lon="-110.75597">
        <ele>1548.7</ele>
      </trkpt>
      <trkpt lat="31.80063" lon="-110.75633">
        <ele>1548.7</ele>
      </trkpt>
      <trkpt lat="31.80066" lon="-110.75653">
        <ele>1547.9</ele>
      </trkpt>
      <trkpt lat="31.80063" lon="-110.75675">
        <ele>1546.4</ele>
      </trkpt>
      <trkpt lat="31.80045" lon="-110.75703">
        <ele>1544.0</ele>
      </trkpt>
      <trkpt lat="31.80029" lon="-110.75755">
        <ele>1541.4</ele>
      </trkpt>
      <trkpt lat="31.80013" lon="-110.75808">
        <ele>1539.1</ele>
      </trkpt>
      <trkpt lat="31.80017" lon="-110.75874">
        <ele>1536.9</ele>
      </trkpt>
      <trkpt lat="31.8002" lon="-110.7589">
        <ele>1536.2</ele>
      </trkpt>
      <trkpt lat="31.80024" lon="-110.75903">
        <ele>1536.0</ele>
      </trkpt>
      <trkpt lat="31.80034" lon="-110.7594">
        <ele>1537.6</ele>
      </trkpt>
      <trkpt lat="31.80031" lon="-110.75958">
        <ele>1537.4</ele>
      </trkpt>
      <trkpt lat="31.80028" lon="-110.75984">
        <ele>1536.9</ele>
      </trkpt>
      <trkpt lat="31.80033" lon="-110.76022">
        <ele>1534.7</ele>
      </trkpt>
      <trkpt lat="31.80056" lon="-110.76069">
        <ele>1535.9</ele>
      </trkpt>
      <trkpt lat="31.80066" lon="-110.76105">
        <ele>1540.3</ele>
      </trkpt>
      <trkpt lat="31.80063" lon="-110.76139">
        <ele>1542.6</ele>
      </trkpt>
      <trkpt lat="31.80049" lon="-110.76201">
        <ele>1529.1</ele>
      </trkpt>
      <trkpt lat="31.80056" lon="-110.76219">
        <ele>1526.9</ele>
      </trkpt>
      <trkpt lat="31.80091" lon="-110.76248">
        <ele>1522.2</ele>
      </trkpt>
      <trkpt lat="31.80111" lon="-110.76262">
        <ele>1524.2</ele>
      </trkpt>
      <trkpt lat="31.80116" lon="-110.76274">
        <ele>1528.5</ele>
      </trkpt>
      <trkpt lat="31.80117" lon="-110.76284">
        <ele>1528.6</ele>
      </trkpt>
      <trkpt lat="31.80114" lon="-110.76298">
        <ele>1524.1</ele>
      </trkpt>
      <trkpt lat="31.8012" lon="-110.76324">
        <ele>1520.2</ele>
      </trkpt>
      <trkpt lat="31.80127" lon="-110.76333">
        <ele>1520.0</ele>
      </trkpt>
      <trkpt lat="31.80147" lon="-110.76348">
        <ele>1522.0</ele>
      </trkpt>
      <trkpt lat="31.80171" lon="-110.76389">
        <ele>1520.7</ele>
      </trkpt>
      <trkpt lat="31.80244" lon="-110.76488">
        <ele>1520.9</ele>
      </trkpt>
      <trkpt lat="31.80254" lon="-110.765">
        <ele>1526.5</ele>
      </trkpt>
      <trkpt lat="31.80256" lon="-110.7653">
        <ele>1533.5</ele>
      </trkpt>
      <trkpt lat="31.80255" lon="-110.76553">
        <ele>1536.6</ele>
      </trkpt>
      <trkpt lat="31.80249" lon="-110.76567">
        <ele>1536.8</ele>
      </trkpt>
      <trkpt lat="31.80237" lon="-110.76584">
        <ele>1535.7</ele>
      </trkpt>
      <trkpt lat="31.80227" lon="-110.7659">
        <ele>1530.2</ele>
      </trkpt>
      <trkpt lat="31.80221" lon="-110.76601">
        <ele>1526.5</ele>
      </trkpt>
      <trkpt lat="31.80225" lon="-110.76625">
        <ele>1530.9</ele>
      </trkpt>
      <trkpt lat="31.80226" lon="-110.7664">
        <ele>1537.7</ele>
      </trkpt>
      <trkpt lat="31.8022" lon="-110.76657">
        <ele>1540.8</ele>
      </trkpt>
      <trkpt lat="31.80212" lon="-110.76666">
        <ele>1539.0</ele>
      </trkpt>
      <trkpt lat="31.80196" lon="-110.76676">
        <ele>1533.4</ele>
      </trkpt>
      <trkpt lat="31.80183" lon="-110.76677">
        <ele>1529.9</ele>
      </trkpt>
      <trkpt lat="31.80163" lon="-110.76667">
        <ele>1518.9</ele>
      </trkpt>
      <trkpt lat="31.80149" lon="-110.76658">
        <ele>1512.1</ele>
      </trkpt>
      <trkpt lat="31.80131" lon="-110.7666">
        <ele>1514.1</ele>
      </trkpt>
      <trkpt lat="31.80118" lon="-110.76668">
        <ele>1516.4</ele>
      </trkpt>
      <trkpt lat="31.80109" lon="-110.76685">
        <ele>1515.3</ele>
      </trkpt>
      <trkpt lat="31.80095" lon="-110.76778">
        <ele>1506.2</ele>
      </trkpt>
      <trkpt lat="31.8007" lon="-110.76842">
        <ele>1491.1</ele>
      </trkpt>
      <trkpt lat="31.80068" lon="-110.76857">
        <ele>1491.0</ele>
      </trkpt>
      <trkpt lat="31.80047" lon="-110.76892">
        <ele>1495.6</ele>
      </trkpt>
      <trkpt lat="31.80008" lon="-110.76994">
        <ele>1497.3</ele>
      </trkpt>
      <trkpt lat="31.79987" lon="-110.7701">
        <ele>1496.7</ele>
      </trkpt>
      <trkpt lat="31.79891" lon="-110.77045">
        <ele>1496.5</ele>
      </trkpt>
      <trkpt lat="31.79871" lon="-110.7708">
        <ele>1494.0</ele>
      </trkpt>
      <trkpt lat="31.79848" lon="-110.77176">
        <ele>1485.4</ele>
      </trkpt>
      <trkpt lat="31.79825" lon="-110.77227">
        <ele>1478.8</ele>
      </trkpt>
      <trkpt lat="31.79791" lon="-110.77259">
        <ele>1479.2</ele>
      </trkpt>
      <trkpt lat="31.79788" lon="-110.77334">
        <ele>1470.1</ele>
      </trkpt>
      <trkpt lat="31.79779" lon="-110.77358">
        <ele>1468.8</ele>
      </trkpt>
      <trkpt lat="31.79763" lon="-110.77372">
        <ele>1471.0</ele>
      </trkpt>
      <trkpt lat="31.79725" lon="-110.77374">
        <ele>1471.6</ele>
      </trkpt>
      <trkpt lat="31.79714" lon="-110.77385">
        <ele>1468.7</ele>
      </trkpt>
      <trkpt lat="31.7971" lon="-110.77417">
        <ele>1465.1</ele>
      </trkpt>
      <trkpt lat="31.79731" lon="-110.77439">
        <ele>1461.2</ele>
      </trkpt>
      <trkpt lat="31.79789" lon="-110.77463">
        <ele>1461.0</ele>
      </trkpt>
      <trkpt lat="31.79806" lon="-110.77481">
        <ele>1460.7</ele>
      </trkpt>
      <trkpt lat="31.79866" lon="-110.77626">
        <ele>1462.5</ele>
      </trkpt>
      <trkpt lat="31.79882" lon="-110.77647">
        <ele>1464.0</ele>
      </trkpt>
      <trkpt lat="31.7989" lon="-110.77657">
        <ele>1463.3</ele>
      </trkpt>
      <trkpt lat="31.79915" lon="-110.77695">
        <ele>1464.3</ele>
      </trkpt>
      <trkpt lat="31.79925" lon="-110.77714">
        <ele>1463.3</ele>
      </trkpt>
      <trkpt lat="31.79936" lon="-110.77738">
        <ele>1461.8</ele>
      </trkpt>
      <trkpt lat="31.79935" lon="-110.77755">
        <ele>1461.9</ele>
      </trkpt>
      <trkpt lat="31.79932" lon="-110.7776">
        <ele>1461.8</ele>
      </trkpt>
      <trkpt lat="31.79923" lon="-110.77765">
        <ele>1461.9</ele>
      </trkpt>
      <trkpt lat="31.79908" lon="-110.77769">
        <ele>1463.5</ele>
      </trkpt>
      <trkpt lat="31.79894" lon="-110.77774">
        <ele>1464.2</ele>
      </trkpt>
      <trkpt lat="31.79888" lon="-110.77784">
        <ele>1465.1</ele>
      </trkpt>
      <trkpt lat="31.79887" lon="-110.77792">
        <ele>1465.5</ele>
      </trkpt>
      <trkpt lat="31.79887" lon="-110.77804">
        <ele>1465.8</ele>
      </trkpt>
      <trkpt lat="31.79876" lon="-110.77828">
        <ele>1465.3</ele>
      </trkpt>
      <trkpt lat="31.79871" lon="-110.77839">
        <ele>1465.2</ele>
      </trkpt>
      <trkpt lat="31.79868" lon="-110.77849">
        <ele>1465.1</ele>
      </trkpt>
      <trkpt lat="31.79866" lon="-110.77859">
        <ele>1464.6</ele>
      </trkpt>
      <trkpt lat="31.79866" lon="-110.77868">
        <ele>1463.4</ele>
      </trkpt>
      <trkpt lat="31.79869" lon="-110.77875">
        <ele>1462.1</ele>
      </trkpt>
      <trkpt lat="31.79878" lon="-110.77885">
        <ele>1460.7</ele>
      </trkpt>
      <trkpt lat="31.79884" lon="-110.77891">
        <ele>1460.4</ele>
      </trkpt>
      <trkpt lat="31.79904" lon="-110.77906">
        <ele>1462.9</ele>
      </trkpt>
      <trkpt lat="31.79922" lon="-110.77938">
        <ele>1463.7</ele>
      </trkpt>
      <trkpt lat="31.79931" lon="-110.77965">
        <ele>1466.2</ele>
      </trkpt>
      <trkpt lat="31.79931" lon="-110.77997">
        <ele>1463.6</ele>
      </trkpt>
      <trkpt lat="31.79922" lon="-110.78034">
        <ele>1453.9</ele>
      </trkpt>
      <trkpt lat="31.7992" lon="-110.78052">
        <ele>1447.2</ele>
      </trkpt>
      <trkpt lat="31.79926" lon="-110.78061">
        <ele>1445.3</ele>
      </trkpt>
      <trkpt lat="31.79939" lon="-110.7807">
        <ele>1443.3</ele>
      </trkpt>
      <trkpt lat="31.79961" lon="-110.7808">
        <ele>1445.4</ele>
      </trkpt>
      <trkpt lat="31.7998" lon="-110.78088">
        <ele>1459.8</ele>
      </trkpt>
      <trkpt lat="31.79985" lon="-110.78093">
        <ele>1468.0</ele>
      </trkpt>
      <trkpt lat="31.79987" lon="-110.78097">
        <ele>1473.8</ele>
      </trkpt>
      <trkpt lat="31.79987" lon="-110.78102">
        <ele>1477.4</ele>
      </trkpt>
      <trkpt lat="31.79983" lon="-110.78109">
        <ele>1476.6</ele>
      </trkpt>
      <trkpt lat="31.79979" lon="-110.78112">
        <ele>1473.4</ele>
      </trkpt>
      <trkpt lat="31.79959" lon="-110.78122">
        <ele>1456.2</ele>
      </trkpt>
      <trkpt lat="31.79951" lon="-110.78128">
        <ele>1456.9</ele>
      </trkpt>
      <trkpt lat="31.79943" lon="-110.78135">
        <ele>1459.3</ele>
      </trkpt>
      <trkpt lat="31.79936" lon="-110.78144">
        <ele>1462.3</ele>
      </trkpt>
      <trkpt lat="31.79932" lon="-110.78157">
        <ele>1469.4</ele>
      </trkpt>
      <trkpt lat="31.79917" lon="-110.78239">
        <ele>1458.1</ele>
      </trkpt>
      <trkpt lat="31.79915" lon="-110.78251">
        <ele>1456.2</ele>
      </trkpt>
      <trkpt lat="31.79913" lon="-110.78272">
        <ele>1453.3</ele>
      </trkpt>
      <trkpt lat="31.79914" lon="-110.7828">
        <ele>1452.8</ele>
      </trkpt>
      <trkpt lat="31.79918" lon="-110.78297">
        <ele>1452.7</ele>
      </trkpt>
      <trkpt lat="31.79926" lon="-110.78312">
        <ele>1456.4</ele>
      </trkpt>
      <trkpt lat="31.7993" lon="-110.78327">
        <ele>1455.7</ele>
      </trkpt>
      <trkpt lat="31.7993" lon="-110.78337">
        <ele>1455.2</ele>
      </trkpt>
      <trkpt lat="31.79929" lon="-110.78345">
        <ele>1456.9</ele>
      </trkpt>
      <trkpt lat="31.79925" lon="-110.78352">
        <ele>1458.7</ele>
      </trkpt>
      <trkpt lat="31.79919" lon="-110.78361">
        <ele>1460.6</ele>
      </trkpt>
      <trkpt lat="31.79914" lon="-110.78374">
        <ele>1465.2</ele>
      </trkpt>
      <trkpt lat="31.79912" lon="-110.7839">
        <ele>1469.0</ele>
      </trkpt>
      <trkpt lat="31.79909" lon="-110.78404">
        <ele>1468.7</ele>
      </trkpt>
      <trkpt lat="31.79907" lon="-110.7841">
        <ele>1467.8</ele>
      </trkpt>
      <trkpt lat="31.79895" lon="-110.78424">
        <ele>1461.3</ele>
      </trkpt>
      <trkpt lat="31.79875" lon="-110.78441">
        <ele>1455.1</ele>
      </trkpt>
      <trkpt lat="31.79864" lon="-110.7846">
        <ele>1449.2</ele>
      </trkpt>
      <trkpt lat="31.79857" lon="-110.78493">
        <ele>1442.9</ele>
      </trkpt>
      <trkpt lat="31.79855" lon="-110.78522">
        <ele>1447.0</ele>
      </trkpt>
      <trkpt lat="31.79852" lon="-110.78546">
        <ele>1442.3</ele>
      </trkpt>
      <trkpt lat="31.79845" lon="-110.78559">
        <ele>1443.3</ele>
      </trkpt>
      <trkpt lat="31.7983" lon="-110.78574">
        <ele>1445.4</ele>
      </trkpt>
      <trkpt lat="31.79823" lon="-110.78589">
        <ele>1443.6</ele>
      </trkpt>
      <trkpt lat="31.7982" lon="-110.78603">
        <ele>1442.5</ele>
      </trkpt>
      <trkpt lat="31.79818" lon="-110.78625">
        <ele>1441.8</ele>
      </trkpt>
      <trkpt lat="31.79814" lon="-110.78647">
        <ele>1445.5</ele>
      </trkpt>
      <trkpt lat="31.79803" lon="-110.78668">
        <ele>1443.0</ele>
      </trkpt>
      <trkpt lat="31.79789" lon="-110.78689">
        <ele>1433.4</ele>
      </trkpt>
      <trkpt lat="31.79784" lon="-110.7871">
        <ele>1431.9</ele>
      </trkpt>
      <trkpt lat="31.79783" lon="-110.7873">
        <ele>1432.5</ele>
      </trkpt>
      <trkpt lat="31.79782" lon="-110.78746">
        <ele>1430.6</ele>
      </trkpt>
      <trkpt lat="31.79777" lon="-110.78759">
        <ele>1430.3</ele>
      </trkpt>
      <trkpt lat="31.79766" lon="-110.78774">
        <ele>1427.8</ele>
      </trkpt>
      <trkpt lat="31.7976" lon="-110.78784">
        <ele>1426.1</ele>
      </trkpt>
      <trkpt lat="31.79756" lon="-110.78816">
        <ele>1428.8</ele>
      </trkpt>
      <trkpt lat="31.79771" lon="-110.78872">
        <ele>1421.9</ele>
      </trkpt>
      <trkpt lat="31.79791" lon="-110.78927">
        <ele>1411.5</ele>
      </trkpt>
      <trkpt lat="31.79808" lon="-110.78976">
        <ele>1416.4</ele>
      </trkpt>
      <trkpt lat="31.79819" lon="-110.79028">
        <ele>1410.3</ele>
      </trkpt>
      <trkpt lat="31.79835" lon="-110.79102">
        <ele>1401.8</ele>
      </trkpt>
      <trkpt lat="31.79845" lon="-110.79129">
        <ele>1401.6</ele>
      </trkpt>
      <trkpt lat="31.79851" lon="-110.79158">
        <ele>1396.9</ele>
      </trkpt>
      <trkpt lat="31.79863" lon="-110.79185">
        <ele>1392.2</ele>
      </trkpt>
      <trkpt lat="31.79871" lon="-110.7921">
        <ele>1392.0</ele>
      </trkpt>
      <trkpt lat="31.79873" lon="-110.79238">
        <ele>1393.8</ele>
      </trkpt>
      <trkpt lat="31.79869" lon="-110.79252">
        <ele>1398.9</ele>
      </trkpt>
      <trkpt lat="31.79865" lon="-110.79262">
        <ele>1397.3</ele>
      </trkpt>
      <trkpt lat="31.79864" lon="-110.79272">
        <ele>1390.9</ele>
      </trkpt>
      <trkpt lat="31.79863" lon="-110.79282">
        <ele>1384.6</ele>
      </trkpt>
      <trkpt lat="31.79865" lon="-110.79295">
        <ele>1379.2</ele>
      </trkpt>
      <trkpt lat="31.79874" lon="-110.79313">
        <ele>1373.6</ele>
      </trkpt>
      <trkpt lat="31.79887" lon="-110.79325">
        <ele>1369.7</ele>
      </trkpt>
      <trkpt lat="31.799" lon="-110.7933">
        <ele>1367.6</ele>
      </trkpt>
      <trkpt lat="31.79915" lon="-110.79328">
        <ele>1365.9</ele>
      </trkpt>
      <trkpt lat="31.79943" lon="-110.79322">
        <ele>1357.8</ele>
      </trkpt>
      <trkpt lat="31.79977" lon="-110.793">
        <ele>1364.8</ele>
      </trkpt>
      <trkpt lat="31.79986" lon="-110.793">
        <ele>1369.7</ele>
      </trkpt>
      <trkpt lat="31.79991" lon="-110.79306">
        <ele>1373.6</ele>
      </trkpt>
      <trkpt lat="31.79993" lon="-110.79317">
        <ele>1375.4</ele>
      </trkpt>
      <trkpt lat="31.79988" lon="-110.7933">
        <ele>1372.0</ele>
      </trkpt>
      <trkpt lat="31.79975" lon="-110.79365">
        <ele>1368.5</ele>
      </trkpt>
      <trkpt lat="31.79964" lon="-110.79395">
        <ele>1367.4</ele>
      </trkpt>
      <trkpt lat="31.79949" lon="-110.79434">
        <ele>1366.8</ele>
      </trkpt>
      <trkpt lat="31.79944" lon="-110.79458">
        <ele>1366.3</ele>
      </trkpt>
      <trkpt lat="31.7994" lon="-110.79473">
        <ele>1362.1</ele>
      </trkpt>
      <trkpt lat="31.7994" lon="-110.79496">
        <ele>1360.3</ele>
      </trkpt>
      <trkpt lat="31.79938" lon="-110.79525">
        <ele>1356.1</ele>
      </trkpt>
      <trkpt lat="31.79941" lon="-110.7957">
        <ele>1350.5</ele>
      </trkpt>
      <trkpt lat="31.79942" lon="-110.79601">
        <ele>1346.2</ele>
      </trkpt>
      <trkpt lat="31.79942" lon="-110.79659">
        <ele>1341.5</ele>
      </trkpt>
      <trkpt lat="31.79944" lon="-110.79692">
        <ele>1342.3</ele>
      </trkpt>
      <trkpt lat="31.7995" lon="-110.79717">
        <ele>1339.7</ele>
      </trkpt>
      <trkpt lat="31.79952" lon="-110.79732">
        <ele>1332.7</ele>
      </trkpt>
      <trkpt lat="31.7995" lon="-110.79742">
        <ele>1329.6</ele>
      </trkpt>
      <trkpt lat="31.79945" lon="-110.79749">
        <ele>1327.8</ele>
      </trkpt>
      <trkpt lat="31.79923" lon="-110.79772">
        <ele>1324.0</ele>
      </trkpt>
      <trkpt lat="31.79923" lon="-110.79784">
        <ele>1325.9</ele>
      </trkpt>
      <trkpt lat="31.79924" lon="-110.79791">
        <ele>1327.0</ele>
      </trkpt>
      <trkpt lat="31.79928" lon="-110.79801">
        <ele>1327.7</ele>
      </trkpt>
      <trkpt lat="31.79939" lon="-110.79819">
        <ele>1326.8</ele>
      </trkpt>
      <trkpt lat="31.79943" lon="-110.79826">
        <ele>1325.9</ele>
      </trkpt>
      <trkpt lat="31.79946" lon="-110.79838">
        <ele>1326.1</ele>
      </trkpt>
      <trkpt lat="31.79946" lon="-110.79857">
        <ele>1327.1</ele>
      </trkpt>
      <trkpt lat="31.79937" lon="-110.79894">
        <ele>1327.7</ele>
      </trkpt>
      <trkpt lat="31.79924" lon="-110.79946">
        <ele>1329.4</ele>
      </trkpt>
      <trkpt lat="31.79917" lon="-110.8">
        <ele>1330.6</ele>
      </trkpt>
      <trkpt lat="31.79919" lon="-110.80149">
        <ele>1326.8</ele>
      </trkpt>
      <trkpt lat="31.7992" lon="-110.80283">
        <ele>1325.9</ele>
      </trkpt>
      <trkpt lat="31.7992" lon="-110.8037">
        <ele>1325.4</ele>
      </trkpt>
      <trkpt lat="31.79918" lon="-110.80438">
        <ele>1322.9</ele>
      </trkpt>
      <trkpt lat="31.79896" lon="-110.80484">
        <ele>1319.8</ele>
      </trkpt>
      <trkpt lat="31.79865" lon="-110.80527">
        <ele>1318.5</ele>
      </trkpt>
      <trkpt lat="31.79828" lon="-110.80569">
        <ele>1322.1</ele>
      </trkpt>
      <trkpt lat="31.79802" lon="-110.80597">
        <ele>1323.3</ele>
      </trkpt>
      <trkpt lat="31.79787" lon="-110.80616">
        <ele>1324.0</ele>
      </trkpt>
      <trkpt lat="31.79779" lon="-110.80633">
        <ele>1324.1</ele>
      </trkpt>
      <trkpt lat="31.79773" lon="-110.80646">
        <ele>1325.0</ele>
      </trkpt>
      <trkpt lat="31.79765" lon="-110.80671">
        <ele>1326.5</ele>
      </trkpt>
      <trkpt lat="31.79761" lon="-110.8069">
        <ele>1327.5</ele>
      </trkpt>
      <trkpt lat="31.79761" lon="-110.80698">
        <ele>1328.0</ele>
      </trkpt>
      <trkpt lat="31.79763" lon="-110.80705">
        <ele>1328.7</ele>
      </trkpt>
      <trkpt lat="31.7977" lon="-110.80712">
        <ele>1329.3</ele>
      </trkpt>
      <trkpt lat="31.79781" lon="-110.80712">
        <ele>1328.5</ele>
      </trkpt>
      <trkpt lat="31.79801" lon="-110.80724">
        <ele>1327.5</ele>
      </trkpt>
      <trkpt lat="31.79809" lon="-110.80735">
        <ele>1327.5</ele>
      </trkpt>
      <trkpt lat="31.79815" lon="-110.80744">
        <ele>1327.4</ele>
      </trkpt>
      <trkpt lat="31.79821" lon="-110.80756">
        <ele>1327.1</ele>
      </trkpt>
      <trkpt lat="31.79829" lon="-110.80776">
        <ele>1325.9</ele>
      </trkpt>
      <trkpt lat="31.79831" lon="-110.80786">
        <ele>1325.1</ele>
      </trkpt>
      <trkpt lat="31.79831" lon="-110.80808">
        <ele>1322.3</ele>
      </trkpt>
      <trkpt lat="31.79826" lon="-110.80829">
        <ele>1319.2</ele>
      </trkpt>
      <trkpt lat="31.79814" lon="-110.80844">
        <ele>1317.8</ele>
      </trkpt>
      <trkpt lat="31.79801" lon="-110.80858">
        <ele>1319.7</ele>
      </trkpt>
      <trkpt lat="31.7979" lon="-110.80881">
        <ele>1318.4</ele>
      </trkpt>
      <trkpt lat="31.79772" lon="-110.80899">
        <ele>1317.3</ele>
      </trkpt>
      <trkpt lat="31.79762" lon="-110.80914">
        <ele>1319.3</ele>
      </trkpt>
      <trkpt lat="31.7976" lon="-110.80922">
        <ele>1320.9</ele>
      </trkpt>
      <trkpt lat="31.7976" lon="-110.80935">
        <ele>1323.9</ele>
      </trkpt>
      <trkpt lat="31.79763" lon="-110.80945">
        <ele>1326.5</ele>
      </trkpt>
      <trkpt lat="31.79769" lon="-110.80955">
        <ele>1328.9</ele>
      </trkpt>
      <trkpt lat="31.79779" lon="-110.80958">
        <ele>1329.6</ele>
      </trkpt>
      <trkpt lat="31.79819" lon="-110.80951">
        <ele>1328.7</ele>
      </trkpt>
      <trkpt lat="31.79852" lon="-110.80941">
        <ele>1327.3</ele>
      </trkpt>
      <trkpt lat="31.79868" lon="-110.80935">
        <ele>1325.2</ele>
      </trkpt>
      <trkpt lat="31.79882" lon="-110.80939">
        <ele>1323.4</ele>
      </trkpt>
      <trkpt lat="31.79894" lon="-110.80952">
        <ele>1323.5</ele>
      </trkpt>
      <trkpt lat="31.79897" lon="-110.80967">
        <ele>1324.1</ele>
      </trkpt>
      <trkpt lat="31.79895" lon="-110.80983">
        <ele>1324.2</ele>
      </trkpt>
      <trkpt lat="31.7988" lon="-110.81009">
        <ele>1325.0</ele>
      </trkpt>
      <trkpt lat="31.79858" lon="-110.81036">
        <ele>1325.6</ele>
      </trkpt>
      <trkpt lat="31.79788" lon="-110.8108">
        <ele>1328.1</ele>
      </trkpt>
      <trkpt lat="31.79739" lon="-110.81151">
        <ele>1328.5</ele>
      </trkpt>
      <trkpt lat="31.7971" lon="-110.81183">
        <ele>1329.6</ele>
      </trkpt>
      <trkpt lat="31.7966" lon="-110.81243">
        <ele>1327.8</ele>
      </trkpt>
      <trkpt lat="31.7962" lon="-110.8137">
        <ele>1324.3</ele>
      </trkpt>
      <trkpt lat="31.7959" lon="-110.81452">
        <ele>1319.7</ele>
      </trkpt>
      <trkpt lat="31.79567" lon="-110.81482">
        <ele>1317.6</ele>
      </trkpt>
      <trkpt lat="31.79525" lon="-110.81515">
        <ele>1316.7</ele>
      </trkpt>
      <trkpt lat="31.79464" lon="-110.81516">
        <ele>1319.6</ele>
      </trkpt>
      <trkpt lat="31.79444" lon="-110.81535">
        <ele>1319.5</ele>
      </trkpt>
      <trkpt lat="31.7942" lon="-110.81605">
        <ele>1316.9</ele>
      </trkpt>
      <trkpt lat="31.79373" lon="-110.81695">
        <ele>1315.9</ele>
      </trkpt>
      <trkpt lat="31.79373" lon="-110.81695">
        <ele>1315.9</ele>
      </trkpt>
      <trkpt lat="31.79529" lon="-110.81954">
        <ele>1297.4</ele>
      </trkpt>
      <trkpt lat="31.79623" lon="-110.82136">
        <ele>1288.4</ele>
      </trkpt>
      <trkpt lat="31.79653" lon="-110.82389">
        <ele>1279.3</ele>
      </trkpt>
      <trkpt lat="31.79718" lon="-110.82627">
        <ele>1269.2</ele>
      </trkpt>
      <trkpt lat="31.79758" lon="-110.82704">
        <ele>1265.9</ele>
      </trkpt>
      <trkpt lat="31.79828" lon="-110.82784">
        <ele>1261.3</ele>
      </trkpt>
      <trkpt lat="31.79855" lon="-110.82846">
        <ele>1257.8</ele>
      </trkpt>
      <trkpt lat="31.7987" lon="-110.82897">
        <ele>1256.5</ele>
      </trkpt>
      <trkpt lat="31.79883" lon="-110.8294">
        <ele>1254.8</ele>
      </trkpt>
      <trkpt lat="31.79933" lon="-110.83023">
        <ele>1251.6</ele>
      </trkpt>
      <trkpt lat="31.79981" lon="-110.83135">
        <ele>1245.8</ele>
      </trkpt>
      <trkpt lat="31.80035" lon="-110.83398">
        <ele>1236.8</ele>
      </trkpt>
      <trkpt lat="31.80051" lon="-110.83438">
        <ele>1235.6</ele>
      </trkpt>
      <trkpt lat="31.80081" lon="-110.83577">
        <ele>1230.5</ele>
      </trkpt>
      <trkpt lat="31.80095" lon="-110.83721">
        <ele>1225.1</ele>
      </trkpt>
      <trkpt lat="31.80135" lon="-110.83916">
        <ele>1218.8</ele>
      </trkpt>
      <trkpt lat="31.80183" lon="-110.84042">
        <ele>1214.4</ele>
      </trkpt>
      <trkpt lat="31.8022" lon="-110.84259">
        <ele>1209.0</ele>
      </trkpt>
      <trkpt lat="31.80292" lon="-110.84523">
        <ele>1198.6</ele>
      </trkpt>
      <trkpt lat="31.80378" lon="-110.84833">
        <ele>1189.1</ele>
      </trkpt>
      <trkpt lat="31.80405" lon="-110.84972">
        <ele>1185.1</ele>
      </trkpt>
      <trkpt lat="31.80406" lon="-110.85152">
        <ele>1179.4</ele>
      </trkpt>
      <trkpt lat="31.80387" lon="-110.8526">
        <ele>1173.8</ele>
      </trkpt>
      <trkpt lat="31.80394" lon="-110.85289">
        <ele>1173.0</ele>
      </trkpt>
      <trkpt lat="31.80386" lon="-110.85437">
        <ele>1171.5</ele>
      </trkpt>
      <trkpt lat="31.80347" lon="-110.85787">
        <ele>1161.3</ele>
      </trkpt>
      <trkpt lat="31.80338" lon="-110.85929">
        <ele>1159.8</ele>
      </trkpt>
      <trkpt lat="31.80299" lon="-110.86061">
        <ele>1155.4</ele>
      </trkpt>
      <trkpt lat="31.80286" lon="-110.86262">
        <ele>1148.9</ele>
      </trkpt>
      <trkpt lat="31.80249" lon="-110.86402">
        <ele>1144.3</ele>
      </trkpt>
      <trkpt lat="31.80275" lon="-110.86655">
        <ele>1134.9</ele>
      </trkpt>
      <trkpt lat="31.803" lon="-110.86765">
        <ele>1133.2</ele>
      </trkpt>
      <trkpt lat="31.80369" lon="-110.86899">
        <ele>1129.5</ele>
      </trkpt>
      <trkpt lat="31.80424" lon="-110.87085">
        <ele>1124.2</ele>
      </trkpt>
      <trkpt lat="31.80454" lon="-110.87163">
        <ele>1122.2</ele>
      </trkpt>
      <trkpt lat="31.80508" lon="-110.87256">
        <ele>1118.7</ele>
      </trkpt>
      <trkpt lat="31.80563" lon="-110.87323">
        <ele>1115.9</ele>
      </trkpt>
      <trkpt lat="31.80645" lon="-110.87402">
        <ele>1112.7</ele>
      </trkpt>
      <trkpt lat="31.80681" lon="-110.87456">
        <ele>1111.5</ele>
      </trkpt>
      <trkpt lat="31.80731" lon="-110.87573">
        <ele>1109.4</ele>
      </trkpt>
      <trkpt lat="31.80781" lon="-110.87738">
        <ele>1105.0</ele>
      </trkpt>
      <trkpt lat="31.80818" lon="-110.87825">
        <ele>1101.9</ele>
      </trkpt>
      <trkpt lat="31.80818" lon="-110.87825">
        <ele>1101.9</ele>
      </trkpt>
      <trkpt lat="31.8089" lon="-110.87992">
        <ele>1097.6</ele>
      </trkpt>
      <trkpt lat="31.80919" lon="-110.88063">
        <ele>1094.7</ele>
      </trkpt>
      <trkpt lat="31.8096" lon="-110.88131">
        <ele>1092.1</ele>
      </trkpt>
      <trkpt lat="31.8101" lon="-110.88183">
        <ele>1090.6</ele>
      </trkpt>
      <trkpt lat="31.8107" lon="-110.88218">
        <ele>1089.2</ele>
      </trkpt>
      <trkpt lat="31.81132" lon="-110.88247">
        <ele>1088.1</ele>
      </trkpt>
      <trkpt lat="31.8121" lon="-110.88282">
        <ele>1086.9</ele>
      </trkpt>
      <trkpt lat="31.81235" lon="-110.88303">
        <ele>1086.5</ele>
      </trkpt>
      <trkpt lat="31.81307" lon="-110.88383">
        <ele>1083.5</ele>
      </trkpt>
      <trkpt lat="31.81359" lon="-110.88417">
        <ele>1081.8</ele>
      </trkpt>
      <trkpt lat="31.81401" lon="-110.88467">
        <ele>1080.4</ele>
      </trkpt>
      <trkpt lat="31.81416" lon="-110.8848">
        <ele>1079.9</ele>
      </trkpt>
      <trkpt lat="31.81467" lon="-110.88553">
        <ele>1076.7</ele>
      </trkpt>
      <trkpt lat="31.81487" lon="-110.88585">
        <ele>1075.6</ele>
      </trkpt>
      <trkpt lat="31.81501" lon="-110.88624">
        <ele>1074.7</ele>
      </trkpt>
      <trkpt lat="31.81519" lon="-110.88701">
        <ele>1073.3</ele>
      </trkpt>
      <trkpt lat="31.81544" lon="-110.88772">
        <ele>1071.5</ele>
      </trkpt>
      <trkpt lat="31.81582" lon="-110.88881">
        <ele>1068.8</ele>
      </trkpt>
      <trkpt lat="31.81606" lon="-110.88921">
        <ele>1067.8</ele>
      </trkpt>
      <trkpt lat="31.81653" lon="-110.88989">
        <ele>1065.5</ele>
      </trkpt>
      <trkpt lat="31.81673" lon="-110.89046">
        <ele>1063.9</ele>
      </trkpt>
      <trkpt lat="31.81711" lon="-110.89181">
        <ele>1060.8</ele>
      </trkpt>
      <trkpt lat="31.81736" lon="-110.89275">
        <ele>1058.5</ele>
      </trkpt>
      <trkpt lat="31.81749" lon="-110.89367">
        <ele>1056.6</ele>
      </trkpt>
      <trkpt lat="31.81773" lon="-110.89578">
        <ele>1051.3</ele>
      </trkpt>
      <trkpt lat="31.8178" lon="-110.8965">
        <ele>1049.7</ele>
      </trkpt>
      <trkpt lat="31.81775" lon="-110.89671">
        <ele>1049.2</ele>
      </trkpt>
      <trkpt lat="31.81741" lon="-110.89706">
        <ele>1048.9</ele>
      </trkpt>
      <trkpt lat="31.81712" lon="-110.89739">
        <ele>1048.8</ele>
      </trkpt>
      <trkpt lat="31.8168" lon="-110.89753">
        <ele>1049.1</ele>
      </trkpt>
      <trkpt lat="31.81666" lon="-110.89767">
        <ele>1048.9</ele>
      </trkpt>
      <trkpt lat="31.81663" lon="-110.8978">
        <ele>1048.7</ele>
      </trkpt>
      <trkpt lat="31.81664" lon="-110.89794">
        <ele>1048.4</ele>
      </trkpt>
      <trkpt lat="31.81668" lon="-110.89802">
        <ele>1048.1</ele>
      </trkpt>
      <trkpt lat="31.81674" lon="-110.89811">
        <ele>1047.9</ele>
      </trkpt>
      <trkpt lat="31.81677" lon="-110.89831">
        <ele>1047.5</ele>
      </trkpt>
      <trkpt lat="31.81667" lon="-110.89884">
        <ele>1046.7</ele>
      </trkpt>
      <trkpt lat="31.81657" lon="-110.8994">
        <ele>1045.8</ele>
      </trkpt>
      <trkpt lat="31.81631" lon="-110.90043">
        <ele>1044.3</ele>
      </trkpt>
      <trkpt lat="31.81604" lon="-110.90177">
        <ele>1042.6</ele>
      </trkpt>
      <trkpt lat="31.81591" lon="-110.90241">
        <ele>1041.4</ele>
      </trkpt>
      <trkpt lat="31.81585" lon="-110.90289">
        <ele>1040.5</ele>
      </trkpt>
      <trkpt lat="31.81576" lon="-110.9038">
        <ele>1038.8</ele>
      </trkpt>
      <trkpt lat="31.81562" lon="-110.90505">
        <ele>1036.3</ele>
      </trkpt>
      <trkpt lat="31.81561" lon="-110.90535">
        <ele>1035.8</ele>
      </trkpt>
      <trkpt lat="31.81554" lon="-110.90615">
        <ele>1034.1</ele>
      </trkpt>
      <trkpt lat="31.81557" lon="-110.90637">
        <ele>1033.7</ele>
      </trkpt>
      <trkpt lat="31.8158" lon="-110.90694">
        <ele>1032.5</ele>
      </trkpt>
      <trkpt lat="31.81591" lon="-110.9072">
        <ele>1031.9</ele>
      </trkpt>
      <trkpt lat="31.81609" lon="-110.90772">
        <ele>1031.0</ele>
      </trkpt>
      <trkpt lat="31.81644" lon="-110.90866">
        <ele>1028.5</ele>
      </trkpt>
      <trkpt lat="31.81665" lon="-110.90931">
        <ele>1027.1</ele>
      </trkpt>
      <trkpt lat="31.81692" lon="-110.91008">
        <ele>1025.7</ele>
      </trkpt>
      <trkpt lat="31.81704" lon="-110.91055">
        <ele>1024.7</ele>
      </trkpt>
      <trkpt lat="31.81714" lon="-110.91087">
        <ele>1023.8</ele>
      </trkpt>
      <trkpt lat="31.81732" lon="-110.91198">
        <ele>1021.2</ele>
      </trkpt>
      <trkpt lat="31.81734" lon="-110.91231">
        <ele>1020.6</ele>
      </trkpt>
      <trkpt lat="31.81735" lon="-110.91253">
        <ele>1020.2</ele>
      </trkpt>
      <trkpt lat="31.8174" lon="-110.91275">
        <ele>1019.7</ele>
      </trkpt>
      <trkpt lat="31.81751" lon="-110.91304">
        <ele>1019.0</ele>
      </trkpt>
      <trkpt lat="31.81787" lon="-110.91379">
        <ele>1016.9</ele>
      </trkpt>
      <trkpt lat="31.81807" lon="-110.91424">
        <ele>1015.4</ele>
      </trkpt>
      <trkpt lat="31.81827" lon="-110.91474">
        <ele>1014.5</ele>
      </trkpt>
      <trkpt lat="31.81868" lon="-110.9157">
        <ele>1012.4</ele>
      </trkpt>
      <trkpt lat="31.81879" lon="-110.91602">
        <ele>1011.5</ele>
      </trkpt>
      <trkpt lat="31.81889" lon="-110.91628">
        <ele>1010.8</ele>
      </trkpt>
      <trkpt lat="31.81897" lon="-110.91647">
        <ele>1010.3</ele>
      </trkpt>
      <trkpt lat="31.81906" lon="-110.91812">
        <ele>1007.4</ele>
      </trkpt>
      <trkpt lat="31.8191" lon="-110.91836">
        <ele>1007.2</ele>
      </trkpt>
      <trkpt lat="31.81912" lon="-110.91839">
        <ele>1007.1</ele>
      </trkpt>
      <trkpt lat="31.81916" lon="-110.91849">
        <ele>1006.9</ele>
      </trkpt>
      <trkpt lat="31.81918" lon="-110.91862">
        <ele>1006.9</ele>
      </trkpt>
      <trkpt lat="31.81918" lon="-110.91876">
        <ele>1006.8</ele>
      </trkpt>
      <trkpt lat="31.81927" lon="-110.91897">
        <ele>1006.4</ele>
      </trkpt>
      <trkpt lat="31.81936" lon="-110.9191">
        <ele>1005.9</ele>
      </trkpt>
      <trkpt lat="31.81936" lon="-110.9191">
        <ele>1005.9</ele>
      </trkpt>
      <trkpt lat="31.81909" lon="-110.91924">
        <ele>1005.8</ele>
      </trkpt>
      <trkpt lat="31.81909" lon="-110.91924">
        <ele>1005.8</ele>
      </trkpt>
      <trkpt lat="31.82064" lon="-110.92161">
        <ele>999.9</ele>
      </trkpt>
      <trkpt lat="31.82194" lon="-110.92349">
        <ele>994.5</ele>
      </trkpt>
      <trkpt lat="31.82267" lon="-110.92454">
        <ele>991.8</ele>
      </trkpt>
      <trkpt lat="31.82371" lon="-110.92597">
        <ele>988.4</ele>
      </trkpt>
      <trkpt lat="31.82447" lon="-110.92704">
        <ele>984.8</ele>
      </trkpt>
      <trkpt lat="31.82637" lon="-110.9298">
        <ele>977.5</ele>
      </trkpt>
      <trkpt lat="31.82754" lon="-110.93145">
        <ele>974.2</ele>
      </trkpt>
      <trkpt lat="31.82828" lon="-110.93251">
        <ele>971.6</ele>
      </trkpt>
      <trkpt lat="31.82946" lon="-110.9342">
        <ele>967.0</ele>
      </trkpt>
      <trkpt lat="31.83294" lon="-110.93921">
        <ele>955.2</ele>
      </trkpt>
      <trkpt lat="31.83335" lon="-110.9398">
        <ele>953.9</ele>
      </trkpt>
      <trkpt lat="31.83376" lon="-110.94042">
        <ele>952.9</ele>
      </trkpt>
      <trkpt lat="31.83393" lon="-110.94078">
        <ele>952.4</ele>
      </trkpt>
      <trkpt lat="31.8341" lon="-110.94117">
        <ele>951.8</ele>
      </trkpt>
      <trkpt lat="31.83453" lon="-110.94227">
        <ele>948.6</ele>
      </trkpt>
      <trkpt lat="31.83524" lon="-110.94409">
        <ele>945.4</ele>
      </trkpt>
      <trkpt lat="31.83539" lon="-110.94445">
        <ele>944.4</ele>
      </trkpt>
      <trkpt lat="31.83549" lon="-110.94462">
        <ele>943.8</ele>
      </trkpt>
      <trkpt lat="31.83567" lon="-110.94491">
        <ele>942.7</ele>
      </trkpt>
      <trkpt lat="31.83596" lon="-110.94537">
        <ele>941.0</ele>
      </trkpt>
      <trkpt lat="31.83617" lon="-110.94569">
        <ele>940.9</ele>
      </trkpt>
      <trkpt lat="31.83642" lon="-110.9461">
        <ele>940.6</ele>
      </trkpt>
      <trkpt lat="31.83669" lon="-110.94652">
        <ele>940.0</ele>
      </trkpt>
      <trkpt lat="31.83702" lon="-110.94705">
        <ele>938.7</ele>
      </trkpt>
      <trkpt lat="31.83724" lon="-110.94739">
        <ele>937.5</ele>
      </trkpt>
      <trkpt lat="31.83753" lon="-110.94784">
        <ele>936.8</ele>
      </trkpt>
      <trkpt lat="31.83785" lon="-110.94835">
        <ele>935.6</ele>
      </trkpt>
      <trkpt lat="31.8382" lon="-110.94891">
        <ele>934.7</ele>
      </trkpt>
      <trkpt lat="31.83848" lon="-110.94935">
        <ele>934.1</ele>
      </trkpt>
      <trkpt lat="31.83863" lon="-110.9496">
        <ele>933.7</ele>
      </trkpt>
      <trkpt lat="31.83874" lon="-110.94978">
        <ele>933.1</ele>
      </trkpt>
      <trkpt lat="31.83882" lon="-110.94993">
        <ele>932.4</ele>
      </trkpt>
      <trkpt lat="31.83903" lon="-110.95036">
        <ele>930.3</ele>
      </trkpt>
      <trkpt lat="31.83912" lon="-110.95062">
        <ele>929.7</ele>
      </trkpt>
      <trkpt lat="31.8393" lon="-110.95122">
        <ele>928.9</ele>
      </trkpt>
      <trkpt lat="31.84052" lon="-110.95542">
        <ele>922.8</ele>
      </trkpt>
      <trkpt lat="31.84059" lon="-110.95563">
        <ele>922.5</ele>
      </trkpt>
      <trkpt lat="31.84066" lon="-110.95589">
        <ele>921.9</ele>
      </trkpt>
      <trkpt lat="31.84071" lon="-110.95606">
        <ele>921.5</ele>
      </trkpt>
      <trkpt lat="31.84083" lon="-110.95649">
        <ele>920.7</ele>
      </trkpt>
      <trkpt lat="31.84117" lon="-110.95764">
        <ele>918.9</ele>
      </trkpt>
      <trkpt lat="31.84167" lon="-110.95934">
        <ele>913.5</ele>
      </trkpt>
      <trkpt lat="31.84188" lon="-110.96007">
        <ele>911.0</ele>
      </trkpt>
      <trkpt lat="31.84207" lon="-110.96069">
        <ele>909.5</ele>
      </trkpt>
      <trkpt lat="31.8422" lon="-110.96104">
        <ele>908.7</ele>
      </trkpt>
      <trkpt lat="31.84221" lon="-110.96104">
        <ele>908.7</ele>
      </trkpt>
      <trkpt lat="31.84234" lon="-110.96135">
        <ele>908.0</ele>
      </trkpt>
      <trkpt lat="31.84246" lon="-110.96158">
        <ele>907.3</ele>
      </trkpt>
      <trkpt lat="31.8426" lon="-110.96181">
        <ele>906.2</ele>
      </trkpt>
      <trkpt lat="31.84281" lon="-110.96215">
        <ele>904.3</ele>
      </trkpt>
      <trkpt lat="31.84296" lon="-110.9624">
        <ele>903.5</ele>
      </trkpt>
      <trkpt lat="31.84323" lon="-110.96284">
        <ele>904.3</ele>
      </trkpt>
      <trkpt lat="31.84344" lon="-110.96317">
        <ele>904.5</ele>
      </trkpt>
      <trkpt lat="31.8436" lon="-110.96342">
        <ele>905.0</ele>
      </trkpt>
      <trkpt lat="31.84375" lon="-110.96368">
        <ele>905.7</ele>
      </trkpt>
      <trkpt lat="31.84393" lon="-110.96398">
        <ele>906.5</ele>
      </trkpt>
      <trkpt lat="31.84413" lon="-110.96431">
        <ele>906.9</ele>
      </trkpt>
      <trkpt lat="31.84476" lon="-110.96534">
        <ele>905.9</ele>
      </trkpt>
      <trkpt lat="31.8449" lon="-110.9656">
        <ele>905.2</ele>
      </trkpt>
      <trkpt lat="31.84511" lon="-110.96595">
        <ele>903.9</ele>
      </trkpt>
      <trkpt lat="31.84533" lon="-110.9663">
        <ele>902.8</ele>
      </trkpt>
      <trkpt lat="31.84549" lon="-110.96657">
        <ele>902.0</ele>
      </trkpt>
      <trkpt lat="31.84566" lon="-110.96685">
        <ele>901.3</ele>
      </trkpt>
      <trkpt lat="31.84577" lon="-110.96705">
        <ele>900.8</ele>
      </trkpt>
      <trkpt lat="31.84591" lon="-110.96729">
        <ele>900.3</ele>
      </trkpt>
      <trkpt lat="31.84604" lon="-110.96748">
        <ele>900.0</ele>
      </trkpt>
      <trkpt lat="31.84618" lon="-110.96768">
        <ele>899.7</ele>
      </trkpt>
      <trkpt lat="31.8464" lon="-110.96789">
        <ele>899.1</ele>
      </trkpt>
      <trkpt lat="31.8467" lon="-110.96814">
        <ele>898.0</ele>
      </trkpt>
      <trkpt lat="31.84814" lon="-110.96931">
        <ele>892.9</ele>
      </trkpt>
      <trkpt lat="31.84825" lon="-110.96943">
        <ele>892.3</ele>
      </trkpt>
      <trkpt lat="31.84835" lon="-110.96952">
        <ele>891.7</ele>
      </trkpt>
      <trkpt lat="31.84849" lon="-110.96968">
        <ele>891.3</ele>
      </trkpt>
      <trkpt lat="31.84861" lon="-110.96985">
        <ele>891.1</ele>
      </trkpt>
      <trkpt lat="31.84883" lon="-110.97019">
        <ele>888.8</ele>
      </trkpt>
      <trkpt lat="31.84909" lon="-110.97051">
        <ele>885.7</ele>
      </trkpt>
      <trkpt lat="31.8493" lon="-110.97073">
        <ele>884.8</ele>
      </trkpt>
      <trkpt lat="31.84963" lon="-110.97112">
        <ele>883.4</ele>
      </trkpt>
      <trkpt lat="31.84982" lon="-110.97137">
        <ele>883.0</ele>
      </trkpt>
      <trkpt lat="31.84992" lon="-110.97153">
        <ele>882.5</ele>
      </trkpt>
      <trkpt lat="31.85006" lon="-110.97179">
        <ele>881.6</ele>
      </trkpt>
      <trkpt lat="31.85016" lon="-110.972">
        <ele>880.9</ele>
      </trkpt>
      <trkpt lat="31.85027" lon="-110.97225">
        <ele>880.1</ele>
      </trkpt>
      <trkpt lat="31.85037" lon="-110.9725">
        <ele>878.9</ele>
      </trkpt>
      <trkpt lat="31.85051" lon="-110.97285">
        <ele>876.0</ele>
      </trkpt>
      <trkpt lat="31.85064" lon="-110.97314">
        <ele>874.9</ele>
      </trkpt>
      <trkpt lat="31.85071" lon="-110.9733">
        <ele>874.6</ele>
      </trkpt>
      <trkpt lat="31.85083" lon="-110.97359">
        <ele>874.4</ele>
      </trkpt>
      <trkpt lat="31.85094" lon="-110.97381">
        <ele>874.1</ele>
      </trkpt>
      <trkpt lat="31.851" lon="-110.97393">
        <ele>874.0</ele>
      </trkpt>
      <trkpt lat="31.8511" lon="-110.97411">
        <ele>873.4</ele>
      </trkpt>
      <trkpt lat="31.85121" lon="-110.97429">
        <ele>872.9</ele>
      </trkpt>
      <trkpt lat="31.85129" lon="-110.9744">
        <ele>873.0</ele>
      </trkpt>
      <trkpt lat="31.8514" lon="-110.97454">
        <ele>873.6</ele>
      </trkpt>
      <trkpt lat="31.85157" lon="-110.9747">
        <ele>874.6</ele>
      </trkpt>
      <trkpt lat="31.85171" lon="-110.97482">
        <ele>875.6</ele>
      </trkpt>
      <trkpt lat="31.85191" lon="-110.97491">
        <ele>874.7</ele>
      </trkpt>
      <trkpt lat="31.85209" lon="-110.97496">
        <ele>874.0</ele>
      </trkpt>
      <trkpt lat="31.85229" lon="-110.97502">
        <ele>873.6</ele>
      </trkpt>
      <trkpt lat="31.85237" lon="-110.97505">
        <ele>873.4</ele>
      </trkpt>
      <trkpt lat="31.85256" lon="-110.97512">
        <ele>872.7</ele>
      </trkpt>
      <trkpt lat="31.85267" lon="-110.97513">
        <ele>872.0</ele>
      </trkpt>
      <trkpt lat="31.85275" lon="-110.97513">
        <ele>871.3</ele>
      </trkpt>
      <trkpt lat="31.8529" lon="-110.97512">
        <ele>870.6</ele>
      </trkpt>
      <trkpt lat="31.853" lon="-110.97509">
        <ele>870.7</ele>
      </trkpt>
      <trkpt lat="31.85311" lon="-110.97505">
        <ele>871.0</ele>
      </trkpt>
      <trkpt lat="31.85325" lon="-110.97501">
        <ele>871.3</ele>
      </trkpt>
      <trkpt lat="31.85344" lon="-110.97493">
        <ele>871.4</ele>
      </trkpt>
      <trkpt lat="31.85363" lon="-110.97485">
        <ele>871.3</ele>
      </trkpt>
      <trkpt lat="31.85489" lon="-110.97434">
        <ele>870.2</ele>
      </trkpt>
      <trkpt lat="31.85511" lon="-110.97426">
        <ele>870.0</ele>
      </trkpt>
      <trkpt lat="31.8552" lon="-110.97422">
        <ele>870.0</ele>
      </trkpt>
      <trkpt lat="31.85527" lon="-110.97421">
        <ele>869.9</ele>
      </trkpt>
      <trkpt lat="31.85534" lon="-110.97421">
        <ele>869.9</ele>
      </trkpt>
      <trkpt lat="31.85541" lon="-110.97422">
        <ele>869.8</ele>
      </trkpt>
      <trkpt lat="31.85556" lon="-110.97428">
        <ele>869.7</ele>
      </trkpt>
      <trkpt lat="31.85564" lon="-110.97433">
        <ele>869.6</ele>
      </trkpt>
      <trkpt lat="31.85573" lon="-110.97441">
        <ele>869.5</ele>
      </trkpt>
      <trkpt lat="31.85582" lon="-110.97452">
        <ele>869.4</ele>
      </trkpt>
      <trkpt lat="31.85591" lon="-110.97463">
        <ele>869.3</ele>
      </trkpt>
      <trkpt lat="31.85603" lon="-110.97477">
        <ele>869.3</ele>
      </trkpt>
      <trkpt lat="31.85629" lon="-110.97506">
        <ele>869.2</ele>
      </trkpt>
      <trkpt lat="31.85639" lon="-110.97515">
        <ele>869.1</ele>
      </trkpt>
      <trkpt lat="31.85645" lon="-110.9752">
        <ele>869.1</ele>
      </trkpt>
      <trkpt lat="31.85645" lon="-110.9752">
        <ele>869.1</ele>
      </trkpt>
      <trkpt lat="31.85647" lon="-110.9753">
        <ele>869.1</ele>
      </trkpt>
      <trkpt lat="31.85656" lon="-110.9754">
        <ele>869.1</ele>
      </trkpt>
      <trkpt lat="31.85656" lon="-110.9754">
        <ele>869.1</ele>
      </trkpt>
      <trkpt lat="31.8564" lon="-110.97568">
        <ele>869.1</ele>
      </trkpt>
      <trkpt lat="31.85628" lon="-110.97592">
        <ele>869.2</ele>
      </trkpt>
      <trkpt lat="31.85623" lon="-110.97601">
        <ele>869.2</ele>
      </trkpt>
      <trkpt lat="31.8562" lon="-110.97608">
        <ele>869.2</ele>
      </trkpt>
      <trkpt lat="31.8561" lon="-110.9763">
        <ele>869.2</ele>
      </trkpt>
      <trkpt lat="31.85604" lon="-110.97645">
        <ele>869.3</ele>
      </trkpt>
      <trkpt lat="31.85599" lon="-110.97656">
        <ele>869.3</ele>
      </trkpt>
      <trkpt lat="31.85587" lon="-110.97685">
        <ele>869.4</ele>
      </trkpt>
      <trkpt lat="31.85563" lon="-110.97741">
        <ele>869.5</ele>
      </trkpt>
      <trkpt lat="31.85544" lon="-110.97785">
        <ele>869.6</ele>
      </trkpt>
      <trkpt lat="31.85488" lon="-110.97918">
        <ele>867.4</ele>
      </trkpt>
      <trkpt lat="31.85443" lon="-110.98022">
        <ele>866.7</ele>
      </trkpt>
      <trkpt lat="31.85384" lon="-110.98161">
        <ele>867.6</ele>
      </trkpt>
      <trkpt lat="31.85334" lon="-110.98278">
        <ele>868.6</ele>
      </trkpt>
      <trkpt lat="31.85297" lon="-110.98366">
        <ele>869.2</ele>
      </trkpt>
      <trkpt lat="31.8528" lon="-110.98406">
        <ele>869.3</ele>
      </trkpt>
      <trkpt lat="31.85262" lon="-110.98447">
        <ele>869.5</ele>
      </trkpt>
      <trkpt lat="31.85254" lon="-110.98469">
        <ele>869.5</ele>
      </trkpt>
      <trkpt lat="31.8525" lon="-110.98483">
        <ele>869.5</ele>
      </trkpt>
      <trkpt lat="31.85248" lon="-110.98489">
        <ele>869.5</ele>
      </trkpt>
      <trkpt lat="31.85241" lon="-110.98515">
        <ele>869.7</ele>
      </trkpt>
      <trkpt lat="31.85239" lon="-110.98526">
        <ele>869.8</ele>
      </trkpt>
      <trkpt lat="31.85234" lon="-110.98554">
        <ele>869.9</ele>
      </trkpt>
      <trkpt lat="31.85228" lon="-110.98589">
        <ele>869.8</ele>
      </trkpt>
      <trkpt lat="31.85222" lon="-110.98636">
        <ele>869.6</ele>
      </trkpt>
      <trkpt lat="31.85216" lon="-110.98693">
        <ele>869.7</ele>
      </trkpt>
      <trkpt lat="31.85215" lon="-110.98704">
        <ele>869.7</ele>
      </trkpt>
      <trkpt lat="31.85214" lon="-110.98723">
        <ele>869.9</ele>
      </trkpt>
      <trkpt lat="31.85214" lon="-110.98723">
        <ele>869.9</ele>
      </trkpt>
      <trkpt lat="31.85209" lon="-110.98731">
        <ele>869.9</ele>
      </trkpt>
      <trkpt lat="31.85208" lon="-110.98734">
        <ele>870.0</ele>
      </trkpt>
      <trkpt lat="31.85208" lon="-110.98739">
        <ele>870.0</ele>
      </trkpt>
      <trkpt lat="31.85203" lon="-110.98781">
        <ele>870.6</ele>
      </trkpt>
      <trkpt lat="31.85191" lon="-110.98932">
        <ele>873.0</ele>
      </trkpt>
      <trkpt lat="31.8519" lon="-110.98934">
        <ele>873.0</ele>
      </trkpt>
      <trkpt lat="31.85188" lon="-110.98967">
        <ele>873.1</ele>
      </trkpt>
      <trkpt lat="31.85186" lon="-110.98987">
        <ele>873.3</ele>
      </trkpt>
      <trkpt lat="31.85177" lon="-110.99061">
        <ele>875.1</ele>
      </trkpt>
      <trkpt lat="31.85174" lon="-110.99092">
        <ele>876.5</ele>
      </trkpt>
      <trkpt lat="31.85167" lon="-110.99139">
        <ele>878.8</ele>
      </trkpt>
      <trkpt lat="31.85164" lon="-110.99159">
        <ele>879.5</ele>
      </trkpt>
      <trkpt lat="31.85155" lon="-110.99231">
        <ele>880.0</ele>
      </trkpt>
      <trkpt lat="31.8515" lon="-110.99278">
        <ele>881.9</ele>
      </trkpt>
      <trkpt lat="31.8515" lon="-110.99278">
        <ele>881.9</ele>
      </trkpt>
      <trkpt lat="31.85114" lon="-110.9928">
        <ele>882.8</ele>
      </trkpt>
      <trkpt lat="31.85091" lon="-110.99281">
        <ele>883.3</ele>
      </trkpt>
      <trkpt lat="31.85086" lon="-110.99281">
        <ele>883.4</ele>
      </trkpt>
      <trkpt lat="31.8508" lon="-110.99283">
        <ele>883.6</ele>
      </trkpt>
      <trkpt lat="31.85075" lon="-110.99284">
        <ele>883.8</ele>
      </trkpt>
      <trkpt lat="31.85068" lon="-110.99286">
        <ele>884.1</ele>
      </trkpt>
      <trkpt lat="31.85058" lon="-110.9929">
        <ele>884.5</ele>
      </trkpt>
      <trkpt lat="31.85052" lon="-110.99293">
        <ele>884.6</ele>
      </trkpt>
      <trkpt lat="31.85037" lon="-110.993">
        <ele>884.7</ele>
      </trkpt>
      <trkpt lat="31.85025" lon="-110.99305">
        <ele>884.7</ele>
      </trkpt>
      <trkpt lat="31.85016" lon="-110.99306">
        <ele>884.7</ele>
      </trkpt>
      <trkpt lat="31.85007" lon="-110.9931">
        <ele>884.7</ele>
      </trkpt>
      <trkpt lat="31.84988" lon="-110.99318">
        <ele>884.8</ele>
      </trkpt>
      <trkpt lat="31.84965" lon="-110.99328">
        <ele>885.9</ele>
      </trkpt>
      <trkpt lat="31.84947" lon="-110.99335">
        <ele>885.7</ele>
      </trkpt>
      <trkpt lat="31.84907" lon="-110.99352">
        <ele>885.2</ele>
      </trkpt>
      <trkpt lat="31.84882" lon="-110.99362">
        <ele>885.1</ele>
      </trkpt>
      <trkpt lat="31.84869" lon="-110.99367">
        <ele>885.0</ele>
      </trkpt>
      <trkpt lat="31.84831" lon="-110.99384">
        <ele>884.9</ele>
      </trkpt>
      <trkpt lat="31.84793" lon="-110.994">
        <ele>884.9</ele>
      </trkpt>
      <trkpt lat="31.84777" lon="-110.99407">
        <ele>884.9</ele>
      </trkpt>
      <trkpt lat="31.84751" lon="-110.99418">
        <ele>885.0</ele>
      </trkpt>
      <trkpt lat="31.84747" lon="-110.99422">
        <ele>885.0</ele>
      </trkpt>
      <trkpt lat="31.84707" lon="-110.99439">
        <ele>884.6</ele>
      </trkpt>
      <trkpt lat="31.84637" lon="-110.99465">
        <ele>882.6</ele>
      </trkpt>
      <trkpt lat="31.84619" lon="-110.99473">
        <ele>882.0</ele>
      </trkpt>
      <trkpt lat="31.84567" lon="-110.99494">
        <ele>883.6</ele>
      </trkpt>
      <trkpt lat="31.84492" lon="-110.99528">
        <ele>883.9</ele>
      </trkpt>
      <trkpt lat="31.84201" lon="-110.99665">
        <ele>884.7</ele>
      </trkpt>
      <trkpt lat="31.8409" lon="-110.99717">
        <ele>884.8</ele>
      </trkpt>
      <trkpt lat="31.84022" lon="-110.99747">
        <ele>884.8</ele>
      </trkpt>
      <trkpt lat="31.83933" lon="-110.99782">
        <ele>884.9</ele>
      </trkpt>
      <trkpt lat="31.83855" lon="-110.99811">
        <ele>885.0</ele>
      </trkpt>
      <trkpt lat="31.83782" lon="-110.99833">
        <ele>887.2</ele>
      </trkpt>
      <trkpt lat="31.83758" lon="-110.99841">
        <ele>887.4</ele>
      </trkpt>
      <trkpt lat="31.83734" lon="-110.99848">
        <ele>887.7</ele>
      </trkpt>
      <trkpt lat="31.83658" lon="-110.99872">
        <ele>888.1</ele>
      </trkpt>
      <trkpt lat="31.8361" lon="-110.99887">
        <ele>890.7</ele>
      </trkpt>
      <trkpt lat="31.8361" lon="-110.99887">
        <ele>890.7</ele>
      </trkpt>
      <trkpt lat="31.83607" lon="-110.9989">
        <ele>890.6</ele>
      </trkpt>
      <trkpt lat="31.83599" lon="-110.99893">
        <ele>890.7</ele>
      </trkpt>
      <trkpt lat="31.83566" lon="-110.99904">
        <ele>890.2</ele>
      </trkpt>
      <trkpt lat="31.83538" lon="-110.99913">
        <ele>890.9</ele>
      </trkpt>
      <trkpt lat="31.83495" lon="-110.99927">
        <ele>891.1</ele>
      </trkpt>
      <trkpt lat="31.83467" lon="-110.99936">
        <ele>891.4</ele>
      </trkpt>
      <trkpt lat="31.83407" lon="-110.99955">
        <ele>892.0</ele>
      </trkpt>
      <trkpt lat="31.83398" lon="-110.99958">
        <ele>892.0</ele>
      </trkpt>
      <trkpt lat="31.83356" lon="-110.99971">
        <ele>891.7</ele>
      </trkpt>
      <trkpt lat="31.833" lon="-110.99989">
        <ele>891.6</ele>
      </trkpt>
      <trkpt lat="31.83273" lon="-110.99997">
        <ele>891.6</ele>
      </trkpt>
      <trkpt lat="31.83255" lon="-111.00003">
        <ele>891.4</ele>
      </trkpt>
      <trkpt lat="31.83223" lon="-111.00013">
        <ele>891.2</ele>
      </trkpt>
      <trkpt lat="31.83217" lon="-111.00012">
        <ele>891.2</ele>
      </trkpt>
      <trkpt lat="31.82978" lon="-111.00088">
        <ele>889.1</ele>
      </trkpt>
      <trkpt lat="31.82978" lon="-111.00088">
        <ele>889.1</ele>
      </trkpt>
      <trkpt lat="31.82973" lon="-111.00092">
        <ele>889.1</ele>
      </trkpt>
      <trkpt lat="31.82944" lon="-111.00102">
        <ele>888.9</ele>
      </trkpt>
      <trkpt lat="31.82901" lon="-111.00116">
        <ele>888.8</ele>
      </trkpt>
      <trkpt lat="31.82885" lon="-111.00122">
        <ele>888.8</ele>
      </trkpt>
      <trkpt lat="31.82876" lon="-111.00124">
        <ele>888.7</ele>
      </trkpt>
      <trkpt lat="31.82811" lon="-111.00144">
        <ele>888.5</ele>
      </trkpt>
      <trkpt lat="31.828" lon="-111.00148">
        <ele>888.6</ele>
      </trkpt>
      <trkpt lat="31.82759" lon="-111.00162">
        <ele>889.7</ele>
      </trkpt>
      <trkpt lat="31.82721" lon="-111.00175">
        <ele>890.4</ele>
      </trkpt>
      <trkpt lat="31.82715" lon="-111.00175">
        <ele>890.4</ele>
      </trkpt>
      <trkpt lat="31.82695" lon="-111.00182">
        <ele>891.8</ele>
      </trkpt>
      <trkpt lat="31.82602" lon="-111.00219">
        <ele>893.9</ele>
      </trkpt>
      <trkpt lat="31.8257" lon="-111.00232">
        <ele>893.8</ele>
      </trkpt>
      <trkpt lat="31.82536" lon="-111.00247">
        <ele>894.1</ele>
      </trkpt>
      <trkpt lat="31.82264" lon="-111.00377">
        <ele>891.8</ele>
      </trkpt>
      <trkpt lat="31.82241" lon="-111.00388">
        <ele>891.6</ele>
      </trkpt>
      <trkpt lat="31.82175" lon="-111.0042">
        <ele>891.5</ele>
      </trkpt>
      <trkpt lat="31.82063" lon="-111.00476">
        <ele>894.7</ele>
      </trkpt>
      <trkpt lat="31.81878" lon="-111.00563">
        <ele>892.8</ele>
      </trkpt>
      <trkpt lat="31.81725" lon="-111.00637">
        <ele>895.7</ele>
      </trkpt>
      <trkpt lat="31.81716" lon="-111.00644">
        <ele>895.8</ele>
      </trkpt>
      <trkpt lat="31.81666" lon="-111.00668">
        <ele>896.1</ele>
      </trkpt>
      <trkpt lat="31.81565" lon="-111.00716">
        <ele>896.2</ele>
      </trkpt>
      <trkpt lat="31.81546" lon="-111.00725">
        <ele>896.2</ele>
      </trkpt>
      <trkpt lat="31.81492" lon="-111.00751">
        <ele>895.3</ele>
      </trkpt>
      <trkpt lat="31.81434" lon="-111.00779">
        <ele>894.9</ele>
      </trkpt>
      <trkpt lat="31.81419" lon="-111.00787">
        <ele>895.1</ele>
      </trkpt>
      <trkpt lat="31.8137" lon="-111.00811">
        <ele>896.0</ele>
      </trkpt>
      <trkpt lat="31.81354" lon="-111.00818">
        <ele>895.7</ele>
      </trkpt>
      <trkpt lat="31.81343" lon="-111.00821">
        <ele>895.4</ele>
      </trkpt>
      <trkpt lat="31.81329" lon="-111.00828">
        <ele>895.5</ele>
      </trkpt>
      <trkpt lat="31.81257" lon="-111.00863">
        <ele>895.4</ele>
      </trkpt>
      <trkpt lat="31.81168" lon="-111.00906">
        <ele>897.0</ele>
      </trkpt>
      <trkpt lat="31.81156" lon="-111.00912">
        <ele>897.0</ele>
      </trkpt>
      <trkpt lat="31.81156" lon="-111.00912">
        <ele>897.0</ele>
      </trkpt>
      <trkpt lat="31.81154" lon="-111.00908">
        <ele>896.9</ele>
      </trkpt>
      <trkpt lat="31.81154" lon="-111.00908">
        <ele>896.9</ele>
      </trkpt>
      <trkpt lat="31.811064" lon="-111.008152">
        <ele>893.8</ele>
      </trkpt>
      <trkpt lat="31.810588" lon="-111.007224">
        <ele>893.7</ele>
      </trkpt>
      <trkpt lat="31.810112" lon="-111.006296">
        <ele>891.7</ele>
      </trkpt>
      <trkpt lat="31.809636" lon="-111.005368">
        <ele>890.0</ele>
      </trkpt>
      <trkpt lat="31.809636" lon="-111.005368">
        <ele>890.0</ele>
      </trkpt>
      <trkpt lat="31.809059" lon="-111.004245">
        <ele>889.2</ele>
      </trkpt>
      <trkpt lat="31.808482" lon="-111.003121">
        <ele>888.3</ele>
      </trkpt>
      <trkpt lat="31.807905" lon="-111.001998">
        <ele>887.9</ele>
      </trkpt>
      <trkpt lat="31.807421" lon="-111.001682">
        <ele>888.1</ele>
      </trkpt>
      <trkpt lat="31.80724" lon="-111.00165">
        <ele>888.2</ele>
      </trkpt>
      <trkpt lat="31.807042" lon="-111.001627">
        <ele>888.3</ele>
      </trkpt>
      <trkpt lat="31.806843" lon="-111.001604">
        <ele>888.3</ele>
      </trkpt>
      <trkpt lat="31.806632" lon="-111.001589">
        <ele>888.3</ele>
      </trkpt>
      <trkpt lat="31.806405" lon="-111.001553">
        <ele>888.4</ele>
      </trkpt>
      <trkpt lat="31.806178" lon="-111.001517">
        <ele>888.5</ele>
      </trkpt>
      <trkpt lat="31.80597" lon="-111.001501">
        <ele>888.5</ele>
      </trkpt>
      <trkpt lat="31.80576" lon="-111.001517">
        <ele>888.4</ele>
      </trkpt>
      <trkpt lat="31.805563" lon="-111.001565">
        <ele>888.3</ele>
      </trkpt>
      <trkpt lat="31.805334" lon="-111.001579">
        <ele>888.3</ele>
      </trkpt>
      <trkpt lat="31.805147" lon="-111.001597">
        <ele>888.3</ele>
      </trkpt>
      <trkpt lat="31.805081" lon="-111.001638">
        <ele>888.4</ele>
      </trkpt>
      <trkpt lat="31.804992" lon="-111.001589">
        <ele>888.3</ele>
      </trkpt>
      <trkpt lat="31.804813" lon="-111.00156">
        <ele>888.5</ele>
      </trkpt>
      <trkpt lat="31.804695" lon="-111.001526">
        <ele>888.4</ele>
      </trkpt>
      <trkpt lat="31.80457" lon="-111.001426">
        <ele>888.3</ele>
      </trkpt>
      <trkpt lat="31.80446" lon="-111.001436">
        <ele>888.4</ele>
      </trkpt>
      <trkpt lat="31.804354" lon="-111.001565">
        <ele>888.5</ele>
      </trkpt>
      <trkpt lat="31.804248" lon="-111.00176">
        <ele>888.6</ele>
      </trkpt>
      <trkpt lat="31.804127" lon="-111.002005">
        <ele>888.8</ele>
      </trkpt>
      <trkpt lat="31.803989" lon="-111.002245">
        <ele>889.1</ele>
      </trkpt>
      <trkpt lat="31.803837" lon="-111.00248">
        <ele>889.5</ele>
      </trkpt>
      <trkpt lat="31.80367" lon="-111.002709">
        <ele>890.6</ele>
      </trkpt>
      <trkpt lat="31.8035" lon="-111.002932">
        <ele>890.7</ele>
      </trkpt>
      <trkpt lat="31.803322" lon="-111.003124">
        <ele>890.6</ele>
      </trkpt>
      <trkpt lat="31.803141" lon="-111.00327">
        <ele>890.4</ele>
      </trkpt>
      <trkpt lat="31.80294" lon="-111.003432">
        <ele>890.4</ele>
      </trkpt>
      <trkpt lat="31.802735" lon="-111.003624">
        <ele>890.8</ele>
      </trkpt>
      <trkpt lat="31.802473" lon="-111.003871">
        <ele>890.9</ele>
      </trkpt>
      <trkpt lat="31.802322" lon="-111.004006">
        <ele>891.0</ele>
      </trkpt>
      <trkpt lat="31.802164" lon="-111.004156">
        <ele>891.0</ele>
      </trkpt>
      <trkpt lat="31.802008" lon="-111.004309">
        <ele>891.0</ele>
      </trkpt>
      <trkpt lat="31.801849" lon="-111.004462">
        <ele>891.1</ele>
      </trkpt>
      <trkpt lat="31.801672" lon="-111.004622">
        <ele>891.2</ele>
      </trkpt>
      <trkpt lat="31.801493" lon="-111.004788">
        <ele>891.2</ele>
      </trkpt>
      <trkpt lat="31.801304" lon="-111.004992">
        <ele>891.5</ele>
      </trkpt>
      <trkpt lat="31.801138" lon="-111.005245">
        <ele>891.6</ele>
      </trkpt>
      <trkpt lat="31.800986" lon="-111.005551">
        <ele>892.2</ele>
      </trkpt>
      <trkpt lat="31.800865" lon="-111.005886">
        <ele>892.7</ele>
      </trkpt>
      <trkpt lat="31.800701" lon="-111.006248">
        <ele>892.9</ele>
      </trkpt>
      <trkpt lat="31.8005" lon="-111.00655">
        <ele>893.0</ele>
      </trkpt>
      <trkpt lat="31.8003" lon="-111.006852">
        <ele>893.0</ele>
      </trkpt>
      <trkpt lat="31.800135" lon="-111.007188">
        <ele>893.1</ele>
      </trkpt>
      <trkpt lat="31.799971" lon="-111.007525">
        <ele>893.3</ele>
      </trkpt>
      <trkpt lat="31.799768" lon="-111.007828">
        <ele>893.3</ele>
      </trkpt>
      <trkpt lat="31.799601" lon="-111.008127">
        <ele>893.3</ele>
      </trkpt>
      <trkpt lat="31.799461" lon="-111.008473">
        <ele>893.4</ele>
      </trkpt>
      <trkpt lat="31.799265" lon="-111.008779">
        <ele>893.3</ele>
      </trkpt>
      <trkpt lat="31.799101" lon="-111.009093">
        <ele>893.4</ele>
      </trkpt>
      <trkpt lat="31.798923" lon="-111.009448">
        <ele>893.4</ele>
      </trkpt>
      <trkpt lat="31.798745" lon="-111.009844">
        <ele>893.5</ele>
      </trkpt>
      <trkpt lat="31.798576" lon="-111.010302">
        <ele>893.4</ele>
      </trkpt>
      <trkpt lat="31.798382" lon="-111.010718">
        <ele>893.4</ele>
      </trkpt>
      <trkpt lat="31.79817" lon="-111.011106">
        <ele>893.4</ele>
      </trkpt>
      <trkpt lat="31.797958" lon="-111.011488">
        <ele>893.5</ele>
      </trkpt>
      <trkpt lat="31.797772" lon="-111.011729">
        <ele>893.5</ele>
      </trkpt>
      <trkpt lat="31.797525" lon="-111.011937">
        <ele>893.5</ele>
      </trkpt>
      <trkpt lat="31.797301" lon="-111.012125">
        <ele>893.4</ele>
      </trkpt>
      <trkpt lat="31.797001" lon="-111.012346">
        <ele>893.3</ele>
      </trkpt>
      <trkpt lat="31.796782" lon="-111.01253">
        <ele>893.3</ele>
      </trkpt>
      <trkpt lat="31.796564" lon="-111.012714">
        <ele>893.4</ele>
      </trkpt>
      <trkpt lat="31.796371" lon="-111.01288">
        <ele>893.4</ele>
      </trkpt>
      <trkpt lat="31.796158" lon="-111.01302">
        <ele>893.4</ele>
      </trkpt>
      <trkpt lat="31.795941" lon="-111.013127">
        <ele>893.4</ele>
      </trkpt>
      <trkpt lat="31.795724" lon="-111.013178">
        <ele>893.5</ele>
      </trkpt>
      <trkpt lat="31.795507" lon="-111.013206">
        <ele>893.5</ele>
      </trkpt>
      <trkpt lat="31.795293" lon="-111.013226">
        <ele>893.5</ele>
      </trkpt>
      <trkpt lat="31.79508" lon="-111.013246">
        <ele>893.4</ele>
      </trkpt>
      <trkpt lat="31.794861" lon="-111.013265">
        <ele>893.4</ele>
      </trkpt>
      <trkpt lat="31.794638" lon="-111.013286">
        <ele>893.4</ele>
      </trkpt>
      <trkpt lat="31.794417" lon="-111.013289">
        <ele>893.3</ele>
      </trkpt>
      <trkpt lat="31.794203" lon="-111.013305">
        <ele>893.3</ele>
      </trkpt>
      <trkpt lat="31.794045" lon="-111.013392">
        <ele>893.3</ele>
      </trkpt>
      <trkpt lat="31.793885" lon="-111.013419">
        <ele>893.4</ele>
      </trkpt>
      <trkpt lat="31.793716" lon="-111.013442">
        <ele>893.4</ele>
      </trkpt>
      <trkpt lat="31.793547" lon="-111.013465">
        <ele>893.4</ele>
      </trkpt>
      <trkpt lat="31.793361" lon="-111.013497">
        <ele>893.5</ele>
      </trkpt>
      <trkpt lat="31.793165" lon="-111.013535">
        <ele>893.5</ele>
      </trkpt>
      <trkpt lat="31.792981" lon="-111.013631">
        <ele>893.6</ele>
      </trkpt>
      <trkpt lat="31.792787" lon="-111.013756">
        <ele>893.7</ele>
      </trkpt>
      <trkpt lat="31.792579" lon="-111.013886">
        <ele>893.8</ele>
      </trkpt>
      <trkpt lat="31.792364" lon="-111.014">
        <ele>893.8</ele>
      </trkpt>
      <trkpt lat="31.792141" lon="-111.014117">
        <ele>893.9</ele>
      </trkpt>
      <trkpt lat="31.791913" lon="-111.014177">
        <ele>893.9</ele>
      </trkpt>
      <trkpt lat="31.791681" lon="-111.014232">
        <ele>894.0</ele>
      </trkpt>
      <trkpt lat="31.791451" lon="-111.014316">
        <ele>894.0</ele>
      </trkpt>
      <trkpt lat="31.791218" lon="-111.014408">
        <ele>894.0</ele>
      </trkpt>
      <trkpt lat="31.790995" lon="-111.014492">
        <ele>894.0</ele>
      </trkpt>
      <trkpt lat="31.790794" lon="-111.014554">
        <ele>894.2</ele>
      </trkpt>
      <trkpt lat="31.790605" lon="-111.014636">
        <ele>894.2</ele>
      </trkpt>
      <trkpt lat="31.790406" lon="-111.014733">
        <ele>894.1</ele>
      </trkpt>
      <trkpt lat="31.790191" lon="-111.014857">
        <ele>894.1</ele>
      </trkpt>
      <trkpt lat="31.79" lon="-111.014961">
        <ele>894.3</ele>
      </trkpt>
      <trkpt lat="31.789796" lon="-111.015045">
        <ele>894.4</ele>
      </trkpt>
      <trkpt lat="31.789602" lon="-111.015152">
        <ele>894.7</ele>
      </trkpt>
      <trkpt lat="31.789403" lon="-111.015271">
        <ele>894.9</ele>
      </trkpt>
      <trkpt lat="31.789205" lon="-111.015397">
        <ele>895.2</ele>
      </trkpt>
      <trkpt lat="31.78901" lon="-111.015518">
        <ele>895.6</ele>
      </trkpt>
      <trkpt lat="31.788439" lon="-111.015859">
        <ele>896.1</ele>
      </trkpt>
      <trkpt lat="31.788439" lon="-111.015859">
        <ele>896.1</ele>
      </trkpt>
      <trkpt lat="31.787217" lon="-111.016658">
        <ele>896.7</ele>
      </trkpt>
      <trkpt lat="31.786798" lon="-111.017033">
        <ele>896.8</ele>
      </trkpt>
      <trkpt lat="31.786127" lon="-111.017473">
        <ele>896.9</ele>
      </trkpt>
      <trkpt lat="31.785558" lon="-111.01779">
        <ele>896.9</ele>
      </trkpt>
      <trkpt lat="31.784933" lon="-111.01801">
        <ele>896.8</ele>
      </trkpt>
      <trkpt lat="31.784262" lon="-111.018251">
        <ele>897.0</ele>
      </trkpt>
      <trkpt lat="31.783692" lon="-111.018654">
        <ele>897.6</ele>
      </trkpt>
      <trkpt lat="31.783346" lon="-111.019045">
        <ele>897.7</ele>
      </trkpt>
      <trkpt lat="31.782721" lon="-111.019372">
        <ele>898.7</ele>
      </trkpt>
      <trkpt lat="31.782297" lon="-111.019512">
        <ele>899.6</ele>
      </trkpt>
      <trkpt lat="31.781837" lon="-111.019512">
        <ele>898.3</ele>
      </trkpt>
      <trkpt lat="31.781467" lon="-111.019705">
        <ele>897.7</ele>
      </trkpt>
      <trkpt lat="31.781025" lon="-111.019834">
        <ele>898.3</ele>
      </trkpt>
      <trkpt lat="31.780332" lon="-111.020257">
        <ele>898.9</ele>
      </trkpt>
      <trkpt lat="31.77973" lon="-111.020671">
        <ele>899.5</ele>
      </trkpt>
      <trkpt lat="31.779114" lon="-111.02118">
        <ele>899.9</ele>
      </trkpt>
      <trkpt lat="31.778854" lon="-111.021422">
        <ele>900.0</ele>
      </trkpt>
      <trkpt lat="31.778672" lon="-111.022097">
        <ele>899.8</ele>
      </trkpt>
      <trkpt lat="31.778448" lon="-111.022629">
        <ele>901.1</ele>
      </trkpt>
      <trkpt lat="31.778216" lon="-111.022993">
        <ele>902.0</ele>
      </trkpt>
      <trkpt lat="31.777637" lon="-111.023396">
        <ele>902.9</ele>
      </trkpt>
      <trkpt lat="31.777007" lon="-111.02383">
        <ele>903.5</ele>
      </trkpt>
      <trkpt lat="31.776921" lon="-111.0239">
        <ele>903.5</ele>
      </trkpt>
      <trkpt lat="31.776779" lon="-111.023857">
        <ele>903.4</ele>
      </trkpt>
      <trkpt lat="31.776579" lon="-111.023954">
        <ele>903.3</ele>
      </trkpt>
      <trkpt lat="31.776433" lon="-111.024007">
        <ele>903.1</ele>
      </trkpt>
      <trkpt lat="31.776332" lon="-111.0242">
        <ele>902.9</ele>
      </trkpt>
      <trkpt lat="31.776209" lon="-111.024383">
        <ele>902.7</ele>
      </trkpt>
      <trkpt lat="31.775949" lon="-111.024447">
        <ele>902.5</ele>
      </trkpt>
      <trkpt lat="31.775863" lon="-111.024565">
        <ele>902.5</ele>
      </trkpt>
      <trkpt lat="31.775648" lon="-111.024667">
        <ele>902.6</ele>
      </trkpt>
      <trkpt lat="31.775283" lon="-111.024855">
        <ele>903.0</ele>
      </trkpt>
      <trkpt lat="31.775115" lon="-111.025005">
        <ele>903.0</ele>
      </trkpt>
      <trkpt lat="31.774969" lon="-111.025241">
        <ele>903.0</ele>
      </trkpt>
      <trkpt lat="31.774353" lon="-111.025761">
        <ele>902.5</ele>
      </trkpt>
      <trkpt lat="31.773706" lon="-111.026314">
        <ele>902.6</ele>
      </trkpt>
      <trkpt lat="31.772985" lon="-111.026866">
        <ele>903.6</ele>
      </trkpt>
      <trkpt lat="31.77231" lon="-111.02744">
        <ele>905.5</ele>
      </trkpt>
      <trkpt lat="31.771635" lon="-111.027993">
        <ele>905.6</ele>
      </trkpt>
      <trkpt lat="31.77096" lon="-111.028556">
        <ele>905.8</ele>
      </trkpt>
      <trkpt lat="31.770285" lon="-111.029119">
        <ele>905.8</ele>
      </trkpt>
      <trkpt lat="31.769642" lon="-111.029586">
        <ele>905.7</ele>
      </trkpt>
      <trkpt lat="31.769295" lon="-111.029592">
        <ele>905.1</ele>
      </trkpt>
      <trkpt lat="31.768858" lon="-111.029441">
        <ele>904.8</ele>
      </trkpt>
      <trkpt lat="31.768516" lon="-111.029415">
        <ele>904.6</ele>
      </trkpt>
      <trkpt lat="31.767964" lon="-111.029715">
        <ele>904.9</ele>
      </trkpt>
      <trkpt lat="31.767257" lon="-111.030074">
        <ele>905.1</ele>
      </trkpt>
      <trkpt lat="31.7665" lon="-111.030402">
        <ele>905.7</ele>
      </trkpt>
      <trkpt lat="31.76567" lon="-111.030729">
        <ele>906.4</ele>
      </trkpt>
      <trkpt lat="31.764986" lon="-111.03089">
        <ele>906.8</ele>
      </trkpt>
      <trkpt lat="31.764338" lon="-111.031094">
        <ele>907.1</ele>
      </trkpt>
      <trkpt lat="31.76369" lon="-111.031297">
        <ele>907.2</ele>
      </trkpt>
      <trkpt lat="31.763033" lon="-111.031496">
        <ele>907.3</ele>
      </trkpt>
      <trkpt lat="31.762377" lon="-111.031694">
        <ele>907.5</ele>
      </trkpt>
      <trkpt lat="31.761715" lon="-111.031898">
        <ele>907.8</ele>
      </trkpt>
      <trkpt lat="31.7611" lon="-111.032258">
        <ele>908.1</ele>
      </trkpt>
      <trkpt lat="31.760479" lon="-111.032617">
        <ele>908.2</ele>
      </trkpt>
      <trkpt lat="31.759772" lon="-111.032826">
        <ele>908.2</ele>
      </trkpt>
      <trkpt lat="31.759042" lon="-111.032944">
        <ele>908.3</ele>
      </trkpt>
      <trkpt lat="31.758263" lon="-111.033148">
        <ele>908.7</ele>
      </trkpt>
      <trkpt lat="31.757619" lon="-111.03354">
        <ele>909.0</ele>
      </trkpt>
      <trkpt lat="31.75694" lon="-111.033915">
        <ele>909.3</ele>
      </trkpt>
      <trkpt lat="31.756301" lon="-111.034377">
        <ele>910.0</ele>
      </trkpt>
      <trkpt lat="31.755626" lon="-111.034817">
        <ele>910.6</ele>
      </trkpt>
      <trkpt lat="31.755175" lon="-111.035251">
        <ele>911.0</ele>
      </trkpt>
      <trkpt lat="31.754782" lon="-111.035766">
        <ele>911.5</ele>
      </trkpt>
      <trkpt lat="31.754568" lon="-111.036238">
        <ele>911.8</ele>
      </trkpt>
      <trkpt lat="31.754048" lon="-111.036367">
        <ele>911.9</ele>
      </trkpt>
      <trkpt lat="31.753373" lon="-111.036592">
        <ele>911.8</ele>
      </trkpt>
      <trkpt lat="31.753131" lon="-111.036474">
        <ele>911.5</ele>
      </trkpt>
      <trkpt lat="31.752752" lon="-111.036469">
        <ele>911.3</ele>
      </trkpt>
      <trkpt lat="31.752223" lon="-111.03671">
        <ele>911.0</ele>
      </trkpt>
      <trkpt lat="31.751585" lon="-111.036978">
        <ele>911.0</ele>
      </trkpt>
      <trkpt lat="31.7509" lon="-111.037209">
        <ele>911.0</ele>
      </trkpt>
      <trkpt lat="31.750253" lon="-111.037531">
        <ele>911.6</ele>
      </trkpt>
      <trkpt lat="31.749746" lon="-111.037686">
        <ele>912.2</ele>
      </trkpt>
      <trkpt lat="31.749158" lon="-111.037611">
        <ele>912.7</ele>
      </trkpt>
      <trkpt lat="31.748565" lon="-111.037531">
        <ele>913.4</ele>
      </trkpt>
      <trkpt lat="31.747958" lon="-111.037418">
        <ele>914.6</ele>
      </trkpt>
      <trkpt lat="31.747347" lon="-111.037295">
        <ele>915.2</ele>
      </trkpt>
      <trkpt lat="31.746722" lon="-111.037171">
        <ele>915.3</ele>
      </trkpt>
      <trkpt lat="31.746234" lon="-111.037021">
        <ele>915.3</ele>
      </trkpt>
      <trkpt lat="31.74607" lon="-111.037429">
        <ele>915.3</ele>
      </trkpt>
      <trkpt lat="31.746147" lon="-111.037799">
        <ele>915.4</ele>
      </trkpt>
      <trkpt lat="31.746206" lon="-111.037965">
        <ele>915.5</ele>
      </trkpt>
      <trkpt lat="31.746092" lon="-111.038384">
        <ele>915.4</ele>
      </trkpt>
      <trkpt lat="31.746015" lon="-111.038636">
        <ele>915.4</ele>
      </trkpt>
      <trkpt lat="31.745928" lon="-111.038647">
        <ele>915.3</ele>
      </trkpt>
      <trkpt lat="31.74588" lon="-111.03868">
        <ele>915.3</ele>
      </trkpt>
      <trkpt lat="31.74573" lon="-111.03839">
        <ele>915.2</ele>
      </trkpt>
      <trkpt lat="31.7452" lon="-111.03738">
        <ele>915.2</ele>
      </trkpt>
      <trkpt lat="31.745" lon="-111.037">
        <ele>915.2</ele>
      </trkpt>
      <trkpt lat="31.74356" lon="-111.03424">
        <ele>915.2</ele>
      </trkpt>
      <trkpt lat="31.74324" lon="-111.03364">
        <ele>916.4</ele>
      </trkpt>
      <trkpt lat="31.74307" lon="-111.03332">
        <ele>918.4</ele>
      </trkpt>
      <trkpt lat="31.74221" lon="-111.03153">
        <ele>923.1</ele>
      </trkpt>
      <trkpt lat="31.73758" lon="-111.02239">
        <ele>943.1</ele>
      </trkpt>
      <trkpt lat="31.73758" lon="-111.02239">
        <ele>943.1</ele>
      </trkpt>
      <trkpt lat="31.73758" lon="-111.02239">
        <ele>943.1</ele>
      </trkpt>
      <trkpt lat="31.73717" lon="-111.02243">
        <ele>944.4</ele>
      </trkpt>
      <trkpt lat="31.73675" lon="-111.0225">
        <ele>945.9</ele>
      </trkpt>
      <trkpt lat="31.73644" lon="-111.02251">
        <ele>947.1</ele>
      </trkpt>
      <trkpt lat="31.73626" lon="-111.02247">
        <ele>948.0</ele>
      </trkpt>
      <trkpt lat="31.73614" lon="-111.02244">
        <ele>948.5</ele>
      </trkpt>
      <trkpt lat="31.73591" lon="-111.02231">
        <ele>949.8</ele>
      </trkpt>
      <trkpt lat="31.73569" lon="-111.0221">
        <ele>951.2</ele>
      </trkpt>
      <trkpt lat="31.73533" lon="-111.02175">
        <ele>952.7</ele>
      </trkpt>
      <trkpt lat="31.73474" lon="-111.02117">
        <ele>953.9</ele>
      </trkpt>
      <trkpt lat="31.73419" lon="-111.02062">
        <ele>957.2</ele>
      </trkpt>
      <trkpt lat="31.73338" lon="-111.01982">
        <ele>959.6</ele>
      </trkpt>
      <trkpt lat="31.73281" lon="-111.01926">
        <ele>961.0</ele>
      </trkpt>
      <trkpt lat="31.73192" lon="-111.01837">
        <ele>965.2</ele>
      </trkpt>
      <trkpt lat="31.73058" lon="-111.01721">
        <ele>970.4</ele>
      </trkpt>
      <trkpt lat="31.72964" lon="-111.01653">
        <ele>973.6</ele>
      </trkpt>
      <trkpt lat="31.72861" lon="-111.01572">
        <ele>977.4</ele>
      </trkpt>
      <trkpt lat="31.72825" lon="-111.01546">
        <ele>977.1</ele>
      </trkpt>
      <trkpt lat="31.72773" lon="-111.01512">
        <ele>978.8</ele>
      </trkpt>
      <trkpt lat="31.72686" lon="-111.01469">
        <ele>983.1</ele>
      </trkpt>
      <trkpt lat="31.72643" lon="-111.01453">
        <ele>983.7</ele>
      </trkpt>
      <trkpt lat="31.72447" lon="-111.01383">
        <ele>989.3</ele>
      </trkpt>
      <trkpt lat="31.72423" lon="-111.01374">
        <ele>989.1</ele>
      </trkpt>
      <trkpt lat="31.72401" lon="-111.01365">
        <ele>988.5</ele>
      </trkpt>
      <trkpt lat="31.72359" lon="-111.01348">
        <ele>986.7</ele>
      </trkpt>
      <trkpt lat="31.7226" lon="-111.01304">
        <ele>981.9</ele>
      </trkpt>
      <trkpt lat="31.72239" lon="-111.01295">
        <ele>980.8</ele>
      </trkpt>
      <trkpt lat="31.72196" lon="-111.01276">
        <ele>982.6</ele>
      </trkpt>
      <trkpt lat="31.72161" lon="-111.0126">
        <ele>987.8</ele>
      </trkpt>
      <trkpt lat="31.72119" lon="-111.01244">
        <ele>989.7</ele>
      </trkpt>
      <trkpt lat="31.72094" lon="-111.01236">
        <ele>990.2</ele>
      </trkpt>
      <trkpt lat="31.72067" lon="-111.01228">
        <ele>990.9</ele>
      </trkpt>
      <trkpt lat="31.72" lon="-111.01214">
        <ele>991.0</ele>
      </trkpt>
      <trkpt lat="31.7191" lon="-111.01195">
        <ele>995.0</ele>
      </trkpt>
      <trkpt lat="31.71756" lon="-111.01161">
        <ele>1000.1</ele>
      </trkpt>
      <trkpt lat="31.71725" lon="-111.01151">
        <ele>1001.2</ele>
      </trkpt>
      <trkpt lat="31.71706" lon="-111.01141">
        <ele>1001.8</ele>
      </trkpt>
      <trkpt lat="31.71686" lon="-111.01126">
        <ele>1002.5</ele>
      </trkpt>
      <trkpt lat="31.71673" lon="-111.01114">
        <ele>1003.1</ele>
      </trkpt>
      <trkpt lat="31.71654" lon="-111.01094">
        <ele>1004.1</ele>
      </trkpt>
      <trkpt lat="31.71627" lon="-111.01062">
        <ele>1005.8</ele>
      </trkpt>
      <trkpt lat="31.71597" lon="-111.01024">
        <ele>1007.4</ele>
      </trkpt>
      <trkpt lat="31.71586" lon="-111.01009">
        <ele>1007.8</ele>
      </trkpt>
      <trkpt lat="31.71572" lon="-111.00997">
        <ele>1008.2</ele>
      </trkpt>
      <trkpt lat="31.7155" lon="-111.00979">
        <ele>1008.6</ele>
      </trkpt>
      <trkpt lat="31.71528" lon="-111.00966">
        <ele>1009.0</ele>
      </trkpt>
      <trkpt lat="31.71508" lon="-111.00957">
        <ele>1009.8</ele>
      </trkpt>
      <trkpt lat="31.71475" lon="-111.00947">
        <ele>1011.3</ele>
      </trkpt>
      <trkpt lat="31.71411" lon="-111.00929">
        <ele>1015.1</ele>
      </trkpt>
      <trkpt lat="31.71268" lon="-111.00894">
        <ele>1023.9</ele>
      </trkpt>
      <trkpt lat="31.71237" lon="-111.00885">
        <ele>1025.7</ele>
      </trkpt>
      <trkpt lat="31.71205" lon="-111.00875">
        <ele>1028.4</ele>
      </trkpt>
      <trkpt lat="31.71175" lon="-111.0086">
        <ele>1031.7</ele>
      </trkpt>
      <trkpt lat="31.71115" lon="-111.00822">
        <ele>1035.9</ele>
      </trkpt>
      <trkpt lat="31.71079" lon="-111.00799">
        <ele>1037.5</ele>
      </trkpt>
      <trkpt lat="31.7105" lon="-111.0078">
        <ele>1038.4</ele>
      </trkpt>
      <trkpt lat="31.7102" lon="-111.00766">
        <ele>1038.6</ele>
      </trkpt>
      <trkpt lat="31.70991" lon="-111.00758">
        <ele>1037.9</ele>
      </trkpt>
      <trkpt lat="31.70953" lon="-111.00753">
        <ele>1037.7</ele>
      </trkpt>
      <trkpt lat="31.70896" lon="-111.00745">
        <ele>1038.9</ele>
      </trkpt>
      <trkpt lat="31.70861" lon="-111.00739">
        <ele>1040.4</ele>
      </trkpt>
      <trkpt lat="31.70826" lon="-111.00726">
        <ele>1041.7</ele>
      </trkpt>
      <trkpt lat="31.708" lon="-111.00712">
        <ele>1042.8</ele>
      </trkpt>
      <trkpt lat="31.70764" lon="-111.00687">
        <ele>1044.8</ele>
      </trkpt>
      <trkpt lat="31.70691" lon="-111.00625">
        <ele>1047.3</ele>
      </trkpt>
      <trkpt lat="31.70618" lon="-111.00568">
        <ele>1051.2</ele>
      </trkpt>
      <trkpt lat="31.70553" lon="-111.00522">
        <ele>1053.9</ele>
      </trkpt>
      <trkpt lat="31.70477" lon="-111.00478">
        <ele>1053.6</ele>
      </trkpt>
      <trkpt lat="31.70414" lon="-111.00444">
        <ele>1052.4</ele>
      </trkpt>
      <trkpt lat="31.7038" lon="-111.00426">
        <ele>1055.6</ele>
      </trkpt>
      <trkpt lat="31.70344" lon="-111.00408">
        <ele>1057.8</ele>
      </trkpt>
      <trkpt lat="31.70281" lon="-111.00381">
        <ele>1062.1</ele>
      </trkpt>
      <trkpt lat="31.70212" lon="-111.00362">
        <ele>1064.7</ele>
      </trkpt>
      <trkpt lat="31.70135" lon="-111.00339">
        <ele>1068.1</ele>
      </trkpt>
      <trkpt lat="31.70099" lon="-111.00319">
        <ele>1070.0</ele>
      </trkpt>
      <trkpt lat="31.7006" lon="-111.00284">
        <ele>1071.5</ele>
      </trkpt>
      <trkpt lat="31.70035" lon="-111.00249">
        <ele>1071.9</ele>
      </trkpt>
      <trkpt lat="31.70014" lon="-111.00208">
        <ele>1072.8</ele>
      </trkpt>
      <trkpt lat="31.69966" lon="-111.00047">
        <ele>1076.8</ele>
      </trkpt>
      <trkpt lat="31.69934" lon="-110.99945">
        <ele>1076.8</ele>
      </trkpt>
      <trkpt lat="31.69904" lon="-110.99845">
        <ele>1076.3</ele>
      </trkpt>
      <trkpt lat="31.69881" lon="-110.99785">
        <ele>1076.2</ele>
      </trkpt>
      <trkpt lat="31.69861" lon="-110.99716">
        <ele>1077.2</ele>
      </trkpt>
      <trkpt lat="31.69833" lon="-110.99628">
        <ele>1081.1</ele>
      </trkpt>
      <trkpt lat="31.69816" lon="-110.99584">
        <ele>1085.2</ele>
      </trkpt>
      <trkpt lat="31.69799" lon="-110.9955">
        <ele>1087.3</ele>
      </trkpt>
      <trkpt lat="31.69777" lon="-110.99512">
        <ele>1088.8</ele>
      </trkpt>
      <trkpt lat="31.69759" lon="-110.99486">
        <ele>1089.7</ele>
      </trkpt>
      <trkpt lat="31.69735" lon="-110.99459">
        <ele>1090.7</ele>
      </trkpt>
      <trkpt lat="31.69706" lon="-110.9943">
        <ele>1094.3</ele>
      </trkpt>
      <trkpt lat="31.69588" lon="-110.99311">
        <ele>1104.5</ele>
      </trkpt>
      <trkpt lat="31.69561" lon="-110.99283">
        <ele>1106.7</ele>
      </trkpt>
      <trkpt lat="31.69534" lon="-110.99247">
        <ele>1109.0</ele>
      </trkpt>
      <trkpt lat="31.69498" lon="-110.99185">
        <ele>1112.9</ele>
      </trkpt>
      <trkpt lat="31.69449" lon="-110.99109">
        <ele>1116.4</ele>
      </trkpt>
      <trkpt lat="31.69424" lon="-110.99068">
        <ele>1116.7</ele>
      </trkpt>
      <trkpt lat="31.69408" lon="-110.99039">
        <ele>1117.4</ele>
      </trkpt>
      <trkpt lat="31.69402" lon="-110.99024">
        <ele>1117.9</ele>
      </trkpt>
      <trkpt lat="31.69353" lon="-110.98899">
        <ele>1123.0</ele>
      </trkpt>
      <trkpt lat="31.69334" lon="-110.98857">
        <ele>1124.5</ele>
      </trkpt>
      <trkpt lat="31.69313" lon="-110.98817">
        <ele>1126.1</ele>
      </trkpt>
      <trkpt lat="31.69294" lon="-110.98785">
        <ele>1127.3</ele>
      </trkpt>
      <trkpt lat="31.69264" lon="-110.98746">
        <ele>1127.3</ele>
      </trkpt>
      <trkpt lat="31.69215" lon="-110.98681">
        <ele>1128.4</ele>
      </trkpt>
      <trkpt lat="31.69151" lon="-110.986">
        <ele>1132.9</ele>
      </trkpt>
      <trkpt lat="31.6909" lon="-110.98517">
        <ele>1137.8</ele>
      </trkpt>
      <trkpt lat="31.69079" lon="-110.98496">
        <ele>1137.9</ele>
      </trkpt>
      <trkpt lat="31.69063" lon="-110.98463">
        <ele>1137.9</ele>
      </trkpt>
      <trkpt lat="31.69053" lon="-110.98434">
        <ele>1138.0</ele>
      </trkpt>
      <trkpt lat="31.69045" lon="-110.984">
        <ele>1137.9</ele>
      </trkpt>
      <trkpt lat="31.69039" lon="-110.98352">
        <ele>1137.9</ele>
      </trkpt>
      <trkpt lat="31.69031" lon="-110.98287">
        <ele>1138.0</ele>
      </trkpt>
      <trkpt lat="31.69016" lon="-110.98125">
        <ele>1147.6</ele>
      </trkpt>
      <trkpt lat="31.69009" lon="-110.98037">
        <ele>1138.9</ele>
      </trkpt>
      <trkpt lat="31.69009" lon="-110.98037">
        <ele>1138.9</ele>
      </trkpt>
      <trkpt lat="31.69002" lon="-110.97975">
        <ele>1140.6</ele>
      </trkpt>
      <trkpt lat="31.68991" lon="-110.97885">
        <ele>1145.5</ele>
      </trkpt>
      <trkpt lat="31.68977" lon="-110.97725">
        <ele>1150.1</ele>
      </trkpt>
      <trkpt lat="31.68962" lon="-110.97598">
        <ele>1156.4</ele>
      </trkpt>
      <trkpt lat="31.68943" lon="-110.97428">
        <ele>1161.4</ele>
      </trkpt>
      <trkpt lat="31.68943" lon="-110.97428">
        <ele>1161.4</ele>
      </trkpt>
      <trkpt lat="31.68923" lon="-110.97428">
        <ele>1161.4</ele>
      </trkpt>
      <trkpt lat="31.68917" lon="-110.97426">
        <ele>1161.1</ele>
      </trkpt>
      <trkpt lat="31.68909" lon="-110.9742">
        <ele>1160.6</ele>
      </trkpt>
      <trkpt lat="31.68902" lon="-110.97414">
        <ele>1160.5</ele>
      </trkpt>
      <trkpt lat="31.68894" lon="-110.97404">
        <ele>1160.7</ele>
      </trkpt>
      <trkpt lat="31.68881" lon="-110.97384">
        <ele>1160.5</ele>
      </trkpt>
      <trkpt lat="31.68874" lon="-110.97377">
        <ele>1160.7</ele>
      </trkpt>
      <trkpt lat="31.68863" lon="-110.9737">
        <ele>1160.5</ele>
      </trkpt>
      <trkpt lat="31.6881" lon="-110.97358">
        <ele>1156.9</ele>
      </trkpt>
      <trkpt lat="31.68792" lon="-110.97352">
        <ele>1155.4</ele>
      </trkpt>
      <trkpt lat="31.68766" lon="-110.97343">
        <ele>1155.3</ele>
      </trkpt>
      <trkpt lat="31.68726" lon="-110.9733">
        <ele>1155.4</ele>
      </trkpt>
      <trkpt lat="31.68696" lon="-110.9732">
        <ele>1153.8</ele>
      </trkpt>
      <trkpt lat="31.68678" lon="-110.97312">
        <ele>1151.8</ele>
      </trkpt>
      <trkpt lat="31.68659" lon="-110.97307">
        <ele>1150.4</ele>
      </trkpt>
      <trkpt lat="31.68649" lon="-110.97309">
        <ele>1150.3</ele>
      </trkpt>
      <trkpt lat="31.68639" lon="-110.97319">
        <ele>1149.7</ele>
      </trkpt>
      <trkpt lat="31.68629" lon="-110.97331">
        <ele>1149.1</ele>
      </trkpt>
      <trkpt lat="31.68616" lon="-110.9734">
        <ele>1148.4</ele>
      </trkpt>
      <trkpt lat="31.68589" lon="-110.97356">
        <ele>1147.5</ele>
      </trkpt>
      <trkpt lat="31.68572" lon="-110.97363">
        <ele>1145.4</ele>
      </trkpt>
      <trkpt lat="31.68559" lon="-110.97373">
        <ele>1142.9</ele>
      </trkpt>
      <trkpt lat="31.68553" lon="-110.97387">
        <ele>1142.3</ele>
      </trkpt>
      <trkpt lat="31.68548" lon="-110.9741">
        <ele>1141.7</ele>
      </trkpt>
      <trkpt lat="31.68546" lon="-110.97439">
        <ele>1141.2</ele>
      </trkpt>
      <trkpt lat="31.68547" lon="-110.97458">
        <ele>1141.0</ele>
      </trkpt>
      <trkpt lat="31.68549" lon="-110.97477">
        <ele>1140.6</ele>
      </trkpt>
      <trkpt lat="31.68548" lon="-110.97498">
        <ele>1139.4</ele>
      </trkpt>
      <trkpt lat="31.68546" lon="-110.97508">
        <ele>1138.7</ele>
      </trkpt>
      <trkpt lat="31.68535" lon="-110.97528">
        <ele>1136.5</ele>
      </trkpt>
      <trkpt lat="31.68524" lon="-110.97551">
        <ele>1136.4</ele>
      </trkpt>
      <trkpt lat="31.6851" lon="-110.97574">
        <ele>1138.1</ele>
      </trkpt>
      <trkpt lat="31.68496" lon="-110.97601">
        <ele>1140.8</ele>
      </trkpt>
      <trkpt lat="31.68492" lon="-110.97615">
        <ele>1141.4</ele>
      </trkpt>
      <trkpt lat="31.68489" lon="-110.97625">
        <ele>1141.5</ele>
      </trkpt>
      <trkpt lat="31.68485" lon="-110.97633">
        <ele>1141.7</ele>
      </trkpt>
      <trkpt lat="31.68475" lon="-110.97648">
        <ele>1142.1</ele>
      </trkpt>
      <trkpt lat="31.6845" lon="-110.97678">
        <ele>1143.0</ele>
      </trkpt>
      <trkpt lat="31.6842" lon="-110.97724">
        <ele>1143.1</ele>
      </trkpt>
      <trkpt lat="31.68405" lon="-110.97742">
        <ele>1143.6</ele>
      </trkpt>
      <trkpt lat="31.68392" lon="-110.97752">
        <ele>1143.5</ele>
      </trkpt>
      <trkpt lat="31.68379" lon="-110.97757">
        <ele>1143.1</ele>
      </trkpt>
      <trkpt lat="31.68362" lon="-110.97762">
        <ele>1142.3</ele>
      </trkpt>
      <trkpt lat="31.68339" lon="-110.97759">
        <ele>1141.8</ele>
      </trkpt>
      <trkpt lat="31.6831" lon="-110.97753">
        <ele>1141.2</ele>
      </trkpt>
      <trkpt lat="31.68301" lon="-110.97754">
        <ele>1140.7</ele>
      </trkpt>
      <trkpt lat="31.683" lon="-110.97754">
        <ele>1140.7</ele>
      </trkpt>
      <trkpt lat="31.68291" lon="-110.97764">
        <ele>1140.7</ele>
      </trkpt>
      <trkpt lat="31.68281" lon="-110.97787">
        <ele>1141.7</ele>
      </trkpt>
      <trkpt lat="31.6827" lon="-110.97804">
        <ele>1143.5</ele>
      </trkpt>
      <trkpt lat="31.68241" lon="-110.97839">
        <ele>1147.7</ele>
      </trkpt>
      <trkpt lat="31.68214" lon="-110.97862">
        <ele>1149.1</ele>
      </trkpt>
      <trkpt lat="31.68196" lon="-110.9787">
        <ele>1149.5</ele>
      </trkpt>
      <trkpt lat="31.68181" lon="-110.97873">
        <ele>1149.8</ele>
      </trkpt>
      <trkpt lat="31.68166" lon="-110.97868">
        <ele>1150.2</ele>
      </trkpt>
      <trkpt lat="31.68155" lon="-110.97856">
        <ele>1151.8</ele>
      </trkpt>
      <trkpt lat="31.68125" lon="-110.97829">
        <ele>1157.0</ele>
      </trkpt>
      <trkpt lat="31.68111" lon="-110.9782">
        <ele>1157.6</ele>
      </trkpt>
      <trkpt lat="31.68096" lon="-110.97816">
        <ele>1157.2</ele>
      </trkpt>
      <trkpt lat="31.68078" lon="-110.97821">
        <ele>1155.5</ele>
      </trkpt>
      <trkpt lat="31.68062" lon="-110.97826">
        <ele>1153.9</ele>
      </trkpt>
      <trkpt lat="31.68047" lon="-110.97825">
        <ele>1153.1</ele>
      </trkpt>
      <trkpt lat="31.68044" lon="-110.97825">
        <ele>1153.0</ele>
      </trkpt>
      <trkpt lat="31.68041" lon="-110.97825">
        <ele>1153.0</ele>
      </trkpt>
      <trkpt lat="31.68036" lon="-110.97825">
        <ele>1152.9</ele>
      </trkpt>
      <trkpt lat="31.68019" lon="-110.97826">
        <ele>1153.7</ele>
      </trkpt>
      <trkpt lat="31.67943" lon="-110.97837">
        <ele>1158.4</ele>
      </trkpt>
      <trkpt lat="31.6793" lon="-110.9783">
        <ele>1158.6</ele>
      </trkpt>
      <trkpt lat="31.67905" lon="-110.97819">
        <ele>1159.6</ele>
      </trkpt>
      <trkpt lat="31.67859" lon="-110.97808">
        <ele>1161.7</ele>
      </trkpt>
      <trkpt lat="31.67846" lon="-110.9781">
        <ele>1162.3</ele>
      </trkpt>
      <trkpt lat="31.67835" lon="-110.97818">
        <ele>1162.6</ele>
      </trkpt>
      <trkpt lat="31.67818" lon="-110.97833">
        <ele>1163.3</ele>
      </trkpt>
      <trkpt lat="31.67806" lon="-110.97841">
        <ele>1163.7</ele>
      </trkpt>
      <trkpt lat="31.67794" lon="-110.97844">
        <ele>1164.2</ele>
      </trkpt>
      <trkpt lat="31.67773" lon="-110.97845">
        <ele>1165.1</ele>
      </trkpt>
      <trkpt lat="31.67748" lon="-110.97838">
        <ele>1166.0</ele>
      </trkpt>
      <trkpt lat="31.67725" lon="-110.97824">
        <ele>1168.0</ele>
      </trkpt>
      <trkpt lat="31.67711" lon="-110.97813">
        <ele>1169.0</ele>
      </trkpt>
      <trkpt lat="31.67696" lon="-110.97791">
        <ele>1170.3</ele>
      </trkpt>
      <trkpt lat="31.67673" lon="-110.97748">
        <ele>1171.9</ele>
      </trkpt>
      <trkpt lat="31.67644" lon="-110.97699">
        <ele>1173.1</ele>
      </trkpt>
      <trkpt lat="31.6763" lon="-110.97672">
        <ele>1173.8</ele>
      </trkpt>
      <trkpt lat="31.67587" lon="-110.97549">
        <ele>1176.5</ele>
      </trkpt>
      <trkpt lat="31.67572" lon="-110.97518">
        <ele>1178.8</ele>
      </trkpt>
      <trkpt lat="31.67542" lon="-110.97462">
        <ele>1182.8</ele>
      </trkpt>
      <trkpt lat="31.67528" lon="-110.97432">
        <ele>1184.1</ele>
      </trkpt>
      <trkpt lat="31.6751" lon="-110.97415">
        <ele>1184.9</ele>
      </trkpt>
      <trkpt lat="31.67492" lon="-110.97393">
        <ele>1185.4</ele>
      </trkpt>
      <trkpt lat="31.67485" lon="-110.97381">
        <ele>1185.9</ele>
      </trkpt>
      <trkpt lat="31.67482" lon="-110.9737">
        <ele>1186.3</ele>
      </trkpt>
      <trkpt lat="31.67472" lon="-110.9732">
        <ele>1185.9</ele>
      </trkpt>
      <trkpt lat="31.67467" lon="-110.97287">
        <ele>1184.6</ele>
      </trkpt>
      <trkpt lat="31.67458" lon="-110.97257">
        <ele>1184.9</ele>
      </trkpt>
      <trkpt lat="31.67449" lon="-110.97242">
        <ele>1185.6</ele>
      </trkpt>
      <trkpt lat="31.67431" lon="-110.97223">
        <ele>1187.0</ele>
      </trkpt>
      <trkpt lat="31.67399" lon="-110.97197">
        <ele>1190.1</ele>
      </trkpt>
      <trkpt lat="31.67388" lon="-110.97186">
        <ele>1192.4</ele>
      </trkpt>
      <trkpt lat="31.67381" lon="-110.97178">
        <ele>1193.7</ele>
      </trkpt>
      <trkpt lat="31.67375" lon="-110.97163">
        <ele>1195.2</ele>
      </trkpt>
      <trkpt lat="31.67372" lon="-110.97146">
        <ele>1196.2</ele>
      </trkpt>
      <trkpt lat="31.6737" lon="-110.97129">
        <ele>1197.1</ele>
      </trkpt>
      <trkpt lat="31.67365" lon="-110.97106">
        <ele>1197.4</ele>
      </trkpt>
      <trkpt lat="31.67361" lon="-110.97097">
        <ele>1197.2</ele>
      </trkpt>
      <trkpt lat="31.67348" lon="-110.97084">
        <ele>1197.0</ele>
      </trkpt>
      <trkpt lat="31.67328" lon="-110.97058">
        <ele>1196.2</ele>
      </trkpt>
      <trkpt lat="31.67314" lon="-110.97037">
        <ele>1196.7</ele>
      </trkpt>
      <trkpt lat="31.67304" lon="-110.97011">
        <ele>1197.5</ele>
      </trkpt>
      <trkpt lat="31.6729" lon="-110.96963">
        <ele>1199.1</ele>
      </trkpt>
      <trkpt lat="31.67278" lon="-110.96928">
        <ele>1200.4</ele>
      </trkpt>
      <trkpt lat="31.6726" lon="-110.96886">
        <ele>1201.9</ele>
      </trkpt>
      <trkpt lat="31.67237" lon="-110.96833">
        <ele>1203.8</ele>
      </trkpt>
      <trkpt lat="31.6723" lon="-110.96813">
        <ele>1205.1</ele>
      </trkpt>
      <trkpt lat="31.67228" lon="-110.96795">
        <ele>1206.0</ele>
      </trkpt>
      <trkpt lat="31.67228" lon="-110.96779">
        <ele>1206.7</ele>
      </trkpt>
      <trkpt lat="31.6723" lon="-110.96755">
        <ele>1207.5</ele>
      </trkpt>
      <trkpt lat="31.67228" lon="-110.9673">
        <ele>1208.3</ele>
      </trkpt>
      <trkpt lat="31.67226" lon="-110.96718">
        <ele>1208.7</ele>
      </trkpt>
      <trkpt lat="31.67219" lon="-110.96696">
        <ele>1209.1</ele>
      </trkpt>
      <trkpt lat="31.67213" lon="-110.9667">
        <ele>1209.8</ele>
      </trkpt>
      <trkpt lat="31.67204" lon="-110.96649">
        <ele>1210.3</ele>
      </trkpt>
      <trkpt lat="31.67197" lon="-110.96635">
        <ele>1210.6</ele>
      </trkpt>
      <trkpt lat="31.67183" lon="-110.96619">
        <ele>1211.0</ele>
      </trkpt>
      <trkpt lat="31.67161" lon="-110.966">
        <ele>1211.4</ele>
      </trkpt>
      <trkpt lat="31.67146" lon="-110.96594">
        <ele>1211.4</ele>
      </trkpt>
      <trkpt lat="31.67138" lon="-110.96595">
        <ele>1211.2</ele>
      </trkpt>
      <trkpt lat="31.67134" lon="-110.96595">
        <ele>1211.3</ele>
      </trkpt>
      <trkpt lat="31.67126" lon="-110.96608">
        <ele>1211.5</ele>
      </trkpt>
      <trkpt lat="31.67115" lon="-110.9663">
        <ele>1212.0</ele>
      </trkpt>
      <trkpt lat="31.67106" lon="-110.96638">
        <ele>1213.5</ele>
      </trkpt>
      <trkpt lat="31.67095" lon="-110.96642">
        <ele>1215.8</ele>
      </trkpt>
      <trkpt lat="31.67084" lon="-110.96642">
        <ele>1218.0</ele>
      </trkpt>
      <trkpt lat="31.67075" lon="-110.96636">
        <ele>1219.8</ele>
      </trkpt>
      <trkpt lat="31.67063" lon="-110.9662">
        <ele>1221.2</ele>
      </trkpt>
      <trkpt lat="31.67034" lon="-110.96562">
        <ele>1222.8</ele>
      </trkpt>
      <trkpt lat="31.67017" lon="-110.96544">
        <ele>1223.5</ele>
      </trkpt>
      <trkpt lat="31.67007" lon="-110.96535">
        <ele>1223.9</ele>
      </trkpt>
      <trkpt lat="31.66986" lon="-110.9652">
        <ele>1224.6</ele>
      </trkpt>
      <trkpt lat="31.66962" lon="-110.96507">
        <ele>1225.1</ele>
      </trkpt>
      <trkpt lat="31.66942" lon="-110.9649">
        <ele>1224.5</ele>
      </trkpt>
      <trkpt lat="31.6692" lon="-110.9647">
        <ele>1224.5</ele>
      </trkpt>
      <trkpt lat="31.66911" lon="-110.96454">
        <ele>1225.3</ele>
      </trkpt>
      <trkpt lat="31.66888" lon="-110.96402">
        <ele>1227.7</ele>
      </trkpt>
      <trkpt lat="31.66871" lon="-110.96377">
        <ele>1228.5</ele>
      </trkpt>
      <trkpt lat="31.66859" lon="-110.96362">
        <ele>1229.0</ele>
      </trkpt>
      <trkpt lat="31.66843" lon="-110.96353">
        <ele>1228.9</ele>
      </trkpt>
      <trkpt lat="31.66824" lon="-110.96353">
        <ele>1228.5</ele>
      </trkpt>
      <trkpt lat="31.66803" lon="-110.96353">
        <ele>1228.0</ele>
      </trkpt>
      <trkpt lat="31.66761" lon="-110.96363">
        <ele>1226.2</ele>
      </trkpt>
      <trkpt lat="31.66668" lon="-110.96391">
        <ele>1221.1</ele>
      </trkpt>
      <trkpt lat="31.66631" lon="-110.96407">
        <ele>1217.4</ele>
      </trkpt>
      <trkpt lat="31.66605" lon="-110.96419">
        <ele>1214.1</ele>
      </trkpt>
      <trkpt lat="31.66583" lon="-110.96436">
        <ele>1212.9</ele>
      </trkpt>
      <trkpt lat="31.66563" lon="-110.96453">
        <ele>1212.5</ele>
      </trkpt>
      <trkpt lat="31.6654" lon="-110.9647">
        <ele>1213.0</ele>
      </trkpt>
      <trkpt lat="31.66529" lon="-110.96483">
        <ele>1213.3</ele>
      </trkpt>
      <trkpt lat="31.66514" lon="-110.96505">
        <ele>1213.4</ele>
      </trkpt>
      <trkpt lat="31.66501" lon="-110.96528">
        <ele>1213.6</ele>
      </trkpt>
      <trkpt lat="31.66487" lon="-110.96554">
        <ele>1213.9</ele>
      </trkpt>
      <trkpt lat="31.66471" lon="-110.96589">
        <ele>1212.8</ele>
      </trkpt>
      <trkpt lat="31.6646" lon="-110.96627">
        <ele>1210.4</ele>
      </trkpt>
      <trkpt lat="31.66452" lon="-110.96646">
        <ele>1209.6</ele>
      </trkpt>
      <trkpt lat="31.66433" lon="-110.96686">
        <ele>1206.1</ele>
      </trkpt>
      <trkpt lat="31.66413" lon="-110.96731">
        <ele>1203.3</ele>
      </trkpt>
      <trkpt lat="31.66388" lon="-110.9681">
        <ele>1200.8</ele>
      </trkpt>
      <trkpt lat="31.6637" lon="-110.96832">
        <ele>1200.6</ele>
      </trkpt>
      <trkpt lat="31.66353" lon="-110.96839">
        <ele>1200.5</ele>
      </trkpt>
      <trkpt lat="31.66346" lon="-110.96832">
        <ele>1199.9</ele>
      </trkpt>
      <trkpt lat="31.6634" lon="-110.96806">
        <ele>1197.2</ele>
      </trkpt>
      <trkpt lat="31.66335" lon="-110.96755">
        <ele>1194.0</ele>
      </trkpt>
      <trkpt lat="31.66331" lon="-110.96724">
        <ele>1193.3</ele>
      </trkpt>
      <trkpt lat="31.66324" lon="-110.96715">
        <ele>1192.6</ele>
      </trkpt>
      <trkpt lat="31.66305" lon="-110.9672">
        <ele>1189.6</ele>
      </trkpt>
      <trkpt lat="31.66289" lon="-110.96726">
        <ele>1187.1</ele>
      </trkpt>
      <trkpt lat="31.66278" lon="-110.96718">
        <ele>1186.0</ele>
      </trkpt>
      <trkpt lat="31.66278" lon="-110.9669">
        <ele>1184.1</ele>
      </trkpt>
      <trkpt lat="31.66272" lon="-110.9667">
        <ele>1182.7</ele>
      </trkpt>
      <trkpt lat="31.66252" lon="-110.9666">
        <ele>1181.1</ele>
      </trkpt>
      <trkpt lat="31.66239" lon="-110.96661">
        <ele>1180.1</ele>
      </trkpt>
      <trkpt lat="31.6622" lon="-110.96671">
        <ele>1178.7</ele>
      </trkpt>
      <trkpt lat="31.66205" lon="-110.96695">
        <ele>1177.8</ele>
      </trkpt>
      <trkpt lat="31.66193" lon="-110.96711">
        <ele>1176.6</ele>
      </trkpt>
      <trkpt lat="31.66177" lon="-110.96722">
        <ele>1175.0</ele>
      </trkpt>
      <trkpt lat="31.66149" lon="-110.96753">
        <ele>1174.1</ele>
      </trkpt>
      <trkpt lat="31.66132" lon="-110.96785">
        <ele>1173.3</ele>
      </trkpt>
      <trkpt lat="31.6611" lon="-110.96812">
        <ele>1172.2</ele>
      </trkpt>
      <trkpt lat="31.66092" lon="-110.9683">
        <ele>1170.9</ele>
      </trkpt>
      <trkpt lat="31.66067" lon="-110.9685">
        <ele>1167.4</ele>
      </trkpt>
      <trkpt lat="31.6605" lon="-110.96867">
        <ele>1164.6</ele>
      </trkpt>
      <trkpt lat="31.66031" lon="-110.96888">
        <ele>1163.2</ele>
      </trkpt>
      <trkpt lat="31.66025" lon="-110.96906">
        <ele>1162.6</ele>
      </trkpt>
      <trkpt lat="31.66023" lon="-110.9691">
        <ele>1162.5</ele>
      </trkpt>
      <trkpt lat="31.66017" lon="-110.96915">
        <ele>1162.3</ele>
      </trkpt>
      <trkpt lat="31.6601" lon="-110.96917">
        <ele>1162.1</ele>
      </trkpt>
      <trkpt lat="31.66005" lon="-110.96916">
        <ele>1162.0</ele>
      </trkpt>
      <trkpt lat="31.66" lon="-110.96911">
        <ele>1162.0</ele>
      </trkpt>
      <trkpt lat="31.66001" lon="-110.96902">
        <ele>1162.3</ele>
      </trkpt>
      <trkpt lat="31.66002" lon="-110.96897">
        <ele>1162.5</ele>
      </trkpt>
      <trkpt lat="31.66007" lon="-110.96881">
        <ele>1163.0</ele>
      </trkpt>
      <trkpt lat="31.66012" lon="-110.96859">
        <ele>1163.7</ele>
      </trkpt>
      <trkpt lat="31.66012" lon="-110.96848">
        <ele>1164.0</ele>
      </trkpt>
      <trkpt lat="31.6601" lon="-110.96837">
        <ele>1164.4</ele>
      </trkpt>
      <trkpt lat="31.66004" lon="-110.96814">
        <ele>1165.1</ele>
      </trkpt>
      <trkpt lat="31.66006" lon="-110.96805">
        <ele>1165.8</ele>
      </trkpt>
      <trkpt lat="31.66022" lon="-110.96749">
        <ele>1169.5</ele>
      </trkpt>
      <trkpt lat="31.66023" lon="-110.96726">
        <ele>1171.3</ele>
      </trkpt>
      <trkpt lat="31.66022" lon="-110.96697">
        <ele>1171.7</ele>
      </trkpt>
      <trkpt lat="31.66009" lon="-110.96608">
        <ele>1173.4</ele>
      </trkpt>
      <trkpt lat="31.66006" lon="-110.96561">
        <ele>1175.5</ele>
      </trkpt>
      <trkpt lat="31.66007" lon="-110.96541">
        <ele>1177.3</ele>
      </trkpt>
      <trkpt lat="31.66002" lon="-110.96506">
        <ele>1180.4</ele>
      </trkpt>
      <trkpt lat="31.65998" lon="-110.96488">
        <ele>1181.9</ele>
      </trkpt>
      <trkpt lat="31.6599" lon="-110.9647">
        <ele>1183.5</ele>
      </trkpt>
      <trkpt lat="31.65955" lon="-110.96415">
        <ele>1185.2</ele>
      </trkpt>
      <trkpt lat="31.65941" lon="-110.96394">
        <ele>1185.8</ele>
      </trkpt>
      <trkpt lat="31.65918" lon="-110.9635">
        <ele>1187.7</ele>
      </trkpt>
      <trkpt lat="31.65897" lon="-110.96312">
        <ele>1189.0</ele>
      </trkpt>
      <trkpt lat="31.65893" lon="-110.96298">
        <ele>1190.2</ele>
      </trkpt>
      <trkpt lat="31.65887" lon="-110.96266">
        <ele>1195.0</ele>
      </trkpt>
      <trkpt lat="31.65884" lon="-110.96239">
        <ele>1195.9</ele>
      </trkpt>
      <trkpt lat="31.65884" lon="-110.96223">
        <ele>1196.2</ele>
      </trkpt>
      <trkpt lat="31.65886" lon="-110.96204">
        <ele>1197.1</ele>
      </trkpt>
      <trkpt lat="31.65895" lon="-110.9618">
        <ele>1198.3</ele>
      </trkpt>
      <trkpt lat="31.65906" lon="-110.96163">
        <ele>1198.9</ele>
      </trkpt>
      <trkpt lat="31.65917" lon="-110.96136">
        <ele>1198.7</ele>
      </trkpt>
      <trkpt lat="31.65919" lon="-110.96121">
        <ele>1198.0</ele>
      </trkpt>
      <trkpt lat="31.65919" lon="-110.961">
        <ele>1198.3</ele>
      </trkpt>
      <trkpt lat="31.65917" lon="-110.96079">
        <ele>1199.0</ele>
      </trkpt>
      <trkpt lat="31.65911" lon="-110.9604">
        <ele>1203.8</ele>
      </trkpt>
      <trkpt lat="31.65901" lon="-110.95987">
        <ele>1208.9</ele>
      </trkpt>
      <trkpt lat="31.65899" lon="-110.9597">
        <ele>1209.5</ele>
      </trkpt>
      <trkpt lat="31.65895" lon="-110.95945">
        <ele>1209.6</ele>
      </trkpt>
      <trkpt lat="31.65892" lon="-110.95916">
        <ele>1210.6</ele>
      </trkpt>
      <trkpt lat="31.65884" lon="-110.95876">
        <ele>1211.1</ele>
      </trkpt>
      <trkpt lat="31.6587" lon="-110.95826">
        <ele>1214.0</ele>
      </trkpt>
      <trkpt lat="31.65856" lon="-110.95784">
        <ele>1218.6</ele>
      </trkpt>
      <trkpt lat="31.65849" lon="-110.9576">
        <ele>1220.3</ele>
      </trkpt>
      <trkpt lat="31.65848" lon="-110.95755">
        <ele>1220.4</ele>
      </trkpt>
      <trkpt lat="31.65839" lon="-110.95711">
        <ele>1222.0</ele>
      </trkpt>
      <trkpt lat="31.65818" lon="-110.95629">
        <ele>1225.8</ele>
      </trkpt>
      <trkpt lat="31.65813" lon="-110.95609">
        <ele>1227.0</ele>
      </trkpt>
      <trkpt lat="31.65804" lon="-110.95582">
        <ele>1229.5</ele>
      </trkpt>
      <trkpt lat="31.65796" lon="-110.95554">
        <ele>1231.8</ele>
      </trkpt>
      <trkpt lat="31.65787" lon="-110.95534">
        <ele>1232.7</ele>
      </trkpt>
      <trkpt lat="31.65777" lon="-110.95511">
        <ele>1232.6</ele>
      </trkpt>
      <trkpt lat="31.6576" lon="-110.95481">
        <ele>1232.7</ele>
      </trkpt>
      <trkpt lat="31.65745" lon="-110.95445">
        <ele>1232.6</ele>
      </trkpt>
      <trkpt lat="31.65738" lon="-110.95424">
        <ele>1232.7</ele>
      </trkpt>
      <trkpt lat="31.65733" lon="-110.95403">
        <ele>1233.5</ele>
      </trkpt>
      <trkpt lat="31.65733" lon="-110.95387">
        <ele>1234.3</ele>
      </trkpt>
      <trkpt lat="31.65739" lon="-110.95367">
        <ele>1234.8</ele>
      </trkpt>
      <trkpt lat="31.65752" lon="-110.95319">
        <ele>1237.4</ele>
      </trkpt>
      <trkpt lat="31.6577" lon="-110.95258">
        <ele>1242.0</ele>
      </trkpt>
      <trkpt lat="31.65784" lon="-110.95211">
        <ele>1244.8</ele>
      </trkpt>
      <trkpt lat="31.658" lon="-110.95173">
        <ele>1245.7</ele>
      </trkpt>
      <trkpt lat="31.65806" lon="-110.95156">
        <ele>1246.2</ele>
      </trkpt>
      <trkpt lat="31.6581" lon="-110.95124">
        <ele>1247.8</ele>
      </trkpt>
      <trkpt lat="31.65814" lon="-110.9511">
        <ele>1248.5</ele>
      </trkpt>
      <trkpt lat="31.65823" lon="-110.95093">
        <ele>1248.9</ele>
      </trkpt>
      <trkpt lat="31.65828" lon="-110.95074">
        <ele>1250.3</ele>
      </trkpt>
      <trkpt lat="31.6584" lon="-110.95026">
        <ele>1254.9</ele>
      </trkpt>
      <trkpt lat="31.65848" lon="-110.95">
        <ele>1257.2</ele>
      </trkpt>
      <trkpt lat="31.65853" lon="-110.9499">
        <ele>1258.5</ele>
      </trkpt>
      <trkpt lat="31.65862" lon="-110.94974">
        <ele>1260.3</ele>
      </trkpt>
      <trkpt lat="31.65867" lon="-110.94955">
        <ele>1262.1</ele>
      </trkpt>
      <trkpt lat="31.65867" lon="-110.94933">
        <ele>1263.9</ele>
      </trkpt>
      <trkpt lat="31.65862" lon="-110.94924">
        <ele>1264.3</ele>
      </trkpt>
      <trkpt lat="31.65847" lon="-110.94908">
        <ele>1263.9</ele>
      </trkpt>
      <trkpt lat="31.65819" lon="-110.94873">
        <ele>1263.1</ele>
      </trkpt>
      <trkpt lat="31.65817" lon="-110.94871">
        <ele>1263.0</ele>
      </trkpt>
      <trkpt lat="31.6581" lon="-110.94853">
        <ele>1264.4</ele>
      </trkpt>
      <trkpt lat="31.65808" lon="-110.94839">
        <ele>1265.6</ele>
      </trkpt>
      <trkpt lat="31.65815" lon="-110.94814">
        <ele>1268.7</ele>
      </trkpt>
      <trkpt lat="31.65816" lon="-110.94797">
        <ele>1269.1</ele>
      </trkpt>
      <trkpt lat="31.65814" lon="-110.9477">
        <ele>1269.8</ele>
      </trkpt>
      <trkpt lat="31.65812" lon="-110.94746">
        <ele>1271.9</ele>
      </trkpt>
      <trkpt lat="31.65807" lon="-110.94726">
        <ele>1276.2</ele>
      </trkpt>
      <trkpt lat="31.65804" lon="-110.94698">
        <ele>1281.7</ele>
      </trkpt>
      <trkpt lat="31.65803" lon="-110.94687">
        <ele>1282.2</ele>
      </trkpt>
      <trkpt lat="31.65794" lon="-110.94652">
        <ele>1282.4</ele>
      </trkpt>
      <trkpt lat="31.65793" lon="-110.94642">
        <ele>1282.3</ele>
      </trkpt>
      <trkpt lat="31.65795" lon="-110.94628">
        <ele>1282.3</ele>
      </trkpt>
      <trkpt lat="31.6579" lon="-110.94617">
        <ele>1283.6</ele>
      </trkpt>
      <trkpt lat="31.65786" lon="-110.94612">
        <ele>1284.6</ele>
      </trkpt>
      <trkpt lat="31.65785" lon="-110.94612">
        <ele>1284.7</ele>
      </trkpt>
      <trkpt lat="31.65775" lon="-110.94609">
        <ele>1285.7</ele>
      </trkpt>
      <trkpt lat="31.6576" lon="-110.94608">
        <ele>1286.2</ele>
      </trkpt>
      <trkpt lat="31.65757" lon="-110.94606">
        <ele>1286.5</ele>
      </trkpt>
      <trkpt lat="31.65753" lon="-110.94603">
        <ele>1287.0</ele>
      </trkpt>
      <trkpt lat="31.65741" lon="-110.94593">
        <ele>1287.9</ele>
      </trkpt>
      <trkpt lat="31.65732" lon="-110.94578">
        <ele>1288.6</ele>
      </trkpt>
      <trkpt lat="31.6573" lon="-110.94561">
        <ele>1290.0</ele>
      </trkpt>
      <trkpt lat="31.6573" lon="-110.94531">
        <ele>1292.2</ele>
      </trkpt>
      <trkpt lat="31.65728" lon="-110.94506">
        <ele>1294.2</ele>
      </trkpt>
      <trkpt lat="31.65728" lon="-110.94488">
        <ele>1295.8</ele>
      </trkpt>
      <trkpt lat="31.6573" lon="-110.94459">
        <ele>1298.0</ele>
      </trkpt>
      <trkpt lat="31.65743" lon="-110.94434">
        <ele>1301.3</ele>
      </trkpt>
      <trkpt lat="31.65756" lon="-110.94414">
        <ele>1303.9</ele>
      </trkpt>
      <trkpt lat="31.65758" lon="-110.94402">
        <ele>1304.2</ele>
      </trkpt>
      <trkpt lat="31.65763" lon="-110.94389">
        <ele>1304.4</ele>
      </trkpt>
      <trkpt lat="31.65774" lon="-110.9438">
        <ele>1305.0</ele>
      </trkpt>
      <trkpt lat="31.65781" lon="-110.94369">
        <ele>1305.2</ele>
      </trkpt>
      <trkpt lat="31.65785" lon="-110.9436">
        <ele>1305.7</ele>
      </trkpt>
      <trkpt lat="31.65792" lon="-110.94337">
        <ele>1307.7</ele>
      </trkpt>
      <trkpt lat="31.658" lon="-110.94313">
        <ele>1309.1</ele>
      </trkpt>
      <trkpt lat="31.65807" lon="-110.94302">
        <ele>1309.8</ele>
      </trkpt>
      <trkpt lat="31.65819" lon="-110.9429">
        <ele>1310.9</ele>
      </trkpt>
      <trkpt lat="31.65825" lon="-110.94277">
        <ele>1311.6</ele>
      </trkpt>
      <trkpt lat="31.65829" lon="-110.94257">
        <ele>1312.1</ele>
      </trkpt>
      <trkpt lat="31.65833" lon="-110.94232">
        <ele>1312.7</ele>
      </trkpt>
      <trkpt lat="31.65825" lon="-110.94225">
        <ele>1309.3</ele>
      </trkpt>
      <trkpt lat="31.65821" lon="-110.94221">
        <ele>1308.5</ele>
      </trkpt>
      <trkpt lat="31.65802" lon="-110.94205">
        <ele>1307.7</ele>
      </trkpt>
      <trkpt lat="31.65799" lon="-110.94202">
        <ele>1307.7</ele>
      </trkpt>
      <trkpt lat="31.65792" lon="-110.94192">
        <ele>1307.9</ele>
      </trkpt>
      <trkpt lat="31.65769" lon="-110.94157">
        <ele>1313.6</ele>
      </trkpt>
      <trkpt lat="31.65762" lon="-110.94142">
        <ele>1315.1</ele>
      </trkpt>
      <trkpt lat="31.65761" lon="-110.94131">
        <ele>1316.1</ele>
      </trkpt>
      <trkpt lat="31.65757" lon="-110.94112">
        <ele>1316.3</ele>
      </trkpt>
      <trkpt lat="31.65755" lon="-110.94108">
        <ele>1316.0</ele>
      </trkpt>
      <trkpt lat="31.65752" lon="-110.94105">
        <ele>1315.5</ele>
      </trkpt>
      <trkpt lat="31.65747" lon="-110.94104">
        <ele>1314.8</ele>
      </trkpt>
      <trkpt lat="31.65735" lon="-110.941">
        <ele>1314.2</ele>
      </trkpt>
      <trkpt lat="31.6573" lon="-110.94097">
        <ele>1314.4</ele>
      </trkpt>
      <trkpt lat="31.65725" lon="-110.94088">
        <ele>1315.4</ele>
      </trkpt>
      <trkpt lat="31.65721" lon="-110.94085">
        <ele>1315.5</ele>
      </trkpt>
      <trkpt lat="31.65715" lon="-110.94082">
        <ele>1315.4</ele>
      </trkpt>
      <trkpt lat="31.65704" lon="-110.94085">
        <ele>1314.7</ele>
      </trkpt>
      <trkpt lat="31.65693" lon="-110.9409">
        <ele>1313.1</ele>
      </trkpt>
      <trkpt lat="31.65682" lon="-110.94092">
        <ele>1311.7</ele>
      </trkpt>
      <trkpt lat="31.65661" lon="-110.94096">
        <ele>1308.8</ele>
      </trkpt>
      <trkpt lat="31.65654" lon="-110.94098">
        <ele>1307.4</ele>
      </trkpt>
      <trkpt lat="31.65634" lon="-110.94103">
        <ele>1302.7</ele>
      </trkpt>
      <trkpt lat="31.65616" lon="-110.94102">
        <ele>1302.0</ele>
      </trkpt>
      <trkpt lat="31.65609" lon="-110.94097">
        <ele>1302.5</ele>
      </trkpt>
      <trkpt lat="31.65604" lon="-110.94088">
        <ele>1303.1</ele>
      </trkpt>
      <trkpt lat="31.65598" lon="-110.94066">
        <ele>1303.9</ele>
      </trkpt>
      <trkpt lat="31.65593" lon="-110.9405">
        <ele>1304.2</ele>
      </trkpt>
      <trkpt lat="31.65588" lon="-110.94044">
        <ele>1304.0</ele>
      </trkpt>
      <trkpt lat="31.65581" lon="-110.94037">
        <ele>1304.0</ele>
      </trkpt>
      <trkpt lat="31.65558" lon="-110.94023">
        <ele>1304.2</ele>
      </trkpt>
      <trkpt lat="31.6555" lon="-110.94019">
        <ele>1304.0</ele>
      </trkpt>
      <trkpt lat="31.65543" lon="-110.94019">
        <ele>1303.7</ele>
      </trkpt>
      <trkpt lat="31.6553" lon="-110.94027">
        <ele>1302.8</ele>
      </trkpt>
      <trkpt lat="31.65518" lon="-110.94031">
        <ele>1302.4</ele>
      </trkpt>
      <trkpt lat="31.65511" lon="-110.94031">
        <ele>1302.6</ele>
      </trkpt>
      <trkpt lat="31.65495" lon="-110.94028">
        <ele>1303.2</ele>
      </trkpt>
      <trkpt lat="31.65473" lon="-110.94027">
        <ele>1303.2</ele>
      </trkpt>
      <trkpt lat="31.65465" lon="-110.94029">
        <ele>1302.8</ele>
      </trkpt>
      <trkpt lat="31.65443" lon="-110.94029">
        <ele>1302.7</ele>
      </trkpt>
      <trkpt lat="31.65421" lon="-110.94031">
        <ele>1301.7</ele>
      </trkpt>
      <trkpt lat="31.65405" lon="-110.94026">
        <ele>1301.9</ele>
      </trkpt>
      <trkpt lat="31.65382" lon="-110.94022">
        <ele>1301.0</ele>
      </trkpt>
      <trkpt lat="31.65364" lon="-110.94016">
        <ele>1299.6</ele>
      </trkpt>
      <trkpt lat="31.65353" lon="-110.9401">
        <ele>1298.7</ele>
      </trkpt>
      <trkpt lat="31.65343" lon="-110.94004">
        <ele>1297.9</ele>
      </trkpt>
      <trkpt lat="31.6534" lon="-110.93999">
        <ele>1298.0</ele>
      </trkpt>
      <trkpt lat="31.65333" lon="-110.93989">
        <ele>1297.5</ele>
      </trkpt>
      <trkpt lat="31.65333" lon="-110.93984">
        <ele>1298.1</ele>
      </trkpt>
      <trkpt lat="31.65326" lon="-110.93961">
        <ele>1299.0</ele>
      </trkpt>
      <trkpt lat="31.65324" lon="-110.93945">
        <ele>1299.8</ele>
      </trkpt>
      <trkpt lat="31.65324" lon="-110.93925">
        <ele>1301.1</ele>
      </trkpt>
      <trkpt lat="31.65325" lon="-110.93908">
        <ele>1301.9</ele>
      </trkpt>
      <trkpt lat="31.65331" lon="-110.93878">
        <ele>1303.8</ele>
      </trkpt>
      <trkpt lat="31.65335" lon="-110.93847">
        <ele>1305.7</ele>
      </trkpt>
      <trkpt lat="31.65335" lon="-110.93803">
        <ele>1306.9</ele>
      </trkpt>
      <trkpt lat="31.65337" lon="-110.93785">
        <ele>1307.3</ele>
      </trkpt>
      <trkpt lat="31.65335" lon="-110.93777">
        <ele>1306.8</ele>
      </trkpt>
      <trkpt lat="31.65328" lon="-110.93768">
        <ele>1304.8</ele>
      </trkpt>
      <trkpt lat="31.65319" lon="-110.93759">
        <ele>1302.1</ele>
      </trkpt>
      <trkpt lat="31.65315" lon="-110.93751">
        <ele>1301.0</ele>
      </trkpt>
      <trkpt lat="31.65312" lon="-110.93741">
        <ele>1300.9</ele>
      </trkpt>
      <trkpt lat="31.65311" lon="-110.93726">
        <ele>1302.1</ele>
      </trkpt>
      <trkpt lat="31.65311" lon="-110.93705">
        <ele>1303.0</ele>
      </trkpt>
      <trkpt lat="31.65312" lon="-110.93674">
        <ele>1303.9</ele>
      </trkpt>
      <trkpt lat="31.65315" lon="-110.93651">
        <ele>1304.4</ele>
      </trkpt>
      <trkpt lat="31.65321" lon="-110.93635">
        <ele>1305.4</ele>
      </trkpt>
      <trkpt lat="31.65324" lon="-110.93622">
        <ele>1306.4</ele>
      </trkpt>
      <trkpt lat="31.65323" lon="-110.93605">
        <ele>1307.7</ele>
      </trkpt>
      <trkpt lat="31.65324" lon="-110.93586">
        <ele>1308.7</ele>
      </trkpt>
      <trkpt lat="31.65327" lon="-110.93572">
        <ele>1309.6</ele>
      </trkpt>
      <trkpt lat="31.65328" lon="-110.93569">
        <ele>1309.9</ele>
      </trkpt>
      <trkpt lat="31.65326" lon="-110.93544">
        <ele>1310.4</ele>
      </trkpt>
      <trkpt lat="31.65324" lon="-110.93522">
        <ele>1311.5</ele>
      </trkpt>
      <trkpt lat="31.6532" lon="-110.93506">
        <ele>1311.9</ele>
      </trkpt>
      <trkpt lat="31.65318" lon="-110.93501">
        <ele>1311.9</ele>
      </trkpt>
      <trkpt lat="31.65316" lon="-110.93494">
        <ele>1312.0</ele>
      </trkpt>
      <trkpt lat="31.65315" lon="-110.93483">
        <ele>1312.4</ele>
      </trkpt>
      <trkpt lat="31.65317" lon="-110.93472">
        <ele>1313.0</ele>
      </trkpt>
      <trkpt lat="31.65319" lon="-110.93466">
        <ele>1313.4</ele>
      </trkpt>
      <trkpt lat="31.65317" lon="-110.93457">
        <ele>1313.5</ele>
      </trkpt>
      <trkpt lat="31.65316" lon="-110.93441">
        <ele>1314.3</ele>
      </trkpt>
      <trkpt lat="31.65327" lon="-110.93403">
        <ele>1318.9</ele>
      </trkpt>
      <trkpt lat="31.65333" lon="-110.93379">
        <ele>1321.5</ele>
      </trkpt>
      <trkpt lat="31.65342" lon="-110.93356">
        <ele>1324.1</ele>
      </trkpt>
      <trkpt lat="31.65345" lon="-110.93316">
        <ele>1326.4</ele>
      </trkpt>
      <trkpt lat="31.65345" lon="-110.93301">
        <ele>1327.6</ele>
      </trkpt>
      <trkpt lat="31.65344" lon="-110.93288">
        <ele>1328.5</ele>
      </trkpt>
      <trkpt lat="31.65344" lon="-110.93278">
        <ele>1329.6</ele>
      </trkpt>
      <trkpt lat="31.65349" lon="-110.93261">
        <ele>1333.1</ele>
      </trkpt>
      <trkpt lat="31.65352" lon="-110.93244">
        <ele>1334.8</ele>
      </trkpt>
      <trkpt lat="31.65354" lon="-110.93198">
        <ele>1338.0</ele>
      </trkpt>
      <trkpt lat="31.65354" lon="-110.93166">
        <ele>1338.9</ele>
      </trkpt>
      <trkpt lat="31.6535" lon="-110.93134">
        <ele>1337.9</ele>
      </trkpt>
      <trkpt lat="31.65349" lon="-110.9311">
        <ele>1337.5</ele>
      </trkpt>
      <trkpt lat="31.6535" lon="-110.93088">
        <ele>1337.2</ele>
      </trkpt>
      <trkpt lat="31.6536" lon="-110.93056">
        <ele>1336.9</ele>
      </trkpt>
      <trkpt lat="31.65369" lon="-110.93038">
        <ele>1336.5</ele>
      </trkpt>
      <trkpt lat="31.65376" lon="-110.93021">
        <ele>1335.5</ele>
      </trkpt>
      <trkpt lat="31.65379" lon="-110.9301">
        <ele>1334.5</ele>
      </trkpt>
      <trkpt lat="31.65378" lon="-110.93005">
        <ele>1333.8</ele>
      </trkpt>
      <trkpt lat="31.65374" lon="-110.93002">
        <ele>1332.7</ele>
      </trkpt>
      <trkpt lat="31.65362" lon="-110.93002">
        <ele>1330.7</ele>
      </trkpt>
      <trkpt lat="31.65358" lon="-110.93002">
        <ele>1330.2</ele>
      </trkpt>
      <trkpt lat="31.65346" lon="-110.93">
        <ele>1328.7</ele>
      </trkpt>
      <trkpt lat="31.65323" lon="-110.92992">
        <ele>1331.6</ele>
      </trkpt>
      <trkpt lat="31.65311" lon="-110.92985">
        <ele>1333.8</ele>
      </trkpt>
      <trkpt lat="31.65302" lon="-110.92973">
        <ele>1336.5</ele>
      </trkpt>
      <trkpt lat="31.65276" lon="-110.92933">
        <ele>1340.8</ele>
      </trkpt>
      <trkpt lat="31.65271" lon="-110.92914">
        <ele>1344.0</ele>
      </trkpt>
      <trkpt lat="31.65271" lon="-110.929">
        <ele>1345.8</ele>
      </trkpt>
      <trkpt lat="31.65265" lon="-110.92879">
        <ele>1348.0</ele>
      </trkpt>
      <trkpt lat="31.65254" lon="-110.92864">
        <ele>1348.3</ele>
      </trkpt>
      <trkpt lat="31.65237" lon="-110.92847">
        <ele>1348.7</ele>
      </trkpt>
      <trkpt lat="31.6523" lon="-110.92841">
        <ele>1349.0</ele>
      </trkpt>
      <trkpt lat="31.65223" lon="-110.92832">
        <ele>1350.0</ele>
      </trkpt>
      <trkpt lat="31.65223" lon="-110.92822">
        <ele>1351.9</ele>
      </trkpt>
      <trkpt lat="31.65225" lon="-110.92778">
        <ele>1357.3</ele>
      </trkpt>
      <trkpt lat="31.65228" lon="-110.92748">
        <ele>1357.8</ele>
      </trkpt>
      <trkpt lat="31.65228" lon="-110.9274">
        <ele>1357.0</ele>
      </trkpt>
      <trkpt lat="31.65222" lon="-110.92732">
        <ele>1354.7</ele>
      </trkpt>
      <trkpt lat="31.65212" lon="-110.92732">
        <ele>1353.7</ele>
      </trkpt>
      <trkpt lat="31.65196" lon="-110.92742">
        <ele>1352.3</ele>
      </trkpt>
      <trkpt lat="31.65187" lon="-110.92744">
        <ele>1351.1</ele>
      </trkpt>
      <trkpt lat="31.6517" lon="-110.92747">
        <ele>1348.6</ele>
      </trkpt>
      <trkpt lat="31.65159" lon="-110.92742">
        <ele>1347.6</ele>
      </trkpt>
      <trkpt lat="31.65143" lon="-110.92725">
        <ele>1348.2</ele>
      </trkpt>
      <trkpt lat="31.65122" lon="-110.927">
        <ele>1349.4</ele>
      </trkpt>
      <trkpt lat="31.6511" lon="-110.92689">
        <ele>1346.5</ele>
      </trkpt>
      <trkpt lat="31.65107" lon="-110.92675">
        <ele>1347.2</ele>
      </trkpt>
      <trkpt lat="31.651" lon="-110.92614">
        <ele>1350.9</ele>
      </trkpt>
      <trkpt lat="31.65094" lon="-110.92563">
        <ele>1352.8</ele>
      </trkpt>
      <trkpt lat="31.65088" lon="-110.92555">
        <ele>1351.8</ele>
      </trkpt>
      <trkpt lat="31.6508" lon="-110.92552">
        <ele>1350.4</ele>
      </trkpt>
      <trkpt lat="31.65072" lon="-110.92544">
        <ele>1349.6</ele>
      </trkpt>
      <trkpt lat="31.65069" lon="-110.92537">
        <ele>1349.6</ele>
      </trkpt>
      <trkpt lat="31.65067" lon="-110.92527">
        <ele>1350.0</ele>
      </trkpt>
      <trkpt lat="31.65067" lon="-110.92511">
        <ele>1351.1</ele>
      </trkpt>
      <trkpt lat="31.65063" lon="-110.92499">
        <ele>1352.6</ele>
      </trkpt>
      <trkpt lat="31.65053" lon="-110.92486">
        <ele>1354.8</ele>
      </trkpt>
      <trkpt lat="31.65046" lon="-110.92475">
        <ele>1356.2</ele>
      </trkpt>
      <trkpt lat="31.65046" lon="-110.9246">
        <ele>1356.9</ele>
      </trkpt>
      <trkpt lat="31.65058" lon="-110.9243">
        <ele>1357.8</ele>
      </trkpt>
      <trkpt lat="31.65059" lon="-110.92401">
        <ele>1356.4</ele>
      </trkpt>
      <trkpt lat="31.65065" lon="-110.92374">
        <ele>1355.2</ele>
      </trkpt>
      <trkpt lat="31.65077" lon="-110.92351">
        <ele>1356.3</ele>
      </trkpt>
      <trkpt lat="31.65075" lon="-110.92336">
        <ele>1353.2</ele>
      </trkpt>
      <trkpt lat="31.65075" lon="-110.92331">
        <ele>1353.0</ele>
      </trkpt>
      <trkpt lat="31.65073" lon="-110.92317">
        <ele>1353.3</ele>
      </trkpt>
      <trkpt lat="31.65075" lon="-110.92291">
        <ele>1355.0</ele>
      </trkpt>
      <trkpt lat="31.65071" lon="-110.92284">
        <ele>1357.3</ele>
      </trkpt>
      <trkpt lat="31.65066" lon="-110.92284">
        <ele>1358.8</ele>
      </trkpt>
      <trkpt lat="31.65053" lon="-110.9229">
        <ele>1360.7</ele>
      </trkpt>
      <trkpt lat="31.6504" lon="-110.92298">
        <ele>1361.1</ele>
      </trkpt>
      <trkpt lat="31.6503" lon="-110.92309">
        <ele>1362.1</ele>
      </trkpt>
      <trkpt lat="31.65025" lon="-110.92321">
        <ele>1362.3</ele>
      </trkpt>
      <trkpt lat="31.65017" lon="-110.92332">
        <ele>1363.4</ele>
      </trkpt>
      <trkpt lat="31.65007" lon="-110.92335">
        <ele>1365.6</ele>
      </trkpt>
      <trkpt lat="31.64997" lon="-110.92328">
        <ele>1368.1</ele>
      </trkpt>
      <trkpt lat="31.64988" lon="-110.92309">
        <ele>1370.7</ele>
      </trkpt>
      <trkpt lat="31.64966" lon="-110.92292">
        <ele>1375.5</ele>
      </trkpt>
      <trkpt lat="31.64958" lon="-110.92287">
        <ele>1376.9</ele>
      </trkpt>
      <trkpt lat="31.64952" lon="-110.92276">
        <ele>1378.7</ele>
      </trkpt>
      <trkpt lat="31.64951" lon="-110.92268">
        <ele>1379.5</ele>
      </trkpt>
      <trkpt lat="31.6495" lon="-110.92246">
        <ele>1381.8</ele>
      </trkpt>
      <trkpt lat="31.64947" lon="-110.92203">
        <ele>1386.9</ele>
      </trkpt>
      <trkpt lat="31.6495" lon="-110.92191">
        <ele>1388.2</ele>
      </trkpt>
      <trkpt lat="31.6495" lon="-110.9219">
        <ele>1388.3</ele>
      </trkpt>
      <trkpt lat="31.6495" lon="-110.92164">
        <ele>1391.3</ele>
      </trkpt>
      <trkpt lat="31.64946" lon="-110.92152">
        <ele>1392.7</ele>
      </trkpt>
      <trkpt lat="31.6495" lon="-110.92148">
        <ele>1392.6</ele>
      </trkpt>
      <trkpt lat="31.6496" lon="-110.92136">
        <ele>1392.6</ele>
      </trkpt>
      <trkpt lat="31.64971" lon="-110.92122">
        <ele>1392.7</ele>
      </trkpt>
      <trkpt lat="31.64974" lon="-110.92103">
        <ele>1393.8</ele>
      </trkpt>
      <trkpt lat="31.64971" lon="-110.92083">
        <ele>1396.2</ele>
      </trkpt>
      <trkpt lat="31.64972" lon="-110.92069">
        <ele>1397.0</ele>
      </trkpt>
      <trkpt lat="31.6498" lon="-110.92052">
        <ele>1397.0</ele>
      </trkpt>
      <trkpt lat="31.6499" lon="-110.92039">
        <ele>1396.5</ele>
      </trkpt>
      <trkpt lat="31.64991" lon="-110.92022">
        <ele>1398.5</ele>
      </trkpt>
      <trkpt lat="31.64986" lon="-110.92007">
        <ele>1401.7</ele>
      </trkpt>
      <trkpt lat="31.64985" lon="-110.91996">
        <ele>1403.2</ele>
      </trkpt>
      <trkpt lat="31.64992" lon="-110.91975">
        <ele>1402.5</ele>
      </trkpt>
      <trkpt lat="31.64995" lon="-110.9196">
        <ele>1402.8</ele>
      </trkpt>
      <trkpt lat="31.64993" lon="-110.91938">
        <ele>1406.0</ele>
      </trkpt>
      <trkpt lat="31.64989" lon="-110.9192">
        <ele>1408.0</ele>
      </trkpt>
      <trkpt lat="31.6498" lon="-110.91902">
        <ele>1410.8</ele>
      </trkpt>
      <trkpt lat="31.64974" lon="-110.9189">
        <ele>1412.3</ele>
      </trkpt>
      <trkpt lat="31.64967" lon="-110.91878">
        <ele>1413.7</ele>
      </trkpt>
      <trkpt lat="31.64972" lon="-110.91872">
        <ele>1412.9</ele>
      </trkpt>
      <trkpt lat="31.64983" lon="-110.91858">
        <ele>1412.8</ele>
      </trkpt>
      <trkpt lat="31.6499" lon="-110.91843">
        <ele>1414.0</ele>
      </trkpt>
      <trkpt lat="31.65002" lon="-110.91823">
        <ele>1415.3</ele>
      </trkpt>
      <trkpt lat="31.65007" lon="-110.918">
        <ele>1416.9</ele>
      </trkpt>
      <trkpt lat="31.65004" lon="-110.91778">
        <ele>1420.0</ele>
      </trkpt>
      <trkpt lat="31.64999" lon="-110.91758">
        <ele>1423.7</ele>
      </trkpt>
      <trkpt lat="31.64998" lon="-110.91742">
        <ele>1424.9</ele>
      </trkpt>
      <trkpt lat="31.64997" lon="-110.91719">
        <ele>1426.1</ele>
      </trkpt>
      <trkpt lat="31.64996" lon="-110.91701">
        <ele>1426.9</ele>
      </trkpt>
      <trkpt lat="31.65003" lon="-110.91677">
        <ele>1427.0</ele>
      </trkpt>
      <trkpt lat="31.65006" lon="-110.91658">
        <ele>1430.2</ele>
      </trkpt>
      <trkpt lat="31.65014" lon="-110.91635">
        <ele>1435.1</ele>
      </trkpt>
      <trkpt lat="31.65019" lon="-110.91626">
        <ele>1436.6</ele>
      </trkpt>
      <trkpt lat="31.65034" lon="-110.91623">
        <ele>1436.7</ele>
      </trkpt>
      <trkpt lat="31.65048" lon="-110.91617">
        <ele>1436.8</ele>
      </trkpt>
      <trkpt lat="31.65062" lon="-110.91603">
        <ele>1437.8</ele>
      </trkpt>
      <trkpt lat="31.65068" lon="-110.91595">
        <ele>1437.1</ele>
      </trkpt>
      <trkpt lat="31.65069" lon="-110.91589">
        <ele>1437.3</ele>
      </trkpt>
      <trkpt lat="31.65063" lon="-110.91582">
        <ele>1438.9</ele>
      </trkpt>
      <trkpt lat="31.65056" lon="-110.91579">
        <ele>1440.6</ele>
      </trkpt>
      <trkpt lat="31.65042" lon="-110.9158">
        <ele>1442.4</ele>
      </trkpt>
      <trkpt lat="31.65016" lon="-110.91587">
        <ele>1444.3</ele>
      </trkpt>
      <trkpt lat="31.64993" lon="-110.91597">
        <ele>1444.5</ele>
      </trkpt>
      <trkpt lat="31.64958" lon="-110.91607">
        <ele>1447.9</ele>
      </trkpt>
      <trkpt lat="31.64926" lon="-110.91617">
        <ele>1450.7</ele>
      </trkpt>
      <trkpt lat="31.64925" lon="-110.91618">
        <ele>1450.8</ele>
      </trkpt>
      <trkpt lat="31.64913" lon="-110.91626">
        <ele>1454.4</ele>
      </trkpt>
      <trkpt lat="31.64911" lon="-110.91646">
        <ele>1455.5</ele>
      </trkpt>
      <trkpt lat="31.64908" lon="-110.91665">
        <ele>1457.0</ele>
      </trkpt>
      <trkpt lat="31.64906" lon="-110.91684">
        <ele>1460.0</ele>
      </trkpt>
      <trkpt lat="31.64907" lon="-110.91698">
        <ele>1461.4</ele>
      </trkpt>
      <trkpt lat="31.64911" lon="-110.91724">
        <ele>1461.9</ele>
      </trkpt>
      <trkpt lat="31.6492" lon="-110.91757">
        <ele>1455.6</ele>
      </trkpt>
      <trkpt lat="31.64918" lon="-110.91771">
        <ele>1453.6</ele>
      </trkpt>
      <trkpt lat="31.64904" lon="-110.91786">
        <ele>1454.5</ele>
      </trkpt>
      <trkpt lat="31.64874" lon="-110.9181">
        <ele>1457.5</ele>
      </trkpt>
      <trkpt lat="31.64852" lon="-110.91827">
        <ele>1464.0</ele>
      </trkpt>
      <trkpt lat="31.64837" lon="-110.91843">
        <ele>1466.6</ele>
      </trkpt>
      <trkpt lat="31.6481" lon="-110.91856">
        <ele>1467.1</ele>
      </trkpt>
      <trkpt lat="31.64787" lon="-110.91852">
        <ele>1470.2</ele>
      </trkpt>
      <trkpt lat="31.64781" lon="-110.91826">
        <ele>1478.5</ele>
      </trkpt>
      <trkpt lat="31.64781" lon="-110.91795">
        <ele>1487.2</ele>
      </trkpt>
      <trkpt lat="31.64763" lon="-110.9178">
        <ele>1486.7</ele>
      </trkpt>
      <trkpt lat="31.64704" lon="-110.91731">
        <ele>1498.7</ele>
      </trkpt>
      <trkpt lat="31.64669" lon="-110.91703">
        <ele>1501.7</ele>
      </trkpt>
      <trkpt lat="31.64646" lon="-110.91694">
        <ele>1503.1</ele>
      </trkpt>
      <trkpt lat="31.64591" lon="-110.91681">
        <ele>1499.6</ele>
      </trkpt>
      <trkpt lat="31.64548" lon="-110.91662">
        <ele>1495.1</ele>
      </trkpt>
      <trkpt lat="31.64533" lon="-110.91662">
        <ele>1494.1</ele>
      </trkpt>
      <trkpt lat="31.64516" lon="-110.91683">
        <ele>1497.3</ele>
      </trkpt>
      <trkpt lat="31.64511" lon="-110.917">
        <ele>1497.0</ele>
      </trkpt>
      <trkpt lat="31.64508" lon="-110.91722">
        <ele>1494.5</ele>
      </trkpt>
      <trkpt lat="31.64489" lon="-110.91743">
        <ele>1494.9</ele>
      </trkpt>
      <trkpt lat="31.64459" lon="-110.91749">
        <ele>1499.1</ele>
      </trkpt>
      <trkpt lat="31.64434" lon="-110.91761">
        <ele>1497.9</ele>
      </trkpt>
      <trkpt lat="31.64412" lon="-110.9176">
        <ele>1500.6</ele>
      </trkpt>
      <trkpt lat="31.64372" lon="-110.91763">
        <ele>1504.1</ele>
      </trkpt>
      <trkpt lat="31.64353" lon="-110.91758">
        <ele>1505.1</ele>
      </trkpt>
      <trkpt lat="31.64343" lon="-110.91749">
        <ele>1506.1</ele>
      </trkpt>
      <trkpt lat="31.64338" lon="-110.91723">
        <ele>1512.0</ele>
      </trkpt>
      <trkpt lat="31.6432" lon="-110.91695">
        <ele>1511.7</ele>
      </trkpt>
      <trkpt lat="31.64291" lon="-110.91666">
        <ele>1513.0</ele>
      </trkpt>
      <trkpt lat="31.64286" lon="-110.91636">
        <ele>1515.4</ele>
      </trkpt>
      <trkpt lat="31.64289" lon="-110.91606">
        <ele>1519.1</ele>
      </trkpt>
      <trkpt lat="31.6427" lon="-110.91561">
        <ele>1518.5</ele>
      </trkpt>
      <trkpt lat="31.64241" lon="-110.91523">
        <ele>1518.5</ele>
      </trkpt>
      <trkpt lat="31.64213" lon="-110.91479">
        <ele>1528.3</ele>
      </trkpt>
      <trkpt lat="31.64198" lon="-110.9142">
        <ele>1531.4</ele>
      </trkpt>
      <trkpt lat="31.64191" lon="-110.9136">
        <ele>1536.8</ele>
      </trkpt>
      <trkpt lat="31.64187" lon="-110.91309">
        <ele>1544.6</ele>
      </trkpt>
      <trkpt lat="31.64152" lon="-110.91262">
        <ele>1544.1</ele>
      </trkpt>
      <trkpt lat="31.64123" lon="-110.9122">
        <ele>1550.4</ele>
      </trkpt>
      <trkpt lat="31.64121" lon="-110.91209">
        <ele>1551.5</ele>
      </trkpt>
      <trkpt lat="31.64114" lon="-110.91174">
        <ele>1548.7</ele>
      </trkpt>
      <trkpt lat="31.6408" lon="-110.91102">
        <ele>1538.5</ele>
      </trkpt>
      <trkpt lat="31.64063" lon="-110.91074">
        <ele>1533.8</ele>
      </trkpt>
      <trkpt lat="31.64064" lon="-110.91035">
        <ele>1529.4</ele>
      </trkpt>
      <trkpt lat="31.64054" lon="-110.90994">
        <ele>1524.2</ele>
      </trkpt>
      <trkpt lat="31.64029" lon="-110.90953">
        <ele>1516.7</ele>
      </trkpt>
      <trkpt lat="31.64013" lon="-110.90939">
        <ele>1512.7</ele>
      </trkpt>
      <trkpt lat="31.63995" lon="-110.90908">
        <ele>1509.8</ele>
      </trkpt>
      <trkpt lat="31.6399" lon="-110.90889">
        <ele>1506.0</ele>
      </trkpt>
      <trkpt lat="31.63975" lon="-110.90869">
        <ele>1503.2</ele>
      </trkpt>
      <trkpt lat="31.63964" lon="-110.90849">
        <ele>1499.2</ele>
      </trkpt>
      <trkpt lat="31.63948" lon="-110.90836">
        <ele>1496.2</ele>
      </trkpt>
      <trkpt lat="31.63942" lon="-110.90826">
        <ele>1493.4</ele>
      </trkpt>
      <trkpt lat="31.63947" lon="-110.9081">
        <ele>1490.5</ele>
      </trkpt>
      <trkpt lat="31.63955" lon="-110.90805">
        <ele>1490.0</ele>
      </trkpt>
      <trkpt lat="31.63964" lon="-110.90805">
        <ele>1489.2</ele>
      </trkpt>
      <trkpt lat="31.63974" lon="-110.90805">
        <ele>1487.5</ele>
      </trkpt>
      <trkpt lat="31.63985" lon="-110.90808">
        <ele>1485.6</ele>
      </trkpt>
      <trkpt lat="31.64049" lon="-110.90851">
        <ele>1478.7</ele>
      </trkpt>
      <trkpt lat="31.64057" lon="-110.90825">
        <ele>1470.7</ele>
      </trkpt>
      <trkpt lat="31.6404" lon="-110.90762">
        <ele>1469.6</ele>
      </trkpt>
      <trkpt lat="31.64026" lon="-110.90721">
        <ele>1469.8</ele>
      </trkpt>
      <trkpt lat="31.64001" lon="-110.90693">
        <ele>1468.0</ele>
      </trkpt>
      <trkpt lat="31.6397" lon="-110.90662">
        <ele>1467.2</ele>
      </trkpt>
      <trkpt lat="31.63935" lon="-110.90618">
        <ele>1464.2</ele>
      </trkpt>
      <trkpt lat="31.63902" lon="-110.90582">
        <ele>1460.2</ele>
      </trkpt>
      <trkpt lat="31.6387" lon="-110.90535">
        <ele>1460.1</ele>
      </trkpt>
      <trkpt lat="31.63854" lon="-110.90498">
        <ele>1456.1</ele>
      </trkpt>
      <trkpt lat="31.63866" lon="-110.90432">
        <ele>1451.9</ele>
      </trkpt>
      <trkpt lat="31.63883" lon="-110.90384">
        <ele>1453.9</ele>
      </trkpt>
      <trkpt lat="31.63904" lon="-110.90331">
        <ele>1455.7</ele>
      </trkpt>
      <trkpt lat="31.63924" lon="-110.90277">
        <ele>1461.7</ele>
      </trkpt>
      <trkpt lat="31.63927" lon="-110.90229">
        <ele>1458.5</ele>
      </trkpt>
      <trkpt lat="31.63947" lon="-110.90207">
        <ele>1459.3</ele>
      </trkpt>
      <trkpt lat="31.63964" lon="-110.90202">
        <ele>1460.3</ele>
      </trkpt>
      <trkpt lat="31.63979" lon="-110.90181">
        <ele>1462.3</ele>
      </trkpt>
      <trkpt lat="31.63981" lon="-110.90175">
        <ele>1463.5</ele>
      </trkpt>
      <trkpt lat="31.63982" lon="-110.90163">
        <ele>1466.3</ele>
      </trkpt>
      <trkpt lat="31.6398" lon="-110.90149">
        <ele>1469.7</ele>
      </trkpt>
      <trkpt lat="31.63976" lon="-110.90145">
        <ele>1470.4</ele>
      </trkpt>
      <trkpt lat="31.63958" lon="-110.90149">
        <ele>1469.6</ele>
      </trkpt>
      <trkpt lat="31.63951" lon="-110.90142">
        <ele>1471.7</ele>
      </trkpt>
      <trkpt lat="31.63946" lon="-110.90122">
        <ele>1475.3</ele>
      </trkpt>
      <trkpt lat="31.63938" lon="-110.90079">
        <ele>1481.8</ele>
      </trkpt>
      <trkpt lat="31.63935" lon="-110.90073">
        <ele>1483.9</ele>
      </trkpt>
      <trkpt lat="31.63931" lon="-110.90069">
        <ele>1486.0</ele>
      </trkpt>
      <trkpt lat="31.63929" lon="-110.90058">
        <ele>1487.9</ele>
      </trkpt>
      <trkpt lat="31.6393" lon="-110.9004">
        <ele>1489.2</ele>
      </trkpt>
      <trkpt lat="31.63934" lon="-110.90017">
        <ele>1489.6</ele>
      </trkpt>
      <trkpt lat="31.63941" lon="-110.89986">
        <ele>1494.8</ele>
      </trkpt>
      <trkpt lat="31.63946" lon="-110.89969">
        <ele>1497.2</ele>
      </trkpt>
      <trkpt lat="31.63946" lon="-110.89965">
        <ele>1497.5</ele>
      </trkpt>
      <trkpt lat="31.63944" lon="-110.89927">
        <ele>1497.8</ele>
      </trkpt>
      <trkpt lat="31.63944" lon="-110.89912">
        <ele>1497.8</ele>
      </trkpt>
      <trkpt lat="31.63943" lon="-110.89902">
        <ele>1497.9</ele>
      </trkpt>
      <trkpt lat="31.6394" lon="-110.89896">
        <ele>1497.6</ele>
      </trkpt>
      <trkpt lat="31.63927" lon="-110.89869">
        <ele>1495.1</ele>
      </trkpt>
      <trkpt lat="31.63917" lon="-110.89843">
        <ele>1492.0</ele>
      </trkpt>
      <trkpt lat="31.63911" lon="-110.89823">
        <ele>1490.7</ele>
      </trkpt>
      <trkpt lat="31.63906" lon="-110.8978">
        <ele>1487.5</ele>
      </trkpt>
      <trkpt lat="31.63903" lon="-110.89747">
        <ele>1485.4</ele>
      </trkpt>
      <trkpt lat="31.63896" lon="-110.89733">
        <ele>1482.6</ele>
      </trkpt>
      <trkpt lat="31.63888" lon="-110.89715">
        <ele>1479.3</ele>
      </trkpt>
      <trkpt lat="31.63887" lon="-110.89707">
        <ele>1478.5</ele>
      </trkpt>
      <trkpt lat="31.63887" lon="-110.89694">
        <ele>1477.5</ele>
      </trkpt>
      <trkpt lat="31.63888" lon="-110.89674">
        <ele>1475.4</ele>
      </trkpt>
      <trkpt lat="31.6389" lon="-110.89666">
        <ele>1474.8</ele>
      </trkpt>
      <trkpt lat="31.6389" lon="-110.89659">
        <ele>1474.5</ele>
      </trkpt>
      <trkpt lat="31.63886" lon="-110.8965">
        <ele>1475.3</ele>
      </trkpt>
      <trkpt lat="31.6387" lon="-110.89627">
        <ele>1475.8</ele>
      </trkpt>
      <trkpt lat="31.63842" lon="-110.89605">
        <ele>1469.1</ele>
      </trkpt>
      <trkpt lat="31.63832" lon="-110.89596">
        <ele>1466.2</ele>
      </trkpt>
      <trkpt lat="31.63824" lon="-110.89577">
        <ele>1463.8</ele>
      </trkpt>
      <trkpt lat="31.63823" lon="-110.89558">
        <ele>1463.1</ele>
      </trkpt>
      <trkpt lat="31.63822" lon="-110.89543">
        <ele>1463.4</ele>
      </trkpt>
      <trkpt lat="31.63821" lon="-110.89528">
        <ele>1465.0</ele>
      </trkpt>
      <trkpt lat="31.63823" lon="-110.89494">
        <ele>1468.4</ele>
      </trkpt>
      <trkpt lat="31.6383" lon="-110.89472">
        <ele>1468.8</ele>
      </trkpt>
      <trkpt lat="31.63832" lon="-110.89431">
        <ele>1473.3</ele>
      </trkpt>
      <trkpt lat="31.63839" lon="-110.89394">
        <ele>1476.1</ele>
      </trkpt>
      <trkpt lat="31.63832" lon="-110.89353">
        <ele>1482.4</ele>
      </trkpt>
      <trkpt lat="31.63824" lon="-110.8932">
        <ele>1489.8</ele>
      </trkpt>
      <trkpt lat="31.63828" lon="-110.8929">
        <ele>1490.5</ele>
      </trkpt>
      <trkpt lat="31.63827" lon="-110.89272">
        <ele>1489.9</ele>
      </trkpt>
      <trkpt lat="31.63814" lon="-110.89248">
        <ele>1490.8</ele>
      </trkpt>
      <trkpt lat="31.63808" lon="-110.8924">
        <ele>1490.8</ele>
      </trkpt>
      <trkpt lat="31.63794" lon="-110.8924">
        <ele>1493.4</ele>
      </trkpt>
      <trkpt lat="31.63765" lon="-110.89242">
        <ele>1500.9</ele>
      </trkpt>
      <trkpt lat="31.63749" lon="-110.89228">
        <ele>1502.2</ele>
      </trkpt>
      <trkpt lat="31.6374" lon="-110.89213">
        <ele>1500.1</ele>
      </trkpt>
      <trkpt lat="31.63739" lon="-110.89212">
        <ele>1500.2</ele>
      </trkpt>
      <trkpt lat="31.63724" lon="-110.8919">
        <ele>1498.8</ele>
      </trkpt>
      <trkpt lat="31.63721" lon="-110.89173">
        <ele>1498.5</ele>
      </trkpt>
      <trkpt lat="31.63721" lon="-110.89157">
        <ele>1499.8</ele>
      </trkpt>
      <trkpt lat="31.63717" lon="-110.89143">
        <ele>1502.9</ele>
      </trkpt>
      <trkpt lat="31.63715" lon="-110.89133">
        <ele>1505.7</ele>
      </trkpt>
      <trkpt lat="31.63699" lon="-110.89124">
        <ele>1506.5</ele>
      </trkpt>
      <trkpt lat="31.63691" lon="-110.89112">
        <ele>1508.8</ele>
      </trkpt>
      <trkpt lat="31.63684" lon="-110.89106">
        <ele>1508.9</ele>
      </trkpt>
      <trkpt lat="31.6367" lon="-110.89106">
        <ele>1510.4</ele>
      </trkpt>
      <trkpt lat="31.63667" lon="-110.89114">
        <ele>1510.3</ele>
      </trkpt>
      <trkpt lat="31.63659" lon="-110.89127">
        <ele>1510.9</ele>
      </trkpt>
      <trkpt lat="31.6365" lon="-110.89132">
        <ele>1511.8</ele>
      </trkpt>
      <trkpt lat="31.63642" lon="-110.89125">
        <ele>1513.1</ele>
      </trkpt>
      <trkpt lat="31.6363" lon="-110.89113">
        <ele>1514.3</ele>
      </trkpt>
      <trkpt lat="31.63619" lon="-110.89116">
        <ele>1513.0</ele>
      </trkpt>
      <trkpt lat="31.63606" lon="-110.89127">
        <ele>1512.1</ele>
      </trkpt>
      <trkpt lat="31.63596" lon="-110.89131">
        <ele>1513.6</ele>
      </trkpt>
      <trkpt lat="31.63573" lon="-110.89127">
        <ele>1517.5</ele>
      </trkpt>
      <trkpt lat="31.63562" lon="-110.89121">
        <ele>1519.6</ele>
      </trkpt>
      <trkpt lat="31.63531" lon="-110.8909">
        <ele>1525.5</ele>
      </trkpt>
      <trkpt lat="31.63499" lon="-110.89066">
        <ele>1529.8</ele>
      </trkpt>
      <trkpt lat="31.63488" lon="-110.89063">
        <ele>1532.0</ele>
      </trkpt>
      <trkpt lat="31.63474" lon="-110.89063">
        <ele>1534.2</ele>
      </trkpt>
      <trkpt lat="31.63447" lon="-110.89047">
        <ele>1535.1</ele>
      </trkpt>
      <trkpt lat="31.63439" lon="-110.89039">
        <ele>1535.7</ele>
      </trkpt>
      <trkpt lat="31.63439" lon="-110.89027">
        <ele>1537.5</ele>
      </trkpt>
      <trkpt lat="31.63447" lon="-110.89015">
        <ele>1540.6</ele>
      </trkpt>
      <trkpt lat="31.63471" lon="-110.88996">
        <ele>1545.8</ele>
      </trkpt>
      <trkpt lat="31.63488" lon="-110.88975">
        <ele>1550.2</ele>
      </trkpt>
      <trkpt lat="31.63505" lon="-110.88939">
        <ele>1556.7</ele>
      </trkpt>
      <trkpt lat="31.63514" lon="-110.88913">
        <ele>1560.2</ele>
      </trkpt>
      <trkpt lat="31.63519" lon="-110.88884">
        <ele>1564.5</ele>
      </trkpt>
      <trkpt lat="31.63518" lon="-110.88868">
        <ele>1567.5</ele>
      </trkpt>
      <trkpt lat="31.63518" lon="-110.88824">
        <ele>1571.0</ele>
      </trkpt>
      <trkpt lat="31.63522" lon="-110.88779">
        <ele>1572.4</ele>
      </trkpt>
      <trkpt lat="31.63522" lon="-110.88775">
        <ele>1572.3</ele>
      </trkpt>
      <trkpt lat="31.63522" lon="-110.88763">
        <ele>1572.0</ele>
      </trkpt>
      <trkpt lat="31.63528" lon="-110.88753">
        <ele>1571.4</ele>
      </trkpt>
      <trkpt lat="31.63543" lon="-110.88736">
        <ele>1572.0</ele>
      </trkpt>
      <trkpt lat="31.63561" lon="-110.8872">
        <ele>1572.6</ele>
      </trkpt>
      <trkpt lat="31.63569" lon="-110.88705">
        <ele>1572.8</ele>
      </trkpt>
      <trkpt lat="31.63573" lon="-110.88686">
        <ele>1571.7</ele>
      </trkpt>
      <trkpt lat="31.63579" lon="-110.88667">
        <ele>1570.6</ele>
      </trkpt>
      <trkpt lat="31.6358" lon="-110.88661">
        <ele>1570.2</ele>
      </trkpt>
      <trkpt lat="31.6359" lon="-110.88611">
        <ele>1567.6</ele>
      </trkpt>
      <trkpt lat="31.63644" lon="-110.88494">
        <ele>1555.1</ele>
      </trkpt>
      <trkpt lat="31.6364" lon="-110.88452">
        <ele>1554.7</ele>
      </trkpt>
      <trkpt lat="31.63628" lon="-110.88383">
        <ele>1556.6</ele>
      </trkpt>
      <trkpt lat="31.6363" lon="-110.8832">
        <ele>1558.5</ele>
      </trkpt>
      <trkpt lat="31.63652" lon="-110.88283">
        <ele>1559.3</ele>
      </trkpt>
      <trkpt lat="31.63674" lon="-110.88272">
        <ele>1559.2</ele>
      </trkpt>
      <trkpt lat="31.637" lon="-110.88274">
        <ele>1560.4</ele>
      </trkpt>
      <trkpt lat="31.63728" lon="-110.88264">
        <ele>1560.9</ele>
      </trkpt>
      <trkpt lat="31.63737" lon="-110.88264">
        <ele>1561.2</ele>
      </trkpt>
      <trkpt lat="31.63755" lon="-110.8827">
        <ele>1563.8</ele>
      </trkpt>
      <trkpt lat="31.63776" lon="-110.88282">
        <ele>1568.6</ele>
      </trkpt>
      <trkpt lat="31.63795" lon="-110.88291">
        <ele>1570.6</ele>
      </trkpt>
      <trkpt lat="31.6381" lon="-110.88295">
        <ele>1571.9</ele>
      </trkpt>
      <trkpt lat="31.63826" lon="-110.88297">
        <ele>1572.9</ele>
      </trkpt>
      <trkpt lat="31.63833" lon="-110.88297">
        <ele>1573.2</ele>
      </trkpt>
      <trkpt lat="31.63845" lon="-110.88293">
        <ele>1573.8</ele>
      </trkpt>
      <trkpt lat="31.63848" lon="-110.8829">
        <ele>1574.2</ele>
      </trkpt>
      <trkpt lat="31.63848" lon="-110.8829">
        <ele>1574.2</ele>
      </trkpt>
      <trkpt lat="31.63839" lon="-110.88266">
        <ele>1576.5</ele>
      </trkpt>
      <trkpt lat="31.63833" lon="-110.8826">
        <ele>1576.5</ele>
      </trkpt>
      <trkpt lat="31.63813" lon="-110.88243">
        <ele>1575.4</ele>
      </trkpt>
      <trkpt lat="31.63799" lon="-110.88224">
        <ele>1573.7</ele>
      </trkpt>
      <trkpt lat="31.63795" lon="-110.88203">
        <ele>1572.9</ele>
      </trkpt>
      <trkpt lat="31.63801" lon="-110.88179">
        <ele>1577.3</ele>
      </trkpt>
      <trkpt lat="31.63799" lon="-110.88169">
        <ele>1579.0</ele>
      </trkpt>
      <trkpt lat="31.63785" lon="-110.88135">
        <ele>1581.3</ele>
      </trkpt>
      <trkpt lat="31.63778" lon="-110.8813">
        <ele>1581.6</ele>
      </trkpt>
      <trkpt lat="31.63765" lon="-110.88129">
        <ele>1581.0</ele>
      </trkpt>
      <trkpt lat="31.63742" lon="-110.88121">
        <ele>1582.5</ele>
      </trkpt>
      <trkpt lat="31.63722" lon="-110.88118">
        <ele>1583.8</ele>
      </trkpt>
      <trkpt lat="31.63681" lon="-110.88125">
        <ele>1581.6</ele>
      </trkpt>
      <trkpt lat="31.63669" lon="-110.88123">
        <ele>1581.3</ele>
      </trkpt>
      <trkpt lat="31.63654" lon="-110.88121">
        <ele>1581.0</ele>
      </trkpt>
      <trkpt lat="31.63649" lon="-110.88122">
        <ele>1580.4</ele>
      </trkpt>
      <trkpt lat="31.63639" lon="-110.88123">
        <ele>1579.8</ele>
      </trkpt>
      <trkpt lat="31.63613" lon="-110.88127">
        <ele>1579.0</ele>
      </trkpt>
      <trkpt lat="31.63602" lon="-110.88121">
        <ele>1579.7</ele>
      </trkpt>
      <trkpt lat="31.63595" lon="-110.88115">
        <ele>1579.1</ele>
      </trkpt>
      <trkpt lat="31.63574" lon="-110.8809">
        <ele>1575.8</ele>
      </trkpt>
      <trkpt lat="31.63559" lon="-110.88072">
        <ele>1572.2</ele>
      </trkpt>
      <trkpt lat="31.63545" lon="-110.88061">
        <ele>1570.5</ele>
      </trkpt>
      <trkpt lat="31.63533" lon="-110.88041">
        <ele>1570.3</ele>
      </trkpt>
      <trkpt lat="31.63527" lon="-110.88023">
        <ele>1569.0</ele>
      </trkpt>
      <trkpt lat="31.6353" lon="-110.87992">
        <ele>1567.3</ele>
      </trkpt>
      <trkpt lat="31.63538" lon="-110.87964">
        <ele>1564.1</ele>
      </trkpt>
      <trkpt lat="31.6355" lon="-110.87944">
        <ele>1562.6</ele>
      </trkpt>
      <trkpt lat="31.63566" lon="-110.87925">
        <ele>1561.4</ele>
      </trkpt>
      <trkpt lat="31.63566" lon="-110.87918">
        <ele>1560.0</ele>
      </trkpt>
      <trkpt lat="31.63566" lon="-110.87916">
        <ele>1559.7</ele>
      </trkpt>
      <trkpt lat="31.63565" lon="-110.87911">
        <ele>1559.9</ele>
      </trkpt>
      <trkpt lat="31.63558" lon="-110.87907">
        <ele>1560.1</ele>
      </trkpt>
      <trkpt lat="31.63545" lon="-110.87908">
        <ele>1560.3</ele>
      </trkpt>
      <trkpt lat="31.63516" lon="-110.8793">
        <ele>1558.9</ele>
      </trkpt>
      <trkpt lat="31.63502" lon="-110.87938">
        <ele>1558.3</ele>
      </trkpt>
      <trkpt lat="31.63488" lon="-110.87943">
        <ele>1558.0</ele>
      </trkpt>
      <trkpt lat="31.63453" lon="-110.87944">
        <ele>1558.2</ele>
      </trkpt>
      <trkpt lat="31.63429" lon="-110.87942">
        <ele>1559.2</ele>
      </trkpt>
      <trkpt lat="31.63414" lon="-110.87945">
        <ele>1558.6</ele>
      </trkpt>
      <trkpt lat="31.634" lon="-110.87945">
        <ele>1559.4</ele>
      </trkpt>
      <trkpt lat="31.63376" lon="-110.87939">
        <ele>1559.0</ele>
      </trkpt>
      <trkpt lat="31.6336" lon="-110.87928">
        <ele>1558.0</ele>
      </trkpt>
      <trkpt lat="31.63349" lon="-110.87911">
        <ele>1558.3</ele>
      </trkpt>
      <trkpt lat="31.63346" lon="-110.87904">
        <ele>1558.8</ele>
      </trkpt>
      <trkpt lat="31.6334" lon="-110.87897">
        <ele>1558.9</ele>
      </trkpt>
      <trkpt lat="31.63329" lon="-110.87892">
        <ele>1558.5</ele>
      </trkpt>
      <trkpt lat="31.63319" lon="-110.8789">
        <ele>1558.2</ele>
      </trkpt>
      <trkpt lat="31.6331" lon="-110.87882">
        <ele>1558.7</ele>
      </trkpt>
      <trkpt lat="31.633" lon="-110.87883">
        <ele>1557.9</ele>
      </trkpt>
      <trkpt lat="31.6329" lon="-110.8789">
        <ele>1556.6</ele>
      </trkpt>
      <trkpt lat="31.6328" lon="-110.87899">
        <ele>1555.8</ele>
      </trkpt>
      <trkpt lat="31.6325" lon="-110.87945">
        <ele>1551.9</ele>
      </trkpt>
      <trkpt lat="31.63239" lon="-110.87954">
        <ele>1552.0</ele>
      </trkpt>
      <trkpt lat="31.6322" lon="-110.87962">
        <ele>1551.4</ele>
      </trkpt>
      <trkpt lat="31.63197" lon="-110.87982">
        <ele>1549.3</ele>
      </trkpt>
      <trkpt lat="31.63187" lon="-110.87984">
        <ele>1547.9</ele>
      </trkpt>
      <trkpt lat="31.63179" lon="-110.87982">
        <ele>1546.8</ele>
      </trkpt>
      <trkpt lat="31.63158" lon="-110.87971">
        <ele>1543.8</ele>
      </trkpt>
      <trkpt lat="31.63151" lon="-110.87958">
        <ele>1542.2</ele>
      </trkpt>
      <trkpt lat="31.63154" lon="-110.87932">
        <ele>1539.6</ele>
      </trkpt>
      <trkpt lat="31.63152" lon="-110.8791">
        <ele>1536.5</ele>
      </trkpt>
      <trkpt lat="31.63159" lon="-110.87894">
        <ele>1534.6</ele>
      </trkpt>
      <trkpt lat="31.63167" lon="-110.87873">
        <ele>1532.6</ele>
      </trkpt>
      <trkpt lat="31.6318" lon="-110.87848">
        <ele>1533.3</ele>
      </trkpt>
      <trkpt lat="31.63184" lon="-110.87841">
        <ele>1534.1</ele>
      </trkpt>
      <trkpt lat="31.63183" lon="-110.87832">
        <ele>1534.0</ele>
      </trkpt>
      <trkpt lat="31.63169" lon="-110.87812">
        <ele>1532.2</ele>
      </trkpt>
      <trkpt lat="31.63141" lon="-110.87784">
        <ele>1529.1</ele>
      </trkpt>
      <trkpt lat="31.63113" lon="-110.87769">
        <ele>1524.1</ele>
      </trkpt>
      <trkpt lat="31.63095" lon="-110.87763">
        <ele>1522.1</ele>
      </trkpt>
      <trkpt lat="31.6308" lon="-110.87763">
        <ele>1520.3</ele>
      </trkpt>
      <trkpt lat="31.63063" lon="-110.87767">
        <ele>1518.9</ele>
      </trkpt>
      <trkpt lat="31.63012" lon="-110.87764">
        <ele>1516.7</ele>
      </trkpt>
      <trkpt lat="31.62972" lon="-110.87759">
        <ele>1511.3</ele>
      </trkpt>
      <trkpt lat="31.62937" lon="-110.87751">
        <ele>1508.5</ele>
      </trkpt>
      <trkpt lat="31.62916" lon="-110.87751">
        <ele>1505.1</ele>
      </trkpt>
      <trkpt lat="31.62881" lon="-110.8775">
        <ele>1502.7</ele>
      </trkpt>
      <trkpt lat="31.62861" lon="-110.87746">
        <ele>1500.8</ele>
      </trkpt>
      <trkpt lat="31.62845" lon="-110.8774">
        <ele>1498.8</ele>
      </trkpt>
      <trkpt lat="31.62795" lon="-110.87712">
        <ele>1493.9</ele>
      </trkpt>
      <trkpt lat="31.62787" lon="-110.8771">
        <ele>1493.0</ele>
      </trkpt>
      <trkpt lat="31.62779" lon="-110.87703">
        <ele>1492.8</ele>
      </trkpt>
      <trkpt lat="31.62759" lon="-110.87689">
        <ele>1490.8</ele>
      </trkpt>
      <trkpt lat="31.62747" lon="-110.87671">
        <ele>1490.9</ele>
      </trkpt>
      <trkpt lat="31.62745" lon="-110.87669">
        <ele>1491.1</ele>
      </trkpt>
      <trkpt lat="31.6274" lon="-110.87667">
        <ele>1491.1</ele>
      </trkpt>
      <trkpt lat="31.62718" lon="-110.87666">
        <ele>1491.0</ele>
      </trkpt>
      <trkpt lat="31.62706" lon="-110.87664">
        <ele>1491.6</ele>
      </trkpt>
      <trkpt lat="31.62687" lon="-110.87658">
        <ele>1492.0</ele>
      </trkpt>
      <trkpt lat="31.62652" lon="-110.87635">
        <ele>1490.7</ele>
      </trkpt>
      <trkpt lat="31.62633" lon="-110.87629">
        <ele>1489.5</ele>
      </trkpt>
      <trkpt lat="31.62618" lon="-110.87632">
        <ele>1488.0</ele>
      </trkpt>
      <trkpt lat="31.62601" lon="-110.87637">
        <ele>1483.7</ele>
      </trkpt>
      <trkpt lat="31.62507" lon="-110.87661">
        <ele>1475.5</ele>
      </trkpt>
      <trkpt lat="31.62479" lon="-110.8767">
        <ele>1473.0</ele>
      </trkpt>
      <trkpt lat="31.62468" lon="-110.87679">
        <ele>1471.7</ele>
      </trkpt>
      <trkpt lat="31.62459" lon="-110.87681">
        <ele>1470.4</ele>
      </trkpt>
      <trkpt lat="31.62449" lon="-110.87681">
        <ele>1469.1</ele>
      </trkpt>
      <trkpt lat="31.62441" lon="-110.87677">
        <ele>1468.4</ele>
      </trkpt>
      <trkpt lat="31.62434" lon="-110.87668">
        <ele>1468.7</ele>
      </trkpt>
      <trkpt lat="31.62432" lon="-110.87649">
        <ele>1464.9</ele>
      </trkpt>
      <trkpt lat="31.62432" lon="-110.87631">
        <ele>1461.2</ele>
      </trkpt>
      <trkpt lat="31.62432" lon="-110.87622">
        <ele>1460.3</ele>
      </trkpt>
      <trkpt lat="31.62429" lon="-110.87615">
        <ele>1461.0</ele>
      </trkpt>
      <trkpt lat="31.62423" lon="-110.87611">
        <ele>1462.3</ele>
      </trkpt>
      <trkpt lat="31.62412" lon="-110.8761">
        <ele>1463.1</ele>
      </trkpt>
      <trkpt lat="31.62391" lon="-110.87606">
        <ele>1462.9</ele>
      </trkpt>
      <trkpt lat="31.62352" lon="-110.87599">
        <ele>1462.5</ele>
      </trkpt>
      <trkpt lat="31.62314" lon="-110.87598">
        <ele>1463.0</ele>
      </trkpt>
      <trkpt lat="31.62289" lon="-110.87605">
        <ele>1462.3</ele>
      </trkpt>
      <trkpt lat="31.62266" lon="-110.87609">
        <ele>1460.9</ele>
      </trkpt>
      <trkpt lat="31.62248" lon="-110.87602">
        <ele>1460.5</ele>
      </trkpt>
      <trkpt lat="31.62239" lon="-110.87585">
        <ele>1461.2</ele>
      </trkpt>
      <trkpt lat="31.62228" lon="-110.87565">
        <ele>1462.2</ele>
      </trkpt>
      <trkpt lat="31.6222" lon="-110.87546">
        <ele>1463.0</ele>
      </trkpt>
      <trkpt lat="31.62214" lon="-110.8753">
        <ele>1464.5</ele>
      </trkpt>
      <trkpt lat="31.62214" lon="-110.8752">
        <ele>1465.6</ele>
      </trkpt>
      <trkpt lat="31.62216" lon="-110.87508">
        <ele>1466.7</ele>
      </trkpt>
      <trkpt lat="31.62221" lon="-110.8749">
        <ele>1468.4</ele>
      </trkpt>
      <trkpt lat="31.62227" lon="-110.87477">
        <ele>1471.3</ele>
      </trkpt>
      <trkpt lat="31.62231" lon="-110.87459">
        <ele>1474.9</ele>
      </trkpt>
      <trkpt lat="31.62231" lon="-110.87436">
        <ele>1477.7</ele>
      </trkpt>
      <trkpt lat="31.62228" lon="-110.87422">
        <ele>1478.7</ele>
      </trkpt>
      <trkpt lat="31.62216" lon="-110.87398">
        <ele>1479.1</ele>
      </trkpt>
      <trkpt lat="31.62208" lon="-110.87387">
        <ele>1477.8</ele>
      </trkpt>
      <trkpt lat="31.62198" lon="-110.87372">
        <ele>1474.5</ele>
      </trkpt>
      <trkpt lat="31.62193" lon="-110.87362">
        <ele>1474.1</ele>
      </trkpt>
      <trkpt lat="31.62186" lon="-110.87357">
        <ele>1474.2</ele>
      </trkpt>
      <trkpt lat="31.62179" lon="-110.8736">
        <ele>1473.3</ele>
      </trkpt>
      <trkpt lat="31.62174" lon="-110.87364">
        <ele>1473.4</ele>
      </trkpt>
      <trkpt lat="31.62174" lon="-110.87369">
        <ele>1473.0</ele>
      </trkpt>
      <trkpt lat="31.62174" lon="-110.87392">
        <ele>1471.7</ele>
      </trkpt>
      <trkpt lat="31.62176" lon="-110.87409">
        <ele>1469.4</ele>
      </trkpt>
      <trkpt lat="31.62173" lon="-110.87426">
        <ele>1468.5</ele>
      </trkpt>
      <trkpt lat="31.62165" lon="-110.8744">
        <ele>1469.5</ele>
      </trkpt>
      <trkpt lat="31.62152" lon="-110.87472">
        <ele>1469.2</ele>
      </trkpt>
      <trkpt lat="31.62134" lon="-110.87504">
        <ele>1466.5</ele>
      </trkpt>
      <trkpt lat="31.62112" lon="-110.87523">
        <ele>1462.7</ele>
      </trkpt>
      <trkpt lat="31.62096" lon="-110.87534">
        <ele>1461.2</ele>
      </trkpt>
      <trkpt lat="31.62074" lon="-110.87539">
        <ele>1463.2</ele>
      </trkpt>
      <trkpt lat="31.62061" lon="-110.87548">
        <ele>1461.2</ele>
      </trkpt>
      <trkpt lat="31.62054" lon="-110.87552">
        <ele>1460.0</ele>
      </trkpt>
      <trkpt lat="31.62042" lon="-110.87563">
        <ele>1456.9</ele>
      </trkpt>
      <trkpt lat="31.62005" lon="-110.87575">
        <ele>1452.3</ele>
      </trkpt>
      <trkpt lat="31.61969" lon="-110.87592">
        <ele>1448.9</ele>
      </trkpt>
      <trkpt lat="31.61936" lon="-110.87596">
        <ele>1447.0</ele>
      </trkpt>
      <trkpt lat="31.61916" lon="-110.87593">
        <ele>1447.1</ele>
      </trkpt>
      <trkpt lat="31.619" lon="-110.87592">
        <ele>1447.3</ele>
      </trkpt>
      <trkpt lat="31.61892" lon="-110.87595">
        <ele>1446.6</ele>
      </trkpt>
      <trkpt lat="31.61882" lon="-110.87606">
        <ele>1444.6</ele>
      </trkpt>
      <trkpt lat="31.61866" lon="-110.87617">
        <ele>1443.0</ele>
      </trkpt>
      <trkpt lat="31.61842" lon="-110.87629">
        <ele>1439.0</ele>
      </trkpt>
      <trkpt lat="31.6182" lon="-110.87634">
        <ele>1437.8</ele>
      </trkpt>
      <trkpt lat="31.61804" lon="-110.87632">
        <ele>1438.0</ele>
      </trkpt>
      <trkpt lat="31.61778" lon="-110.87636">
        <ele>1436.6</ele>
      </trkpt>
      <trkpt lat="31.6176" lon="-110.87641">
        <ele>1435.2</ele>
      </trkpt>
      <trkpt lat="31.61738" lon="-110.87643">
        <ele>1433.8</ele>
      </trkpt>
      <trkpt lat="31.6172" lon="-110.87641">
        <ele>1432.9</ele>
      </trkpt>
      <trkpt lat="31.61702" lon="-110.8764">
        <ele>1432.5</ele>
      </trkpt>
      <trkpt lat="31.61689" lon="-110.87646">
        <ele>1430.7</ele>
      </trkpt>
      <trkpt lat="31.61677" lon="-110.87657">
        <ele>1430.1</ele>
      </trkpt>
      <trkpt lat="31.61667" lon="-110.87659">
        <ele>1430.2</ele>
      </trkpt>
      <trkpt lat="31.61657" lon="-110.87654">
        <ele>1430.6</ele>
      </trkpt>
      <trkpt lat="31.61649" lon="-110.87643">
        <ele>1430.2</ele>
      </trkpt>
      <trkpt lat="31.61645" lon="-110.8763">
        <ele>1430.2</ele>
      </trkpt>
      <trkpt lat="31.61638" lon="-110.87617">
        <ele>1430.8</ele>
      </trkpt>
      <trkpt lat="31.6162" lon="-110.87604">
        <ele>1430.2</ele>
      </trkpt>
      <trkpt lat="31.61596" lon="-110.87589">
        <ele>1428.5</ele>
      </trkpt>
      <trkpt lat="31.61582" lon="-110.87577">
        <ele>1427.3</ele>
      </trkpt>
      <trkpt lat="31.61567" lon="-110.87568">
        <ele>1426.4</ele>
      </trkpt>
      <trkpt lat="31.61554" lon="-110.87563">
        <ele>1425.6</ele>
      </trkpt>
      <trkpt lat="31.61541" lon="-110.87562">
        <ele>1424.5</ele>
      </trkpt>
      <trkpt lat="31.61518" lon="-110.87572">
        <ele>1422.0</ele>
      </trkpt>
      <trkpt lat="31.61473" lon="-110.87589">
        <ele>1417.2</ele>
      </trkpt>
      <trkpt lat="31.61442" lon="-110.87595">
        <ele>1414.4</ele>
      </trkpt>
      <trkpt lat="31.61419" lon="-110.87596">
        <ele>1413.2</ele>
      </trkpt>
      <trkpt lat="31.61397" lon="-110.87589">
        <ele>1412.7</ele>
      </trkpt>
      <trkpt lat="31.61385" lon="-110.87583">
        <ele>1412.5</ele>
      </trkpt>
      <trkpt lat="31.61356" lon="-110.87575">
        <ele>1411.6</ele>
      </trkpt>
      <trkpt lat="31.61343" lon="-110.87574">
        <ele>1411.0</ele>
      </trkpt>
      <trkpt lat="31.61341" lon="-110.87574">
        <ele>1411.0</ele>
      </trkpt>
      <trkpt lat="31.61326" lon="-110.87577">
        <ele>1410.0</ele>
      </trkpt>
      <trkpt lat="31.61306" lon="-110.87591">
        <ele>1408.3</ele>
      </trkpt>
      <trkpt lat="31.61281" lon="-110.87603">
        <ele>1407.7</ele>
      </trkpt>
      <trkpt lat="31.61265" lon="-110.87608">
        <ele>1407.3</ele>
      </trkpt>
      <trkpt lat="31.61259" lon="-110.87609">
        <ele>1407.1</ele>
      </trkpt>
      <trkpt lat="31.61244" lon="-110.87609">
        <ele>1407.0</ele>
      </trkpt>
      <trkpt lat="31.61239" lon="-110.87609">
        <ele>1406.9</ele>
      </trkpt>
      <trkpt lat="31.61207" lon="-110.87605">
        <ele>1407.3</ele>
      </trkpt>
      <trkpt lat="31.61171" lon="-110.87602">
        <ele>1407.2</ele>
      </trkpt>
      <trkpt lat="31.61146" lon="-110.87603">
        <ele>1406.8</ele>
      </trkpt>
      <trkpt lat="31.61089" lon="-110.87608">
        <ele>1403.2</ele>
      </trkpt>
      <trkpt lat="31.61051" lon="-110.87611">
        <ele>1403.1</ele>
      </trkpt>
      <trkpt lat="31.61029" lon="-110.87607">
        <ele>1403.0</ele>
      </trkpt>
      <trkpt lat="31.61008" lon="-110.87597">
        <ele>1402.8</ele>
      </trkpt>
      <trkpt lat="31.60994" lon="-110.87587">
        <ele>1402.5</ele>
      </trkpt>
      <trkpt lat="31.60966" lon="-110.87573">
        <ele>1401.4</ele>
      </trkpt>
      <trkpt lat="31.60913" lon="-110.87545">
        <ele>1398.2</ele>
      </trkpt>
      <trkpt lat="31.60892" lon="-110.8754">
        <ele>1396.5</ele>
      </trkpt>
      <trkpt lat="31.60874" lon="-110.87539">
        <ele>1395.1</ele>
      </trkpt>
      <trkpt lat="31.60852" lon="-110.87537">
        <ele>1392.9</ele>
      </trkpt>
      <trkpt lat="31.60845" lon="-110.87536">
        <ele>1392.8</ele>
      </trkpt>
      <trkpt lat="31.60805" lon="-110.87507">
        <ele>1393.2</ele>
      </trkpt>
      <trkpt lat="31.60782" lon="-110.87498">
        <ele>1391.8</ele>
      </trkpt>
      <trkpt lat="31.60764" lon="-110.87496">
        <ele>1390.5</ele>
      </trkpt>
      <trkpt lat="31.60746" lon="-110.87496">
        <ele>1389.4</ele>
      </trkpt>
      <trkpt lat="31.60742" lon="-110.87496">
        <ele>1389.1</ele>
      </trkpt>
      <trkpt lat="31.60726" lon="-110.87505">
        <ele>1388.0</ele>
      </trkpt>
      <trkpt lat="31.60703" lon="-110.87524">
        <ele>1386.4</ele>
      </trkpt>
      <trkpt lat="31.60685" lon="-110.8754">
        <ele>1384.7</ele>
      </trkpt>
      <trkpt lat="31.60672" lon="-110.87548">
        <ele>1383.4</ele>
      </trkpt>
      <trkpt lat="31.60626" lon="-110.87569">
        <ele>1379.0</ele>
      </trkpt>
      <trkpt lat="31.60603" lon="-110.87578">
        <ele>1376.4</ele>
      </trkpt>
      <trkpt lat="31.60594" lon="-110.87586">
        <ele>1375.9</ele>
      </trkpt>
      <trkpt lat="31.60583" lon="-110.87598">
        <ele>1373.8</ele>
      </trkpt>
      <trkpt lat="31.60568" lon="-110.87619">
        <ele>1371.2</ele>
      </trkpt>
      <trkpt lat="31.60545" lon="-110.8766">
        <ele>1367.8</ele>
      </trkpt>
      <trkpt lat="31.60525" lon="-110.87695">
        <ele>1368.3</ele>
      </trkpt>
      <trkpt lat="31.60512" lon="-110.87714">
        <ele>1367.7</ele>
      </trkpt>
      <trkpt lat="31.605" lon="-110.87729">
        <ele>1367.3</ele>
      </trkpt>
      <trkpt lat="31.60495" lon="-110.87735">
        <ele>1367.1</ele>
      </trkpt>
      <trkpt lat="31.60491" lon="-110.8774">
        <ele>1366.9</ele>
      </trkpt>
      <trkpt lat="31.60488" lon="-110.87743">
        <ele>1366.7</ele>
      </trkpt>
      <trkpt lat="31.60467" lon="-110.87762">
        <ele>1364.4</ele>
      </trkpt>
      <trkpt lat="31.60437" lon="-110.87789">
        <ele>1360.0</ele>
      </trkpt>
      <trkpt lat="31.60412" lon="-110.87809">
        <ele>1357.9</ele>
      </trkpt>
      <trkpt lat="31.60372" lon="-110.87839">
        <ele>1355.7</ele>
      </trkpt>
      <trkpt lat="31.60356" lon="-110.87847">
        <ele>1355.5</ele>
      </trkpt>
      <trkpt lat="31.60344" lon="-110.87853">
        <ele>1355.8</ele>
      </trkpt>
      <trkpt lat="31.60285" lon="-110.8789">
        <ele>1354.7</ele>
      </trkpt>
      <trkpt lat="31.6023" lon="-110.87933">
        <ele>1350.3</ele>
      </trkpt>
      <trkpt lat="31.60211" lon="-110.87945">
        <ele>1349.4</ele>
      </trkpt>
      <trkpt lat="31.60195" lon="-110.8795">
        <ele>1349.5</ele>
      </trkpt>
      <trkpt lat="31.60179" lon="-110.87949">
        <ele>1349.3</ele>
      </trkpt>
      <trkpt lat="31.60156" lon="-110.87949">
        <ele>1348.9</ele>
      </trkpt>
      <trkpt lat="31.60136" lon="-110.87943">
        <ele>1348.6</ele>
      </trkpt>
      <trkpt lat="31.60095" lon="-110.87927">
        <ele>1347.6</ele>
      </trkpt>
      <trkpt lat="31.60053" lon="-110.87909">
        <ele>1347.3</ele>
      </trkpt>
      <trkpt lat="31.60015" lon="-110.8789">
        <ele>1342.7</ele>
      </trkpt>
      <trkpt lat="31.5999" lon="-110.87883">
        <ele>1341.2</ele>
      </trkpt>
      <trkpt lat="31.5997" lon="-110.87881">
        <ele>1340.3</ele>
      </trkpt>
      <trkpt lat="31.59952" lon="-110.87886">
        <ele>1339.9</ele>
      </trkpt>
      <trkpt lat="31.59936" lon="-110.87901">
        <ele>1338.9</ele>
      </trkpt>
      <trkpt lat="31.59884" lon="-110.87968">
        <ele>1333.0</ele>
      </trkpt>
      <trkpt lat="31.59844" lon="-110.88021">
        <ele>1331.8</ele>
      </trkpt>
      <trkpt lat="31.59779" lon="-110.88098">
        <ele>1325.9</ele>
      </trkpt>
      <trkpt lat="31.59747" lon="-110.88137">
        <ele>1323.8</ele>
      </trkpt>
      <trkpt lat="31.59717" lon="-110.88186">
        <ele>1321.6</ele>
      </trkpt>
      <trkpt lat="31.59685" lon="-110.8825">
        <ele>1319.6</ele>
      </trkpt>
      <trkpt lat="31.59661" lon="-110.88295">
        <ele>1318.1</ele>
      </trkpt>
      <trkpt lat="31.59632" lon="-110.88347">
        <ele>1315.9</ele>
      </trkpt>
      <trkpt lat="31.59597" lon="-110.88391">
        <ele>1313.4</ele>
      </trkpt>
      <trkpt lat="31.59573" lon="-110.88419">
        <ele>1311.7</ele>
      </trkpt>
      <trkpt lat="31.59487" lon="-110.88518">
        <ele>1307.4</ele>
      </trkpt>
      <trkpt lat="31.59434" lon="-110.88572">
        <ele>1305.8</ele>
      </trkpt>
      <trkpt lat="31.59421" lon="-110.88586">
        <ele>1305.3</ele>
      </trkpt>
      <trkpt lat="31.59411" lon="-110.88594">
        <ele>1304.3</ele>
      </trkpt>
      <trkpt lat="31.59393" lon="-110.88597">
        <ele>1302.6</ele>
      </trkpt>
      <trkpt lat="31.59366" lon="-110.88597">
        <ele>1301.3</ele>
      </trkpt>
      <trkpt lat="31.59348" lon="-110.88603">
        <ele>1300.5</ele>
      </trkpt>
      <trkpt lat="31.59342" lon="-110.88605">
        <ele>1300.3</ele>
      </trkpt>
      <trkpt lat="31.59318" lon="-110.88614">
        <ele>1299.6</ele>
      </trkpt>
      <trkpt lat="31.59307" lon="-110.88617">
        <ele>1299.3</ele>
      </trkpt>
      <trkpt lat="31.59302" lon="-110.88617">
        <ele>1299.2</ele>
      </trkpt>
      <trkpt lat="31.59293" lon="-110.88617">
        <ele>1299.1</ele>
      </trkpt>
      <trkpt lat="31.59269" lon="-110.88611">
        <ele>1299.0</ele>
      </trkpt>
      <trkpt lat="31.59231" lon="-110.88595">
        <ele>1298.5</ele>
      </trkpt>
      <trkpt lat="31.5923" lon="-110.88594">
        <ele>1298.5</ele>
      </trkpt>
      <trkpt lat="31.59214" lon="-110.88582">
        <ele>1298.4</ele>
      </trkpt>
      <trkpt lat="31.59204" lon="-110.88567">
        <ele>1298.6</ele>
      </trkpt>
      <trkpt lat="31.59184" lon="-110.88541">
        <ele>1299.8</ele>
      </trkpt>
      <trkpt lat="31.59159" lon="-110.88505">
        <ele>1303.1</ele>
      </trkpt>
      <trkpt lat="31.59119" lon="-110.8845">
        <ele>1306.0</ele>
      </trkpt>
      <trkpt lat="31.59067" lon="-110.88388">
        <ele>1306.6</ele>
      </trkpt>
      <trkpt lat="31.59038" lon="-110.88341">
        <ele>1307.8</ele>
      </trkpt>
      <trkpt lat="31.59032" lon="-110.88328">
        <ele>1307.9</ele>
      </trkpt>
      <trkpt lat="31.59026" lon="-110.88293">
        <ele>1308.7</ele>
      </trkpt>
      <trkpt lat="31.59024" lon="-110.88256">
        <ele>1310.0</ele>
      </trkpt>
      <trkpt lat="31.59021" lon="-110.8822">
        <ele>1310.7</ele>
      </trkpt>
      <trkpt lat="31.59016" lon="-110.88191">
        <ele>1310.8</ele>
      </trkpt>
      <trkpt lat="31.5901" lon="-110.88163">
        <ele>1310.2</ele>
      </trkpt>
      <trkpt lat="31.59001" lon="-110.88144">
        <ele>1309.6</ele>
      </trkpt>
      <trkpt lat="31.58988" lon="-110.88125">
        <ele>1309.4</ele>
      </trkpt>
      <trkpt lat="31.58969" lon="-110.88105">
        <ele>1308.3</ele>
      </trkpt>
      <trkpt lat="31.58946" lon="-110.88087">
        <ele>1306.8</ele>
      </trkpt>
      <trkpt lat="31.58915" lon="-110.88069">
        <ele>1305.9</ele>
      </trkpt>
      <trkpt lat="31.58866" lon="-110.88045">
        <ele>1305.9</ele>
      </trkpt>
      <trkpt lat="31.58842" lon="-110.88035">
        <ele>1304.8</ele>
      </trkpt>
      <trkpt lat="31.58824" lon="-110.88029">
        <ele>1302.1</ele>
      </trkpt>
      <trkpt lat="31.58801" lon="-110.88025">
        <ele>1300.4</ele>
      </trkpt>
      <trkpt lat="31.58753" lon="-110.8801">
        <ele>1301.8</ele>
      </trkpt>
      <trkpt lat="31.58714" lon="-110.87994">
        <ele>1302.8</ele>
      </trkpt>
      <trkpt lat="31.58623" lon="-110.87951">
        <ele>1299.8</ele>
      </trkpt>
      <trkpt lat="31.58609" lon="-110.87943">
        <ele>1300.7</ele>
      </trkpt>
      <trkpt lat="31.58599" lon="-110.87939">
        <ele>1301.6</ele>
      </trkpt>
      <trkpt lat="31.58583" lon="-110.87934">
        <ele>1302.9</ele>
      </trkpt>
      <trkpt lat="31.58559" lon="-110.87927">
        <ele>1303.7</ele>
      </trkpt>
      <trkpt lat="31.58547" lon="-110.87924">
        <ele>1304.0</ele>
      </trkpt>
      <trkpt lat="31.58528" lon="-110.87917">
        <ele>1304.5</ele>
      </trkpt>
      <trkpt lat="31.58502" lon="-110.87909">
        <ele>1304.1</ele>
      </trkpt>
      <trkpt lat="31.58482" lon="-110.879">
        <ele>1304.0</ele>
      </trkpt>
      <trkpt lat="31.58477" lon="-110.87898">
        <ele>1304.0</ele>
      </trkpt>
      <trkpt lat="31.58473" lon="-110.87896">
        <ele>1304.0</ele>
      </trkpt>
      <trkpt lat="31.58466" lon="-110.87891">
        <ele>1303.8</ele>
      </trkpt>
      <trkpt lat="31.58455" lon="-110.87882">
        <ele>1303.6</ele>
      </trkpt>
      <trkpt lat="31.58447" lon="-110.87875">
        <ele>1303.7</ele>
      </trkpt>
      <trkpt lat="31.58443" lon="-110.87871">
        <ele>1303.7</ele>
      </trkpt>
      <trkpt lat="31.58436" lon="-110.87863">
        <ele>1303.8</ele>
      </trkpt>
      <trkpt lat="31.5842" lon="-110.87848">
        <ele>1304.2</ele>
      </trkpt>
      <trkpt lat="31.58383" lon="-110.87803">
        <ele>1305.9</ele>
      </trkpt>
      <trkpt lat="31.58349" lon="-110.87758">
        <ele>1308.7</ele>
      </trkpt>
      <trkpt lat="31.58327" lon="-110.87732">
        <ele>1310.6</ele>
      </trkpt>
      <trkpt lat="31.5831" lon="-110.87717">
        <ele>1311.7</ele>
      </trkpt>
      <trkpt lat="31.58285" lon="-110.87703">
        <ele>1313.3</ele>
      </trkpt>
      <trkpt lat="31.58284" lon="-110.87703">
        <ele>1313.4</ele>
      </trkpt>
      <trkpt lat="31.58261" lon="-110.87688">
        <ele>1313.9</ele>
      </trkpt>
      <trkpt lat="31.58243" lon="-110.87663">
        <ele>1313.9</ele>
      </trkpt>
      <trkpt lat="31.58202" lon="-110.87604">
        <ele>1313.9</ele>
      </trkpt>
      <trkpt lat="31.58159" lon="-110.87544">
        <ele>1317.0</ele>
      </trkpt>
      <trkpt lat="31.58128" lon="-110.87494">
        <ele>1320.7</ele>
      </trkpt>
      <trkpt lat="31.5809" lon="-110.87439">
        <ele>1323.8</ele>
      </trkpt>
      <trkpt lat="31.58085" lon="-110.87432">
        <ele>1324.2</ele>
      </trkpt>
      <trkpt lat="31.58063" lon="-110.87402">
        <ele>1326.0</ele>
      </trkpt>
      <trkpt lat="31.58044" lon="-110.87376">
        <ele>1328.0</ele>
      </trkpt>
      <trkpt lat="31.58017" lon="-110.87357">
        <ele>1329.9</ele>
      </trkpt>
      <trkpt lat="31.58008" lon="-110.8735">
        <ele>1330.4</ele>
      </trkpt>
      <trkpt lat="31.57926" lon="-110.87279">
        <ele>1334.7</ele>
      </trkpt>
      <trkpt lat="31.57857" lon="-110.87077">
        <ele>1333.9</ele>
      </trkpt>
      <trkpt lat="31.57851" lon="-110.87041">
        <ele>1336.3</ele>
      </trkpt>
      <trkpt lat="31.57841" lon="-110.86984">
        <ele>1338.2</ele>
      </trkpt>
      <trkpt lat="31.57817" lon="-110.86917">
        <ele>1340.5</ele>
      </trkpt>
      <trkpt lat="31.57803" lon="-110.86891">
        <ele>1341.2</ele>
      </trkpt>
      <trkpt lat="31.57792" lon="-110.86868">
        <ele>1341.6</ele>
      </trkpt>
      <trkpt lat="31.57751" lon="-110.86809">
        <ele>1343.7</ele>
      </trkpt>
      <trkpt lat="31.57726" lon="-110.86772">
        <ele>1341.8</ele>
      </trkpt>
      <trkpt lat="31.57685" lon="-110.86712">
        <ele>1345.0</ele>
      </trkpt>
      <trkpt lat="31.57672" lon="-110.86685">
        <ele>1347.4</ele>
      </trkpt>
      <trkpt lat="31.57659" lon="-110.86641">
        <ele>1348.2</ele>
      </trkpt>
      <trkpt lat="31.57651" lon="-110.86607">
        <ele>1348.2</ele>
      </trkpt>
      <trkpt lat="31.57648" lon="-110.86578">
        <ele>1349.9</ele>
      </trkpt>
      <trkpt lat="31.57647" lon="-110.86503">
        <ele>1355.2</ele>
      </trkpt>
      <trkpt lat="31.57637" lon="-110.86428">
        <ele>1356.1</ele>
      </trkpt>
      <trkpt lat="31.57628" lon="-110.86391">
        <ele>1357.4</ele>
      </trkpt>
      <trkpt lat="31.57624" lon="-110.86381">
        <ele>1357.3</ele>
      </trkpt>
      <trkpt lat="31.57614" lon="-110.86357">
        <ele>1356.5</ele>
      </trkpt>
      <trkpt lat="31.57612" lon="-110.86352">
        <ele>1356.2</ele>
      </trkpt>
      <trkpt lat="31.57603" lon="-110.86334">
        <ele>1355.7</ele>
      </trkpt>
      <trkpt lat="31.57587" lon="-110.86312">
        <ele>1355.1</ele>
      </trkpt>
      <trkpt lat="31.57564" lon="-110.8628">
        <ele>1354.8</ele>
      </trkpt>
      <trkpt lat="31.57536" lon="-110.86233">
        <ele>1354.4</ele>
      </trkpt>
      <trkpt lat="31.57528" lon="-110.86222">
        <ele>1353.4</ele>
      </trkpt>
      <trkpt lat="31.57514" lon="-110.86203">
        <ele>1352.9</ele>
      </trkpt>
      <trkpt lat="31.57487" lon="-110.86172">
        <ele>1354.0</ele>
      </trkpt>
      <trkpt lat="31.57464" lon="-110.8615">
        <ele>1355.7</ele>
      </trkpt>
      <trkpt lat="31.57437" lon="-110.86111">
        <ele>1358.4</ele>
      </trkpt>
      <trkpt lat="31.57412" lon="-110.86077">
        <ele>1359.6</ele>
      </trkpt>
      <trkpt lat="31.57394" lon="-110.86051">
        <ele>1361.4</ele>
      </trkpt>
      <trkpt lat="31.57387" lon="-110.86041">
        <ele>1362.4</ele>
      </trkpt>
      <trkpt lat="31.57368" lon="-110.86004">
        <ele>1365.2</ele>
      </trkpt>
      <trkpt lat="31.57355" lon="-110.85973">
        <ele>1367.1</ele>
      </trkpt>
      <trkpt lat="31.57345" lon="-110.85941">
        <ele>1370.9</ele>
      </trkpt>
      <trkpt lat="31.57335" lon="-110.85918">
        <ele>1372.6</ele>
      </trkpt>
      <trkpt lat="31.57321" lon="-110.85892">
        <ele>1373.6</ele>
      </trkpt>
      <trkpt lat="31.57313" lon="-110.85872">
        <ele>1373.8</ele>
      </trkpt>
      <trkpt lat="31.57303" lon="-110.85844">
        <ele>1371.5</ele>
      </trkpt>
      <trkpt lat="31.57297" lon="-110.85825">
        <ele>1369.8</ele>
      </trkpt>
      <trkpt lat="31.57292" lon="-110.8582">
        <ele>1368.8</ele>
      </trkpt>
      <trkpt lat="31.57283" lon="-110.85812">
        <ele>1367.5</ele>
      </trkpt>
      <trkpt lat="31.57273" lon="-110.85809">
        <ele>1366.4</ele>
      </trkpt>
      <trkpt lat="31.5722" lon="-110.85808">
        <ele>1363.9</ele>
      </trkpt>
      <trkpt lat="31.57205" lon="-110.85806">
        <ele>1363.7</ele>
      </trkpt>
      <trkpt lat="31.57202" lon="-110.85805">
        <ele>1363.7</ele>
      </trkpt>
      <trkpt lat="31.57188" lon="-110.85801">
        <ele>1363.8</ele>
      </trkpt>
      <trkpt lat="31.57177" lon="-110.85794">
        <ele>1363.8</ele>
      </trkpt>
      <trkpt lat="31.57162" lon="-110.8579">
        <ele>1363.9</ele>
      </trkpt>
      <trkpt lat="31.57136" lon="-110.8579">
        <ele>1363.6</ele>
      </trkpt>
      <trkpt lat="31.57114" lon="-110.85787">
        <ele>1363.4</ele>
      </trkpt>
      <trkpt lat="31.57085" lon="-110.85778">
        <ele>1363.6</ele>
      </trkpt>
      <trkpt lat="31.5706" lon="-110.8577">
        <ele>1363.4</ele>
      </trkpt>
      <trkpt lat="31.57055" lon="-110.85766">
        <ele>1363.4</ele>
      </trkpt>
      <trkpt lat="31.57047" lon="-110.8576">
        <ele>1363.4</ele>
      </trkpt>
      <trkpt lat="31.57011" lon="-110.85722">
        <ele>1365.1</ele>
      </trkpt>
      <trkpt lat="31.56989" lon="-110.85713">
        <ele>1365.8</ele>
      </trkpt>
      <trkpt lat="31.56967" lon="-110.85699">
        <ele>1367.0</ele>
      </trkpt>
      <trkpt lat="31.56948" lon="-110.85684">
        <ele>1367.4</ele>
      </trkpt>
      <trkpt lat="31.56935" lon="-110.85668">
        <ele>1368.6</ele>
      </trkpt>
      <trkpt lat="31.56925" lon="-110.8565">
        <ele>1367.8</ele>
      </trkpt>
      <trkpt lat="31.56915" lon="-110.85614">
        <ele>1368.5</ele>
      </trkpt>
      <trkpt lat="31.56919" lon="-110.85601">
        <ele>1369.3</ele>
      </trkpt>
      <trkpt lat="31.56925" lon="-110.85585">
        <ele>1369.6</ele>
      </trkpt>
      <trkpt lat="31.5695" lon="-110.85526">
        <ele>1370.0</ele>
      </trkpt>
      <trkpt lat="31.5696" lon="-110.85497">
        <ele>1367.9</ele>
      </trkpt>
      <trkpt lat="31.56963" lon="-110.85484">
        <ele>1365.5</ele>
      </trkpt>
      <trkpt lat="31.56962" lon="-110.85476">
        <ele>1364.2</ele>
      </trkpt>
      <trkpt lat="31.5696" lon="-110.85468">
        <ele>1362.5</ele>
      </trkpt>
      <trkpt lat="31.56953" lon="-110.85459">
        <ele>1359.7</ele>
      </trkpt>
      <trkpt lat="31.56947" lon="-110.85456">
        <ele>1358.5</ele>
      </trkpt>
      <trkpt lat="31.56928" lon="-110.85445">
        <ele>1358.4</ele>
      </trkpt>
      <trkpt lat="31.56918" lon="-110.85442">
        <ele>1359.1</ele>
      </trkpt>
      <trkpt lat="31.56883" lon="-110.85461">
        <ele>1355.5</ele>
      </trkpt>
      <trkpt lat="31.56878" lon="-110.8546">
        <ele>1355.8</ele>
      </trkpt>
      <trkpt lat="31.56866" lon="-110.85458">
        <ele>1356.2</ele>
      </trkpt>
      <trkpt lat="31.56857" lon="-110.8545">
        <ele>1357.6</ele>
      </trkpt>
      <trkpt lat="31.56846" lon="-110.85432">
        <ele>1361.3</ele>
      </trkpt>
      <trkpt lat="31.56829" lon="-110.85369">
        <ele>1363.9</ele>
      </trkpt>
      <trkpt lat="31.56827" lon="-110.8536">
        <ele>1363.9</ele>
      </trkpt>
      <trkpt lat="31.56821" lon="-110.85329">
        <ele>1365.3</ele>
      </trkpt>
      <trkpt lat="31.56817" lon="-110.85285">
        <ele>1368.0</ele>
      </trkpt>
      <trkpt lat="31.56813" lon="-110.85258">
        <ele>1368.3</ele>
      </trkpt>
      <trkpt lat="31.56807" lon="-110.85233">
        <ele>1368.4</ele>
      </trkpt>
      <trkpt lat="31.56795" lon="-110.85196">
        <ele>1368.3</ele>
      </trkpt>
      <trkpt lat="31.56785" lon="-110.8516">
        <ele>1369.1</ele>
      </trkpt>
      <trkpt lat="31.56771" lon="-110.85119">
        <ele>1371.9</ele>
      </trkpt>
      <trkpt lat="31.56757" lon="-110.85076">
        <ele>1369.6</ele>
      </trkpt>
      <trkpt lat="31.56739" lon="-110.8503">
        <ele>1366.5</ele>
      </trkpt>
      <trkpt lat="31.56725" lon="-110.85012">
        <ele>1364.6</ele>
      </trkpt>
      <trkpt lat="31.56686" lon="-110.84964">
        <ele>1358.0</ele>
      </trkpt>
      <trkpt lat="31.56655" lon="-110.84923">
        <ele>1356.5</ele>
      </trkpt>
      <trkpt lat="31.56629" lon="-110.84885">
        <ele>1354.3</ele>
      </trkpt>
      <trkpt lat="31.56624" lon="-110.8487">
        <ele>1352.5</ele>
      </trkpt>
      <trkpt lat="31.56624" lon="-110.8485">
        <ele>1349.4</ele>
      </trkpt>
      <trkpt lat="31.56625" lon="-110.84839">
        <ele>1348.9</ele>
      </trkpt>
      <trkpt lat="31.56626" lon="-110.84822">
        <ele>1349.7</ele>
      </trkpt>
      <trkpt lat="31.56629" lon="-110.84788">
        <ele>1351.9</ele>
      </trkpt>
      <trkpt lat="31.5663" lon="-110.84767">
        <ele>1352.0</ele>
      </trkpt>
      <trkpt lat="31.56628" lon="-110.84753">
        <ele>1351.6</ele>
      </trkpt>
      <trkpt lat="31.56626" lon="-110.84738">
        <ele>1352.1</ele>
      </trkpt>
      <trkpt lat="31.56618" lon="-110.8472">
        <ele>1353.3</ele>
      </trkpt>
      <trkpt lat="31.56612" lon="-110.847">
        <ele>1354.9</ele>
      </trkpt>
      <trkpt lat="31.5661" lon="-110.8468">
        <ele>1355.7</ele>
      </trkpt>
      <trkpt lat="31.56607" lon="-110.84658">
        <ele>1355.5</ele>
      </trkpt>
      <trkpt lat="31.56604" lon="-110.84631">
        <ele>1355.9</ele>
      </trkpt>
      <trkpt lat="31.56602" lon="-110.8461">
        <ele>1356.8</ele>
      </trkpt>
      <trkpt lat="31.56604" lon="-110.8458">
        <ele>1359.9</ele>
      </trkpt>
      <trkpt lat="31.56611" lon="-110.84548">
        <ele>1364.3</ele>
      </trkpt>
      <trkpt lat="31.56616" lon="-110.84518">
        <ele>1366.5</ele>
      </trkpt>
      <trkpt lat="31.56616" lon="-110.84498">
        <ele>1367.1</ele>
      </trkpt>
      <trkpt lat="31.5663" lon="-110.84449">
        <ele>1369.0</ele>
      </trkpt>
      <trkpt lat="31.5665" lon="-110.84385">
        <ele>1371.7</ele>
      </trkpt>
      <trkpt lat="31.56658" lon="-110.8434">
        <ele>1375.6</ele>
      </trkpt>
      <trkpt lat="31.56665" lon="-110.84293">
        <ele>1379.2</ele>
      </trkpt>
      <trkpt lat="31.56665" lon="-110.84243">
        <ele>1379.9</ele>
      </trkpt>
      <trkpt lat="31.56668" lon="-110.84209">
        <ele>1377.6</ele>
      </trkpt>
      <trkpt lat="31.56669" lon="-110.84188">
        <ele>1375.3</ele>
      </trkpt>
      <trkpt lat="31.56666" lon="-110.84149">
        <ele>1374.1</ele>
      </trkpt>
      <trkpt lat="31.56665" lon="-110.8412">
        <ele>1373.7</ele>
      </trkpt>
      <trkpt lat="31.56664" lon="-110.84111">
        <ele>1374.0</ele>
      </trkpt>
      <trkpt lat="31.56664" lon="-110.84071">
        <ele>1379.5</ele>
      </trkpt>
      <trkpt lat="31.56666" lon="-110.84033">
        <ele>1383.0</ele>
      </trkpt>
      <trkpt lat="31.56674" lon="-110.83964">
        <ele>1387.6</ele>
      </trkpt>
      <trkpt lat="31.56679" lon="-110.8391">
        <ele>1389.1</ele>
      </trkpt>
      <trkpt lat="31.56686" lon="-110.83815">
        <ele>1393.2</ele>
      </trkpt>
      <trkpt lat="31.56686" lon="-110.83772">
        <ele>1393.7</ele>
      </trkpt>
      <trkpt lat="31.56682" lon="-110.83752">
        <ele>1393.2</ele>
      </trkpt>
      <trkpt lat="31.56683" lon="-110.83722">
        <ele>1393.1</ele>
      </trkpt>
      <trkpt lat="31.56684" lon="-110.83711">
        <ele>1393.2</ele>
      </trkpt>
      <trkpt lat="31.56695" lon="-110.83684">
        <ele>1394.3</ele>
      </trkpt>
      <trkpt lat="31.56712" lon="-110.83645">
        <ele>1395.1</ele>
      </trkpt>
      <trkpt lat="31.56722" lon="-110.83616">
        <ele>1394.4</ele>
      </trkpt>
      <trkpt lat="31.56728" lon="-110.83588">
        <ele>1393.7</ele>
      </trkpt>
      <trkpt lat="31.56729" lon="-110.83542">
        <ele>1394.1</ele>
      </trkpt>
      <trkpt lat="31.56734" lon="-110.83431">
        <ele>1400.1</ele>
      </trkpt>
      <trkpt lat="31.56735" lon="-110.83393">
        <ele>1400.8</ele>
      </trkpt>
      <trkpt lat="31.56734" lon="-110.83326">
        <ele>1401.6</ele>
      </trkpt>
      <trkpt lat="31.56733" lon="-110.83315">
        <ele>1401.7</ele>
      </trkpt>
      <trkpt lat="31.56728" lon="-110.83304">
        <ele>1401.3</ele>
      </trkpt>
      <trkpt lat="31.5672" lon="-110.83294">
        <ele>1400.9</ele>
      </trkpt>
      <trkpt lat="31.56719" lon="-110.83294">
        <ele>1400.8</ele>
      </trkpt>
      <trkpt lat="31.56714" lon="-110.83292">
        <ele>1400.6</ele>
      </trkpt>
      <trkpt lat="31.56704" lon="-110.83287">
        <ele>1400.2</ele>
      </trkpt>
      <trkpt lat="31.56684" lon="-110.83289">
        <ele>1398.9</ele>
      </trkpt>
      <trkpt lat="31.56667" lon="-110.83297">
        <ele>1397.5</ele>
      </trkpt>
      <trkpt lat="31.56664" lon="-110.83298">
        <ele>1397.4</ele>
      </trkpt>
      <trkpt lat="31.56652" lon="-110.83307">
        <ele>1397.0</ele>
      </trkpt>
      <trkpt lat="31.5663" lon="-110.8331">
        <ele>1397.4</ele>
      </trkpt>
      <trkpt lat="31.566" lon="-110.83304">
        <ele>1399.0</ele>
      </trkpt>
      <trkpt lat="31.56584" lon="-110.83297">
        <ele>1401.8</ele>
      </trkpt>
      <trkpt lat="31.5657" lon="-110.83282">
        <ele>1403.6</ele>
      </trkpt>
      <trkpt lat="31.56556" lon="-110.83258">
        <ele>1404.1</ele>
      </trkpt>
      <trkpt lat="31.56546" lon="-110.83244">
        <ele>1403.8</ele>
      </trkpt>
      <trkpt lat="31.56524" lon="-110.83223">
        <ele>1405.4</ele>
      </trkpt>
      <trkpt lat="31.56495" lon="-110.83198">
        <ele>1408.6</ele>
      </trkpt>
      <trkpt lat="31.56484" lon="-110.83194">
        <ele>1409.8</ele>
      </trkpt>
      <trkpt lat="31.56472" lon="-110.83186">
        <ele>1411.2</ele>
      </trkpt>
      <trkpt lat="31.56458" lon="-110.83169">
        <ele>1411.9</ele>
      </trkpt>
      <trkpt lat="31.56426" lon="-110.83141">
        <ele>1413.9</ele>
      </trkpt>
      <trkpt lat="31.56403" lon="-110.83114">
        <ele>1415.7</ele>
      </trkpt>
      <trkpt lat="31.56369" lon="-110.8307">
        <ele>1421.1</ele>
      </trkpt>
      <trkpt lat="31.56354" lon="-110.83047">
        <ele>1424.0</ele>
      </trkpt>
      <trkpt lat="31.56341" lon="-110.83013">
        <ele>1428.0</ele>
      </trkpt>
      <trkpt lat="31.56331" lon="-110.82981">
        <ele>1428.9</ele>
      </trkpt>
      <trkpt lat="31.56318" lon="-110.82952">
        <ele>1430.7</ele>
      </trkpt>
      <trkpt lat="31.56304" lon="-110.82918">
        <ele>1433.2</ele>
      </trkpt>
      <trkpt lat="31.56281" lon="-110.82882">
        <ele>1437.9</ele>
      </trkpt>
      <trkpt lat="31.56273" lon="-110.82871">
        <ele>1441.0</ele>
      </trkpt>
      <trkpt lat="31.5626" lon="-110.8286">
        <ele>1443.0</ele>
      </trkpt>
      <trkpt lat="31.56242" lon="-110.82851">
        <ele>1444.3</ele>
      </trkpt>
      <trkpt lat="31.56222" lon="-110.82848">
        <ele>1447.4</ele>
      </trkpt>
      <trkpt lat="31.56189" lon="-110.82851">
        <ele>1446.4</ele>
      </trkpt>
      <trkpt lat="31.56168" lon="-110.82855">
        <ele>1444.5</ele>
      </trkpt>
      <trkpt lat="31.56157" lon="-110.82856">
        <ele>1442.7</ele>
      </trkpt>
      <trkpt lat="31.56144" lon="-110.82849">
        <ele>1439.1</ele>
      </trkpt>
      <trkpt lat="31.56126" lon="-110.82838">
        <ele>1436.3</ele>
      </trkpt>
      <trkpt lat="31.56114" lon="-110.8283">
        <ele>1434.1</ele>
      </trkpt>
      <trkpt lat="31.56103" lon="-110.82829">
        <ele>1431.9</ele>
      </trkpt>
      <trkpt lat="31.5609" lon="-110.82835">
        <ele>1431.3</ele>
      </trkpt>
      <trkpt lat="31.5605" lon="-110.82849">
        <ele>1428.6</ele>
      </trkpt>
      <trkpt lat="31.56031" lon="-110.82857">
        <ele>1425.1</ele>
      </trkpt>
      <trkpt lat="31.56018" lon="-110.82867">
        <ele>1423.8</ele>
      </trkpt>
      <trkpt lat="31.56011" lon="-110.82881">
        <ele>1423.6</ele>
      </trkpt>
      <trkpt lat="31.56004" lon="-110.82903">
        <ele>1423.0</ele>
      </trkpt>
      <trkpt lat="31.55999" lon="-110.82914">
        <ele>1422.4</ele>
      </trkpt>
      <trkpt lat="31.5599" lon="-110.82922">
        <ele>1420.3</ele>
      </trkpt>
      <trkpt lat="31.55968" lon="-110.82928">
        <ele>1418.5</ele>
      </trkpt>
      <trkpt lat="31.55949" lon="-110.82932">
        <ele>1419.2</ele>
      </trkpt>
      <trkpt lat="31.55912" lon="-110.82931">
        <ele>1414.5</ele>
      </trkpt>
      <trkpt lat="31.55894" lon="-110.8293">
        <ele>1411.4</ele>
      </trkpt>
      <trkpt lat="31.55866" lon="-110.8293">
        <ele>1410.7</ele>
      </trkpt>
      <trkpt lat="31.55845" lon="-110.82934">
        <ele>1410.8</ele>
      </trkpt>
      <trkpt lat="31.55829" lon="-110.8294">
        <ele>1410.4</ele>
      </trkpt>
      <trkpt lat="31.55818" lon="-110.82946">
        <ele>1409.6</ele>
      </trkpt>
      <trkpt lat="31.5581" lon="-110.82951">
        <ele>1408.9</ele>
      </trkpt>
      <trkpt lat="31.5579" lon="-110.82949">
        <ele>1410.7</ele>
      </trkpt>
      <trkpt lat="31.5578" lon="-110.82946">
        <ele>1411.3</ele>
      </trkpt>
      <trkpt lat="31.55771" lon="-110.82941">
        <ele>1412.4</ele>
      </trkpt>
      <trkpt lat="31.55762" lon="-110.82942">
        <ele>1411.8</ele>
      </trkpt>
      <trkpt lat="31.55754" lon="-110.82945">
        <ele>1411.1</ele>
      </trkpt>
      <trkpt lat="31.55739" lon="-110.82957">
        <ele>1408.5</ele>
      </trkpt>
      <trkpt lat="31.55735" lon="-110.82973">
        <ele>1404.6</ele>
      </trkpt>
      <trkpt lat="31.55729" lon="-110.82988">
        <ele>1403.5</ele>
      </trkpt>
      <trkpt lat="31.55722" lon="-110.83001">
        <ele>1403.1</ele>
      </trkpt>
      <trkpt lat="31.55715" lon="-110.83008">
        <ele>1403.1</ele>
      </trkpt>
      <trkpt lat="31.55702" lon="-110.8302">
        <ele>1401.2</ele>
      </trkpt>
      <trkpt lat="31.55692" lon="-110.83028">
        <ele>1398.1</ele>
      </trkpt>
      <trkpt lat="31.55683" lon="-110.8304">
        <ele>1394.2</ele>
      </trkpt>
      <trkpt lat="31.55676" lon="-110.83052">
        <ele>1392.8</ele>
      </trkpt>
      <trkpt lat="31.55671" lon="-110.83057">
        <ele>1392.8</ele>
      </trkpt>
      <trkpt lat="31.55645" lon="-110.83062">
        <ele>1394.1</ele>
      </trkpt>
      <trkpt lat="31.55631" lon="-110.83058">
        <ele>1393.9</ele>
      </trkpt>
      <trkpt lat="31.5562" lon="-110.83052">
        <ele>1394.0</ele>
      </trkpt>
      <trkpt lat="31.55612" lon="-110.83043">
        <ele>1394.6</ele>
      </trkpt>
      <trkpt lat="31.55596" lon="-110.83023">
        <ele>1395.1</ele>
      </trkpt>
      <trkpt lat="31.55591" lon="-110.83013">
        <ele>1394.9</ele>
      </trkpt>
      <trkpt lat="31.55584" lon="-110.82994">
        <ele>1391.3</ele>
      </trkpt>
      <trkpt lat="31.55579" lon="-110.82984">
        <ele>1390.6</ele>
      </trkpt>
      <trkpt lat="31.55573" lon="-110.82976">
        <ele>1389.5</ele>
      </trkpt>
      <trkpt lat="31.55565" lon="-110.82974">
        <ele>1387.8</ele>
      </trkpt>
      <trkpt lat="31.55536" lon="-110.82975">
        <ele>1385.3</ele>
      </trkpt>
      <trkpt lat="31.55525" lon="-110.82974">
        <ele>1384.7</ele>
      </trkpt>
      <trkpt lat="31.55513" lon="-110.82968">
        <ele>1384.9</ele>
      </trkpt>
      <trkpt lat="31.55505" lon="-110.82958">
        <ele>1385.5</ele>
      </trkpt>
      <trkpt lat="31.55497" lon="-110.82945">
        <ele>1385.9</ele>
      </trkpt>
      <trkpt lat="31.55491" lon="-110.8293">
        <ele>1386.0</ele>
      </trkpt>
      <trkpt lat="31.55481" lon="-110.82897">
        <ele>1382.0</ele>
      </trkpt>
      <trkpt lat="31.55476" lon="-110.82887">
        <ele>1379.1</ele>
      </trkpt>
      <trkpt lat="31.55462" lon="-110.82875">
        <ele>1376.4</ele>
      </trkpt>
      <trkpt lat="31.55432" lon="-110.82855">
        <ele>1374.7</ele>
      </trkpt>
      <trkpt lat="31.55413" lon="-110.8284">
        <ele>1374.4</ele>
      </trkpt>
      <trkpt lat="31.55398" lon="-110.82825">
        <ele>1373.8</ele>
      </trkpt>
      <trkpt lat="31.55381" lon="-110.82801">
        <ele>1371.7</ele>
      </trkpt>
      <trkpt lat="31.55371" lon="-110.82791">
        <ele>1368.5</ele>
      </trkpt>
      <trkpt lat="31.55359" lon="-110.82781">
        <ele>1366.0</ele>
      </trkpt>
      <trkpt lat="31.55339" lon="-110.82771">
        <ele>1364.5</ele>
      </trkpt>
      <trkpt lat="31.55317" lon="-110.82768">
        <ele>1362.6</ele>
      </trkpt>
      <trkpt lat="31.55297" lon="-110.82763">
        <ele>1361.1</ele>
      </trkpt>
      <trkpt lat="31.55279" lon="-110.82752">
        <ele>1360.3</ele>
      </trkpt>
      <trkpt lat="31.55266" lon="-110.82736">
        <ele>1359.8</ele>
      </trkpt>
      <trkpt lat="31.55253" lon="-110.82714">
        <ele>1356.5</ele>
      </trkpt>
      <trkpt lat="31.5524" lon="-110.82681">
        <ele>1351.8</ele>
      </trkpt>
      <trkpt lat="31.55231" lon="-110.82668">
        <ele>1349.1</ele>
      </trkpt>
      <trkpt lat="31.55216" lon="-110.82655">
        <ele>1345.3</ele>
      </trkpt>
      <trkpt lat="31.55179" lon="-110.82639">
        <ele>1336.1</ele>
      </trkpt>
      <trkpt lat="31.55147" lon="-110.82625">
        <ele>1333.1</ele>
      </trkpt>
      <trkpt lat="31.55104" lon="-110.82602">
        <ele>1334.6</ele>
      </trkpt>
      <trkpt lat="31.55085" lon="-110.82593">
        <ele>1332.3</ele>
      </trkpt>
      <trkpt lat="31.5506" lon="-110.82589">
        <ele>1332.9</ele>
      </trkpt>
      <trkpt lat="31.55019" lon="-110.82592">
        <ele>1330.9</ele>
      </trkpt>
      <trkpt lat="31.54977" lon="-110.82604">
        <ele>1326.2</ele>
      </trkpt>
      <trkpt lat="31.54934" lon="-110.8262">
        <ele>1321.4</ele>
      </trkpt>
      <trkpt lat="31.54906" lon="-110.82626">
        <ele>1320.6</ele>
      </trkpt>
      <trkpt lat="31.54886" lon="-110.82626">
        <ele>1319.9</ele>
      </trkpt>
      <trkpt lat="31.54863" lon="-110.82621">
        <ele>1319.1</ele>
      </trkpt>
      <trkpt lat="31.54802" lon="-110.82606">
        <ele>1318.8</ele>
      </trkpt>
      <trkpt lat="31.54786" lon="-110.82603">
        <ele>1318.6</ele>
      </trkpt>
      <trkpt lat="31.54767" lon="-110.82601">
        <ele>1317.9</ele>
      </trkpt>
      <trkpt lat="31.54745" lon="-110.82604">
        <ele>1316.6</ele>
      </trkpt>
      <trkpt lat="31.54722" lon="-110.82613">
        <ele>1314.1</ele>
      </trkpt>
      <trkpt lat="31.54687" lon="-110.82625">
        <ele>1310.9</ele>
      </trkpt>
      <trkpt lat="31.54667" lon="-110.82626">
        <ele>1309.6</ele>
      </trkpt>
      <trkpt lat="31.5465" lon="-110.82622">
        <ele>1308.9</ele>
      </trkpt>
      <trkpt lat="31.5462" lon="-110.82602">
        <ele>1308.0</ele>
      </trkpt>
      <trkpt lat="31.54597" lon="-110.82579">
        <ele>1308.9</ele>
      </trkpt>
      <trkpt lat="31.54577" lon="-110.82555">
        <ele>1307.6</ele>
      </trkpt>
      <trkpt lat="31.5454" lon="-110.82512">
        <ele>1307.5</ele>
      </trkpt>
      <trkpt lat="31.54497" lon="-110.82455">
        <ele>1297.6</ele>
      </trkpt>
      <trkpt lat="31.54489" lon="-110.82432">
        <ele>1295.1</ele>
      </trkpt>
      <trkpt lat="31.54486" lon="-110.82404">
        <ele>1294.4</ele>
      </trkpt>
      <trkpt lat="31.54486" lon="-110.82385">
        <ele>1294.2</ele>
      </trkpt>
      <trkpt lat="31.54486" lon="-110.82382">
        <ele>1294.2</ele>
      </trkpt>
      <trkpt lat="31.54477" lon="-110.82359">
        <ele>1295.2</ele>
      </trkpt>
      <trkpt lat="31.54472" lon="-110.82341">
        <ele>1295.4</ele>
      </trkpt>
      <trkpt lat="31.54466" lon="-110.82306">
        <ele>1297.1</ele>
      </trkpt>
      <trkpt lat="31.54463" lon="-110.82294">
        <ele>1297.6</ele>
      </trkpt>
      <trkpt lat="31.54458" lon="-110.8228">
        <ele>1298.2</ele>
      </trkpt>
      <trkpt lat="31.5445" lon="-110.82272">
        <ele>1298.1</ele>
      </trkpt>
      <trkpt lat="31.54422" lon="-110.82253">
        <ele>1297.2</ele>
      </trkpt>
      <trkpt lat="31.54387" lon="-110.82236">
        <ele>1294.4</ele>
      </trkpt>
      <trkpt lat="31.54346" lon="-110.82211">
        <ele>1291.5</ele>
      </trkpt>
      <trkpt lat="31.54334" lon="-110.822">
        <ele>1290.4</ele>
      </trkpt>
      <trkpt lat="31.54331" lon="-110.82198">
        <ele>1290.3</ele>
      </trkpt>
      <trkpt lat="31.54302" lon="-110.82168">
        <ele>1289.0</ele>
      </trkpt>
      <trkpt lat="31.54277" lon="-110.8214">
        <ele>1285.6</ele>
      </trkpt>
      <trkpt lat="31.54241" lon="-110.82097">
        <ele>1283.5</ele>
      </trkpt>
      <trkpt lat="31.54238" lon="-110.82088">
        <ele>1282.7</ele>
      </trkpt>
      <trkpt lat="31.54235" lon="-110.8208">
        <ele>1282.1</ele>
      </trkpt>
      <trkpt lat="31.54219" lon="-110.8206">
        <ele>1282.8</ele>
      </trkpt>
      <trkpt lat="31.54202" lon="-110.82037">
        <ele>1282.6</ele>
      </trkpt>
      <trkpt lat="31.54185" lon="-110.82005">
        <ele>1281.2</ele>
      </trkpt>
      <trkpt lat="31.54161" lon="-110.81977">
        <ele>1278.9</ele>
      </trkpt>
      <trkpt lat="31.54152" lon="-110.81964">
        <ele>1276.9</ele>
      </trkpt>
      <trkpt lat="31.54152" lon="-110.81951">
        <ele>1276.1</ele>
      </trkpt>
      <trkpt lat="31.54153" lon="-110.81933">
        <ele>1275.6</ele>
      </trkpt>
      <trkpt lat="31.54154" lon="-110.81913">
        <ele>1274.9</ele>
      </trkpt>
      <trkpt lat="31.54152" lon="-110.8189">
        <ele>1274.3</ele>
      </trkpt>
      <trkpt lat="31.54143" lon="-110.81861">
        <ele>1273.6</ele>
      </trkpt>
      <trkpt lat="31.54132" lon="-110.81848">
        <ele>1273.0</ele>
      </trkpt>
      <trkpt lat="31.5408" lon="-110.81815">
        <ele>1271.2</ele>
      </trkpt>
      <trkpt lat="31.54055" lon="-110.81801">
        <ele>1271.5</ele>
      </trkpt>
      <trkpt lat="31.54033" lon="-110.81787">
        <ele>1272.6</ele>
      </trkpt>
      <trkpt lat="31.54009" lon="-110.81774">
        <ele>1269.5</ele>
      </trkpt>
      <trkpt lat="31.53993" lon="-110.81763">
        <ele>1268.5</ele>
      </trkpt>
      <trkpt lat="31.53982" lon="-110.81748">
        <ele>1268.4</ele>
      </trkpt>
      <trkpt lat="31.5397" lon="-110.81718">
        <ele>1268.5</ele>
      </trkpt>
      <trkpt lat="31.53966" lon="-110.81698">
        <ele>1268.6</ele>
      </trkpt>
      <trkpt lat="31.53966" lon="-110.8167">
        <ele>1268.9</ele>
      </trkpt>
      <trkpt lat="31.53967" lon="-110.81644">
        <ele>1269.1</ele>
      </trkpt>
      <trkpt lat="31.53965" lon="-110.81606">
        <ele>1269.0</ele>
      </trkpt>
      <trkpt lat="31.53964" lon="-110.81591">
        <ele>1268.9</ele>
      </trkpt>
      <trkpt lat="31.53961" lon="-110.81581">
        <ele>1268.2</ele>
      </trkpt>
      <trkpt lat="31.53956" lon="-110.81556">
        <ele>1266.5</ele>
      </trkpt>
      <trkpt lat="31.53945" lon="-110.81539">
        <ele>1265.0</ele>
      </trkpt>
      <trkpt lat="31.53929" lon="-110.81525">
        <ele>1264.9</ele>
      </trkpt>
      <trkpt lat="31.53911" lon="-110.81518">
        <ele>1264.3</ele>
      </trkpt>
      <trkpt lat="31.53884" lon="-110.81513">
        <ele>1264.6</ele>
      </trkpt>
      <trkpt lat="31.53869" lon="-110.81509">
        <ele>1265.4</ele>
      </trkpt>
      <trkpt lat="31.53847" lon="-110.815">
        <ele>1265.4</ele>
      </trkpt>
      <trkpt lat="31.53825" lon="-110.81484">
        <ele>1264.7</ele>
      </trkpt>
      <trkpt lat="31.53803" lon="-110.8146">
        <ele>1266.0</ele>
      </trkpt>
      <trkpt lat="31.53774" lon="-110.81436">
        <ele>1265.9</ele>
      </trkpt>
      <trkpt lat="31.53751" lon="-110.8142">
        <ele>1262.8</ele>
      </trkpt>
      <trkpt lat="31.53744" lon="-110.8142">
        <ele>1261.8</ele>
      </trkpt>
      <trkpt lat="31.53732" lon="-110.81417">
        <ele>1261.6</ele>
      </trkpt>
      <trkpt lat="31.53715" lon="-110.8141">
        <ele>1262.4</ele>
      </trkpt>
      <trkpt lat="31.53679" lon="-110.81383">
        <ele>1260.8</ele>
      </trkpt>
      <trkpt lat="31.53663" lon="-110.81374">
        <ele>1259.8</ele>
      </trkpt>
      <trkpt lat="31.53654" lon="-110.81368">
        <ele>1260.4</ele>
      </trkpt>
      <trkpt lat="31.53637" lon="-110.81361">
        <ele>1261.5</ele>
      </trkpt>
      <trkpt lat="31.53611" lon="-110.81356">
        <ele>1261.7</ele>
      </trkpt>
      <trkpt lat="31.53583" lon="-110.81354">
        <ele>1260.6</ele>
      </trkpt>
      <trkpt lat="31.53549" lon="-110.81355">
        <ele>1258.2</ele>
      </trkpt>
      <trkpt lat="31.53534" lon="-110.81355">
        <ele>1257.6</ele>
      </trkpt>
      <trkpt lat="31.53516" lon="-110.81355">
        <ele>1257.7</ele>
      </trkpt>
      <trkpt lat="31.53478" lon="-110.81351">
        <ele>1256.5</ele>
      </trkpt>
      <trkpt lat="31.53459" lon="-110.81345">
        <ele>1255.9</ele>
      </trkpt>
      <trkpt lat="31.53428" lon="-110.81341">
        <ele>1255.2</ele>
      </trkpt>
      <trkpt lat="31.53423" lon="-110.81339">
        <ele>1255.1</ele>
      </trkpt>
      <trkpt lat="31.53404" lon="-110.8133">
        <ele>1255.6</ele>
      </trkpt>
      <trkpt lat="31.53394" lon="-110.81319">
        <ele>1255.7</ele>
      </trkpt>
      <trkpt lat="31.53387" lon="-110.81302">
        <ele>1255.3</ele>
      </trkpt>
      <trkpt lat="31.53381" lon="-110.81286">
        <ele>1254.2</ele>
      </trkpt>
      <trkpt lat="31.5337" lon="-110.81267">
        <ele>1252.6</ele>
      </trkpt>
      <trkpt lat="31.53357" lon="-110.81254">
        <ele>1252.6</ele>
      </trkpt>
      <trkpt lat="31.53326" lon="-110.8124">
        <ele>1252.9</ele>
      </trkpt>
      <trkpt lat="31.53296" lon="-110.81224">
        <ele>1251.2</ele>
      </trkpt>
      <trkpt lat="31.53282" lon="-110.81209">
        <ele>1249.3</ele>
      </trkpt>
      <trkpt lat="31.53279" lon="-110.81205">
        <ele>1249.1</ele>
      </trkpt>
      <trkpt lat="31.5327" lon="-110.81186">
        <ele>1249.6</ele>
      </trkpt>
      <trkpt lat="31.53245" lon="-110.81147">
        <ele>1249.9</ele>
      </trkpt>
      <trkpt lat="31.5323" lon="-110.8113">
        <ele>1251.0</ele>
      </trkpt>
      <trkpt lat="31.53212" lon="-110.8112">
        <ele>1251.3</ele>
      </trkpt>
      <trkpt lat="31.53207" lon="-110.81118">
        <ele>1250.9</ele>
      </trkpt>
      <trkpt lat="31.5319" lon="-110.81111">
        <ele>1249.2</ele>
      </trkpt>
      <trkpt lat="31.53168" lon="-110.81101">
        <ele>1246.9</ele>
      </trkpt>
      <trkpt lat="31.53149" lon="-110.81085">
        <ele>1245.4</ele>
      </trkpt>
      <trkpt lat="31.5312" lon="-110.81054">
        <ele>1245.2</ele>
      </trkpt>
      <trkpt lat="31.53106" lon="-110.81029">
        <ele>1245.7</ele>
      </trkpt>
      <trkpt lat="31.53097" lon="-110.81008">
        <ele>1245.3</ele>
      </trkpt>
      <trkpt lat="31.53094" lon="-110.80983">
        <ele>1244.7</ele>
      </trkpt>
      <trkpt lat="31.53094" lon="-110.80962">
        <ele>1244.3</ele>
      </trkpt>
      <trkpt lat="31.53097" lon="-110.80939">
        <ele>1243.6</ele>
      </trkpt>
      <trkpt lat="31.53097" lon="-110.80934">
        <ele>1243.3</ele>
      </trkpt>
      <trkpt lat="31.53095" lon="-110.80923">
        <ele>1242.3</ele>
      </trkpt>
      <trkpt lat="31.53088" lon="-110.80913">
        <ele>1241.3</ele>
      </trkpt>
      <trkpt lat="31.53081" lon="-110.80909">
        <ele>1241.2</ele>
      </trkpt>
      <trkpt lat="31.53076" lon="-110.80907">
        <ele>1241.1</ele>
      </trkpt>
      <trkpt lat="31.53054" lon="-110.80911">
        <ele>1242.0</ele>
      </trkpt>
      <trkpt lat="31.53035" lon="-110.80913">
        <ele>1242.1</ele>
      </trkpt>
      <trkpt lat="31.53027" lon="-110.80911">
        <ele>1241.2</ele>
      </trkpt>
      <trkpt lat="31.53005" lon="-110.80911">
        <ele>1240.3</ele>
      </trkpt>
      <trkpt lat="31.52983" lon="-110.80919">
        <ele>1240.2</ele>
      </trkpt>
      <trkpt lat="31.52963" lon="-110.80922">
        <ele>1239.8</ele>
      </trkpt>
      <trkpt lat="31.5295" lon="-110.80922">
        <ele>1239.7</ele>
      </trkpt>
      <trkpt lat="31.52936" lon="-110.80917">
        <ele>1239.0</ele>
      </trkpt>
      <trkpt lat="31.52922" lon="-110.80904">
        <ele>1239.1</ele>
      </trkpt>
      <trkpt lat="31.52905" lon="-110.80885">
        <ele>1240.1</ele>
      </trkpt>
      <trkpt lat="31.5289" lon="-110.80856">
        <ele>1241.5</ele>
      </trkpt>
      <trkpt lat="31.52876" lon="-110.80822">
        <ele>1242.7</ele>
      </trkpt>
      <trkpt lat="31.52864" lon="-110.80804">
        <ele>1242.1</ele>
      </trkpt>
      <trkpt lat="31.52851" lon="-110.80801">
        <ele>1240.3</ele>
      </trkpt>
      <trkpt lat="31.52824" lon="-110.80797">
        <ele>1239.4</ele>
      </trkpt>
      <trkpt lat="31.52807" lon="-110.80791">
        <ele>1239.8</ele>
      </trkpt>
      <trkpt lat="31.52795" lon="-110.80779">
        <ele>1241.0</ele>
      </trkpt>
      <trkpt lat="31.52782" lon="-110.80764">
        <ele>1242.7</ele>
      </trkpt>
      <trkpt lat="31.5277" lon="-110.80754">
        <ele>1242.7</ele>
      </trkpt>
      <trkpt lat="31.5276" lon="-110.80742">
        <ele>1242.8</ele>
      </trkpt>
      <trkpt lat="31.52754" lon="-110.80725">
        <ele>1244.5</ele>
      </trkpt>
      <trkpt lat="31.52751" lon="-110.80707">
        <ele>1245.4</ele>
      </trkpt>
      <trkpt lat="31.5275" lon="-110.80681">
        <ele>1247.4</ele>
      </trkpt>
      <trkpt lat="31.52753" lon="-110.80634">
        <ele>1251.1</ele>
      </trkpt>
      <trkpt lat="31.52755" lon="-110.80612">
        <ele>1252.7</ele>
      </trkpt>
      <trkpt lat="31.52753" lon="-110.80605">
        <ele>1253.1</ele>
      </trkpt>
      <trkpt lat="31.52732" lon="-110.80578">
        <ele>1252.8</ele>
      </trkpt>
      <trkpt lat="31.52721" lon="-110.80557">
        <ele>1253.7</ele>
      </trkpt>
      <trkpt lat="31.5272" lon="-110.80553">
        <ele>1254.0</ele>
      </trkpt>
      <trkpt lat="31.52713" lon="-110.80534">
        <ele>1255.4</ele>
      </trkpt>
      <trkpt lat="31.52707" lon="-110.8051">
        <ele>1255.6</ele>
      </trkpt>
      <trkpt lat="31.52698" lon="-110.80491">
        <ele>1257.4</ele>
      </trkpt>
      <trkpt lat="31.52683" lon="-110.80464">
        <ele>1260.7</ele>
      </trkpt>
      <trkpt lat="31.52674" lon="-110.8044">
        <ele>1261.8</ele>
      </trkpt>
      <trkpt lat="31.52672" lon="-110.80419">
        <ele>1262.8</ele>
      </trkpt>
      <trkpt lat="31.52672" lon="-110.80393">
        <ele>1263.3</ele>
      </trkpt>
      <trkpt lat="31.52677" lon="-110.80366">
        <ele>1263.5</ele>
      </trkpt>
      <trkpt lat="31.52685" lon="-110.80339">
        <ele>1263.1</ele>
      </trkpt>
      <trkpt lat="31.52685" lon="-110.80325">
        <ele>1262.9</ele>
      </trkpt>
      <trkpt lat="31.5268" lon="-110.80294">
        <ele>1264.1</ele>
      </trkpt>
      <trkpt lat="31.52677" lon="-110.80265">
        <ele>1265.5</ele>
      </trkpt>
      <trkpt lat="31.52681" lon="-110.80225">
        <ele>1267.1</ele>
      </trkpt>
      <trkpt lat="31.52678" lon="-110.80199">
        <ele>1261.9</ele>
      </trkpt>
      <trkpt lat="31.52672" lon="-110.80181">
        <ele>1256.8</ele>
      </trkpt>
      <trkpt lat="31.5265" lon="-110.80155">
        <ele>1252.4</ele>
      </trkpt>
      <trkpt lat="31.52628" lon="-110.80146">
        <ele>1252.6</ele>
      </trkpt>
      <trkpt lat="31.52614" lon="-110.80146">
        <ele>1253.0</ele>
      </trkpt>
      <trkpt lat="31.52603" lon="-110.80151">
        <ele>1254.0</ele>
      </trkpt>
      <trkpt lat="31.52582" lon="-110.80151">
        <ele>1253.3</ele>
      </trkpt>
      <trkpt lat="31.5258" lon="-110.80148">
        <ele>1252.7</ele>
      </trkpt>
      <trkpt lat="31.52572" lon="-110.8014">
        <ele>1250.9</ele>
      </trkpt>
      <trkpt lat="31.52556" lon="-110.80123">
        <ele>1248.1</ele>
      </trkpt>
      <trkpt lat="31.52528" lon="-110.80091">
        <ele>1246.5</ele>
      </trkpt>
      <trkpt lat="31.52505" lon="-110.8007">
        <ele>1242.1</ele>
      </trkpt>
      <trkpt lat="31.52474" lon="-110.80046">
        <ele>1238.2</ele>
      </trkpt>
      <trkpt lat="31.52445" lon="-110.80025">
        <ele>1235.5</ele>
      </trkpt>
      <trkpt lat="31.52414" lon="-110.79999">
        <ele>1228.5</ele>
      </trkpt>
      <trkpt lat="31.52397" lon="-110.79983">
        <ele>1226.4</ele>
      </trkpt>
      <trkpt lat="31.52387" lon="-110.7997">
        <ele>1224.7</ele>
      </trkpt>
      <trkpt lat="31.52369" lon="-110.79955">
        <ele>1225.3</ele>
      </trkpt>
      <trkpt lat="31.52349" lon="-110.79943">
        <ele>1222.8</ele>
      </trkpt>
      <trkpt lat="31.52345" lon="-110.79933">
        <ele>1219.8</ele>
      </trkpt>
      <trkpt lat="31.52337" lon="-110.79922">
        <ele>1215.8</ele>
      </trkpt>
      <trkpt lat="31.52329" lon="-110.79919">
        <ele>1215.1</ele>
      </trkpt>
      <trkpt lat="31.52317" lon="-110.79919">
        <ele>1216.4</ele>
      </trkpt>
      <trkpt lat="31.52305" lon="-110.79915">
        <ele>1216.0</ele>
      </trkpt>
      <trkpt lat="31.52289" lon="-110.79904">
        <ele>1213.6</ele>
      </trkpt>
      <trkpt lat="31.52273" lon="-110.79892">
        <ele>1210.9</ele>
      </trkpt>
      <trkpt lat="31.52256" lon="-110.79871">
        <ele>1206.1</ele>
      </trkpt>
      <trkpt lat="31.52243" lon="-110.79832">
        <ele>1205.1</ele>
      </trkpt>
      <trkpt lat="31.52233" lon="-110.79812">
        <ele>1205.1</ele>
      </trkpt>
      <trkpt lat="31.52231" lon="-110.79808">
        <ele>1205.1</ele>
      </trkpt>
      <trkpt lat="31.52219" lon="-110.79787">
        <ele>1205.1</ele>
      </trkpt>
      <trkpt lat="31.52215" lon="-110.7978">
        <ele>1205.1</ele>
      </trkpt>
      <trkpt lat="31.52207" lon="-110.7977">
        <ele>1205.1</ele>
      </trkpt>
      <trkpt lat="31.52178" lon="-110.79741">
        <ele>1204.3</ele>
      </trkpt>
      <trkpt lat="31.52159" lon="-110.79714">
        <ele>1205.8</ele>
      </trkpt>
      <trkpt lat="31.52137" lon="-110.79685">
        <ele>1202.8</ele>
      </trkpt>
      <trkpt lat="31.52115" lon="-110.79663">
        <ele>1199.7</ele>
      </trkpt>
      <trkpt lat="31.52109" lon="-110.79658">
        <ele>1198.9</ele>
      </trkpt>
      <trkpt lat="31.52099" lon="-110.79649">
        <ele>1198.3</ele>
      </trkpt>
      <trkpt lat="31.52091" lon="-110.79646">
        <ele>1198.5</ele>
      </trkpt>
      <trkpt lat="31.52076" lon="-110.79642">
        <ele>1199.0</ele>
      </trkpt>
      <trkpt lat="31.52049" lon="-110.7964">
        <ele>1198.6</ele>
      </trkpt>
      <trkpt lat="31.52013" lon="-110.79635">
        <ele>1197.4</ele>
      </trkpt>
      <trkpt lat="31.51968" lon="-110.79624">
        <ele>1194.9</ele>
      </trkpt>
      <trkpt lat="31.51914" lon="-110.79614">
        <ele>1193.2</ele>
      </trkpt>
      <trkpt lat="31.5187" lon="-110.79603">
        <ele>1193.2</ele>
      </trkpt>
      <trkpt lat="31.51847" lon="-110.79596">
        <ele>1193.2</ele>
      </trkpt>
      <trkpt lat="31.5183" lon="-110.7959">
        <ele>1193.2</ele>
      </trkpt>
      <trkpt lat="31.51824" lon="-110.79587">
        <ele>1193.2</ele>
      </trkpt>
      <trkpt lat="31.51818" lon="-110.79583">
        <ele>1193.2</ele>
      </trkpt>
      <trkpt lat="31.51812" lon="-110.79579">
        <ele>1193.2</ele>
      </trkpt>
      <trkpt lat="31.51805" lon="-110.79573">
        <ele>1193.2</ele>
      </trkpt>
      <trkpt lat="31.51795" lon="-110.79563">
        <ele>1193.2</ele>
      </trkpt>
      <trkpt lat="31.5179" lon="-110.79556">
        <ele>1193.2</ele>
      </trkpt>
      <trkpt lat="31.51785" lon="-110.79549">
        <ele>1193.2</ele>
      </trkpt>
      <trkpt lat="31.51781" lon="-110.79541">
        <ele>1193.3</ele>
      </trkpt>
      <trkpt lat="31.51778" lon="-110.79534">
        <ele>1193.4</ele>
      </trkpt>
      <trkpt lat="31.51765" lon="-110.79505">
        <ele>1194.4</ele>
      </trkpt>
      <trkpt lat="31.51765" lon="-110.79505">
        <ele>1194.4</ele>
      </trkpt>
      <trkpt lat="31.51763" lon="-110.79482">
        <ele>1194.8</ele>
      </trkpt>
      <trkpt lat="31.5176" lon="-110.79453">
        <ele>1195.1</ele>
      </trkpt>
      <trkpt lat="31.51759" lon="-110.79442">
        <ele>1195.1</ele>
      </trkpt>
      <trkpt lat="31.51759" lon="-110.79431">
        <ele>1195.1</ele>
      </trkpt>
      <trkpt lat="31.5176" lon="-110.79416">
        <ele>1195.3</ele>
      </trkpt>
      <trkpt lat="31.51762" lon="-110.79405">
        <ele>1195.5</ele>
      </trkpt>
      <trkpt lat="31.51774" lon="-110.79329">
        <ele>1196.0</ele>
      </trkpt>
      <trkpt lat="31.51782" lon="-110.79249">
        <ele>1195.1</ele>
      </trkpt>
      <trkpt lat="31.51787" lon="-110.79231">
        <ele>1195.1</ele>
      </trkpt>
      <trkpt lat="31.51791" lon="-110.79218">
        <ele>1196.0</ele>
      </trkpt>
      <trkpt lat="31.51798" lon="-110.792">
        <ele>1196.0</ele>
      </trkpt>
      <trkpt lat="31.51805" lon="-110.79181">
        <ele>1196.2</ele>
      </trkpt>
      <trkpt lat="31.51807" lon="-110.79169">
        <ele>1195.8</ele>
      </trkpt>
      <trkpt lat="31.51806" lon="-110.79157">
        <ele>1195.0</ele>
      </trkpt>
      <trkpt lat="31.51807" lon="-110.79137">
        <ele>1195.3</ele>
      </trkpt>
      <trkpt lat="31.51807" lon="-110.79115">
        <ele>1195.1</ele>
      </trkpt>
      <trkpt lat="31.51806" lon="-110.79081">
        <ele>1196.9</ele>
      </trkpt>
      <trkpt lat="31.51807" lon="-110.79053">
        <ele>1200.9</ele>
      </trkpt>
      <trkpt lat="31.51808" lon="-110.79032">
        <ele>1202.0</ele>
      </trkpt>
      <trkpt lat="31.51814" lon="-110.79007">
        <ele>1202.6</ele>
      </trkpt>
      <trkpt lat="31.51822" lon="-110.78982">
        <ele>1198.0</ele>
      </trkpt>
      <trkpt lat="31.51824" lon="-110.78968">
        <ele>1197.2</ele>
      </trkpt>
      <trkpt lat="31.51827" lon="-110.78941">
        <ele>1199.2</ele>
      </trkpt>
      <trkpt lat="31.51828" lon="-110.78919">
        <ele>1200.7</ele>
      </trkpt>
      <trkpt lat="31.51827" lon="-110.78903">
        <ele>1201.3</ele>
      </trkpt>
      <trkpt lat="31.51824" lon="-110.78893">
        <ele>1201.2</ele>
      </trkpt>
      <trkpt lat="31.51817" lon="-110.78878">
        <ele>1200.8</ele>
      </trkpt>
      <trkpt lat="31.51809" lon="-110.78862">
        <ele>1201.4</ele>
      </trkpt>
      <trkpt lat="31.51801" lon="-110.78842">
        <ele>1202.7</ele>
      </trkpt>
      <trkpt lat="31.51795" lon="-110.78825">
        <ele>1203.6</ele>
      </trkpt>
      <trkpt lat="31.51786" lon="-110.78798">
        <ele>1202.2</ele>
      </trkpt>
      <trkpt lat="31.51779" lon="-110.78777">
        <ele>1202.4</ele>
      </trkpt>
      <trkpt lat="31.51773" lon="-110.78748">
        <ele>1202.2</ele>
      </trkpt>
      <trkpt lat="31.51768" lon="-110.78723">
        <ele>1201.7</ele>
      </trkpt>
      <trkpt lat="31.51766" lon="-110.78696">
        <ele>1201.8</ele>
      </trkpt>
      <trkpt lat="31.51769" lon="-110.78667">
        <ele>1202.8</ele>
      </trkpt>
      <trkpt lat="31.51777" lon="-110.7864">
        <ele>1204.0</ele>
      </trkpt>
      <trkpt lat="31.51795" lon="-110.78601">
        <ele>1204.9</ele>
      </trkpt>
      <trkpt lat="31.51814" lon="-110.78573">
        <ele>1205.8</ele>
      </trkpt>
      <trkpt lat="31.51828" lon="-110.78554">
        <ele>1206.3</ele>
      </trkpt>
      <trkpt lat="31.5184" lon="-110.78536">
        <ele>1206.3</ele>
      </trkpt>
      <trkpt lat="31.51856" lon="-110.78517">
        <ele>1205.0</ele>
      </trkpt>
      <trkpt lat="31.51863" lon="-110.78511">
        <ele>1204.3</ele>
      </trkpt>
      <trkpt lat="31.5187" lon="-110.78507">
        <ele>1204.0</ele>
      </trkpt>
      <trkpt lat="31.51881" lon="-110.78505">
        <ele>1204.6</ele>
      </trkpt>
      <trkpt lat="31.51896" lon="-110.78503">
        <ele>1205.5</ele>
      </trkpt>
      <trkpt lat="31.51916" lon="-110.78499">
        <ele>1206.0</ele>
      </trkpt>
      <trkpt lat="31.51923" lon="-110.78497">
        <ele>1205.8</ele>
      </trkpt>
      <trkpt lat="31.51939" lon="-110.78493">
        <ele>1205.4</ele>
      </trkpt>
      <trkpt lat="31.51942" lon="-110.78491">
        <ele>1205.1</ele>
      </trkpt>
      <trkpt lat="31.51945" lon="-110.7849">
        <ele>1205.0</ele>
      </trkpt>
      <trkpt lat="31.51949" lon="-110.78484">
        <ele>1204.3</ele>
      </trkpt>
      <trkpt lat="31.5195" lon="-110.78478">
        <ele>1203.8</ele>
      </trkpt>
      <trkpt lat="31.5195" lon="-110.78467">
        <ele>1203.3</ele>
      </trkpt>
      <trkpt lat="31.5195" lon="-110.78454">
        <ele>1202.4</ele>
      </trkpt>
      <trkpt lat="31.51951" lon="-110.78447">
        <ele>1202.3</ele>
      </trkpt>
      <trkpt lat="31.51953" lon="-110.78443">
        <ele>1202.5</ele>
      </trkpt>
      <trkpt lat="31.51956" lon="-110.7844">
        <ele>1202.8</ele>
      </trkpt>
      <trkpt lat="31.51961" lon="-110.78436">
        <ele>1203.7</ele>
      </trkpt>
      <trkpt lat="31.51973" lon="-110.78427">
        <ele>1205.0</ele>
      </trkpt>
      <trkpt lat="31.51998" lon="-110.78411">
        <ele>1205.4</ele>
      </trkpt>
      <trkpt lat="31.51998" lon="-110.78407">
        <ele>1204.9</ele>
      </trkpt>
      <trkpt lat="31.51999" lon="-110.78393">
        <ele>1204.6</ele>
      </trkpt>
      <trkpt lat="31.52002" lon="-110.78385">
        <ele>1205.1</ele>
      </trkpt>
      <trkpt lat="31.5201" lon="-110.78376">
        <ele>1206.9</ele>
      </trkpt>
      <trkpt lat="31.52023" lon="-110.7836">
        <ele>1207.7</ele>
      </trkpt>
      <trkpt lat="31.52038" lon="-110.78344">
        <ele>1208.9</ele>
      </trkpt>
      <trkpt lat="31.52053" lon="-110.78322">
        <ele>1207.8</ele>
      </trkpt>
      <trkpt lat="31.52066" lon="-110.78294">
        <ele>1204.4</ele>
      </trkpt>
      <trkpt lat="31.52096" lon="-110.78265">
        <ele>1204.9</ele>
      </trkpt>
      <trkpt lat="31.52148" lon="-110.78208">
        <ele>1206.1</ele>
      </trkpt>
      <trkpt lat="31.52186" lon="-110.78169">
        <ele>1205.3</ele>
      </trkpt>
      <trkpt lat="31.5222" lon="-110.7814">
        <ele>1210.9</ele>
      </trkpt>
      <trkpt lat="31.52254" lon="-110.78109">
        <ele>1215.2</ele>
      </trkpt>
      <trkpt lat="31.52266" lon="-110.78089">
        <ele>1214.5</ele>
      </trkpt>
      <trkpt lat="31.52292" lon="-110.78055">
        <ele>1214.2</ele>
      </trkpt>
      <trkpt lat="31.52329" lon="-110.78003">
        <ele>1214.4</ele>
      </trkpt>
      <trkpt lat="31.5233" lon="-110.78001">
        <ele>1214.4</ele>
      </trkpt>
      <trkpt lat="31.52337" lon="-110.7799">
        <ele>1213.8</ele>
      </trkpt>
      <trkpt lat="31.52345" lon="-110.77986">
        <ele>1214.1</ele>
      </trkpt>
      <trkpt lat="31.5237" lon="-110.77984">
        <ele>1215.7</ele>
      </trkpt>
      <trkpt lat="31.52386" lon="-110.77978">
        <ele>1216.6</ele>
      </trkpt>
      <trkpt lat="31.52417" lon="-110.77962">
        <ele>1217.9</ele>
      </trkpt>
      <trkpt lat="31.52444" lon="-110.77949">
        <ele>1216.9</ele>
      </trkpt>
      <trkpt lat="31.52481" lon="-110.77942">
        <ele>1214.9</ele>
      </trkpt>
      <trkpt lat="31.52504" lon="-110.77935">
        <ele>1213.5</ele>
      </trkpt>
      <trkpt lat="31.52521" lon="-110.77923">
        <ele>1212.4</ele>
      </trkpt>
      <trkpt lat="31.52537" lon="-110.77901">
        <ele>1210.6</ele>
      </trkpt>
      <trkpt lat="31.52547" lon="-110.77885">
        <ele>1209.8</ele>
      </trkpt>
      <trkpt lat="31.52553" lon="-110.77873">
        <ele>1209.4</ele>
      </trkpt>
      <trkpt lat="31.52555" lon="-110.77868">
        <ele>1209.4</ele>
      </trkpt>
      <trkpt lat="31.52573" lon="-110.77818">
        <ele>1216.4</ele>
      </trkpt>
      <trkpt lat="31.52574" lon="-110.77814">
        <ele>1216.9</ele>
      </trkpt>
      <trkpt lat="31.52577" lon="-110.77803">
        <ele>1217.6</ele>
      </trkpt>
      <trkpt lat="31.52585" lon="-110.77778">
        <ele>1217.2</ele>
      </trkpt>
      <trkpt lat="31.52594" lon="-110.77763">
        <ele>1216.8</ele>
      </trkpt>
      <trkpt lat="31.52616" lon="-110.77742">
        <ele>1217.2</ele>
      </trkpt>
      <trkpt lat="31.52626" lon="-110.77736">
        <ele>1216.9</ele>
      </trkpt>
      <trkpt lat="31.52642" lon="-110.77735">
        <ele>1218.4</ele>
      </trkpt>
      <trkpt lat="31.52661" lon="-110.77735">
        <ele>1219.1</ele>
      </trkpt>
      <trkpt lat="31.52687" lon="-110.7773">
        <ele>1218.9</ele>
      </trkpt>
      <trkpt lat="31.52717" lon="-110.77725">
        <ele>1219.1</ele>
      </trkpt>
      <trkpt lat="31.52747" lon="-110.77719">
        <ele>1219.5</ele>
      </trkpt>
      <trkpt lat="31.52767" lon="-110.77713">
        <ele>1219.6</ele>
      </trkpt>
      <trkpt lat="31.52789" lon="-110.77691">
        <ele>1219.4</ele>
      </trkpt>
      <trkpt lat="31.52814" lon="-110.7765">
        <ele>1219.0</ele>
      </trkpt>
      <trkpt lat="31.52829" lon="-110.77629">
        <ele>1219.2</ele>
      </trkpt>
      <trkpt lat="31.52838" lon="-110.77615">
        <ele>1219.2</ele>
      </trkpt>
      <trkpt lat="31.52861" lon="-110.77578">
        <ele>1218.1</ele>
      </trkpt>
      <trkpt lat="31.52875" lon="-110.7755">
        <ele>1218.9</ele>
      </trkpt>
      <trkpt lat="31.52888" lon="-110.77515">
        <ele>1219.3</ele>
      </trkpt>
      <trkpt lat="31.52916" lon="-110.77451">
        <ele>1218.5</ele>
      </trkpt>
      <trkpt lat="31.52932" lon="-110.77423">
        <ele>1219.1</ele>
      </trkpt>
      <trkpt lat="31.5295" lon="-110.77398">
        <ele>1219.7</ele>
      </trkpt>
      <trkpt lat="31.53017" lon="-110.7731">
        <ele>1219.9</ele>
      </trkpt>
      <trkpt lat="31.53029" lon="-110.77291">
        <ele>1219.8</ele>
      </trkpt>
      <trkpt lat="31.53047" lon="-110.77238">
        <ele>1219.9</ele>
      </trkpt>
      <trkpt lat="31.53066" lon="-110.77214">
        <ele>1220.3</ele>
      </trkpt>
      <trkpt lat="31.53083" lon="-110.77174">
        <ele>1221.0</ele>
      </trkpt>
      <trkpt lat="31.53102" lon="-110.77146">
        <ele>1221.7</ele>
      </trkpt>
      <trkpt lat="31.5312" lon="-110.77122">
        <ele>1222.4</ele>
      </trkpt>
      <trkpt lat="31.53141" lon="-110.77083">
        <ele>1223.1</ele>
      </trkpt>
      <trkpt lat="31.53158" lon="-110.77046">
        <ele>1223.8</ele>
      </trkpt>
      <trkpt lat="31.5318" lon="-110.76993">
        <ele>1225.5</ele>
      </trkpt>
      <trkpt lat="31.53211" lon="-110.76921">
        <ele>1225.6</ele>
      </trkpt>
      <trkpt lat="31.53241" lon="-110.76851">
        <ele>1225.4</ele>
      </trkpt>
      <trkpt lat="31.53249" lon="-110.76831">
        <ele>1225.3</ele>
      </trkpt>
      <trkpt lat="31.53263" lon="-110.76799">
        <ele>1226.3</ele>
      </trkpt>
      <trkpt lat="31.53272" lon="-110.76769">
        <ele>1227.5</ele>
      </trkpt>
      <trkpt lat="31.53279" lon="-110.76737">
        <ele>1228.4</ele>
      </trkpt>
      <trkpt lat="31.53291" lon="-110.76714">
        <ele>1229.5</ele>
      </trkpt>
      <trkpt lat="31.53304" lon="-110.76698">
        <ele>1230.3</ele>
      </trkpt>
      <trkpt lat="31.53326" lon="-110.76674">
        <ele>1231.4</ele>
      </trkpt>
      <trkpt lat="31.53353" lon="-110.76646">
        <ele>1232.2</ele>
      </trkpt>
      <trkpt lat="31.53387" lon="-110.76608">
        <ele>1231.6</ele>
      </trkpt>
      <trkpt lat="31.53447" lon="-110.76549">
        <ele>1230.2</ele>
      </trkpt>
      <trkpt lat="31.53481" lon="-110.76532">
        <ele>1229.5</ele>
      </trkpt>
      <trkpt lat="31.53501" lon="-110.7652">
        <ele>1229.5</ele>
      </trkpt>
      <trkpt lat="31.53514" lon="-110.76509">
        <ele>1229.6</ele>
      </trkpt>
      <trkpt lat="31.53523" lon="-110.76497">
        <ele>1230.1</ele>
      </trkpt>
      <trkpt lat="31.53534" lon="-110.76483">
        <ele>1230.9</ele>
      </trkpt>
      <trkpt lat="31.53541" lon="-110.7647">
        <ele>1231.0</ele>
      </trkpt>
      <trkpt lat="31.53555" lon="-110.76458">
        <ele>1231.2</ele>
      </trkpt>
      <trkpt lat="31.5358" lon="-110.76449">
        <ele>1230.9</ele>
      </trkpt>
      <trkpt lat="31.53581" lon="-110.76447">
        <ele>1230.5</ele>
      </trkpt>
      <trkpt lat="31.53617" lon="-110.76432">
        <ele>1229.5</ele>
      </trkpt>
      <trkpt lat="31.5363" lon="-110.76419">
        <ele>1229.5</ele>
      </trkpt>
      <trkpt lat="31.53649" lon="-110.76395">
        <ele>1229.5</ele>
      </trkpt>
      <trkpt lat="31.53663" lon="-110.76376">
        <ele>1230.0</ele>
      </trkpt>
      <trkpt lat="31.53675" lon="-110.76344">
        <ele>1231.2</ele>
      </trkpt>
      <trkpt lat="31.53679" lon="-110.76302">
        <ele>1231.4</ele>
      </trkpt>
      <trkpt lat="31.53685" lon="-110.76283">
        <ele>1231.0</ele>
      </trkpt>
      <trkpt lat="31.53694" lon="-110.7627">
        <ele>1230.6</ele>
      </trkpt>
      <trkpt lat="31.53728" lon="-110.76253">
        <ele>1232.6</ele>
      </trkpt>
      <trkpt lat="31.53756" lon="-110.76233">
        <ele>1232.3</ele>
      </trkpt>
      <trkpt lat="31.53769" lon="-110.76227">
        <ele>1232.3</ele>
      </trkpt>
      <trkpt lat="31.53777" lon="-110.76226">
        <ele>1232.1</ele>
      </trkpt>
      <trkpt lat="31.53786" lon="-110.76226">
        <ele>1232.1</ele>
      </trkpt>
      <trkpt lat="31.53806" lon="-110.76228">
        <ele>1232.0</ele>
      </trkpt>
      <trkpt lat="31.53827" lon="-110.76229">
        <ele>1232.0</ele>
      </trkpt>
      <trkpt lat="31.53836" lon="-110.76226">
        <ele>1231.9</ele>
      </trkpt>
      <trkpt lat="31.5385" lon="-110.7622">
        <ele>1231.7</ele>
      </trkpt>
      <trkpt lat="31.53872" lon="-110.76208">
        <ele>1231.2</ele>
      </trkpt>
      <trkpt lat="31.53894" lon="-110.76186">
        <ele>1231.8</ele>
      </trkpt>
      <trkpt lat="31.53909" lon="-110.76162">
        <ele>1232.0</ele>
      </trkpt>
      <trkpt lat="31.53911" lon="-110.76158">
        <ele>1231.9</ele>
      </trkpt>
      <trkpt lat="31.53927" lon="-110.76127">
        <ele>1232.6</ele>
      </trkpt>
      <trkpt lat="31.53937" lon="-110.761">
        <ele>1233.0</ele>
      </trkpt>
      <trkpt lat="31.53948" lon="-110.76065">
        <ele>1233.1</ele>
      </trkpt>
      <trkpt lat="31.53953" lon="-110.76048">
        <ele>1233.5</ele>
      </trkpt>
      <trkpt lat="31.53954" lon="-110.7604">
        <ele>1233.5</ele>
      </trkpt>
      <trkpt lat="31.53955" lon="-110.76029">
        <ele>1233.4</ele>
      </trkpt>
      <trkpt lat="31.53955" lon="-110.76021">
        <ele>1233.2</ele>
      </trkpt>
      <trkpt lat="31.53956" lon="-110.76017">
        <ele>1233.1</ele>
      </trkpt>
      <trkpt lat="31.53955" lon="-110.76013">
        <ele>1233.0</ele>
      </trkpt>
      <trkpt lat="31.53954" lon="-110.76008">
        <ele>1232.8</ele>
      </trkpt>
      <trkpt lat="31.53952" lon="-110.75998">
        <ele>1232.6</ele>
      </trkpt>
      <trkpt lat="31.53949" lon="-110.7599">
        <ele>1232.4</ele>
      </trkpt>
      <trkpt lat="31.53942" lon="-110.75975">
        <ele>1232.2</ele>
      </trkpt>
      <trkpt lat="31.53942" lon="-110.75975">
        <ele>1232.2</ele>
      </trkpt>
      <trkpt lat="31.53935" lon="-110.75956">
        <ele>1232.1</ele>
      </trkpt>
      <trkpt lat="31.53934" lon="-110.7595">
        <ele>1232.0</ele>
      </trkpt>
      <trkpt lat="31.53934" lon="-110.75943">
        <ele>1232.0</ele>
      </trkpt>
      <trkpt lat="31.53935" lon="-110.75938">
        <ele>1231.9</ele>
      </trkpt>
      <trkpt lat="31.53937" lon="-110.75932">
        <ele>1231.9</ele>
      </trkpt>
      <trkpt lat="31.53941" lon="-110.75926">
        <ele>1231.8</ele>
      </trkpt>
      <trkpt lat="31.53947" lon="-110.75919">
        <ele>1231.8</ele>
      </trkpt>
      <trkpt lat="31.53967" lon="-110.759">
        <ele>1231.8</ele>
      </trkpt>
      <trkpt lat="31.53999" lon="-110.75872">
        <ele>1231.8</ele>
      </trkpt>
      <trkpt lat="31.5403" lon="-110.75843">
        <ele>1232.1</ele>
      </trkpt>
      <trkpt lat="31.54045" lon="-110.75826">
        <ele>1232.3</ele>
      </trkpt>
      <trkpt lat="31.54045" lon="-110.75826">
        <ele>1232.3</ele>
      </trkpt>
      <trkpt lat="31.54069" lon="-110.758">
        <ele>1232.3</ele>
      </trkpt>
      <trkpt lat="31.5407" lon="-110.75798">
        <ele>1232.3</ele>
      </trkpt>
      <trkpt lat="31.54096" lon="-110.75757">
        <ele>1232.4</ele>
      </trkpt>
      <trkpt lat="31.54096" lon="-110.75757">
        <ele>1232.4</ele>
      </trkpt>
      <trkpt lat="31.54074" lon="-110.75738">
        <ele>1233.1</ele>
      </trkpt>
      <trkpt lat="31.54055" lon="-110.75723">
        <ele>1233.7</ele>
      </trkpt>
      <trkpt lat="31.54015" lon="-110.7569">
        <ele>1234.9</ele>
      </trkpt>
      <trkpt lat="31.53972" lon="-110.75659">
        <ele>1235.9</ele>
      </trkpt>
      <trkpt lat="31.53928" lon="-110.75626">
        <ele>1236.3</ele>
      </trkpt>
      <trkpt lat="31.53873" lon="-110.75587">
        <ele>1237.6</ele>
      </trkpt>
      <trkpt lat="31.53873" lon="-110.75587">
        <ele>1237.6</ele>
      </trkpt>
      <trkpt lat="31.53891" lon="-110.75556">
        <ele>1238.5</ele>
      </trkpt>
      <trkpt lat="31.53957" lon="-110.75442">
        <ele>1239.7</ele>
      </trkpt>
      <trkpt lat="31.54003" lon="-110.75359">
        <ele>1240.4</ele>
      </trkpt>
    </trkseg>
  </trk>
</gpx>
